WP_000068665.1	gnl|META|EG10917-MONOMER	2.9e-12	46.3	67	67.0	68.7	84.8
WP_000290414.1	gnl|META|EG10890-MONOMER	7.5e-05	38.9	54	42.0	63.0	88.3
WP_000533765.1	gnl|META|EG10918-MONOMER	1.3e-32	66.3	92	134.8	82.6	100.0
WP_000711088.1	gnl|META|EG12235-MONOMER	2.4e-04	30.8	65	41.2	52.3	58.0
WP_000868345.1	gnl|META|EG11232-MONOMER	3.2e-09	60.5	38	55.8	76.3	100.0
WP_000960950.1	gnl|META|EG10877-MONOMER	3.0e-33	54.5	134	137.5	71.6	97.8
WP_001085699.1	gnl|META|EG10913-MONOMER	7.4e-08	56.4	39	52.0	69.2	63.9
WP_002262412.1	gnl|META|EG10891-MONOMER	2.1e-05	42.9	49	43.5	61.2	100.0
WP_002883600.1	gnl|META|YHBG-MONOMER	4.3e-17	26.5	230	84.7	50.9	89.8
WP_002883644.1	gnl|META|G66-31601-MONOMER	6.7e-01	30.3	33	30.4	66.7	18.4
WP_002883658.1	gnl|META|G3O-34034-MONOMER	5.9e-08	30.7	137	53.5	46.7	91.6
WP_002883658.1	gnl|META|G7324-MONOMER	3.9e-07	32.1	134	50.8	47.8	90.2
WP_002883899.1	gnl|META|MONOMER-8702	8.8e-97	68.2	239	349.4	85.4	100.0
WP_002884058.1	gnl|META|EG11098-MONOMER	7.3e-07	39.1	64	48.9	71.9	90.1
WP_002884137.1	gnl|META|GPMA-MONOMER	9.1e-75	55.5	229	276.2	70.7	99.6
WP_002884137.1	gnl|META|YKL152C-MONOMER	3.7e-68	52.8	229	254.2	69.4	99.1
WP_002884137.1	gnl|META|HS09121-MONOMER	8.2e-68	53.2	220	253.1	71.4	94.8
WP_002884137.1	gnl|META|HS10286-MONOMER	5.3e-67	52.0	223	250.4	70.4	96.1
WP_002884210.1	gnl|META|EG10529-MONOMER	9.9e-21	31.9	160	97.8	56.9	30.2
WP_002884252.1	gnl|META|RPOD-MONOMER	4.2e-90	64.8	261	327.8	81.6	69.9
WP_002884270.1	gnl|META|MONOMER-20024	1.8e-02	23.3	116	36.2	46.6	43.0
WP_002884311.1	gnl|META|RIBULP3EPIM-MONOMER	6.2e-49	44.9	216	190.3	63.4	98.2
WP_002884345.1	gnl|META|BSU22780-MONOMER	5.8e-72	69.3	179	266.5	86.0	95.7
WP_002884456.1	gnl|META|GLYOXI-MONOMER	1.1e-19	39.0	123	92.4	60.2	92.4
WP_002884573.1	gnl|META|EG10920-MONOMER	1.2e-07	62.0	50	51.2	72.0	86.2
WP_002884675.1	gnl|META|EG10915-MONOMER	2.3e-13	46.1	76	70.9	65.8	82.2
WP_002884746.1	gnl|META|EG10906-MONOMER	5.1e-45	52.6	156	176.8	73.7	100.0
WP_002884769.1	gnl|META|MONOMER-13957	3.3e-13	41.5	94	70.5	59.6	94.0
WP_002884769.1	gnl|META|SYNPCC7942_2322-MONOMER	3.6e-12	37.5	96	67.0	59.4	96.0
WP_002884809.1	gnl|META|EG10911-MONOMER	7.6e-45	69.9	136	176.0	75.0	99.3
WP_002885090.1	gnl|META|EG10881-MONOMER	4.4e-33	60.7	117	136.7	79.5	98.3
WP_002885093.1	gnl|META|EG11231-MONOMER	8.8e-07	51.9	54	48.5	61.1	81.8
WP_002885332.1	gnl|META|MONOMER-15056	2.1e-28	37.7	162	121.7	57.4	95.3
WP_002885332.1	gnl|META|MONOMER-19771	1.4e-27	38.2	157	119.0	58.0	92.4
WP_002885470.1	gnl|META|FABZ-MONOMER	4.9e-31	47.1	140	130.2	64.3	97.2
WP_002885483.1	gnl|META|EG50002-MONOMER	1.0e-19	59.3	81	92.0	74.1	83.3
WP_002885495.1	gnl|META|EG50003-MONOMER	1.6e-04	39.7	68	41.2	63.2	87.8
WP_002885495.1	gnl|META|MONOMER-19598	6.0e-04	37.5	64	39.3	62.5	82.4
WP_002885585.1	gnl|META|HP0105-MONOMER	3.1e-29	38.2	144	124.4	64.6	90.0
WP_002885585.1	gnl|META|EG12712-MONOMER	2.2e-27	37.8	148	118.2	58.1	90.0
WP_002885597.1	gnl|META|EG50001-MONOMER	9.9e-13	35.3	102	68.9	60.8	97.1
WP_002885608.1	gnl|META|BSU37150-MONOMER	5.1e-222	67.5	533	766.5	83.9	99.8
WP_002885626.1	gnl|META|EG10904-MONOMER	8.0e-41	53.5	157	162.9	75.2	95.7
WP_002885642.1	gnl|META|EG10907-MONOMER	3.2e-32	48.1	131	134.0	74.0	99.2
WP_002885648.1	gnl|META|EG10872-MONOMER	7.8e-45	64.1	142	176.0	78.2	100.0
WP_002885653.1	gnl|META|EG10909-MONOMER	3.0e-30	58.8	102	127.1	81.4	100.0
WP_002885711.1	gnl|META|EG10875-MONOMER	5.6e-39	62.6	123	156.4	80.5	100.0
WP_002885727.1	gnl|META|EG10902-MONOMER	7.3e-66	58.7	208	246.5	75.5	95.4
WP_002885754.1	gnl|META|EG10887-MONOMER	1.3e-05	49.1	55	44.7	69.1	80.9
WP_002885755.1	gnl|META|EG10866-MONOMER	5.7e-44	51.2	207	173.7	63.3	97.6
WP_002885773.1	gnl|META|EG10888-MONOMER	1.0e-09	52.7	55	58.2	74.5	91.7
WP_002885786.1	gnl|META|EG10886-MONOMER	2.4e-06	46.8	47	47.0	66.0	75.8
WP_002885795.1	gnl|META|EG10867-MONOMER	9.1e-34	42.0	193	139.8	62.7	93.2
WP_002885810.1	gnl|META|EG10879-MONOMER	1.4e-10	38.5	117	62.0	51.3	95.8
WP_002885815.1	gnl|META|G7706-MONOMER	5.3e-01	26.6	109	30.0	44.0	84.3
WP_002885820.1	gnl|META|EG10912-MONOMER	1.8e-34	62.2	111	141.4	81.1	91.7
WP_002885833.1	gnl|META|EG10903-MONOMER	3.4e-41	45.7	208	164.5	63.5	99.0
WP_002885836.1	gnl|META|EG10916-MONOMER	7.2e-17	55.7	79	82.4	68.4	91.9
WP_002885849.1	gnl|META|EG10876-MONOMER	4.3e-14	41.7	144	73.9	51.4	98.6
WP_002885866.1	gnl|META|EG10892-MONOMER	1.8e-08	67.4	43	53.5	81.4	97.7
WP_002885972.1	gnl|META|SYNPCC7942_0336-MONOMER	2.5e-170	59.8	497	594.7	77.9	98.8
WP_002885994.1	gnl|META|MONOMER-539	6.2e-171	65.7	463	596.7	79.3	98.9
WP_002885994.1	gnl|META|ATPD-MONOMER	5.2e-170	65.5	466	593.6	79.8	99.6
WP_002885994.1	gnl|META|SYNPCC7942_2315-MONOMER	2.0e-169	66.0	468	591.7	77.4	98.1
WP_002886026.1	gnl|META|ATPG-MONOMER	7.8e-47	36.8	291	183.7	59.1	99.7
WP_002886077.1	gnl|META|GLYQ-MONOMER	2.7e-103	62.6	294	371.3	75.9	94.4
WP_002886081.1	gnl|META|G7037-MONOMER	1.2e-34	41.7	206	142.9	61.2	91.2
WP_002886108.1	gnl|META|EG10900-MONOMER	2.1e-06	38.0	71	48.1	54.9	57.4
WP_002886108.1	gnl|META|EG10743-MONOMER	4.7e-06	32.1	78	47.0	60.3	63.9
WP_002886161.1	gnl|META|ATPF-MONOMER	5.1e-03	24.5	159	37.4	42.8	95.8
WP_002886165.1	gnl|META|PROTEIN-PII	1.5e-22	49.6	113	101.7	64.6	100.0
WP_002886165.1	gnl|META|PROTEIN-PII2	9.7e-22	46.7	107	99.0	67.3	94.7
WP_002886342.1	gnl|META|EG10901-MONOMER	5.5e-65	50.2	231	243.8	69.7	90.6
WP_002886374.1	gnl|META|EG10874-MONOMER	7.7e-43	57.9	140	169.5	73.6	94.6
WP_002886399.1	gnl|META|EG10240-MONOMER	7.2e-61	41.7	381	230.7	55.6	100.0
WP_002886558.1	gnl|META|MONOMER-184	8.3e-49	100.0	100	188.7	100.0	100.0
WP_002886560.1	gnl|META|MONOMER-182	0.0e+00	100.0	572	1155.2	100.0	100.0
WP_002887024.1	gnl|META|MONOMER-18814	7.5e-102	53.7	326	366.7	71.8	95.6
WP_002887024.1	gnl|META|MONOMER-11920	4.7e-96	53.7	322	347.4	71.1	94.4
WP_002887056.1	gnl|META|EG10869-MONOMER	7.3e-40	48.0	175	159.8	66.3	98.3
WP_002887058.1	gnl|META|EG10868-MONOMER	4.0e-62	61.0	177	233.8	81.9	98.3
WP_002887063.1	gnl|META|EG10882-MONOMER	2.3e-23	55.7	106	104.4	71.7	93.0
WP_002887520.1	gnl|META|EG10910-MONOMER	8.1e-41	64.3	129	162.5	79.8	100.0
WP_002887582.1	gnl|META|FORMATEDEHYDROGH-MONOMER	1.8e-01	41.4	29	31.6	58.6	27.4
WP_002887582.1	gnl|META|G6783-MONOMER	6.8e-01	32.1	56	29.6	50.0	52.8
WP_002887879.1	gnl|META|RIBONUCLEOSIDE-TRIP-REDUCT-MONOMER	1.4e-07	35.1	97	52.0	52.6	86.6
WP_002887879.1	gnl|META|MONOMER-15783	2.3e-07	35.0	103	51.2	50.5	83.0
WP_002887879.1	gnl|META|MONOMER-15780	3.3e-06	30.0	90	47.4	55.6	80.4
WP_002888293.1	gnl|META|EG10908-MONOMER	8.3e-33	51.5	130	136.0	70.0	100.0
WP_002889001.1	gnl|META|MONOMER-13099	8.6e-236	94.2	432	812.0	97.5	100.0
WP_002889174.1	gnl|META|MANY-MONOMER	3.9e-53	44.9	265	204.5	66.8	94.7
WP_002889176.1	gnl|META|MANZ-MONOMER	1.9e-72	47.8	299	268.9	68.2	98.0
WP_002889928.1	gnl|META|EG10484-MONOMER	2.9e-08	27.0	196	55.1	43.4	94.6
WP_002890211.1	gnl|META|SYNPCC7942_2316-MONOMER	8.6e-12	35.6	132	66.2	56.8	94.2
WP_002890467.1	gnl|META|CHORISMUTPREPHENDEHYDRAT-MONOMER	5.8e-28	31.8	274	120.9	47.8	97.4
WP_002890606.1	gnl|META|MONOMER-11894	7.8e-01	20.3	69	30.4	46.4	33.2
WP_002890638.1	gnl|META|EG11291-MONOMER	4.6e-02	31.5	73	35.0	53.4	22.4
WP_002890959.1	gnl|META|PSTC-MONOMER	3.7e-23	27.7	300	105.1	49.0	89.8
WP_002891112.1	gnl|META|STM4458-MONOMER	9.8e-31	54.8	126	129.0	68.3	97.6
WP_002891149.1	gnl|META|BSU38520-MONOMER	9.5e-16	48.7	78	78.6	74.4	97.5
WP_002891149.1	gnl|META|MONOMER-19972	2.8e-15	47.4	78	77.0	74.4	97.5
WP_002891169.1	gnl|META|EG10889-MONOMER	1.1e-07	30.4	79	52.0	49.4	89.8
WP_002891844.1	gnl|META|EG10976-MONOMER	1.5e-13	40.7	177	72.4	59.9	99.4
WP_002949256.1	gnl|META|EG11665-MONOMER	5.4e-37	38.0	279	151.0	56.6	94.0
WP_002950885.1	gnl|META|MONOMER-12750	5.6e-08	43.3	60	52.4	61.7	98.4
WP_002950935.1	gnl|META|EG10880-MONOMER	3.1e-31	58.0	112	130.6	75.0	97.4
WP_003091847.1	gnl|META|PRPPSYN-MONOMER	2.7e-85	51.9	316	311.6	74.4	97.5
WP_003091894.1	gnl|META|EG10893-MONOMER	2.0e-72	47.3	311	268.9	66.9	98.1
WP_003091907.1	gnl|META|EG10865-MONOMER	2.4e-82	55.4	276	301.6	71.4	99.6
WP_003091947.1	gnl|META|RPOB-MONOMER	1.5e-306	43.5	1368	1048.5	59.4	95.1
WP_003091963.1	gnl|META|HP0192-MONOMER	4.0e-01	30.4	56	30.8	50.0	40.0
WP_003091981.1	gnl|META|EG10878-MONOMER	8.7e-19	46.0	126	89.4	58.7	97.7
WP_003091988.1	gnl|META|G7525-MONOMER	4.1e-14	31.1	135	73.9	57.0	97.1
WP_003092011.1	gnl|META|ACETOLACTSYNIII-ICHAIN-MONOMER	5.0e-143	45.4	566	504.2	66.3	97.5
WP_003092011.1	gnl|META|MONOMER-18810	4.9e-138	45.6	559	487.6	63.7	97.0
WP_003092011.1	gnl|META|MONOMER-11900	3.5e-136	45.2	564	481.5	64.4	95.9
WP_003092019.1	gnl|META|YDR226W-MONOMER	2.0e-44	40.7	209	175.3	64.1	96.2
WP_003092019.1	gnl|META|ADENYL-KIN-MONOMER	1.5e-39	40.4	218	159.1	61.9	98.1
WP_003092023.1	gnl|META|OPPA-MONOMER	6.7e-22	27.4	274	102.1	47.4	41.3
WP_003092030.1	gnl|META|AT4G24650-MONOMER	3.4e-02	32.7	49	34.7	55.1	29.0
WP_003092040.1	gnl|META|MONOMER-546	6.5e-78	47.4	291	287.0	69.8	99.3
WP_003092048.1	gnl|META|MONOMER-18114	5.8e-23	40.4	151	103.6	58.3	77.6
WP_003092048.1	gnl|META|MONOMER-20302	4.9e-22	33.7	178	100.5	48.3	84.8
WP_003092048.1	gnl|META|MONOMER-14540	1.4e-21	38.9	144	99.0	59.0	82.4
WP_003092076.1	gnl|META|EG10924-MONOMER	8.4e-10	30.3	132	61.2	56.1	29.4
WP_003092081.1	gnl|META|ADENYLOSUCCINATE-SYN-MONOMER	4.7e-117	48.5	423	417.5	66.2	97.9
WP_003092081.1	gnl|META|AT3G57610-MONOMER	1.9e-105	46.2	416	379.0	64.4	96.0
WP_003092089.1	gnl|META|ASPS-MONOMER	3.6e-160	49.7	590	561.2	68.8	98.8
WP_003092089.1	gnl|META|MONOMER-14053	4.8e-157	48.7	583	550.8	66.7	99.1
WP_003092102.1	gnl|META|PHET-MONOMER	5.0e-16	44.6	101	80.9	60.4	48.3
WP_003092123.1	gnl|META|G12WB-160-MONOMER	1.2e-12	26.8	261	70.1	47.1	90.9
WP_003092124.1	gnl|META|EG11921-MONOMER	4.6e-37	37.3	241	151.0	57.7	98.8
WP_003092128.1	gnl|META|EG11757-MONOMER	2.6e-14	28.5	144	74.7	51.4	95.2
WP_003092134.1	gnl|META|MONOMER-20008	4.6e-20	35.3	153	94.4	60.1	68.5
WP_003092137.1	gnl|META|MANY-MONOMER	1.2e-54	48.7	234	209.5	70.5	86.0
WP_003092145.1	gnl|META|G7530-MONOMER	6.0e-40	47.1	191	161.0	62.3	58.3
WP_003092149.1	gnl|META|METI-MONOMER	1.0e-17	43.5	115	86.7	64.3	49.6
WP_003092158.1	gnl|META|AT3G14390-MONOMER	3.0e-44	30.7	404	175.6	47.0	93.8
WP_003092158.1	gnl|META|AT5G11880-MONOMER	3.9e-44	30.7	404	175.3	46.8	93.8
WP_003092171.1	gnl|META|EG11724-MONOMER	3.4e-76	39.8	470	282.0	58.5	98.9
WP_003092171.1	gnl|META|EG11691-MONOMER	2.4e-74	38.2	468	275.8	58.1	98.9
WP_003092180.1	gnl|META|MONOMER-183	1.5e-56	99.0	103	214.5	100.0	100.0
WP_003092198.1	gnl|META|MONOMER-15646	4.8e-26	33.0	179	114.0	53.1	95.7
WP_003092200.1	gnl|META|ENSG00000121579-MONOMER	2.0e-05	30.5	95	45.4	47.4	53.8
WP_003092200.1	gnl|META|SPERMACTRAN-MONOMER	2.6e-05	31.6	57	45.1	56.1	32.9
WP_003092204.1	gnl|META|MANX-MONOMER	1.7e-58	41.7	326	222.6	59.2	98.8
WP_003092206.1	gnl|META|G7039-MONOMER	1.4e-16	29.3	222	83.2	50.0	77.7
WP_003092208.1	gnl|META|METQ-MONOMER	3.5e-34	36.4	283	141.7	55.5	93.0
WP_003092210.1	gnl|META|SERS-MONOMER	1.2e-125	54.7	430	446.0	68.1	99.3
WP_003092215.1	gnl|META|MONOMER-20941	7.6e-16	31.9	188	80.1	46.3	94.0
WP_003092217.1	gnl|META|MONOMER-15462	7.7e-57	41.4	266	216.9	62.4	97.4
WP_003092220.1	gnl|META|KEFB-MONOMER	3.3e-05	26.3	133	45.1	44.4	59.6
WP_003092224.1	gnl|META|MONOMER-20031	3.5e-85	50.4	339	311.6	70.8	80.3
WP_003092230.1	gnl|META|MANZ-MONOMER	1.2e-79	49.8	299	292.7	69.2	98.3
WP_003092242.1	gnl|META|G12WB-159-MONOMER	6.2e-26	32.2	208	114.0	52.4	86.1
WP_003092242.1	gnl|META|G12WB-158-MONOMER	4.4e-24	30.7	202	107.8	52.0	84.9
WP_003092247.1	gnl|META|ABC-MONOMER	2.8e-75	43.4	350	278.5	66.0	97.5
WP_003092252.1	gnl|META|G7319-MONOMER	2.9e-82	36.8	457	302.0	58.9	98.2
WP_003092259.1	gnl|META|EG11888-MONOMER	8.5e-30	45.5	156	126.3	60.3	91.7
WP_003092270.1	gnl|META|MONOMER-15490	1.8e-28	25.1	394	123.2	45.4	94.6
WP_003092283.1	gnl|META|TRKH-MONOMER	9.4e-66	34.2	485	247.3	57.5	99.0
WP_003092303.1	gnl|META|SERINE-O-ACETTRAN-MONOMER	2.0e-33	43.8	169	138.7	59.8	82.0
WP_003092398.1	gnl|META|MONOMER-17004	4.7e-129	76.8	285	456.8	89.8	98.6
WP_003092398.1	gnl|META|MONOMER-18132	9.2e-117	70.3	283	416.0	84.5	97.9
WP_003092398.1	gnl|META|DTDPGLUCOSEPP-MONOMER	1.6e-116	70.1	284	415.2	85.2	98.3
WP_003092413.1	gnl|META|HS01050-MONOMER	5.0e-30	33.0	273	127.9	52.4	94.1
WP_003092413.1	gnl|META|ENSG00000139988-MONOMER	2.5e-29	32.8	271	125.6	50.6	93.4
WP_003092414.1	gnl|META|EG10662-MONOMER	7.7e-44	43.7	199	173.3	64.3	93.0
WP_003092417.1	gnl|META|FRUB-MONOMER	9.2e-12	45.1	82	65.5	65.9	90.8
WP_003092417.1	gnl|META|PTSH-MONOMER	3.0e-10	38.6	83	60.5	57.8	95.4
WP_003092437.1	gnl|META|MONOMER-18201	1.4e-20	32.1	196	96.3	51.5	71.4
WP_003092437.1	gnl|META|G6269-MONOMER	6.0e-19	28.6	231	90.9	44.6	87.8
WP_003092437.1	gnl|META|HS04306-MONOMER	1.3e-18	26.1	222	89.7	50.0	82.0
WP_003092437.1	gnl|META|EG12345-MONOMER	3.9e-18	29.3	215	88.2	50.7	81.6
WP_003092437.1	gnl|META|MONOMER-19303	3.9e-18	29.3	184	88.2	48.4	70.6
WP_003092460.1	gnl|META|G12WB-675-MONOMER	1.1e-48	34.2	307	190.3	58.0	81.2
WP_003092462.1	gnl|META|PHOSGLUCOSAMINEMUT-MONOMER	2.2e-93	44.3	447	339.0	61.5	98.4
WP_003092476.1	gnl|META|EG11058-MONOMER	2.1e-57	50.0	216	218.4	64.4	97.7
WP_003092496.1	gnl|META|EG11305-MONOMER	2.3e-01	32.7	49	30.4	53.1	79.0
WP_003092496.1	gnl|META|TATA	3.1e-01	35.3	51	30.0	60.8	82.3
WP_003092507.1	gnl|META|HS01565-MONOMER	1.8e-01	33.3	57	32.7	50.9	22.6
WP_003092507.1	gnl|META|ENSG00000157227-MONOMER	6.9e-01	52.4	21	30.8	76.2	8.8
WP_003092519.1	gnl|META|ADHP-MONOMER	7.7e-123	67.3	312	436.4	80.4	92.0
WP_003092532.1	gnl|META|MONOMER-351	4.5e-08	35.6	104	54.7	52.9	42.3
WP_003092532.1	gnl|META|MONOMER-20169	1.3e-07	31.4	121	53.1	50.4	48.1
WP_003092532.1	gnl|META|MONOMER-16926	1.7e-07	28.3	120	52.8	50.0	45.2
WP_003092540.1	gnl|META|MONOMER-13044	5.7e-142	75.8	339	500.0	84.7	100.0
WP_003092543.1	gnl|META|MONOMER-17204	2.2e-10	32.7	147	61.6	49.0	98.0
WP_003092548.1	gnl|META|AT1G08510-MONOMER	1.3e-13	25.4	228	73.2	46.9	85.4
WP_003092559.1	gnl|META|EG11072-MONOMER	4.5e-62	40.8	289	235.0	66.1	65.2
WP_003092568.1	gnl|META|HS02151-MONOMER	1.8e-61	47.6	275	232.3	62.5	98.5
WP_003092568.1	gnl|META|XANTHOSINEPHOSPHORY-MONOMER	3.8e-56	44.6	251	214.5	61.8	92.2
WP_003092580.1	gnl|META|PSTB-MONOMER	3.5e-70	47.8	255	261.2	71.0	95.5
WP_003092582.1	gnl|META|PTSI-MONOMER	2.4e-148	49.0	573	521.9	67.9	99.0
WP_003092587.1	gnl|META|UDK-MONOMER	3.3e-55	49.3	205	211.1	68.8	95.3
WP_003092590.1	gnl|META|MONOMER-11897	4.3e-49	51.0	194	190.7	67.5	96.4
WP_003092590.1	gnl|META|LEUD-MONOMER	5.2e-47	48.2	197	183.7	65.5	98.5
WP_003092595.1	gnl|META|PD00232	8.4e-12	26.3	213	67.4	49.3	67.9
WP_003092605.1	gnl|META|YIIP-MONOMER	8.2e-15	25.3	285	77.8	46.7	70.9
WP_003092610.1	gnl|META|2-ISOPROPYLMALATESYN-MONOMER	2.8e-100	41.1	518	362.1	58.3	99.4
WP_003092628.1	gnl|META|MONOMER-14558	1.6e-143	65.4	390	505.4	79.0	98.0
WP_003092634.1	gnl|META|MONOMER-13043	8.8e-224	78.5	502	772.3	88.0	100.0
WP_003092639.1	gnl|META|MONOMER-11896	4.5e-142	54.2	461	500.7	69.4	98.0
WP_003092639.1	gnl|META|LEUC-MONOMER	3.6e-139	52.9	463	491.1	68.9	98.5
WP_003092639.1	gnl|META|MONOMER-17191	1.5e-137	51.6	473	485.7	68.3	99.1
WP_003092647.1	gnl|META|MONOMER-13836	1.6e-90	51.3	312	328.9	68.9	97.2
WP_003092647.1	gnl|META|NRDF-MONOMER	2.0e-88	49.0	312	322.0	67.3	97.2
WP_003092661.1	gnl|META|ADENPRIBOSYLTRAN-MONOMER	7.1e-48	52.9	172	186.4	70.9	98.8
WP_003092671.1	gnl|META|MALG-MONOMER	1.0e-27	30.3	294	120.2	52.0	99.3
WP_003092675.1	gnl|META|AT3G14550-MONOMER	1.8e-48	42.9	268	189.1	59.7	89.7
WP_003092675.1	gnl|META|AT4G36810-MONOMER	5.3e-48	43.9	264	187.6	60.2	87.9
WP_003092675.1	gnl|META|AT2G18640-MONOMER	2.7e-47	42.1	259	185.3	59.5	87.9
WP_003092675.1	gnl|META|MONOMER-11666	1.0e-46	48.9	233	183.3	62.2	79.0
WP_003092675.1	gnl|META|MONOMER-16157	1.3e-46	48.3	232	183.0	63.8	79.0
WP_003092675.1	gnl|META|AT2G23800-MONOMER	2.2e-46	39.4	289	182.2	57.1	97.6
WP_003092675.1	gnl|META|FPPSYN-MONOMER	1.2e-44	43.5	253	176.4	57.7	85.5
WP_003092675.1	gnl|META|MONOMER-11994	3.6e-44	45.0	222	174.9	63.1	75.5
WP_003092675.1	gnl|META|MONOMER-12171	1.8e-43	44.3	237	172.6	58.6	80.7
WP_003092701.1	gnl|META|EG11479-MONOMER	3.7e-18	24.7	231	88.2	46.3	93.0
WP_003092704.1	gnl|META|MONOMER-13095	5.2e-218	80.0	474	753.1	89.7	99.4
WP_003092711.1	gnl|META|MONOMER-11686	6.1e-46	29.9	461	181.4	47.1	98.1
WP_003092721.1	gnl|META|MONOMER-15473	2.9e-61	38.0	371	232.3	59.8	80.8
WP_003092747.1	gnl|META|MONOMER-14178	1.3e-82	38.8	480	303.5	57.3	78.4
WP_003092747.1	gnl|META|HS01727-MONOMER	7.6e-78	38.4	471	287.7	56.3	77.3
WP_003092747.1	gnl|META|MONOMER-585	1.0e-77	38.4	458	287.3	57.4	77.3
WP_003092747.1	gnl|META|MONOMER-18303	2.9e-77	38.5	475	285.8	56.0	78.0
WP_003092747.1	gnl|META|MONOMER-12931	5.5e-76	38.4	471	281.6	56.3	77.3
WP_003092751.1	gnl|META|PSTA-MONOMER	3.4e-26	35.5	214	115.2	56.5	72.1
WP_003092768.1	gnl|META|AT5G14200-MONOMER	6.1e-83	49.4	332	303.9	65.4	93.9
WP_003092768.1	gnl|META|MONOMER-11898	1.4e-82	49.0	349	302.8	64.8	98.3
WP_003092768.1	gnl|META|YCL018W-MONOMER	3.0e-82	49.0	353	301.6	65.4	98.3
WP_003092768.1	gnl|META|3-ISOPROPYLMALDEHYDROG-MONOMER	3.7e-80	46.7	345	294.7	65.5	96.5
WP_003092772.1	gnl|META|BSU15500-MONOMER	9.8e-75	42.1	423	276.9	57.4	99.3
WP_003092794.1	gnl|META|ABC-MONOMER	5.0e-41	39.8	231	164.1	60.6	98.7
WP_003092794.1	gnl|META|GLNQ-MONOMER	4.3e-40	39.3	219	161.0	62.1	94.8
WP_003092794.1	gnl|META|EG12347-MONOMER	4.0e-38	37.1	224	154.5	59.8	94.8
WP_003092813.1	gnl|META|G1I0R-1994-MONOMER	2.9e-37	37.4	214	151.8	56.5	81.7
WP_003092894.1	gnl|META|G12WB-159-MONOMER	2.1e-30	31.5	235	129.0	58.3	86.1
WP_003092894.1	gnl|META|G12WB-158-MONOMER	4.8e-27	32.3	257	117.9	52.5	91.7
WP_003092904.1	gnl|META|PPENTOMUT-MONOMER	1.7e-76	41.5	422	282.7	55.0	97.3
WP_003092909.1	gnl|META|MONOMER-14956	8.8e-01	35.0	40	31.6	67.5	7.7
WP_003092915.1	gnl|META|GMP-SYN-MONOMER	1.8e-155	51.9	520	545.4	69.2	97.9
WP_003092915.1	gnl|META|YMR217W-MONOMER	2.7e-143	51.4	521	505.0	66.8	98.7
WP_003092921.1	gnl|META|MONOMER-265	2.5e-01	27.1	85	32.0	47.1	42.8
WP_003092934.1	gnl|META|YFL017C-MONOMER	8.3e-04	37.0	54	39.7	61.1	38.8
WP_003092934.1	gnl|META|EG10850-MONOMER	5.4e-03	38.2	55	37.0	52.7	38.8
WP_003092936.1	gnl|META|G1I0R-1336-MONOMER	1.6e-33	33.5	281	139.4	55.2	98.9
WP_003092952.1	gnl|META|STM2437-MONOMER	2.0e-64	49.6	234	241.9	67.1	98.7
WP_003092954.1	gnl|META|EG11826-MONOMER	1.4e-03	21.9	169	39.7	42.6	73.0
WP_003092962.1	gnl|META|YKL216W-MONOMER	1.1e-118	64.0	311	422.5	80.1	99.0
WP_003092970.1	gnl|META|MALF-MONOMER	1.0e-29	33.8	231	127.5	54.5	49.8
WP_003092988.1	gnl|META|EG11735-MONOMER	4.5e-61	37.0	416	231.5	53.4	96.5
WP_003093026.1	gnl|META|ISOCITDEH-SUBUNIT	5.6e-125	56.0	407	443.7	70.5	99.5
WP_003093026.1	gnl|META|HP0027-MONOMER	6.6e-118	51.9	414	420.2	68.6	99.5
WP_003093060.1	gnl|META|CPXR-MONOMER	4.8e-47	42.0	231	184.1	65.4	98.3
WP_003093071.1	gnl|META|HOMSUCTRAN-MONOMER	5.4e-86	48.4	304	313.9	69.4	96.8
WP_003093077.1	gnl|META|EG11549-MONOMER	2.5e-112	53.0	402	401.7	70.1	98.3
WP_003093080.1	gnl|META|MONOMER-12662	9.3e-01	66.7	15	28.5	66.7	23.1
WP_003093102.1	gnl|META|EG10238-MONOMER	4.3e-124	30.0	1152	442.2	48.4	99.3
WP_003093115.1	gnl|META|LIVG-MONOMER	7.2e-65	49.8	249	243.4	67.5	98.0
WP_003093117.1	gnl|META|EG10158-MONOMER	1.3e-61	57.3	192	232.3	78.6	98.0
WP_003093126.1	gnl|META|LIVF-MONOMER	4.9e-68	57.7	234	253.8	72.6	99.2
WP_003093154.1	gnl|META|LIVH-MONOMER	3.2e-56	42.3	300	214.9	63.3	97.6
WP_003093180.1	gnl|META|MONOMER-15461	1.1e-115	51.3	413	412.9	69.7	98.1
WP_003093183.1	gnl|META|EG10270-MONOMER	6.7e-62	44.3	291	233.8	63.6	96.7
WP_003093200.1	gnl|META|MONOMER-20007	1.8e-71	44.8	319	265.8	65.5	94.7
WP_003093202.1	gnl|META|MONOMER-20658	4.2e-06	32.4	74	47.8	56.8	40.4
WP_003093202.1	gnl|META|NICOTINAMID-MONOMER	1.2e-05	28.2	131	46.2	47.3	65.0
WP_003093204.1	gnl|META|TDK-MONOMER	1.3e-50	51.3	187	195.7	71.1	92.9
WP_003093224.1	gnl|META|G7037-MONOMER	5.7e-32	33.9	224	134.4	56.7	73.0
WP_003093231.1	gnl|META|ALPHA-AMYL-CYTO-MONOMER	3.0e-112	43.4	493	401.7	60.0	100.0
WP_003093234.1	gnl|META|ZNUB-MONOMER	5.3e-13	28.2	245	71.2	49.8	88.1
WP_003093254.1	gnl|META|EG10826-MONOMER	7.2e-29	25.5	490	125.6	44.5	49.3
WP_003093288.1	gnl|META|MONOMER-14087	8.4e-67	61.0	213	249.6	77.5	100.0
WP_003093291.1	gnl|META|EG11073-MONOMER	5.3e-13	26.6	289	71.2	42.2	97.8
WP_003093307.1	gnl|META|BSU15800-MONOMER	6.2e-22	32.1	218	100.5	48.6	99.0
WP_003093330.1	gnl|META|BSU35730-MONOMER	8.2e-20	24.7	485	94.7	42.7	88.0
WP_003093330.1	gnl|META|MONOMER-19980	3.4e-18	24.5	339	89.4	43.7	64.9
WP_003093355.1	gnl|META|G6475-MONOMER	2.7e-25	33.7	193	111.7	53.9	90.0
WP_003093357.1	gnl|META|MONOMER-18021	7.5e-24	26.7	300	107.5	45.3	91.3
WP_003093359.1	gnl|META|EG11481-MONOMER	3.4e-30	29.8	258	128.3	50.4	98.1
WP_003093361.1	gnl|META|MONOMER-20013	8.7e-20	30.5	220	95.1	46.8	30.4
WP_003093361.1	gnl|META|BSU35680-MONOMER	1.1e-19	28.0	286	94.7	49.7	39.0
WP_003093361.1	gnl|META|MONOMER-17340	1.6e-18	27.0	248	90.9	48.8	33.6
WP_003093361.1	gnl|META|EG11266-MONOMER	2.1e-18	41.9	117	90.5	58.1	16.8
WP_003093386.1	gnl|META|MONOMER-282	1.3e-42	42.6	190	169.1	66.3	97.9
WP_003093386.1	gnl|META|MONOMER-16006	5.4e-41	44.9	196	163.7	65.8	100.0
WP_003093386.1	gnl|META|PABASYN-COMPII-MONOMER	2.3e-39	46.5	187	158.3	66.3	97.3
WP_003093386.1	gnl|META|MONOMER-3604	5.0e-39	43.5	193	157.1	61.1	98.9
WP_003093417.1	gnl|META|EG10850-MONOMER	7.4e-09	33.9	118	56.6	51.7	73.5
WP_003093433.1	gnl|META|EG10534-MONOMER	2.4e-149	45.4	669	525.4	62.2	100.0
WP_003093452.1	gnl|META|MONOMER-18243	1.8e-19	30.0	273	92.8	49.1	88.4
WP_003093454.1	gnl|META|HOLO-ACP-SYNTH-MONOMER	1.4e-07	35.6	87	52.0	59.8	72.6
WP_003093460.1	gnl|META|EG10343-MONOMER	1.3e-20	30.2	179	95.9	53.6	100.0
WP_003093490.1	gnl|META|G185E-7013-MONOMER	1.2e-20	30.9	272	96.7	44.9	92.3
WP_003093539.1	gnl|META|MONOMER-13053	8.2e-132	60.8	406	466.5	74.4	100.0
WP_003093539.1	gnl|META|MONOMER-382	1.2e-119	57.3	405	426.0	72.8	100.0
WP_003093555.1	gnl|META|AT3G49680-MONOMER	1.1e-71	42.8	339	266.5	61.1	98.8
WP_003093565.1	gnl|META|MGLA-MONOMER	1.7e-81	35.4	491	299.7	57.4	95.9
WP_003093565.1	gnl|META|YJCW-MONOMER	4.6e-79	35.5	502	291.6	56.8	95.7
WP_003093565.1	gnl|META|XYLG-MONOMER	1.4e-78	37.1	491	290.0	57.4	94.3
WP_003093565.1	gnl|META|RBSA-MONOMER	6.7e-78	35.1	502	287.7	55.2	98.0
WP_003093571.1	gnl|META|MONOMER-4461	1.6e-17	27.6	199	87.4	48.7	31.4
WP_003093571.1	gnl|META|HS02256-MONOMER	1.2e-15	23.8	273	81.3	45.4	42.6
WP_003093571.1	gnl|META|HS08155-MONOMER	2.0e-15	28.6	161	80.5	52.8	24.8
WP_003093576.1	gnl|META|HS02191-MONOMER	1.1e-33	28.9	342	140.2	49.1	96.7
WP_003093595.1	gnl|META|FECE-MONOMER	3.0e-28	33.9	236	121.7	51.7	96.2
WP_003093595.1	gnl|META|FHUC-MONOMER	3.1e-25	34.4	227	111.7	53.7	90.8
WP_003093646.1	gnl|META|G7553-MONOMER	7.1e-92	62.8	247	333.2	75.7	94.3
WP_003093673.1	gnl|META|ALARACECAT-MONOMER	2.7e-36	34.9	307	149.1	51.8	81.2
WP_003093673.1	gnl|META|G1G01-5627-MONOMER	3.9e-35	34.0	306	145.2	52.6	81.7
WP_003093677.1	gnl|META|CPXR-MONOMER	3.3e-32	36.7	229	134.8	56.8	95.3
WP_003093688.1	gnl|META|MONOMER-16005	7.7e-86	40.0	462	313.9	58.9	97.6
WP_003093688.1	gnl|META|MONOMER-281	3.6e-83	40.1	456	305.1	56.4	98.0
WP_003093688.1	gnl|META|MONOMER-14031	1.6e-78	38.1	496	289.7	54.4	98.2
WP_003093688.1	gnl|META|MONOMER-3603	1.1e-76	40.3	444	283.5	57.2	97.1
WP_003093704.1	gnl|META|G7248-MONOMER	4.1e-50	36.1	346	194.9	56.1	95.2
WP_003093705.1	gnl|META|MONOMER-20127	9.8e-63	40.3	360	236.9	59.7	96.2
WP_003093705.1	gnl|META|G7325-MONOMER	2.3e-59	38.1	378	225.7	56.3	99.5
WP_003093705.1	gnl|META|BSU29590-MONOMER	3.0e-59	36.8	361	225.3	56.5	95.9
WP_003093705.1	gnl|META|HS01304-MONOMER	6.8e-56	36.1	374	214.2	55.6	98.6
WP_003093709.1	gnl|META|MONOMER-16557	3.1e-09	28.9	142	58.9	49.3	43.5
WP_003093726.1	gnl|META|PHES-MONOMER	4.0e-82	45.8	343	301.2	63.8	98.8
WP_003093738.1	gnl|META|GLYOXII-MONOMER	7.3e-01	31.8	44	32.0	56.8	7.9
WP_003093756.1	gnl|META|DIHYDROFOLATEREDUCT-MONOMER	1.0e-19	35.0	157	92.8	57.3	94.0
WP_003093800.1	gnl|META|DIACYLGLYKIN-MONOMER	3.1e-06	37.3	102	47.8	55.9	75.4
WP_003093818.1	gnl|META|AT5G41480-MONOMER	5.4e-41	32.6	353	164.9	49.3	76.0
WP_003093819.1	gnl|META|EG10625-MONOMER	4.7e-22	24.6	501	102.8	41.3	58.7
WP_003093820.1	gnl|META|EG10085-MONOMER	5.9e-185	61.3	473	643.3	76.7	98.7
WP_003093839.1	gnl|META|CPXR-MONOMER	2.9e-25	33.9	233	111.7	54.5	99.6
WP_003093842.1	gnl|META|MONOMER-13104	5.2e-78	63.9	233	287.0	76.4	100.0
WP_003093857.1	gnl|META|GLUC1PADENYLTRANS-MONOMER	5.3e-72	44.2	337	267.7	58.8	82.4
WP_003093865.1	gnl|META|YEJF-MONOMER	7.1e-08	35.7	70	52.4	61.4	85.7
WP_003093865.1	gnl|META|MONOMER-17076	6.0e-07	38.3	60	49.3	58.3	77.9
WP_003093879.1	gnl|META|G7950-MONOMER	1.9e-20	34.1	164	95.5	53.0	81.1
WP_003093904.1	gnl|META|EG10613-MONOMER	3.3e-65	30.1	582	245.7	52.4	97.8
WP_003093914.1	gnl|META|YHR144C-MONOMER	4.6e-19	32.7	147	90.5	52.4	93.4
WP_003093920.1	gnl|META|MONOMER-12258	3.1e-66	39.4	358	248.4	59.8	98.3
WP_003093952.1	gnl|META|EG10424-MONOMER	1.1e-173	44.5	798	606.3	56.6	97.4
WP_003093972.1	gnl|META|MONOMER-13956	3.2e-167	62.6	476	584.3	75.0	99.2
WP_003093975.1	gnl|META|AT4G02280-MONOMER	9.8e-01	38.3	47	30.4	57.4	14.6
WP_003093997.1	gnl|META|YTFT-MONOMER	9.2e-01	22.4	286	30.8	41.3	89.3
WP_003094028.1	gnl|META|G7037-MONOMER	1.0e-22	32.2	208	103.2	54.8	92.0
WP_003094028.1	gnl|META|GLNP-MONOMER	1.8e-22	29.9	214	102.4	55.1	93.8
WP_003094046.1	gnl|META|GLTL-MONOMER	4.5e-72	55.0	240	267.3	73.8	98.4
WP_003094046.1	gnl|META|GLNQ-MONOMER	4.2e-70	56.1	239	260.8	72.4	98.0
WP_003094046.1	gnl|META|EG12347-MONOMER	2.3e-68	56.3	245	255.0	70.2	98.0
WP_003094056.1	gnl|META|AT3G14940-MONOMER	1.6e-106	30.5	943	383.6	47.7	96.6
WP_003094056.1	gnl|META|MONOMER-3824	1.4e-100	31.0	840	364.0	48.7	86.8
WP_003094056.1	gnl|META|PEPCARBOX-MONOMER	5.3e-97	28.1	943	352.1	47.5	98.5
WP_003094058.1	gnl|META|MONOMER-20020	2.4e-264	86.6	516	907.1	93.0	100.0
WP_003094061.1	gnl|META|PRPPSYN-MONOMER	3.6e-69	43.7	316	258.1	67.1	96.3
WP_003094061.1	gnl|META|HS11931-MONOMER	9.1e-65	41.1	314	243.4	63.4	96.3
WP_003094061.1	gnl|META|HS02317-MONOMER	1.2e-64	40.8	314	243.0	64.0	96.3
WP_003094061.1	gnl|META|HS07410-MONOMER	1.6e-64	41.1	314	242.7	64.0	96.3
WP_003094077.1	gnl|META|MACB	1.5e-43	40.8	218	172.6	63.8	86.5
WP_003094100.1	gnl|META|G7039-MONOMER	1.6e-17	29.8	265	86.3	47.5	94.6
WP_003094128.1	gnl|META|EG10834-MONOMER	3.3e-33	35.8	193	137.9	59.6	97.0
WP_003094165.1	gnl|META|FEOB-MONOMER	8.4e-103	34.3	762	370.9	51.8	98.0
WP_003094167.1	gnl|META|ZNUA-MONOMER	1.6e-05	20.0	255	46.6	39.6	76.5
WP_003094189.1	gnl|META|H2PTEROATESYNTH-MONOMER	8.1e-51	41.5	260	196.8	60.4	95.1
WP_003094226.1	gnl|META|CPXR-MONOMER	5.0e-25	31.9	226	110.9	51.8	96.9
WP_003094239.1	gnl|META|MONOMER-14622	3.2e-04	21.9	178	42.4	43.8	49.5
WP_003094240.1	gnl|META|G7698-MONOMER	1.1e-18	36.6	142	89.7	51.4	69.2
WP_003094246.1	gnl|META|ILES-MONOMER	4.8e-207	42.4	935	717.6	59.7	97.6
WP_003094253.1	gnl|META|EG11063-MONOMER	1.2e-94	36.3	601	343.6	55.7	97.3
WP_003094257.1	gnl|META|EG10746-MONOMER	6.0e-143	37.2	940	504.6	54.9	99.5
WP_003094273.1	gnl|META|MANNPISOM-MONOMER	1.0e-04	35.3	102	43.9	48.0	30.5
WP_003094298.1	gnl|META|MONOMER-12104	7.1e-55	43.8	235	210.3	63.0	88.0
WP_003094298.1	gnl|META|MONOMER-17783	6.2e-51	40.9	235	197.2	62.1	88.3
WP_003094309.1	gnl|META|EG11603-MONOMER	2.9e-02	32.1	84	35.0	47.6	41.4
WP_003094310.1	gnl|META|EG10004-MONOMER	6.1e-07	26.0	196	50.8	45.4	85.0
WP_003094312.1	gnl|META|MONOMER-12625	1.5e-79	40.2	443	293.5	59.4	69.4
WP_003094312.1	gnl|META|BGLF-MONOMER	5.2e-72	30.5	637	268.5	49.1	99.2
WP_003094346.1	gnl|META|MONOMER-282	1.6e-56	39.2	324	216.1	59.9	96.4
WP_003094366.1	gnl|META|MONOMER-19925	2.5e-07	25.2	123	52.4	49.6	44.9
WP_003094377.1	gnl|META|EG11061-MONOMER	3.0e-310	56.7	943	1060.4	72.1	99.7
WP_003094404.1	gnl|META|MONOMER-13093	8.9e-180	92.9	337	625.5	97.0	100.0
WP_003094415.1	gnl|META|IMP-DEHYDROG-MONOMER	1.6e-03	25.6	156	40.4	43.6	32.4
WP_003094420.1	gnl|META|LYSU-MONOMER	5.2e-136	51.3	491	480.7	67.8	98.6
WP_003094420.1	gnl|META|LYSS-MONOMER	1.5e-135	51.2	504	479.2	66.9	100.0
WP_003094431.1	gnl|META|EG11116-MONOMER	2.4e-36	30.1	292	149.1	50.0	87.8
WP_003094464.1	gnl|META|G7039-MONOMER	1.0e-19	27.2	235	93.6	44.7	82.0
WP_003094464.1	gnl|META|ARTJ-MONOMER	3.9e-19	27.4	215	91.7	44.2	74.3
WP_003094464.1	gnl|META|GLNH-MONOMER	1.5e-18	30.1	196	89.7	49.0	68.3
WP_003094464.1	gnl|META|MONOMER-17135	4.3e-18	28.6	192	88.2	50.0	65.8
WP_003094466.1	gnl|META|PD00219	4.6e-19	26.7	345	91.7	45.5	99.4
WP_003094484.1	gnl|META|PD00219	5.6e-38	30.3	310	154.5	52.9	93.1
WP_003094493.1	gnl|META|AT2G38230-MONOMER	3.9e-99	67.4	276	357.5	82.2	95.2
WP_003094493.1	gnl|META|G3O-32796-MONOMER	1.9e-98	66.5	278	355.1	81.3	95.5
WP_003094493.1	gnl|META|MONOMER-15502	1.5e-95	62.5	285	345.5	80.4	97.6
WP_003094503.1	gnl|META|EG10523-MONOMER	2.8e-33	31.7	271	138.7	49.8	93.4
WP_003094511.1	gnl|META|YBHF-MONOMER	1.7e-23	28.7	230	106.3	49.1	73.5
WP_003094511.1	gnl|META|YHBG-MONOMER	4.8e-23	29.1	213	104.8	51.2	68.6
WP_003094565.1	gnl|META|EG11983-MONOMER	2.6e-14	24.0	338	75.9	43.8	98.2
WP_003094572.1	gnl|META|MONOMER-6122	4.1e-161	47.9	576	564.3	67.7	100.0
WP_003094589.1	gnl|META|H2NEOPTERINALDOL-MONOMER	2.6e-09	33.3	102	57.8	53.9	85.7
WP_003094592.1	gnl|META|LSERINEDEAM2-MONOMER	8.4e-09	31.8	151	57.0	45.7	57.0
WP_003094592.1	gnl|META|LSERINEDEAM3-MONOMER	1.4e-08	29.3	167	56.2	45.5	64.6
WP_003094603.1	gnl|META|YCEE-MONOMER	1.7e-92	46.6	384	335.9	68.0	93.9
WP_003094612.1	gnl|META|EG11884-MONOMER	2.1e-52	53.8	197	202.2	69.0	66.8
WP_003094621.1	gnl|META|EG11023-MONOMER	1.8e-62	50.2	243	235.3	66.3	99.2
WP_003094631.1	gnl|META|RED-THIOREDOXIN-MONOMER	7.6e-21	47.4	95	95.9	70.5	89.4
WP_003094632.1	gnl|META|MONOMER-653	2.3e-28	32.4	318	122.5	50.0	91.4
WP_003094632.1	gnl|META|AT2G38700-MONOMER	4.0e-25	29.0	314	111.7	49.7	88.9
WP_003094633.1	gnl|META|MONOMER-6081	1.4e-153	83.3	317	538.5	93.1	98.4
WP_003094658.1	gnl|META|MONOMER-16656	2.0e-01	32.4	71	33.1	46.5	19.6
WP_003094658.1	gnl|META|MONOMER-18684	6.0e-01	37.8	45	31.6	53.3	12.8
WP_003094661.1	gnl|META|G6954-MONOMER	1.3e-05	47.1	51	45.8	56.9	29.9
WP_003094677.1	gnl|META|AROF-MONOMER	1.2e-51	37.5	320	199.9	53.1	90.1
WP_003094677.1	gnl|META|AROH-MONOMER	1.5e-49	37.4	313	193.0	55.3	88.6
WP_003094677.1	gnl|META|AROG-MONOMER	2.2e-48	37.3	343	189.1	52.8	97.4
WP_003094680.1	gnl|META|EG10529-MONOMER	9.2e-22	25.1	487	101.7	39.6	68.0
WP_003094680.1	gnl|META|EG10529-MONOMER	9.0e-01	25.0	76	32.0	48.7	10.8
WP_003094699.1	gnl|META|YTFT-MONOMER	1.4e-05	23.4	329	47.0	42.6	90.1
WP_003094710.1	gnl|META|EG12347-MONOMER	9.8e-67	51.8	247	249.6	71.7	98.8
WP_003094710.1	gnl|META|GLNQ-MONOMER	2.0e-59	49.0	243	225.3	69.1	98.4
WP_003094729.1	gnl|META|GUANYL-KIN-MONOMER	1.3e-43	46.1	206	172.6	64.1	98.1
WP_003094733.1	gnl|META|MONOMER-13096	1.2e-165	88.7	328	578.6	95.1	100.0
WP_003094735.1	gnl|META|EG10530-MONOMER	1.4e-08	26.5	226	56.2	40.7	81.2
WP_003094740.1	gnl|META|HS00233-MONOMER	1.3e-14	28.5	263	76.6	44.1	83.1
WP_003094740.1	gnl|META|MONOMER0-541	1.4e-13	34.4	151	73.2	55.6	51.8
WP_003094764.1	gnl|META|G7350-MONOMER	2.4e-01	29.0	62	31.6	53.2	42.0
WP_003094778.1	gnl|META|EG10857-MONOMER	5.2e-38	42.0	231	154.1	59.3	99.1
WP_003094802.1	gnl|META|YBHF-MONOMER	6.9e-30	31.2	221	127.5	55.7	71.6
WP_003094802.1	gnl|META|BSU02750-MONOMER	1.7e-28	33.8	198	122.9	60.6	63.7
WP_003094802.1	gnl|META|ABC-MONOMER	1.6e-26	28.6	255	116.3	53.3	80.1
WP_003094803.1	gnl|META|SYNPCC7942_0260-MONOMER	8.4e-186	53.3	657	646.7	70.8	83.6
WP_003094804.1	gnl|META|AROF-MONOMER	1.7e-53	37.0	319	206.1	55.2	90.1
WP_003094804.1	gnl|META|AROG-MONOMER	1.2e-51	38.0	337	199.9	54.3	95.6
WP_003094804.1	gnl|META|AROH-MONOMER	1.8e-50	35.2	338	196.1	52.4	95.9
WP_003094808.1	gnl|META|SYNPCC7942_0260-MONOMER	6.7e-153	45.4	647	537.3	65.5	88.3
WP_003094813.1	gnl|META|EG11171-MONOMER	9.2e-68	43.7	327	253.4	63.3	95.8
WP_003094828.1	gnl|META|EG12115-MONOMER	6.8e-22	29.0	231	100.5	47.6	100.0
WP_003094841.1	gnl|META|EG10900-MONOMER	8.1e-55	36.3	355	210.7	57.7	87.8
WP_003094850.1	gnl|META|OPPC-MONOMER	7.7e-29	28.3	290	124.0	50.0	93.2
WP_003094855.1	gnl|META|EG10529-MONOMER	2.5e-42	29.0	507	169.9	48.3	76.6
WP_003094879.1	gnl|META|MONOMER-15250	2.4e-65	41.6	303	245.4	61.7	95.3
WP_003094879.1	gnl|META|AT3G25900-MONOMER	1.5e-64	40.9	303	242.7	61.4	95.3
WP_003094879.1	gnl|META|MMUM-MONOMER	8.4e-63	43.5	306	236.9	60.5	95.9
WP_003094879.1	gnl|META|MONOMER-15257	4.6e-61	39.7	312	231.1	59.9	94.3
WP_003094879.1	gnl|META|AT3G63250-MONOMER	2.3e-60	39.3	323	228.8	58.8	98.1
WP_003094879.1	gnl|META|AT3G22740-MONOMER	1.9e-59	39.1	317	225.7	59.9	96.5
WP_003094879.1	gnl|META|MONOMER-15249	1.3e-58	40.8	314	223.0	58.3	96.2
WP_003094882.1	gnl|META|MONOMER-13955	2.5e-154	58.8	483	541.6	73.3	98.6
WP_003094905.1	gnl|META|MONOMER-17226	1.3e-12	50.0	70	68.2	72.9	88.3
WP_003094944.1	gnl|META|ARGS-MONOMER	4.3e-78	35.0	537	288.5	52.7	92.4
WP_003094961.1	gnl|META|EG10625-MONOMER	3.6e-153	37.2	863	538.5	57.5	98.9
WP_003094986.1	gnl|META|MONOMER-14086	3.2e-137	75.5	327	484.2	86.9	97.9
WP_003095010.1	gnl|META|ZNUB-MONOMER	1.3e-11	25.8	248	66.6	49.6	89.6
WP_003095011.1	gnl|META|RBSC-MONOMER	9.9e-02	28.1	128	35.0	53.1	19.3
WP_003095020.1	gnl|META|G12WB-158-MONOMER	1.6e-22	33.5	212	102.8	58.0	77.5
WP_003095020.1	gnl|META|GLNQ-MONOMER	1.4e-21	31.9	213	99.8	54.9	79.0
WP_003095020.1	gnl|META|POTA-MONOMER	1.4e-21	30.2	248	99.8	51.2	91.0
WP_003095020.1	gnl|META|YCBE-MONOMER	1.8e-21	32.6	215	99.4	52.6	80.5
WP_003095020.1	gnl|META|SFUC-MONOMER	1.5e-20	29.0	210	96.3	53.8	78.7
WP_003095020.1	gnl|META|ABC-MONOMER	5.7e-20	30.0	233	94.4	51.1	85.8
WP_003095020.1	gnl|META|PSTB-MONOMER	1.3e-19	32.7	220	93.2	53.6	78.7
WP_003095020.1	gnl|META|POTG-MONOMER	1.3e-19	29.6	230	93.2	51.3	85.8
WP_003095024.1	gnl|META|FEPC-MONOMER	6.3e-23	31.9	213	104.0	48.4	87.2
WP_003095024.1	gnl|META|FHUC-MONOMER	4.1e-22	30.6	206	101.3	46.6	85.5
WP_003095024.1	gnl|META|ZNUC-MONOMER	1.6e-21	31.5	203	99.4	50.2	86.4
WP_003095024.1	gnl|META|FECE-MONOMER	3.8e-20	29.7	209	94.7	46.9	86.8
WP_003095026.1	gnl|META|EG11440-MONOMER	1.0e-08	29.9	127	56.6	50.4	62.3
WP_003095039.1	gnl|META|PROS-MONOMER	1.4e-125	41.2	619	446.4	59.6	98.5
WP_003095049.1	gnl|META|HS03602-MONOMER	2.2e-05	30.6	108	45.1	49.1	71.6
WP_003095049.1	gnl|META|HS10696-MONOMER	1.1e-04	33.7	92	42.7	52.2	60.8
WP_003095067.1	gnl|META|EG11497-MONOMER	5.7e-27	30.1	299	117.9	47.2	93.7
WP_003095068.1	gnl|META|EG10600-MONOMER	3.8e-11	42.1	95	63.5	61.1	98.9
WP_003095083.1	gnl|META|EG12366-MONOMER	6.4e-18	28.3	223	87.4	48.0	89.5
WP_003095136.1	gnl|META|MONOMER-15456	1.1e-66	32.5	590	251.1	50.7	72.0
WP_003095145.1	gnl|META|EG11494-MONOMER	2.8e-20	25.1	331	96.7	47.1	49.3
WP_003095163.1	gnl|META|EG11118-MONOMER	1.7e-25	29.3	300	112.8	46.3	93.8
WP_003095172.1	gnl|META|CPDB-MONOMER	1.0e-28	44.1	143	123.6	60.8	45.3
WP_003095183.1	gnl|META|EG11003-MONOMER	4.8e-45	31.7	435	178.3	51.3	99.8
WP_003095241.1	gnl|META|EG11344-MONOMER	9.1e-125	59.6	364	443.0	75.0	97.1
WP_003095243.1	gnl|META|EG10924-MONOMER	7.7e-01	29.4	51	31.6	51.0	11.2
WP_003095247.1	gnl|META|HYPOXANPRIBOSYLTRAN-MONOMER	4.8e-39	40.6	170	157.1	70.0	93.3
WP_003095247.1	gnl|META|AT1G71750-MONOMER	4.8e-39	43.2	185	157.1	64.3	98.3
WP_003095259.1	gnl|META|MONOMER-17076	2.8e-34	26.2	546	142.9	41.9	92.2
WP_003095264.1	gnl|META|EG10246-MONOMER	1.3e-02	40.4	47	36.2	66.0	24.7
WP_003095336.1	gnl|META|EG10873-MONOMER	2.9e-19	46.7	122	90.9	64.8	100.0
WP_003095351.1	gnl|META|URAA-MONOMER	2.9e-82	41.4	406	302.0	65.5	94.8
WP_003095357.1	gnl|META|DTMPKI-MONOMER	2.8e-30	41.6	197	128.3	58.9	92.3
WP_003095362.1	gnl|META|GLYS-MONOMER	5.7e-101	36.6	681	364.8	51.0	97.3
WP_003095368.1	gnl|META|PD00232	2.0e-13	29.2	209	72.8	48.3	67.1
WP_003095370.1	gnl|META|EG10246-MONOMER	3.2e-01	36.8	57	32.7	50.9	13.7
WP_003095398.1	gnl|META|CYCA-MONOMER	2.6e-89	40.2	453	325.5	62.0	96.5
WP_003095426.1	gnl|META|BGLF-MONOMER	7.4e-111	38.7	643	397.5	56.8	99.4
WP_003095440.1	gnl|META|MONOMER-13103	8.1e-137	61.5	379	483.0	76.5	99.0
WP_003095459.1	gnl|META|BSU15490-MONOMER	3.5e-90	55.9	295	327.8	73.9	95.8
WP_003095461.1	gnl|META|MONOMER-13051	2.0e-91	66.0	250	331.6	79.6	99.2
WP_003095461.1	gnl|META|MONOMER-13055	8.4e-90	65.1	252	326.2	80.2	100.0
WP_003095464.1	gnl|META|BSU15520-MONOMER	0.0e+00	69.0	1057	1456.8	83.2	99.8
WP_003095475.1	gnl|META|MONOMER-11921	2.8e-136	53.7	443	481.5	73.1	97.1
WP_003095475.1	gnl|META|MONOMER-14537	2.4e-135	53.9	445	478.4	72.6	97.6
WP_003095475.1	gnl|META|BIOTIN-CARBOXYL-MONOMER	1.0e-133	52.3	444	473.0	71.8	97.1
WP_003095475.1	gnl|META|AT5G35360-MONOMER	1.0e-130	52.5	442	463.0	69.2	96.9
WP_003095475.1	gnl|META|MONOMER-17289	7.2e-124	51.0	443	440.3	68.2	97.1
WP_003095495.1	gnl|META|GDHA-MONOMER	1.1e-140	57.8	441	496.1	71.2	98.0
WP_003095509.1	gnl|META|YMR062C-MONOMER	2.5e-64	38.2	416	242.3	57.9	97.5
WP_003095518.1	gnl|META|ASNSYNA-MONOMER	4.7e-117	61.5	330	417.2	74.8	100.0
WP_003095520.1	gnl|META|HS09452-MONOMER	2.9e-18	35.0	203	88.6	48.8	77.8
WP_003095520.1	gnl|META|EG10758-MONOMER	3.8e-18	36.7	180	88.2	47.2	69.4
WP_003095520.1	gnl|META|MONOMER-7720	3.2e-17	32.4	170	85.1	50.0	63.9
WP_003095520.1	gnl|META|EG10757-MONOMER	2.1e-16	34.0	188	82.4	49.5	71.8
WP_003095540.1	gnl|META|EG11919-MONOMER	3.1e-33	24.3	498	139.4	46.4	90.8
WP_003095556.1	gnl|META|EG10548-MONOMER	7.3e-12	37.8	143	66.6	56.6	88.2
WP_003095581.1	gnl|META|ACETYLGLUTKIN-MONOMER	1.3e-26	32.6	224	116.3	57.1	89.8
WP_003095585.1	gnl|META|EG12098-MONOMER	3.0e-54	41.6	303	208.4	59.4	97.3
WP_003095602.1	gnl|META|G6530-MONOMER	1.2e-02	26.9	78	37.0	46.2	26.7
WP_003095604.1	gnl|META|EG11195-MONOMER	3.6e-30	30.5	269	128.3	49.4	98.2
WP_003095608.1	gnl|META|MACB	1.4e-62	51.6	221	235.7	75.6	94.4
WP_003095621.1	gnl|META|BSU15510-MONOMER	4.1e-130	59.3	356	460.7	77.5	98.3
WP_003095623.1	gnl|META|EG10871-MONOMER	1.2e-20	39.5	152	95.9	59.9	90.4
WP_003095632.1	gnl|META|UMPKI-MONOMER	3.3e-59	47.9	236	224.6	68.2	96.3
WP_003095670.1	gnl|META|EG10942-MONOMER	1.2e-29	30.1	336	127.1	46.7	83.9
WP_003095700.1	gnl|META|EG11506-MONOMER	1.9e-149	53.8	509	525.8	73.5	75.7
WP_003095719.1	gnl|META|EG10785-MONOMER	6.0e-32	44.7	150	133.7	61.3	78.8
WP_003095721.1	gnl|META|EG11404-MONOMER	1.7e-110	55.0	371	395.6	72.5	100.0
WP_003095723.1	gnl|META|EG10242-MONOMER	2.3e-30	23.7	375	129.4	48.8	99.2
WP_003095726.1	gnl|META|EG10463-MONOMER	3.4e-40	38.8	294	162.2	58.8	71.5
WP_003095736.1	gnl|META|TRPS-MONOMER	3.8e-37	32.7	342	151.8	52.3	98.8
WP_003095739.1	gnl|META|IMP-DEHYDROG-MONOMER	1.4e-149	56.3	485	525.8	73.0	98.2
WP_003095740.1	gnl|META|EG10828-MONOMER	3.6e-25	24.5	364	112.1	46.7	98.4
WP_003095745.1	gnl|META|G3O-32293-MONOMER	1.8e-04	29.8	94	43.5	52.1	22.1
WP_003095746.1	gnl|META|AT3G02090-MONOMER	2.8e-13	21.2	382	72.8	41.4	84.7
WP_003095750.1	gnl|META|MONOMER-20005	1.2e-29	44.2	190	125.9	60.5	95.0
WP_003095752.1	gnl|META|G12WB-158-MONOMER	4.9e-67	46.5	271	250.8	70.1	97.5
WP_003095753.1	gnl|META|G12WB-159-MONOMER	8.2e-70	48.7	275	260.0	69.5	97.1
WP_003095755.1	gnl|META|G12WB-160-MONOMER	5.9e-54	42.8	257	207.2	67.3	97.0
WP_003095761.1	gnl|META|EG10375-MONOMER	1.3e-171	49.0	626	599.4	67.1	98.9
WP_003095763.1	gnl|META|G1I0R-14-MONOMER	5.2e-91	32.7	603	331.6	56.7	90.2
WP_003095765.1	gnl|META|EG10870-MONOMER	3.6e-11	31.8	148	64.3	52.7	96.7
WP_003095767.1	gnl|META|EG10236-MONOMER	4.5e-94	43.7	449	341.3	63.5	97.6
WP_003095782.1	gnl|META|EG10626-MONOMER	3.0e-05	27.0	63	45.1	57.1	31.2
WP_003095782.1	gnl|META|EG12693-MONOMER	4.3e-04	35.6	73	41.2	58.9	35.1
WP_003095791.1	gnl|META|MONOMER-19823	2.6e-07	24.2	351	52.8	39.0	89.7
WP_003095794.1	gnl|META|HISS-MONOMER	4.4e-91	41.7	422	331.3	60.9	98.4
WP_003095800.1	gnl|META|RNTRACTIV-MONOMER	7.8e-30	43.2	146	126.7	63.7	70.6
WP_003095802.1	gnl|META|RIBONUCLEOSIDE-TRIP-REDUCT-MONOMER	8.9e-217	52.4	716	749.6	69.0	96.9
WP_003095828.1	gnl|META|EG10924-MONOMER	3.3e-110	59.9	314	394.4	79.3	94.3
WP_003095832.1	gnl|META|EG10884-MONOMER	2.1e-15	46.0	100	77.8	62.0	97.0
WP_003095856.1	gnl|META|MONOMER-5946	2.5e-163	48.8	545	571.6	68.4	98.3
WP_003095860.1	gnl|META|ADHE-MONOMER	9.2e-221	48.9	855	763.1	67.8	97.8
WP_003095860.1	gnl|META|GIO2-535-MONOMER	7.5e-215	48.1	864	743.4	66.0	98.5
WP_003095860.1	gnl|META|MONOMER-15847	1.0e-211	46.3	866	733.0	66.9	99.0
WP_003095860.1	gnl|META|AADCLOS-MONOMER	1.3e-198	46.1	854	689.5	64.5	97.7
WP_003095862.1	gnl|META|THRESYN-MONOMER	5.3e-48	32.6	436	188.3	50.5	87.7
WP_003095863.1	gnl|META|YEEO-MONOMER	2.2e-37	27.7	430	152.9	49.5	96.3
WP_003095867.1	gnl|META|MONOMER-11919	3.0e-143	45.9	556	505.0	67.3	96.7
WP_003095867.1	gnl|META|DIHYDROXYACIDDEHYDRAT-MONOMER	9.6e-142	46.5	604	500.0	59.9	96.0
WP_003095869.1	gnl|META|MONOMER-11901	1.3e-27	38.7	155	119.0	69.0	97.5
WP_003095869.1	gnl|META|ACETOLACTSYNIII-HCHAIN-MONOMER	4.5e-25	39.9	158	110.5	63.3	99.4
WP_003095877.1	gnl|META|MONOMER-15456	3.9e-40	27.1	561	162.9	45.5	67.8
WP_003095883.1	gnl|META|G7704-MONOMER	1.4e-33	32.7	275	139.8	53.1	85.6
WP_003095894.1	gnl|META|ACKCLOS-MONOMER	8.2e-108	49.2	400	386.7	69.2	99.5
WP_003095894.1	gnl|META|MONOMER-428	7.7e-106	51.1	401	380.2	67.6	99.5
WP_003095894.1	gnl|META|MONOMER-13473	1.0e-105	50.9	399	379.8	67.9	99.5
WP_003095894.1	gnl|META|STM2057-MONOMER	1.3e-105	50.8	392	379.4	68.6	98.7
WP_003095894.1	gnl|META|MONOMER-20612	1.1e-96	48.0	392	349.7	65.8	97.2
WP_003095901.1	gnl|META|PROCST-MONOMER	6.6e-34	33.6	262	140.6	56.1	99.2
WP_003095901.1	gnl|META|PYRROLINECARBREDUCT-MONOMER	2.6e-30	34.7	262	128.6	51.9	99.2
WP_003095903.1	gnl|META|G7247-MONOMER	2.3e-37	30.3	347	152.5	46.4	96.3
WP_003095911.1	gnl|META|EG12216-MONOMER	3.3e-02	28.8	59	33.5	47.5	78.7
WP_003095913.1	gnl|META|EG10976-MONOMER	1.1e-11	33.6	110	65.9	60.0	79.2
WP_003095914.1	gnl|META|EG11372-MONOMER	8.4e-33	40.5	153	136.3	66.0	89.0
WP_003095919.1	gnl|META|EG12207-MONOMER	3.2e-26	29.7	249	115.2	49.4	85.7
WP_003095921.1	gnl|META|MONOMER-14517	1.4e-07	35.2	91	53.1	51.6	36.4
WP_003095921.1	gnl|META|EG11850-MONOMER	3.0e-07	34.3	99	52.0	50.5	39.2
WP_003095921.1	gnl|META|HS10082-MONOMER	8.8e-07	33.0	91	50.4	51.6	36.4
WP_003095924.1	gnl|META|MONOMER-20392	7.7e-55	33.2	374	210.7	49.2	97.6
WP_003095926.1	gnl|META|EG11158-MONOMER	2.1e-15	29.1	165	78.6	52.7	89.1
WP_003095929.1	gnl|META|MONOMER-20001	2.7e-90	56.8	292	328.2	76.4	95.4
WP_003095929.1	gnl|META|BSU35670-MONOMER	3.5e-90	56.9	295	327.8	75.6	96.7
WP_003095937.1	gnl|META|EG11723-MONOMER	4.5e-16	29.3	181	82.0	54.1	42.3
WP_003095937.1	gnl|META|MONOMER-17535	4.5e-16	28.1	178	82.0	48.3	42.3
WP_003095942.1	gnl|META|DUTP-PYROP-MONOMER	1.7e-13	33.3	138	72.0	50.0	87.8
WP_003095953.1	gnl|META|MONOMER-13959	3.2e-154	55.4	491	541.2	73.1	99.2
WP_003095974.1	gnl|META|EG10862-MONOMER	9.6e-06	31.5	89	45.8	48.3	79.3
WP_003095978.1	gnl|META|G12WB-2962-MONOMER	1.1e-146	63.5	370	515.8	80.8	97.4
WP_003095991.1	gnl|META|G6550-MONOMER	2.2e-29	42.4	177	125.6	61.6	68.1
WP_003095999.1	gnl|META|G7841-MONOMER	2.6e-34	34.6	254	142.1	57.5	79.7
WP_003096012.1	gnl|META|MONOMER-502	3.1e-135	52.5	444	478.0	68.9	99.3
WP_003096023.1	gnl|META|G7405-MONOMER	1.1e-11	28.9	228	66.6	49.6	94.3
WP_003096042.1	gnl|META|EG10627-MONOMER	2.7e-55	37.8	312	212.2	56.4	81.2
WP_003096048.1	gnl|META|EG12099-MONOMER	1.6e-24	33.0	182	109.0	54.9	97.8
WP_003096051.1	gnl|META|MONOMER-12602	5.0e-83	35.9	474	304.7	54.9	96.5
WP_003096052.1	gnl|META|MONOMER-13042	2.1e-87	51.9	295	318.5	68.5	98.0
WP_003096077.1	gnl|META|MONOMER-20808	4.6e-01	23.5	102	32.0	46.1	27.7
WP_003096086.1	gnl|META|BSU04040-MONOMER	1.2e-22	27.8	277	104.0	47.7	59.9
WP_003096086.1	gnl|META|EG11195-MONOMER	2.3e-21	29.8	289	99.8	48.1	60.3
WP_003096106.1	gnl|META|EG10837-MONOMER	1.1e-17	24.9	461	89.0	42.5	35.7
WP_003096109.1	gnl|META|BSU02750-MONOMER	1.5e-35	31.4	245	146.0	55.1	98.8
WP_003096111.1	gnl|META|GLUTKIN-MONOMER	2.4e-39	38.3	253	158.7	57.3	94.8
WP_003096112.1	gnl|META|GLUTSEMIALDEHYDROG-MONOMER	5.8e-104	47.4	416	374.0	69.2	99.0
WP_003096119.1	gnl|META|EG11085-MONOMER	1.6e-58	42.3	317	222.6	61.2	99.1
WP_003096121.1	gnl|META|MONOMER-15471	3.0e-82	30.6	741	302.8	50.7	97.1
WP_003096123.1	gnl|META|MONOMER-12257	6.5e-61	42.6	336	230.7	58.6	97.4
WP_003096125.1	gnl|META|EG10844-MONOMER	2.0e-41	30.2	338	166.4	52.7	73.6
WP_003096125.1	gnl|META|EG10210-MONOMER	2.0e-41	30.4	316	166.4	52.5	70.7
WP_003096134.1	gnl|META|EG10613-MONOMER	6.7e-66	29.5	560	248.1	51.8	94.0
WP_003096136.1	gnl|META|EG10613-MONOMER	9.6e-65	28.5	578	244.2	51.7	98.1
WP_003096139.1	gnl|META|EG12111-MONOMER	8.4e-01	42.9	42	28.5	54.8	71.2
WP_003096177.1	gnl|META|GLPF-MONOMER	3.8e-14	26.5	279	75.1	43.4	93.4
WP_003096185.1	gnl|META|G7265-MONOMER	3.1e-17	25.8	318	85.5	41.8	79.4
WP_003096193.1	gnl|META|MONOMER-13094	0.0e+00	89.3	768	1425.2	95.3	99.7
WP_003096195.1	gnl|META|G6115-MONOMER	4.4e-63	40.3	357	238.0	58.3	95.9
WP_003096205.1	gnl|META|MONOMER-543	9.0e-54	36.1	294	206.8	60.2	95.4
WP_003096205.1	gnl|META|THIOREDOXIN-REDUCT-NADPH-MONOMER	1.2e-50	35.0	311	196.4	57.2	98.4
WP_003096205.1	gnl|META|EG11385-MONOMER	1.5e-48	32.6	304	189.5	57.9	97.7
WP_003096209.1	gnl|META|MONOMER-19375	3.6e-207	67.1	535	717.2	79.4	99.1
WP_003096216.1	gnl|META|PANTEPADENYLYLTRAN-MONOMER	5.1e-27	36.7	158	117.1	65.2	95.8
WP_003096221.1	gnl|META|PGK	6.9e-01	23.7	152	30.4	42.1	75.8
WP_003096229.1	gnl|META|FEPC-MONOMER	5.9e-22	27.8	237	100.9	48.1	91.2
WP_003096246.1	gnl|META|G7184-MONOMER	3.6e-151	60.7	402	530.8	78.6	99.5
WP_003096270.1	gnl|META|CELC-MONOMER	4.0e-14	39.0	100	73.6	63.0	96.2
WP_003096274.1	gnl|META|CELB-MONOMER	2.3e-26	32.5	295	116.3	48.1	60.7
WP_003096279.1	gnl|META|EG10634-MONOMER	1.9e-03	40.4	57	38.9	54.4	29.1
WP_003096281.1	gnl|META|G3O-32728-MONOMER	2.1e-04	36.2	80	43.1	55.0	19.9
WP_003096283.1	gnl|META|NICONUCADENYLYLTRAN-MONOMER	2.9e-19	27.4	208	91.7	44.7	87.1
WP_003096285.1	gnl|META|MONOMER-20658	8.5e-05	31.4	70	43.1	54.3	46.4
WP_003096285.1	gnl|META|NICOTINAMID-MONOMER	1.1e-04	32.2	87	42.7	56.3	49.0
WP_003096304.1	gnl|META|EG12172-MONOMER	3.9e-12	36.9	103	67.4	53.4	73.4
WP_003096306.1	gnl|META|BSU02750-MONOMER	5.3e-33	35.2	230	137.5	57.8	93.4
WP_003096317.1	gnl|META|EG11779-MONOMER	8.0e-17	27.6	199	83.6	43.7	93.0
WP_003096319.1	gnl|META|BAIDEL6EUBSP-MONOMER	3.7e-36	27.2	400	148.7	48.8	96.7
WP_003096363.1	gnl|META|MONOMER-343	1.0e-34	37.3	244	143.3	59.4	95.3
WP_003096366.1	gnl|META|MONOMER-301	1.1e-25	38.4	203	112.8	56.7	99.5
WP_003096368.1	gnl|META|AT5G54810-MONOMER	5.5e-136	60.7	394	480.3	75.6	96.8
WP_003096368.1	gnl|META|MONOMER-3562	2.7e-130	60.3	378	461.5	75.4	94.0
WP_003096368.1	gnl|META|MONOMER-345	5.9e-130	61.1	383	460.3	75.2	95.3
WP_003096370.1	gnl|META|MONOMER-10161	2.6e-38	37.6	226	155.2	56.6	85.0
WP_003096370.1	gnl|META|MONOMER-344	7.2e-36	37.7	236	147.1	57.6	88.1
WP_003096370.1	gnl|META|MONOMER-10162	1.6e-35	35.7	224	146.0	57.1	85.0
WP_003096376.1	gnl|META|MONOMER-14503	7.1e-113	38.2	780	404.4	57.7	99.9
WP_003096381.1	gnl|META|MONOMER-15463	4.4e-89	48.4	351	324.3	67.2	99.4
WP_003096385.1	gnl|META|GLNP-MONOMER	4.6e-15	31.2	173	77.8	52.6	76.4
WP_003096416.1	gnl|META|EG10844-MONOMER	1.4e-65	39.6	333	246.9	59.5	61.4
WP_003096416.1	gnl|META|EG10210-MONOMER	2.5e-59	38.6	350	226.1	55.4	66.1
WP_003096419.1	gnl|META|G7649-MONOMER	8.8e-10	40.3	77	58.9	61.0	86.5
WP_003096421.1	gnl|META|EG12449-MONOMER	3.2e-04	26.3	133	42.0	47.4	52.0
WP_003096423.1	gnl|META|MONOMER-17647	1.0e-20	33.0	203	97.1	47.8	65.3
WP_003096426.1	gnl|META|MONOMER-14088	3.4e-99	68.6	245	357.5	78.4	97.6
WP_003096442.1	gnl|META|EG10570-MONOMER	2.2e-38	32.1	287	155.6	50.5	98.6
WP_003096461.1	gnl|META|BSU02750-MONOMER	4.0e-25	32.4	204	111.3	52.0	83.6
WP_003096473.1	gnl|META|H2PTERIDINEPYROPHOSPHOKIN-MONOMER	6.3e-30	46.8	139	126.7	64.7	84.7
WP_003096475.1	gnl|META|POTA-MONOMER	6.1e-76	51.9	289	280.8	70.2	73.7
WP_003096477.1	gnl|META|POTB-MONOMER	8.9e-34	35.1	248	140.2	58.1	90.2
WP_003096479.1	gnl|META|POTC-MONOMER	3.1e-39	36.2	246	158.3	63.0	95.0
WP_003096483.1	gnl|META|AT4G35630-MONOMER	3.0e-88	47.5	364	321.6	64.8	99.2
WP_003096483.1	gnl|META|HS05946-MONOMER	2.1e-81	46.7	368	298.9	62.8	98.1
WP_003096486.1	gnl|META|MONOMER-10261	5.2e-38	37.9	240	154.8	54.2	59.7
WP_003096486.1	gnl|META|HS01776-MONOMER	5.2e-38	38.3	240	154.8	55.0	59.7
WP_003096486.1	gnl|META|AT1G17745-MONOMER	1.2e-37	35.9	301	153.7	50.8	72.4
WP_003096486.1	gnl|META|PGLYCDEHYDROG-MONOMER	1.3e-36	30.8	351	150.2	49.3	86.7
WP_003096488.1	gnl|META|EG10668-MONOMER	4.3e-18	44.1	102	87.4	57.8	61.6
WP_003096499.1	gnl|META|PSERPHOSPHA-MONOMER	2.0e-44	48.3	205	175.3	62.9	94.9
WP_003096514.1	gnl|META|MONOMER-20023	5.0e-01	20.4	285	31.6	41.8	92.6
WP_003096522.1	gnl|META|EG12044-MONOMER	4.4e-35	37.2	239	144.4	58.6	96.7
WP_003096524.1	gnl|META|EG11404-MONOMER	9.3e-12	33.6	137	67.8	48.2	26.1
WP_003096525.1	gnl|META|GLNQ-MONOMER	4.5e-72	55.9	238	267.3	72.7	96.7
WP_003096525.1	gnl|META|GLTL-MONOMER	6.5e-71	54.2	240	263.5	73.8	97.6
WP_003096525.1	gnl|META|EG12347-MONOMER	3.7e-66	52.2	245	247.7	70.6	97.2
WP_003096526.1	gnl|META|G7039-MONOMER	1.2e-27	33.2	229	121.3	52.8	30.7
WP_003096526.1	gnl|META|GLNP-MONOMER	5.9e-27	34.1	208	119.0	57.7	28.4
WP_003096526.1	gnl|META|GLNH-MONOMER	3.8e-26	32.0	253	116.3	51.0	34.0
WP_003096530.1	gnl|META|G6580-MONOMER	1.6e-06	31.6	79	48.9	51.9	49.4
WP_003096530.1	gnl|META|ENSG00000173566-MONOMER	2.7e-06	27.4	113	48.1	50.4	70.1
WP_003096532.1	gnl|META|GLNH-MONOMER	3.8e-24	33.0	227	108.2	52.4	84.2
WP_003096532.1	gnl|META|G7039-MONOMER	3.9e-21	30.6	222	98.2	51.8	82.6
WP_003096534.1	gnl|META|MONOMER-11821	1.1e-26	26.0	366	117.1	45.6	93.2
WP_003096536.1	gnl|META|GLNH-MONOMER	1.2e-25	34.0	244	113.2	52.0	92.4
WP_003096536.1	gnl|META|ARTJ-MONOMER	4.4e-25	31.6	256	111.3	50.8	95.5
WP_003096536.1	gnl|META|G7039-MONOMER	5.4e-23	32.3	257	104.4	52.1	94.3
WP_003096542.1	gnl|META|EG10239-MONOMER	2.4e-58	34.6	361	223.0	56.0	58.4
WP_003096549.1	gnl|META|MONOMER-20009	2.4e-62	39.9	303	235.3	64.7	98.4
WP_003096549.1	gnl|META|G7220-MONOMER	5.5e-59	39.1	302	224.2	61.9	98.1
WP_003096550.1	gnl|META|MONOMER-18135	4.6e-44	37.7	289	174.5	55.4	96.8
WP_003096550.1	gnl|META|MONOMER-17551	2.0e-39	37.1	299	159.1	53.5	98.9
WP_003096554.1	gnl|META|EG11353-MONOMER	7.0e-20	26.9	283	94.4	44.9	84.2
WP_003096563.1	gnl|META|BSU28720-MONOMER	4.9e-01	36.1	36	32.0	52.8	9.4
WP_003096564.1	gnl|META|BSU35550-MONOMER	6.7e-12	33.7	104	67.8	56.7	33.2
WP_003096566.1	gnl|META|BSU35710-MONOMER	5.3e-10	25.0	264	61.2	42.4	95.9
WP_003096568.1	gnl|META|BSU35700-MONOMER	6.6e-44	41.3	196	174.5	65.3	48.2
WP_003096568.1	gnl|META|MONOMER-20000	6.6e-44	41.3	196	174.5	65.3	48.2
WP_003096568.1	gnl|META|MONOMER-19989	8.0e-42	38.0	237	167.5	58.2	58.2
WP_003096570.1	gnl|META|BSU35550-MONOMER	8.4e-16	28.3	212	81.3	47.6	47.2
WP_003096580.1	gnl|META|G6645-MONOMER	5.2e-22	35.7	230	100.9	50.9	91.3
WP_003096585.1	gnl|META|EG12098-MONOMER	1.3e-28	36.6	254	123.2	49.2	79.9
WP_003096587.1	gnl|META|MONOMER-13062	3.4e-99	56.8	324	357.8	73.1	98.5
WP_003096589.1	gnl|META|OPPA-MONOMER	2.8e-20	32.2	236	96.7	47.9	35.1
WP_003096591.1	gnl|META|YLIC-MONOMER	2.4e-19	28.8	205	93.2	54.6	41.0
WP_003096591.1	gnl|META|DPPB-MONOMER	2.6e-18	26.1	234	89.7	51.3	41.2
WP_003096591.1	gnl|META|NIKB-MONOMER	2.9e-17	26.4	201	86.3	52.2	40.4
WP_003096593.1	gnl|META|OPPD-MONOMER	5.6e-71	45.0	300	264.2	65.0	83.1
WP_003096593.1	gnl|META|DPPD-MONOMER	5.2e-69	45.9	292	257.7	65.1	80.9
WP_003096593.1	gnl|META|YLIA-MONOMER	1.3e-64	50.0	270	243.0	67.8	73.1
WP_003096596.1	gnl|META|OPPF-MONOMER	1.7e-68	48.7	265	255.8	71.3	85.8
WP_003096596.1	gnl|META|YLIA-MONOMER	1.2e-61	45.6	287	233.0	64.5	91.3
WP_003096604.1	gnl|META|BSU02750-MONOMER	1.7e-20	24.1	228	95.9	55.3	92.2
WP_003096604.1	gnl|META|YBHF-MONOMER	5.4e-19	31.8	223	90.9	50.7	91.8
WP_003096606.1	gnl|META|G6442-MONOMER	1.2e-27	32.0	259	119.8	45.6	97.3
WP_003096606.1	gnl|META|G6425-MONOMER	1.5e-25	30.6	242	112.8	48.8	90.9
WP_003096607.1	gnl|META|EG11195-MONOMER	4.1e-42	35.8	271	167.9	58.7	98.2
WP_003096608.1	gnl|META|MONOMER-16461	3.3e-01	51.6	31	32.7	61.3	7.1
WP_003096608.1	gnl|META|MONOMER-17423	4.3e-01	29.1	103	32.3	42.7	23.7
WP_003096610.1	gnl|META|EG10763-MONOMER	1.8e-114	34.3	804	409.8	50.6	99.1
WP_003096612.1	gnl|META|EG11268-MONOMER	4.2e-59	40.9	298	224.6	60.4	94.9
WP_003096619.1	gnl|META|NARL-MONOMER	2.2e-30	34.0	215	128.6	58.6	97.2
WP_003096623.1	gnl|META|MONOMER-13562	1.7e-61	40.4	337	232.6	57.9	99.7
WP_003096627.1	gnl|META|MONOMER-2229	6.9e-44	28.5	628	175.3	42.2	71.7
WP_003096628.1	gnl|META|G185E-5505-MONOMER	1.4e-138	43.2	590	489.6	59.7	92.3
WP_003096628.1	gnl|META|GLYCOGEN-BRANCH-MONOMER	2.4e-130	38.2	644	462.2	57.8	99.2
WP_003096631.1	gnl|META|GIO2-1211-MONOMER	4.7e-12	24.1	336	68.6	39.9	80.4
WP_003096631.1	gnl|META|GLUC1PADENYLTRANS-MONOMER	1.4e-11	23.8	328	67.0	42.7	78.3
WP_003096632.1	gnl|META|AT5G24300-MONOMER	6.4e-91	37.8	502	330.9	55.0	98.9
WP_003096640.1	gnl|META|GLUTCYSLIG-MONOMER	8.2e-40	27.7	470	161.8	44.3	54.1
WP_003096640.1	gnl|META|MONOMER-17421	1.4e-36	34.2	266	151.0	54.1	35.3
WP_003096642.1	gnl|META|EG10613-MONOMER	3.4e-54	27.7	578	209.1	49.8	98.1
WP_003096644.1	gnl|META|EG10613-MONOMER	2.1e-65	29.6	615	246.5	50.7	98.6
WP_003096649.1	gnl|META|GALACTOKIN-MONOMER	6.2e-68	38.7	380	254.2	57.9	96.4
WP_003096659.1	gnl|META|MONOMER-6141	1.4e-199	97.1	348	691.4	98.3	100.0
WP_003096660.1	gnl|META|MELB-MONOMER	6.7e-35	25.7	421	145.2	49.2	64.8
WP_003096662.1	gnl|META|BETAGALACTOSID-MONOMER	7.8e-147	32.8	1028	517.7	49.9	98.0
WP_003096668.1	gnl|META|EG10927-MONOMER	3.7e-14	27.3	216	77.0	46.8	20.1
WP_003096683.1	gnl|META|MALTACETYLTRAN-MONOMER	8.2e-34	50.3	185	139.8	62.7	97.3
WP_003096687.1	gnl|META|EMRB-MONOMER	1.7e-16	20.9	426	83.6	43.7	91.5
WP_003096691.1	gnl|META|MONOMER-17226	8.9e-47	49.0	192	183.0	68.2	97.0
WP_003096693.1	gnl|META|LIVJ-MONOMER	9.0e-01	31.4	102	32.0	44.1	13.8
WP_003096700.1	gnl|META|G6627-MONOMER	2.5e-78	42.9	352	288.5	59.9	99.7
WP_003096702.1	gnl|META|MONOMER0-1261	4.3e-30	38.3	196	127.5	55.1	94.2
WP_003096703.1	gnl|META|MONOMER-15405	8.0e-01	28.2	78	29.6	43.6	57.3
WP_003096706.1	gnl|META|MONOMER-16296	1.4e-20	28.6	196	96.7	50.0	59.3
WP_003096706.1	gnl|META|MONOMER-16620	4.5e-19	31.0	197	91.7	50.3	59.9
WP_003096709.1	gnl|META|MONOMER-20207	1.5e-08	26.2	168	57.0	44.6	40.8
WP_003096719.1	gnl|META|MACB	2.0e-28	35.7	221	122.1	58.8	98.1
WP_003096725.1	gnl|META|CPXR-MONOMER	1.6e-20	34.6	208	95.9	50.0	91.2
WP_003096731.1	gnl|META|MONOMER-5946	1.9e-144	45.6	557	508.8	63.0	99.6
WP_003096731.1	gnl|META|TRE6PHYDRO-MONOMER	4.9e-132	46.3	510	467.6	62.2	92.4
WP_003096734.1	gnl|META|BSU33400-MONOMER	1.0e-67	47.1	280	253.1	63.9	99.6
WP_003096734.1	gnl|META|MONOMER-17833	1.1e-61	44.8	261	233.0	63.6	92.5
WP_003096739.1	gnl|META|PHOR-MONOMER	5.8e-10	26.7	210	61.2	44.8	66.0
WP_003096747.1	gnl|META|CELB-MONOMER	5.4e-12	27.0	296	68.6	47.0	64.4
WP_003096752.1	gnl|META|MONOMER-349	2.2e-01	44.8	29	32.7	69.0	10.1
WP_003096757.1	gnl|META|YHFM-MONOMER	4.3e-15	24.1	357	79.0	44.3	76.4
WP_003096764.1	gnl|META|MANNPISOM-MONOMER	4.9e-07	32.7	113	51.6	50.4	33.5
WP_003096767.1	gnl|META|BRNQ-MONOMER	1.8e-55	34.6	422	213.0	56.2	94.8
WP_003096770.1	gnl|META|YDHE-MONOMER	8.5e-61	32.7	425	230.7	54.6	93.5
WP_003096774.1	gnl|META|YGFU-MONOMER	2.5e-70	38.6	414	262.3	59.7	96.0
WP_003096776.1	gnl|META|ADENPRIBOSYLTRAN-MONOMER	2.3e-07	31.2	138	52.0	42.8	69.9
WP_003096778.1	gnl|META|CPXR-MONOMER	1.6e-28	30.0	227	122.5	56.8	97.3
WP_003096780.1	gnl|META|BARA-MONOMER	6.0e-08	24.5	216	54.7	45.4	59.9
WP_003096787.1	gnl|META|BSU25300-MONOMER	6.2e-08	31.5	130	53.5	48.5	81.2
WP_003096789.1	gnl|META|MONOMER-19406	3.1e-01	40.0	35	32.3	65.7	11.2
WP_003096793.1	gnl|META|YBHF-MONOMER	7.8e-31	31.7	240	130.6	54.6	77.8
WP_003096797.1	gnl|META|YBHR-MONOMER	7.6e-03	27.7	141	37.4	47.5	54.3
WP_003096803.1	gnl|META|NARL-MONOMER	3.0e-18	29.3	198	88.2	50.5	93.5
WP_003096806.1	gnl|META|BSU02750-MONOMER	5.5e-33	30.2	215	137.9	58.1	65.2
WP_003096825.1	gnl|META|MONOMER-8569	1.2e-36	42.6	270	149.8	57.0	90.7
WP_003096839.1	gnl|META|CARDIOLIPSYN-MONOMER	3.2e-35	24.4	467	146.0	45.2	85.5
WP_003096845.1	gnl|META|MONOMER-6564	2.7e-110	57.9	347	394.8	74.1	96.6
WP_003096855.1	gnl|META|EG10724-MONOMER	1.6e-04	27.8	90	42.4	48.9	52.3
WP_003096861.1	gnl|META|MONOMER-6727	4.2e-17	27.8	255	85.5	46.3	58.4
WP_003096867.1	gnl|META|AT3G24220-MONOMER	2.3e-03	22.3	130	39.3	46.2	40.0
WP_003096867.1	gnl|META|MONOMER3O-37	6.7e-03	25.4	122	37.7	45.9	38.2
WP_003096870.1	gnl|META|MONOMER-17076	1.4e-51	28.8	517	200.3	48.9	95.7
WP_003096871.1	gnl|META|MONOMER-18049	1.6e-35	27.0	415	146.7	46.7	90.6
WP_003096874.1	gnl|META|EG10423-MONOMER	7.0e-186	42.2	853	647.1	59.4	99.0
WP_003096878.1	gnl|META|MONOMER-13731	9.1e-03	23.9	109	36.2	43.1	74.4
WP_003096894.1	gnl|META|NRDE-MONOMER	7.2e-203	50.0	714	703.4	66.7	98.9
WP_003096894.1	gnl|META|MONOMER-13835	7.2e-203	49.9	714	703.4	66.9	98.9
WP_003096895.1	gnl|META|G18NG-12136-MONOMER	3.3e-10	37.1	70	60.1	67.1	94.6
WP_003096897.1	gnl|META|AT4G35830-MONOMER	8.7e-267	53.0	874	916.0	69.6	96.7
WP_003096897.1	gnl|META|ACONITASE-MONOMER	1.0e-262	53.4	888	902.5	68.2	99.0
WP_003096897.1	gnl|META|MONOMER-65	1.6e-260	53.3	889	895.2	67.8	98.9
WP_003096897.1	gnl|META|HS04597-MONOMER	3.9e-259	52.3	877	890.6	70.0	98.0
WP_003096897.1	gnl|META|G185E-5659-MONOMER	1.3e-251	48.1	936	865.5	65.5	99.0
WP_003096897.1	gnl|META|MONOMER-15048	1.5e-239	49.7	892	825.5	65.8	99.2
WP_003096900.1	gnl|META|MONOMER-16259	5.8e-87	45.3	375	317.4	65.3	98.1
WP_003096903.1	gnl|META|MONOMER-16453	1.5e-04	31.1	74	43.1	48.6	25.1
WP_003096906.1	gnl|META|MONOMER-18696	3.8e-09	23.1	324	58.9	41.7	77.5
WP_003096906.1	gnl|META|MONOMER-19421	5.5e-08	32.4	105	55.1	52.4	27.1
WP_003096908.1	gnl|META|EG10210-MONOMER	3.4e-28	28.2	358	122.1	46.4	97.2
WP_003096911.1	gnl|META|MONOMER-17076	4.2e-53	30.5	528	205.7	47.7	79.0
WP_003096915.1	gnl|META|MONOMER-7721	2.4e-64	24.9	866	243.4	44.1	96.9
WP_003096917.1	gnl|META|G1I0R-1995-MONOMER	2.1e-59	38.0	387	226.1	53.5	85.5
WP_003096932.1	gnl|META|BSU11670-MONOMER	2.9e-19	26.0	366	92.4	41.5	94.8
WP_003096935.1	gnl|META|DTDPDEHYDRHAMEPIM-MONOMER	2.5e-12	31.0	184	68.6	47.8	89.3
WP_003096936.1	gnl|META|DTDPGLUCDEHYDRAT2-MONOMER	1.0e-82	45.7	350	303.1	61.1	93.7
WP_003096936.1	gnl|META|MONOMER-18133	3.4e-81	44.6	359	298.1	63.5	96.3
WP_003096936.1	gnl|META|DTDPGLUCDEHYDRAT-MONOMER	9.8e-81	45.2	363	296.6	61.2	97.1
WP_003096936.1	gnl|META|MONOMER-17087	6.4e-80	46.6	335	293.9	61.5	94.5
WP_003096936.1	gnl|META|MONOMER-17549	8.3e-80	47.1	333	293.5	63.1	94.0
WP_003096936.1	gnl|META|MONOMER-17068	7.8e-78	44.8	335	287.0	62.4	94.5
WP_003096936.1	gnl|META|MONOMER-18352	2.3e-77	45.3	333	285.4	61.6	93.7
WP_003096936.1	gnl|META|MONOMER-18087	1.1e-76	45.3	338	283.1	60.4	95.4
WP_003096936.1	gnl|META|MONOMER-19394	3.3e-76	45.3	333	281.6	63.1	94.5
WP_003096936.1	gnl|META|MONOMER-16952	4.3e-76	43.9	346	281.2	60.1	97.7
WP_003096936.1	gnl|META|MONOMER-17071	5.6e-76	46.5	329	280.8	61.1	93.4
WP_003096952.1	gnl|META|HEMN-MONOMER	6.5e-38	26.1	383	154.5	50.1	96.0
WP_003096954.1	gnl|META|EG10634-MONOMER	1.6e-35	31.6	253	146.0	51.4	98.4
WP_003096955.1	gnl|META|MONOMER-20222	2.1e-17	32.2	180	85.5	57.2	82.7
WP_003096965.1	gnl|META|EG10344-MONOMER	1.8e-24	26.7	345	110.2	50.4	71.2
WP_003096966.1	gnl|META|EG10437-MONOMER	1.6e-69	42.0	369	259.6	61.5	89.6
WP_003096969.1	gnl|META|G7175-MONOMER	1.1e-70	43.8	304	263.1	63.5	98.1
WP_003096978.1	gnl|META|G185E-5885-MONOMER	3.8e-35	36.7	267	144.8	52.4	96.7
WP_003096997.1	gnl|META|YJFF-MONOMER	3.2e-08	26.7	255	55.5	45.9	85.1
WP_003096997.1	gnl|META|YDEY-MONOMER	1.6e-07	26.3	209	53.1	51.7	70.6
WP_003096999.1	gnl|META|POTA-MONOMER	4.2e-25	34.6	217	111.3	54.8	86.1
WP_003096999.1	gnl|META|SFUC-MONOMER	1.0e-23	35.3	204	106.7	55.4	80.2
WP_003097003.1	gnl|META|G6208-MONOMER	1.5e-09	25.1	227	59.7	41.9	76.5
WP_003097005.1	gnl|META|YADQ-MONOMER	9.8e-45	32.4	441	177.6	50.1	84.5
WP_003097008.1	gnl|META|YNFJ-MONOMER	1.8e-12	25.2	306	70.1	46.4	70.3
WP_003097019.1	gnl|META|EG11500-MONOMER	2.9e-10	27.2	191	63.2	45.5	34.2
WP_003097021.1	gnl|META|BIOTINLIG-MONOMER	3.5e-21	27.0	307	98.6	49.2	94.9
WP_003097024.1	gnl|META|BSU38860-MONOMER	9.1e-124	61.6	336	439.5	75.6	99.1
WP_003097026.1	gnl|META|MONOMER-15460	2.2e-135	57.2	423	478.4	77.3	99.8
WP_003097031.1	gnl|META|G7039-MONOMER	3.7e-12	29.9	201	68.2	44.3	88.8
WP_003097031.1	gnl|META|ARTJ-MONOMER	5.3e-11	28.2	163	64.3	44.8	72.8
WP_003097033.1	gnl|META|GLTL-MONOMER	2.2e-51	52.6	196	198.4	68.4	94.7
WP_003097033.1	gnl|META|GLNQ-MONOMER	9.4e-47	49.2	195	183.0	67.2	94.2
WP_003097033.1	gnl|META|EG12347-MONOMER	3.6e-46	48.8	201	181.0	65.2	94.7
WP_003097035.1	gnl|META|PHOR-MONOMER	3.8e-37	32.7	342	152.1	48.8	76.2
WP_003097042.1	gnl|META|MONOMER-15489	1.7e-100	45.0	400	362.5	66.2	98.8
WP_003097045.1	gnl|META|EG11195-MONOMER	3.5e-70	49.3	270	261.2	69.6	100.0
WP_003097052.1	gnl|META|MONOMER-14597	4.1e-123	33.2	1034	438.7	50.1	98.0
WP_003097052.1	gnl|META|MONOMER-14601	1.2e-122	32.1	1042	437.2	49.6	98.8
WP_003097052.1	gnl|META|MONOMER-14600	6.1e-119	32.5	1001	424.9	49.5	96.0
WP_003097052.1	gnl|META|MONOMER-14610	7.0e-115	33.5	980	411.4	49.9	98.2
WP_003097054.1	gnl|META|EG11261-MONOMER	3.1e-36	38.3	248	148.3	56.5	99.6
WP_003097054.1	gnl|META|MONOMER-16933	9.9e-35	36.8	223	143.3	58.3	89.5
WP_003097065.1	gnl|META|HS02879-MONOMER	1.2e-09	26.6	158	59.3	43.0	98.8
WP_003097070.1	gnl|META|EG10530-MONOMER	4.1e-01	37.5	32	31.2	62.5	17.3
WP_003097077.1	gnl|META|HS07681-MONOMER	1.3e-11	43.8	73	67.4	61.6	15.2
WP_003097083.1	gnl|META|YNFJ-MONOMER	3.2e-14	25.7	420	75.9	44.0	94.9
WP_003097087.1	gnl|META|MONOMER-20030	5.1e-51	48.1	231	198.4	68.4	47.5
WP_003097090.1	gnl|META|EG11826-MONOMER	2.5e-25	35.0	197	112.1	51.3	78.3
WP_003097098.1	gnl|META|BSU22460-MONOMER	1.6e-15	23.7	304	80.1	44.1	77.5
WP_003097099.1	gnl|META|MONOMER-20013	1.1e-28	31.5	276	123.6	51.1	84.9
WP_003097109.1	gnl|META|MONOMER-20019	1.3e-30	25.7	452	130.6	47.8	91.7
WP_003097113.1	gnl|META|GALPMUT-MONOMER	2.0e-137	62.3	361	485.0	77.0	98.6
WP_003097115.1	gnl|META|MONOMER-15994	3.9e-02	38.1	42	35.4	59.5	12.7
WP_003097116.1	gnl|META|EG11983-MONOMER	1.4e-42	33.6	354	169.9	52.3	97.4
WP_003097119.1	gnl|META|G6442-MONOMER	1.9e-10	31.5	168	62.0	45.8	99.4
WP_003097121.1	gnl|META|G6442-MONOMER	1.4e-07	42.1	57	51.2	63.2	83.8
WP_003097121.1	gnl|META|G6425-MONOMER	2.6e-06	36.7	60	47.0	58.3	88.2
WP_003097124.1	gnl|META|GPMA-MONOMER	3.8e-08	31.7	104	54.7	52.9	49.0
WP_003097124.1	gnl|META|SYNPCC7942_0485-MONOMER	8.4e-08	31.0	155	53.5	45.2	70.3
WP_003097127.1	gnl|META|SYNPCC7942_0485-MONOMER	6.7e-10	26.1	207	60.5	45.9	90.4
WP_003097127.1	gnl|META|MONOMER-13213	2.8e-08	28.9	159	55.1	40.3	74.2
WP_003097138.1	gnl|META|ENSG00000123815-MONOMER	2.4e-14	23.6	246	76.6	46.7	45.5
WP_003097140.1	gnl|META|G3O-32654-MONOMER	1.8e-08	25.0	284	56.2	39.8	93.6
WP_003097147.1	gnl|META|HS09727-MONOMER	3.4e-75	43.6	326	278.1	64.1	97.3
WP_003097147.1	gnl|META|MONOMER-11684	6.5e-74	43.7	325	273.9	66.2	97.3
WP_003097147.1	gnl|META|MONOMER-18300	8.5e-74	43.7	332	273.5	64.8	99.1
WP_003097153.1	gnl|META|G6527-MONOMER	8.5e-46	38.8	240	180.3	64.6	82.8
WP_003097156.1	gnl|META|UGPC-MONOMER	1.6e-84	47.1	374	309.3	62.0	100.0
WP_003097156.1	gnl|META|MALK-MONOMER	1.3e-78	50.2	317	289.7	65.9	84.4
WP_003097163.1	gnl|META|AT5G64860-MONOMER	1.4e-93	37.0	506	339.7	55.9	99.2
WP_003097163.1	gnl|META|GIO2-442-MONOMER	4.7e-92	37.0	487	334.7	53.2	95.4
WP_003097164.1	gnl|META|GLYCOPHOSPHORYL-MONOMER	9.0e-148	40.7	742	520.4	59.2	93.9
WP_003097164.1	gnl|META|MONOMER-17099	1.2e-144	38.3	811	510.0	56.8	98.9
WP_003097164.1	gnl|META|HS02099-MONOMER	6.7e-143	39.1	754	504.2	57.8	94.2
WP_003097164.1	gnl|META|MALDEXPHOSPHORYL-MONOMER	1.1e-140	38.7	760	496.9	57.8	96.5
WP_003097164.1	gnl|META|HS00949-MONOMER	9.1e-140	37.0	759	493.8	57.7	93.8
WP_003097164.1	gnl|META|HS02178-MONOMER	2.0e-139	38.3	751	492.7	57.8	93.8
WP_003097167.1	gnl|META|BSU10250-MONOMER	4.6e-80	45.2	325	294.3	65.2	97.9
WP_003097167.1	gnl|META|MONOMER-17111	1.2e-75	43.3	319	279.6	63.9	96.4
WP_003097171.1	gnl|META|MONOMER-9982	3.1e-80	29.3	786	296.2	48.1	88.8
WP_003097173.1	gnl|META|PSTB-MONOMER	8.7e-71	50.6	247	263.1	70.0	98.0
WP_003097174.1	gnl|META|PSTS-MONOMER	3.9e-06	25.3	229	48.5	40.6	66.7
WP_003097175.1	gnl|META|G7008-MONOMER	9.8e-46	29.4	466	180.6	44.4	98.6
WP_003097178.1	gnl|META|HS00415-MONOMER	5.2e-01	25.8	62	30.4	48.4	43.8
WP_003097179.1	gnl|META|MONOMER-14605	1.1e-48	35.8	296	189.9	56.1	95.7
WP_003097180.1	gnl|META|EG11177-MONOMER	7.6e-42	39.0	254	167.2	57.9	82.6
WP_003097183.1	gnl|META|G6660-MONOMER	2.0e-36	47.2	163	148.3	66.9	97.6
WP_003097185.1	gnl|META|MONOMER-9366	1.1e-124	52.0	435	443.0	67.6	97.5
WP_003097185.1	gnl|META|YLR303W-MONOMER	2.5e-118	51.8	434	421.8	66.4	96.1
WP_003097185.1	gnl|META|G18NG-10215-MONOMER	6.5e-114	49.8	428	407.1	67.5	96.8
WP_003097188.1	gnl|META|EG10997-MONOMER	6.8e-66	34.5	458	247.7	57.2	98.5
WP_003097190.1	gnl|META|HS05981-MONOMER	1.2e-07	36.2	94	53.1	51.1	40.5
WP_003097190.1	gnl|META|MONOMER-16137	1.4e-06	53.5	43	49.7	72.1	18.9
WP_003097191.1	gnl|META|BSU15560-MONOMER	4.2e-63	59.0	200	237.3	75.5	95.7
WP_003097192.1	gnl|META|BSU15550-MONOMER	9.4e-64	54.0	237	239.6	70.0	99.6
WP_003097193.1	gnl|META|MONOMER-14471	6.8e-121	68.9	305	429.9	83.3	95.9
WP_003097195.1	gnl|META|ENSG00000116288-MONOMER	8.6e-20	37.1	175	93.2	52.6	90.1
WP_003097201.1	gnl|META|GPH-MONOMER	2.1e-09	21.1	227	58.9	38.3	95.3
WP_003097204.1	gnl|META|YBHR-MONOMER	1.2e-09	23.0	352	60.5	45.5	94.4
WP_003097208.1	gnl|META|PYRUVOXID-MONOMER	2.7e-62	28.5	557	236.1	49.0	94.1
WP_003097213.1	gnl|META|B0752-MONOMER	9.8e-21	26.1	299	97.1	49.5	98.7
WP_003097216.1	gnl|META|MONOMER-14068	1.2e-27	29.7	340	120.2	45.6	98.5
WP_003097216.1	gnl|META|AT1G23740-MONOMER	1.3e-26	28.4	342	116.7	44.7	98.8
WP_003097220.1	gnl|META|MONOMER-14125	2.0e-02	29.2	48	36.2	50.0	16.4
WP_003097221.1	gnl|META|MONOMER-14544	2.9e-28	34.5	223	121.7	54.7	94.9
WP_003097230.1	gnl|META|G12WB-159-MONOMER	8.0e-25	32.0	259	110.5	51.0	89.2
WP_003097230.1	gnl|META|G12WB-158-MONOMER	7.5e-23	31.0	239	104.0	54.0	83.8
WP_003097230.1	gnl|META|ABC-MONOMER	3.7e-22	31.1	238	101.7	51.7	82.4
WP_003097232.1	gnl|META|G12WB-1825-MONOMER	6.0e-06	23.3	180	47.4	40.0	90.0
WP_003097233.1	gnl|META|MONOMER-13700	4.6e-14	27.9	280	74.7	42.1	95.1
WP_003097234.1	gnl|META|YEHW-MONOMER	1.7e-25	39.9	148	113.6	67.6	29.2
WP_003097236.1	gnl|META|YEHX-MONOMER	1.3e-55	42.7	239	212.6	64.9	98.8
WP_003097237.1	gnl|META|G7868-MONOMER	4.3e-26	28.8	278	114.8	51.8	95.4
WP_003097242.1	gnl|META|MONOMER-8684	6.1e-234	72.2	557	806.2	85.3	99.5
WP_003097247.1	gnl|META|EG10529-MONOMER	1.4e-207	58.1	599	718.8	78.5	98.2
WP_003097254.1	gnl|META|MONOMER-8762	4.3e-78	59.8	256	287.3	73.4	100.0
WP_003097256.1	gnl|META|EG10780-MONOMER	3.6e-09	38.7	75	57.0	60.0	74.2
WP_003097258.1	gnl|META|HS04463-MONOMER	3.1e-33	47.8	138	137.5	67.4	97.2
WP_003097258.1	gnl|META|ENSG00000011052-MONOMER	2.2e-31	46.4	138	131.3	65.9	97.2
WP_003097258.1	gnl|META|YKL067W-MONOMER	4.2e-30	44.0	134	127.1	67.9	94.4
WP_003097264.1	gnl|META|EG10375-MONOMER	3.9e-13	44.4	90	72.4	60.0	20.1
WP_003097267.1	gnl|META|CPXR-MONOMER	2.5e-26	34.5	229	115.2	52.0	98.6
WP_003097278.1	gnl|META|GLTL-MONOMER	3.7e-28	32.9	240	121.3	54.6	97.8
WP_003097278.1	gnl|META|BSU02750-MONOMER	3.7e-28	31.7	243	121.3	53.9	98.2
WP_003097278.1	gnl|META|YBHF-MONOMER	8.1e-28	30.3	241	120.2	53.9	97.8
WP_003097278.1	gnl|META|YHBG-MONOMER	2.2e-25	28.3	212	112.1	54.7	88.4
WP_003097283.1	gnl|META|MONOMER-5981	2.0e-13	26.1	272	72.8	43.0	83.0
WP_003097283.1	gnl|META|MONOMER-13105	8.5e-12	27.2	302	67.4	43.0	96.4
WP_003097285.1	gnl|META|EG10861-MONOMER	2.3e-39	48.4	182	158.7	64.8	70.7
WP_003097287.1	gnl|META|EG10997-MONOMER	2.8e-06	34.1	82	48.9	57.3	28.5
WP_003097287.1	gnl|META|G7319-MONOMER	5.3e-05	33.9	62	44.7	59.7	21.3
WP_003097304.1	gnl|META|MONOMER-18540	1.1e-01	31.0	71	33.5	53.5	27.5
WP_003097341.1	gnl|META|EG10574-MONOMER	7.1e-01	41.2	34	30.8	64.7	13.8
WP_003097342.1	gnl|META|DCUS-MONOMER	3.2e-04	24.8	214	42.7	45.3	48.0
WP_003097352.1	gnl|META|EG11056-MONOMER	3.9e-08	22.2	316	55.8	42.7	64.8
WP_003097353.1	gnl|META|G7039-MONOMER	2.4e-24	29.7	229	109.0	48.5	80.2
WP_003097353.1	gnl|META|ARTJ-MONOMER	3.1e-24	30.9	230	108.6	46.5	80.2
WP_003097353.1	gnl|META|GLNH-MONOMER	2.6e-23	26.8	235	105.5	49.8	82.7
WP_003097355.1	gnl|META|G7037-MONOMER	2.2e-30	38.0	208	128.6	58.7	97.2
WP_003097357.1	gnl|META|L-GLN-FRUCT-6-P-AMINOTRANS-MONOMER	4.7e-115	39.5	615	411.4	58.9	100.0
WP_003097357.1	gnl|META|MONOMER-20591	3.9e-109	38.8	614	391.7	59.6	100.0
WP_003097367.1	gnl|META|MONOMER-12181	1.1e-04	24.6	236	43.9	42.8	65.4
WP_003097375.1	gnl|META|G7452-MONOMER	1.3e-14	34.5	113	75.9	49.6	62.6
WP_003097376.1	gnl|META|BSU13740-MONOMER	5.0e-60	49.6	240	227.3	64.6	96.6
WP_003097378.1	gnl|META|G7431-MONOMER	4.8e-13	37.9	124	70.5	54.8	82.3
WP_003097381.1	gnl|META|BSU13720-MONOMER	1.0e-88	69.6	217	322.4	82.5	99.5
WP_003097385.1	gnl|META|ASNS-MONOMER	3.8e-69	34.1	457	258.5	53.2	95.3
WP_003097388.1	gnl|META|MONOMER-13008	3.4e-61	36.4	368	231.9	59.2	91.9
WP_003097388.1	gnl|META|MONOMER-18938	1.3e-60	35.1	393	229.9	56.7	99.2
WP_003097393.1	gnl|META|EG11357-MONOMER	2.2e-06	26.4	212	50.8	42.0	21.7
WP_003097396.1	gnl|META|BSU25300-MONOMER	1.2e-34	55.2	125	142.1	72.8	94.7
WP_003097397.1	gnl|META|MONOMER-20840	2.1e-57	56.4	218	218.4	70.2	98.2
WP_003097398.1	gnl|META|MONOMER-17881	6.7e-116	54.0	417	413.7	70.3	96.5
WP_003097403.1	gnl|META|BAES-MONOMER	2.8e-22	29.1	237	102.8	50.2	47.8
WP_003097403.1	gnl|META|PHOR-MONOMER	1.2e-20	30.0	220	97.4	50.5	46.3
WP_003097405.1	gnl|META|MONOMER-13114	5.8e-200	61.6	555	693.3	76.9	99.8
WP_003097405.1	gnl|META|FORMYLSYNTHCLTH-MONOMER	7.0e-198	59.7	554	686.4	76.0	99.6
WP_003097405.1	gnl|META|MONOMER-3942	1.6e-181	57.5	557	632.1	72.0	100.0
WP_003097406.1	gnl|META|EG10004-MONOMER	6.5e-31	42.7	171	130.2	63.2	91.4
WP_003097409.1	gnl|META|METHYLENETHFREDUCT-MONOMER	3.2e-40	35.0	263	161.8	53.6	90.4
WP_003097411.1	gnl|META|YER091C-MONOMER	7.5e-187	46.7	767	650.2	62.5	99.7
WP_003097411.1	gnl|META|HOMOCYSMET-MONOMER	1.1e-180	46.0	752	629.8	61.3	98.9
WP_003097411.1	gnl|META|AT3G03780-MONOMER	8.9e-180	45.6	766	626.7	61.6	100.0
WP_003097411.1	gnl|META|MONOMER-14559	3.2e-177	46.0	761	618.2	62.9	99.6
WP_003097414.1	gnl|META|PABASYN-COMPI-MONOMER	2.6e-46	37.2	290	183.0	53.4	50.7
WP_003097414.1	gnl|META|MONOMER-16235	1.9e-41	36.1	299	166.8	52.8	52.1
WP_003097416.1	gnl|META|MONOMER-14662	1.1e-99	30.7	887	360.9	51.6	97.5
WP_003097416.1	gnl|META|MONOMER-14612	1.5e-90	29.4	900	330.5	50.7	98.1
WP_003097418.1	gnl|META|MONOMER-20022	3.0e-148	59.5	422	521.2	73.9	100.0
WP_003097420.1	gnl|META|MONOMER-20021	3.2e-179	73.2	414	624.0	85.3	99.8
WP_003097422.1	gnl|META|EG10613-MONOMER	4.8e-48	25.4	556	188.7	49.1	95.9
WP_003097426.1	gnl|META|MONOMER-8567	3.8e-140	60.2	412	494.2	76.9	97.4
WP_003097426.1	gnl|META|GLYOHMETRANS-MONOMER	8.5e-140	61.3	408	493.0	76.5	97.6
WP_003097426.1	gnl|META|MONOMER-4244	2.8e-127	56.4	420	451.4	71.2	99.5
WP_003097428.1	gnl|META|EG12449-MONOMER	1.1e-21	32.8	195	100.1	55.9	69.0
WP_003097428.1	gnl|META|EG12424-MONOMER	5.3e-21	33.7	199	97.8	51.8	71.1
WP_003097433.1	gnl|META|G1I0R-1684-MONOMER	4.7e-66	46.0	298	247.7	63.1	93.9
WP_003097447.1	gnl|META|MONOMER-12256	3.7e-112	48.4	438	401.4	67.8	97.3
WP_003097449.1	gnl|META|MONOMER-5701	8.4e-02	37.5	40	33.1	65.0	26.2
WP_003097452.1	gnl|META|SUPEROX-DISMUTMN-MONOMER	9.1e-55	51.0	208	209.5	66.8	100.0
WP_003097452.1	gnl|META|HS03515-MONOMER	5.7e-49	50.2	201	190.3	62.7	98.0
WP_003097464.1	gnl|META|EG10458-MONOMER	8.1e-10	22.4	294	61.6	41.8	50.7
WP_003097466.1	gnl|META|EG12345-MONOMER	6.5e-50	45.6	250	193.7	61.2	97.6
WP_003097466.1	gnl|META|MONOMER-16213	1.6e-48	45.9	242	189.1	62.8	94.9
WP_003097467.1	gnl|META|G3O-33069-MONOMER	2.3e-01	32.9	70	33.1	57.1	17.9
WP_003097473.1	gnl|META|HS01277-MONOMER	3.2e-10	36.6	101	61.6	54.5	46.7
WP_003097473.1	gnl|META|MONOMER-13213	4.7e-09	30.7	166	57.8	45.2	77.8
WP_003097473.1	gnl|META|SYNPCC7942_0485-MONOMER	1.4e-08	26.9	171	56.2	47.4	79.7
WP_003097475.1	gnl|META|EG12115-MONOMER	4.4e-13	27.3	231	71.6	48.5	74.7
WP_003097479.1	gnl|META|YFEP-MONOMER	1.1e-55	34.5	415	213.8	58.3	93.2
WP_003097485.1	gnl|META|EG12128-MONOMER	2.1e-27	29.4	279	119.0	47.3	96.6
WP_003097490.1	gnl|META|EG10900-MONOMER	6.1e-13	46.7	75	72.4	73.3	10.6
WP_003097492.1	gnl|META|MONOMER-21008	5.8e-05	26.7	101	44.7	49.5	33.0
WP_003097532.1	gnl|META|EG11247-MONOMER	2.2e-32	26.5	449	136.3	45.9	98.2
WP_003097533.1	gnl|META|MONOMER-16061	3.1e-13	25.0	236	72.4	42.8	64.4
WP_003097533.1	gnl|META|HS04619-MONOMER	1.2e-12	23.1	251	70.5	45.4	65.8
WP_003097537.1	gnl|META|MONOMER-20032	9.0e-93	58.1	296	337.0	74.7	61.6
WP_003097538.1	gnl|META|AROL-MONOMER	1.2e-07	26.4	159	52.8	47.8	93.9
WP_003097540.1	gnl|META|MONOMER-20784	9.6e-38	28.5	428	154.1	48.4	96.7
WP_003097545.1	gnl|META|AROC-MONOMER	1.4e-48	38.3	363	189.9	53.4	93.3
WP_003097547.1	gnl|META|AROB-MONOMER	3.0e-61	37.7	342	231.9	56.1	95.8
WP_003097549.1	gnl|META|EG11234-MONOMER	7.3e-50	37.2	282	193.7	56.4	97.2
WP_003097550.1	gnl|META|AROD-MONOMER	3.4e-26	31.3	233	114.8	54.1	98.2
WP_003097550.1	gnl|META|MONOMER-33	2.1e-23	30.9	230	105.5	53.9	96.4
WP_003097553.1	gnl|META|MONOMER-20004	5.9e-120	40.3	648	427.9	58.3	89.1
WP_003097559.1	gnl|META|GKI-MONOMER	4.0e-72	41.6	375	268.1	60.0	97.3
WP_003097559.1	gnl|META|GLY3KIN-MONOMER	1.2e-71	41.6	377	266.5	57.8	99.5
WP_003097563.1	gnl|META|G7248-MONOMER	2.3e-40	36.0	250	162.5	54.0	67.9
WP_003097565.1	gnl|META|HS09452-MONOMER	6.2e-22	37.2	191	101.7	50.8	38.0
WP_003097569.1	gnl|META|EG11259-MONOMER	3.8e-107	33.0	751	385.6	54.2	90.5
WP_003097574.1	gnl|META|EG10329-MONOMER	2.3e-40	35.3	272	162.2	53.3	99.6
WP_003097581.1	gnl|META|MONOMER-15472	1.7e-92	34.5	655	336.7	54.0	91.8
WP_003097583.1	gnl|META|EG11758-MONOMER	3.3e-23	33.3	246	105.1	51.2	87.4
WP_003097586.1	gnl|META|MONOMER-20274	4.1e-85	54.2	277	310.8	73.3	97.5
WP_003097586.1	gnl|META|CYCLODEHYCLTH-MONOMER	2.8e-81	53.4	279	298.1	74.2	98.2
WP_003097591.1	gnl|META|CHAINI-MONOMER	1.1e-86	49.4	328	316.2	70.4	97.9
WP_003097591.1	gnl|META|CHAINF-MONOMER	1.5e-86	49.7	328	315.8	70.4	97.9
WP_003097594.1	gnl|META|BSU33530-MONOMER	3.9e-15	25.5	278	78.6	46.0	84.4
WP_003097594.1	gnl|META|MONOMER-20974	1.5e-14	27.5	218	76.6	45.0	66.9
WP_003097594.1	gnl|META|MONOMER-16620	2.5e-14	28.8	198	75.9	47.0	60.0
WP_003097594.1	gnl|META|MONOMER-13277	3.3e-14	25.4	323	75.5	46.1	94.4
WP_003097594.1	gnl|META|MONOMER-16296	9.5e-14	27.9	190	73.9	51.1	57.8
WP_003097596.1	gnl|META|MONOMER-15490	9.5e-75	37.3	407	276.9	56.0	98.5
WP_003097608.1	gnl|META|EG10423-MONOMER	6.2e-126	33.7	848	448.0	53.1	98.5
WP_003097612.1	gnl|META|EG10424-MONOMER	2.9e-142	39.8	802	501.9	52.1	97.1
WP_003097618.1	gnl|META|B0260-MONOMER	7.2e-132	53.7	449	466.8	73.1	97.6
WP_003097621.1	gnl|META|EG10159-MONOMER	9.9e-133	58.3	403	469.5	78.2	97.5
WP_003097621.1	gnl|META|SYNPCC7942_2526-MONOMER	3.8e-132	56.5	428	467.6	74.5	96.8
WP_003097627.1	gnl|META|MONOMER-18244	4.5e-80	44.0	416	294.7	63.0	97.6
WP_003097627.1	gnl|META|MONOMER-11829	4.7e-77	41.1	418	284.6	58.9	97.6
WP_003097627.1	gnl|META|MONOMER-17205	2.2e-74	40.9	418	275.8	56.7	97.6
WP_003097637.1	gnl|META|THRS-MONOMER	6.0e-148	41.0	647	520.8	60.9	99.5
WP_003097641.1	gnl|META|MONOMER-20028	4.4e-187	74.4	437	650.2	85.6	99.3
WP_003097645.1	gnl|META|EG11090-MONOMER	1.8e-51	43.5	230	198.7	67.8	100.0
WP_003097645.1	gnl|META|MONOMER-14562	5.9e-50	44.3	230	193.7	67.4	99.6
WP_003097648.1	gnl|META|G185E-5891-MONOMER	9.9e-16	32.5	169	79.7	51.5	92.3
WP_003097650.1	gnl|META|NAG1P-URIDYLTRANS-MONOMER	6.0e-86	40.7	445	314.3	60.9	96.3
WP_003097653.1	gnl|META|MONOMER-14601	5.0e-73	27.3	851	272.3	47.6	82.2
WP_003097653.1	gnl|META|MONOMER-14600	8.6e-73	28.1	834	271.6	48.1	81.2
WP_003097653.1	gnl|META|MONOMER-14610	8.1e-71	26.7	793	265.0	48.7	79.2
WP_003097653.1	gnl|META|G3O-30531-MONOMER	3.5e-66	26.8	766	249.6	47.9	84.7
WP_003097655.1	gnl|META|MONOMER-14625	3.9e-34	29.8	349	141.7	52.1	97.3
WP_003097661.1	gnl|META|MONOMER-585	2.7e-51	27.5	455	199.1	47.7	99.1
WP_003097661.1	gnl|META|MONOMER-18551	8.9e-47	28.3	453	184.1	48.3	97.7
WP_003097661.1	gnl|META|MONOMER-14178	1.5e-46	27.5	458	183.3	46.1	98.4
WP_003097661.1	gnl|META|G18NG-11595-MONOMER	2.0e-46	28.8	452	183.0	48.0	97.7
WP_003097661.1	gnl|META|HS01727-MONOMER	1.3e-45	28.6	462	180.3	47.0	97.9
WP_003097661.1	gnl|META|E3-MONOMER	1.7e-45	28.4	455	179.9	46.8	98.4
WP_003097673.1	gnl|META|MONOMER-20145	1.8e-59	37.1	367	226.1	54.2	93.2
WP_003097673.1	gnl|META|MONOMER-4141	9.2e-56	35.4	378	213.8	52.6	95.8
WP_003097673.1	gnl|META|MONOMER-4142	6.6e-54	34.7	383	207.6	54.0	98.2
WP_003097673.1	gnl|META|MONOMER-20392	8.6e-54	35.1	373	207.2	51.2	95.3
WP_003097676.1	gnl|META|EG12044-MONOMER	3.7e-31	36.9	233	131.3	50.6	96.2
WP_003097680.1	gnl|META|G12WB-2964-MONOMER	9.0e-119	59.5	341	422.9	76.0	98.3
WP_003097683.1	gnl|META|EG10613-MONOMER	3.7e-72	30.6	594	268.9	50.0	99.5
WP_003097685.1	gnl|META|EG10613-MONOMER	2.3e-58	27.0	578	223.0	51.2	98.4
WP_003097700.1	gnl|META|MACB	2.0e-37	31.2	401	152.9	51.1	97.8
WP_003097703.1	gnl|META|EG11354-MONOMER	9.8e-03	33.3	114	37.7	46.5	24.7
WP_003097705.1	gnl|META|EG12233-MONOMER	4.8e-05	23.9	138	44.7	46.4	53.8
WP_003097725.1	gnl|META|G7641-MONOMER	1.7e-49	42.9	273	192.6	59.3	89.6
WP_003097726.1	gnl|META|EG11500-MONOMER	7.6e-18	32.2	180	87.4	51.7	60.1
WP_003097730.1	gnl|META|ATPH-MONOMER	1.5e-08	28.1	160	55.8	50.0	89.9
WP_003097730.1	gnl|META|SYNPCC7942_0335-MONOMER	1.6e-07	28.0	175	52.4	46.3	97.2
WP_003097733.1	gnl|META|ATPB-MONOMER	7.2e-11	26.7	240	63.9	49.6	94.9
WP_003097743.1	gnl|META|HOMOSERKIN-MONOMER	1.1e-21	25.9	309	100.1	46.6	99.7
WP_003097744.1	gnl|META|ASPKINIHOMOSERDEHYDROGI-MONOMER	7.2e-17	28.9	256	84.7	48.0	52.1
WP_003097745.1	gnl|META|MONOMER-11526	9.9e-71	39.2	380	263.5	58.7	96.3
WP_003097745.1	gnl|META|SUCCORNTRANSAM-MONOMER	3.8e-70	40.5	365	261.5	56.4	93.1
WP_003097745.1	gnl|META|MONOMER-18314	1.5e-66	37.9	375	249.6	57.6	98.7
WP_003097745.1	gnl|META|ACETYLORNTRANSAM-MONOMER	1.8e-64	37.5	365	242.7	55.6	93.1
WP_003097745.1	gnl|META|MONOMER-6741	5.8e-63	35.8	372	237.7	55.6	97.6
WP_003097746.1	gnl|META|MONOMER-18313	1.1e-49	34.1	346	193.4	54.9	99.1
WP_003097746.1	gnl|META|N-ACETYLGLUTPREDUCT-MONOMER	9.7e-49	36.0	339	190.3	56.3	97.1
WP_003097747.1	gnl|META|BSU13580-MONOMER	4.2e-128	57.8	391	454.1	71.4	99.5
WP_003097748.1	gnl|META|BSU13570-MONOMER	4.8e-72	50.6	257	267.3	68.1	98.8
WP_003097753.1	gnl|META|ALAS-MONOMER	5.0e-190	43.7	887	661.0	61.0	99.1
WP_003097755.1	gnl|META|BSU27360-MONOMER	4.4e-24	30.5	210	107.8	54.3	88.1
WP_003097758.1	gnl|META|EG10212-MONOMER	1.6e-01	39.3	56	34.3	50.0	9.2
WP_003097774.1	gnl|META|METG-MONOMER	2.2e-76	29.4	680	283.1	47.5	97.5
WP_003097797.1	gnl|META|CPXR-MONOMER	1.5e-21	33.2	208	99.4	57.2	88.9
WP_003097807.1	gnl|META|EG10613-MONOMER	5.4e-63	28.9	585	238.4	50.3	97.8
WP_003097810.1	gnl|META|EG10613-MONOMER	1.6e-41	28.9	402	167.2	50.5	66.4
WP_003097810.1	gnl|META|ENSG00000103222-MONOMER	3.6e-38	32.2	295	156.0	53.9	48.3
WP_003097815.1	gnl|META|EG11440-MONOMER	1.0e-09	30.8	120	59.3	51.7	85.3
WP_003097817.1	gnl|META|MONOMER-8322	9.8e-31	26.6	369	130.6	45.8	97.6
WP_003097820.1	gnl|META|MONOMER-8321	1.5e-09	26.9	167	59.7	46.1	64.0
WP_003097822.1	gnl|META|MONOMER-17076	2.7e-44	28.7	551	176.4	47.9	81.0
WP_003097824.1	gnl|META|EG10690-MONOMER	7.4e-24	31.3	230	107.8	50.0	54.8
WP_003097825.1	gnl|META|MONOMER-6568	1.7e-74	53.8	262	275.4	72.5	99.6
WP_003097827.1	gnl|META|G1I0R-1336-MONOMER	2.5e-26	27.0	278	115.5	52.2	97.5
WP_003097835.1	gnl|META|MONOMER-19980	5.3e-27	27.0	404	118.6	44.8	76.1
WP_003097838.1	gnl|META|BSU29580-MONOMER	2.4e-110	50.0	396	395.2	68.4	97.3
WP_003097840.1	gnl|META|BSU29590-MONOMER	1.2e-84	41.5	381	309.7	62.7	99.7
WP_003097843.1	gnl|META|MONOMER-4801	5.7e-43	29.0	355	171.4	51.0	80.2
WP_003097843.1	gnl|META|AT5G41480-MONOMER	3.7e-42	31.5	378	168.7	50.3	81.7
WP_003097845.1	gnl|META|GLUTATHIONE-REDUCT-NADPH-MONOMER	2.9e-165	61.6	450	577.8	75.6	100.0
WP_003097847.1	gnl|META|FRUA-MONOMER	3.5e-71	38.9	488	265.8	56.6	73.1
WP_003097847.1	gnl|META|HRSA-MONOMER	8.9e-67	33.4	659	251.1	48.7	98.0
WP_003097849.1	gnl|META|1-PFK-MONOMER	5.6e-32	35.6	261	134.4	53.6	83.5
WP_003097849.1	gnl|META|MONOMER-2745	7.3e-32	31.6	310	134.0	48.1	99.0
WP_003097852.1	gnl|META|CARBOXYL-TRANSFERASE-ALPHA-MONOMER	2.8e-69	52.2	255	258.1	69.4	98.0
WP_003097852.1	gnl|META|MONOMER-17286	3.6e-64	48.8	248	241.1	69.4	95.3
WP_003097852.1	gnl|META|AT2G38040-MONOMER	7.5e-62	49.8	249	233.4	65.9	95.7
WP_003097855.1	gnl|META|MONOMER-17287	1.3e-59	43.2	266	226.1	64.7	90.6
WP_003097855.1	gnl|META|CARBOXYL-TRANSFERASE-BETA-MONOMER	4.3e-58	44.4	257	221.1	66.9	87.8
WP_003097855.1	gnl|META|ATCG00500-MONOMER	3.1e-56	41.4	280	214.9	62.9	95.1
WP_003097857.1	gnl|META|BCCP-MONOMER	8.3e-14	45.1	82	73.2	63.4	50.0
WP_003097857.1	gnl|META|MONOMER-17288	7.8e-12	44.2	77	66.6	63.6	47.0
WP_003097858.1	gnl|META|MONOMER-19302	2.4e-126	53.8	409	448.4	72.9	98.8
WP_003097858.1	gnl|META|MONOMER-19312	5.3e-126	53.5	409	447.2	71.9	99.0
WP_003097860.1	gnl|META|MONOMER-19303	1.5e-64	50.8	242	242.3	70.2	99.2
WP_003097862.1	gnl|META|MALONYL-COA-ACP-TRANSACYL-MONOMER	2.2e-68	45.6	307	255.4	65.1	99.3
WP_003097864.1	gnl|META|MONOMER-17582	1.7e-135	79.4	320	478.4	86.2	99.4
WP_003097866.1	gnl|META|FABH-MONOMER	8.8e-60	39.9	323	226.9	59.8	99.1
WP_003097871.1	gnl|META|MONOMER-19310	3.1e-95	66.2	260	344.4	84.2	98.9
WP_003097873.1	gnl|META|MONOMER-5821	3.3e-15	28.4	183	78.2	50.3	82.1
WP_003097873.1	gnl|META|G6655-MONOMER	3.3e-15	30.1	186	78.2	51.1	84.4
WP_003097873.1	gnl|META|AT4G21470-MONOMER	5.3e-13	26.6	184	70.9	48.4	85.4
WP_003097874.1	gnl|META|MONOMER-6563	2.6e-134	53.1	448	474.9	70.5	99.1
WP_003097877.1	gnl|META|EG11247-MONOMER	7.1e-39	25.9	455	157.9	48.8	98.4
WP_003097884.1	gnl|META|G1I0R-14-MONOMER	1.9e-03	23.5	162	39.7	43.8	48.1
WP_003097895.1	gnl|META|AT4G14880-MONOMER	1.5e-85	55.2	306	312.4	69.6	98.4
WP_003097895.1	gnl|META|AT3G59760-MONOMER	9.6e-80	50.8	305	293.1	69.8	98.1
WP_003097895.1	gnl|META|AT2G43750-MONOMER	1.1e-78	51.5	305	289.7	68.5	98.1
WP_003097895.1	gnl|META|MONOMER-18016	5.3e-78	49.7	306	287.3	67.0	99.0
WP_003097896.1	gnl|META|MONOMER-20849	2.1e-12	29.1	127	68.9	55.1	58.0
WP_003097900.1	gnl|META|LIVM-MONOMER	1.4e-25	33.2	244	113.2	53.3	66.5
WP_003097908.1	gnl|META|URACIL-PRIBOSYLTRANS-MONOMER	1.7e-64	55.1	207	241.9	74.4	99.0
WP_003097918.1	gnl|META|HS02790-MONOMER	1.2e-130	34.7	973	463.8	52.0	97.5
WP_003097918.1	gnl|META|MONOMER-14600	2.1e-122	32.3	1014	436.4	51.3	96.2
WP_003097918.1	gnl|META|MONOMER-14601	9.2e-118	31.4	1014	421.0	49.9	96.1
WP_003097927.1	gnl|META|MONOMER-16146	2.3e-43	30.1	459	172.9	50.1	92.3
WP_003097927.1	gnl|META|UDP-NACMURALGLDAPLIG-MONOMER	2.1e-41	30.0	474	166.4	47.5	91.7
WP_003097927.1	gnl|META|MONOMER-12253	2.0e-39	28.8	451	159.8	45.5	89.4
WP_003097936.1	gnl|META|EG11195-MONOMER	5.7e-20	31.6	282	94.4	45.7	100.0
WP_003097936.1	gnl|META|EG11470-MONOMER	9.8e-20	28.8	271	93.6	47.2	98.9
WP_003097950.1	gnl|META|PHOR-MONOMER	3.2e-24	26.1	272	109.4	50.7	53.9
WP_003097950.1	gnl|META|BAES-MONOMER	6.7e-22	26.9	283	101.7	51.6	54.3
WP_003097952.1	gnl|META|CPXR-MONOMER	5.7e-29	35.2	227	124.0	56.8	97.4
WP_003097955.1	gnl|META|EG10376-MONOMER	9.2e-22	33.5	176	100.1	52.3	73.4
WP_003097959.1	gnl|META|TRANSKETOI-MONOMER	1.6e-180	50.2	657	629.0	66.2	98.6
WP_003097959.1	gnl|META|TRANSKETOII-MONOMER	1.8e-168	48.1	653	589.0	64.2	98.0
WP_003097962.1	gnl|META|YBHF-MONOMER	4.6e-40	25.9	559	162.2	43.6	91.6
WP_003097962.1	gnl|META|YEJF-MONOMER	1.5e-38	24.9	514	157.1	46.9	88.9
WP_003097962.1	gnl|META|YLIA-MONOMER	9.7e-38	27.3	539	154.5	46.4	89.4
WP_003097965.1	gnl|META|MONOMER-15879	3.6e-25	27.9	272	111.7	48.9	96.5
WP_003097968.1	gnl|META|YGJU-MONOMER	7.0e-115	56.8	384	410.2	76.6	95.3
WP_003097973.1	gnl|META|G12WB-160-MONOMER	9.8e-01	23.0	126	30.4	45.2	45.2
WP_003098035.1	gnl|META|G7845-MONOMER	6.0e-16	33.5	188	80.9	48.9	73.1
WP_003098035.1	gnl|META|MONOMER-16328	3.0e-15	33.0	185	78.6	49.2	71.8
WP_003098040.1	gnl|META|MONOMER-16599	6.1e-02	31.6	95	34.7	46.3	31.1
WP_003098045.1	gnl|META|MONOMER-15459	1.1e-124	52.0	431	443.0	69.8	97.5
WP_003098051.1	gnl|META|G6488-MONOMER	1.7e-49	32.3	371	193.0	52.0	93.3
WP_003098055.1	gnl|META|MONOMER-15456	6.0e-83	33.0	652	305.1	52.3	82.2
WP_003098058.1	gnl|META|NAD-SYNTH-MONOMER	1.1e-98	64.6	274	355.9	77.4	100.0
WP_003098069.1	gnl|META|MONOMER-12998	8.8e-05	23.6	326	44.7	36.5	70.5
WP_003098075.1	gnl|META|CPXR-MONOMER	3.2e-27	32.5	228	118.2	53.1	94.8
WP_003098077.1	gnl|META|PHOR-MONOMER	7.6e-09	21.8	275	58.2	44.7	60.0
WP_003098077.1	gnl|META|BAES-MONOMER	3.8e-08	23.0	278	55.8	45.0	59.6
WP_003098082.1	gnl|META|LEUS-MONOMER	2.8e-190	42.5	866	661.8	59.2	99.5
WP_003098085.1	gnl|META|EG11195-MONOMER	7.5e-20	28.3	269	94.0	44.6	98.9
WP_003098094.1	gnl|META|EG10599-MONOMER	2.6e-173	60.7	527	604.7	78.4	97.4
WP_003098096.1	gnl|META|EG12436-MONOMER	1.7e-23	24.1	456	106.7	43.6	98.6
WP_003098098.1	gnl|META|MONOMER-20006	6.6e-53	41.5	265	203.8	61.9	98.9
WP_003098100.1	gnl|META|MONOMER-15682	8.3e-58	49.4	233	219.9	62.2	93.6
WP_003098100.1	gnl|META|UPPSYN-MONOMER	4.6e-56	46.5	230	214.2	64.8	92.4
WP_003098100.1	gnl|META|G185E-6587-MONOMER	8.6e-55	45.3	234	209.9	61.1	94.0
WP_003098105.1	gnl|META|MONOMER-13046	9.3e-209	78.2	449	722.2	89.5	100.0
WP_003098107.1	gnl|META|NAGE-MONOMER	2.6e-59	27.1	722	226.5	43.6	97.3
WP_003098107.1	gnl|META|PTSG-MONOMER	5.1e-55	30.5	548	212.2	48.5	74.9
WP_003098111.1	gnl|META|EG11311-MONOMER	4.0e-52	38.4	289	201.4	58.5	88.3
WP_003098114.1	gnl|META|OPPF-MONOMER	6.5e-68	49.6	268	253.8	69.0	83.3
WP_003098114.1	gnl|META|YLIA-MONOMER	1.5e-64	45.6	285	242.7	65.3	89.4
WP_003098119.1	gnl|META|OPPB-MONOMER	3.1e-46	35.9	281	181.8	60.5	91.4
WP_003098119.1	gnl|META|YLIC-MONOMER	9.0e-46	32.9	307	180.3	59.3	100.0
WP_003098119.1	gnl|META|DPPB-MONOMER	5.8e-45	32.2	339	177.6	53.4	100.0
WP_003098122.1	gnl|META|G6665-MONOMER	1.3e-42	30.5	512	170.6	47.9	91.6
WP_003098122.1	gnl|META|OPPA-MONOMER	4.9e-42	30.7	553	168.7	45.8	97.8
WP_003098127.1	gnl|META|G6906-MONOMER	2.7e-106	48.1	395	381.7	65.3	95.6
WP_003098130.1	gnl|META|SYNPCC7942_0260-MONOMER	2.4e-01	35.9	64	33.1	50.0	15.2
WP_003098132.1	gnl|META|MONOMER-19979	8.1e-52	40.6	350	200.7	62.9	90.9
WP_003098149.1	gnl|META|MACB	1.8e-42	39.9	218	169.1	61.9	84.2
WP_003098153.1	gnl|META|GLTL-MONOMER	9.1e-57	51.0	241	216.5	64.7	98.0
WP_003098153.1	gnl|META|EG12347-MONOMER	2.9e-55	49.0	247	211.5	66.8	97.6
WP_003098153.1	gnl|META|GLNQ-MONOMER	1.6e-53	47.9	238	205.7	66.8	96.7
WP_003098158.1	gnl|META|EG10914-MONOMER	6.5e-21	51.7	89	95.9	70.8	100.0
WP_003098162.1	gnl|META|MONOMER-18252	6.7e-01	56.7	30	31.6	56.7	7.5
WP_003098165.1	gnl|META|THREDEHYDSYN-MONOMER	6.5e-63	36.7	365	237.7	58.1	87.3
WP_003098169.1	gnl|META|EG11852-MONOMER	6.7e-31	47.9	140	129.8	65.0	94.6
WP_003098171.1	gnl|META|SPOT-MONOMER	2.0e-152	39.8	731	535.8	59.6	98.4
WP_003098238.1	gnl|META|MONOMER-18938	1.0e-54	33.2	382	210.3	55.5	96.7
WP_003098238.1	gnl|META|MONOMER-11821	2.2e-52	34.3	370	202.6	54.1	91.3
WP_003098242.1	gnl|META|EG50003-MONOMER	1.2e-05	34.2	76	45.1	64.5	92.6
WP_003098245.1	gnl|META|SAICARSYN-MONOMER	2.3e-49	43.2	227	191.8	63.9	96.2
WP_003098247.1	gnl|META|FGAMSYN-MONOMER	2.4e-44	24.8	1143	177.6	38.7	82.7
WP_003098247.1	gnl|META|YGR061C-MONOMER	2.6e-43	24.9	1158	174.1	39.6	83.2
WP_003098250.1	gnl|META|HS05157-MONOMER	8.4e-91	39.1	516	330.5	55.2	96.2
WP_003098257.1	gnl|META|GART-MONOMER	4.4e-32	36.5	181	134.0	56.9	95.6
WP_003098259.1	gnl|META|AICARTRANSIMPCYCLO-CPLX	4.8e-132	48.1	528	467.6	65.2	99.6
WP_003098266.1	gnl|META|GLYCRIBONUCSYN-MONOMER	1.0e-103	48.0	425	373.2	63.1	99.5
WP_003098266.1	gnl|META|HS08358-MONOMER	5.5e-94	44.1	424	340.9	61.3	99.3
WP_003098268.1	gnl|META|PURE-MONOMER	5.3e-45	63.0	146	176.8	77.4	90.1
WP_003098269.1	gnl|META|YOR128C-MONOMER	2.4e-45	33.7	368	179.1	55.4	95.0
WP_003098271.1	gnl|META|DALADEHYDROGA-MONOMER	2.4e-01	43.8	32	32.7	65.6	10.1
WP_003098271.1	gnl|META|MONOMER-19291	7.0e-01	44.8	29	31.2	65.5	9.2
WP_003098279.1	gnl|META|MONOMER-18798	2.3e-87	40.6	433	318.9	61.7	98.4
WP_003098289.1	gnl|META|EG11281-MONOMER	1.4e-56	29.9	561	217.2	51.3	85.6
WP_003098291.1	gnl|META|EG10923-MONOMER	1.8e-23	30.5	200	105.5	55.5	98.0
WP_003098294.1	gnl|META|EG10986-MONOMER	5.8e-43	41.7	180	170.2	62.2	94.7
WP_003098296.1	gnl|META|G7409-MONOMER	1.2e-16	35.8	159	84.0	50.3	37.4
WP_003098297.1	gnl|META|EG10823-MONOMER	6.4e-110	62.2	325	393.7	77.2	85.8
WP_003098311.1	gnl|META|SYNPCC7942_0260-MONOMER	9.4e-175	41.7	837	610.1	60.3	98.8
WP_003098316.1	gnl|META|EG10743-MONOMER	2.8e-165	48.8	680	578.6	64.6	91.1
WP_003098319.1	gnl|META|CYSS-MONOMER	2.9e-101	44.3	465	365.2	57.8	99.8
WP_003098325.1	gnl|META|G7845-MONOMER	4.3e-38	35.7	241	154.5	56.0	96.0
WP_003098328.1	gnl|META|G1I0R-1336-MONOMER	5.3e-24	26.8	280	107.8	50.4	96.9
WP_003098359.1	gnl|META|YKL152C-MONOMER	5.7e-08	33.3	93	54.3	47.3	39.7
WP_003098361.1	gnl|META|MONOMER-15530	6.0e-22	35.9	181	100.9	58.0	66.8
WP_003098366.1	gnl|META|EG10416-MONOMER	7.4e-08	33.3	99	53.5	57.6	53.1
WP_003098369.1	gnl|META|EG10454-MONOMER	7.3e-38	34.2	240	153.7	54.2	96.4
WP_003098371.1	gnl|META|AT1G22940-MONOMER	3.0e-31	33.9	248	131.7	54.8	94.9
WP_003098371.1	gnl|META|MONOMER-18910	2.0e-30	30.5	246	129.0	55.7	95.7
WP_003098416.1	gnl|META|BAES-MONOMER	1.7e-23	28.5	305	106.3	51.5	95.6
WP_003098416.1	gnl|META|CPXA-MONOMER	1.1e-22	27.2	290	103.6	50.0	90.8
WP_003098416.1	gnl|META|PHOR-MONOMER	1.6e-21	29.4	228	99.8	52.6	71.8
WP_003098424.1	gnl|META|EG10613-MONOMER	1.4e-16	25.7	315	84.0	48.9	60.9
WP_003098449.1	gnl|META|G6359-MONOMER	7.1e-16	27.1	221	80.5	45.7	96.0
WP_003098461.1	gnl|META|MONOMER-15696	6.5e-01	35.0	40	31.6	70.0	10.3
WP_003098464.1	gnl|META|G7039-MONOMER	2.9e-05	48.8	41	43.1	68.3	78.8
WP_003098465.1	gnl|META|G7037-MONOMER	4.0e-22	34.0	200	101.3	52.5	86.2
WP_003098469.1	gnl|META|GLTK-MONOMER	5.0e-04	35.8	67	39.7	56.7	79.0
WP_004183077.1	gnl|META|ATPE-MONOMER	1.9e-01	32.8	58	30.8	51.7	89.2
WP_006596057.1	gnl|META|KCH-MONOMER	5.4e-02	29.5	95	33.5	49.5	70.5
WP_006596057.1	gnl|META|MONOMER-14554	2.1e-01	29.3	82	31.6	48.8	62.3
WP_013990425.1	gnl|META|BSU16770-MONOMER	2.0e-69	45.9	283	258.8	66.4	90.4
WP_013990425.1	gnl|META|MONOMER-6565	3.6e-66	43.2	278	248.1	67.3	89.1
WP_037598594.1	gnl|META|MONOMER-18815	4.4e-163	51.6	554	570.9	71.1	97.2
WP_037611177.1	gnl|META|CORA-MONOMER	3.1e-01	22.0	328	32.3	39.9	97.5
WP_037621236.1	gnl|META|G7106-MONOMER	4.6e-08	27.5	149	53.9	47.0	99.3
WP_037621240.1	gnl|META|TYRS-MONOMER	4.6e-125	52.8	413	444.1	72.9	97.8
WP_037621242.1	gnl|META|RPOC-MONOMER	0.0e+00	44.3	1412	1112.4	58.4	99.4
WP_037621250.1	gnl|META|GALACTOACETYLTRAN-MONOMER	6.7e-01	60.0	20	30.8	85.0	8.6
WP_037621251.1	gnl|META|NIRC-MONOMER	2.1e-11	31.2	224	65.9	45.1	84.4
WP_037621253.1	gnl|META|MONOMER-17535	1.0e-18	32.0	178	89.7	50.0	88.0
WP_037621255.1	gnl|META|EG10864-MONOMER	1.4e-64	54.6	229	242.3	73.8	100.0
WP_037621258.1	gnl|META|HS05425-MONOMER	6.4e-84	41.6	392	307.4	61.0	95.5
WP_037621260.1	gnl|META|MONOMER-16600	1.3e-16	25.9	278	83.2	40.3	86.2
WP_037621260.1	gnl|META|AT2G28800-MONOMER	3.8e-16	28.4	211	81.6	45.0	65.3
WP_037621271.1	gnl|META|G6991-MONOMER	3.5e-10	28.8	132	61.6	53.8	56.1
WP_037621307.1	gnl|META|YML004C-MONOMER	1.7e-02	46.2	39	36.2	64.1	15.1
WP_037621322.1	gnl|META|G495-MONOMER	4.1e-186	64.4	472	647.1	75.2	98.7
WP_037621326.1	gnl|META|MONOMER-8542	1.8e-10	32.1	137	62.8	49.6	51.7
WP_037621326.1	gnl|META|MONOMER-17092	2.3e-10	35.6	101	62.4	55.4	39.0
WP_037621326.1	gnl|META|MONOMER-8562	2.6e-09	23.2	224	58.9	39.7	82.6
WP_037621326.1	gnl|META|MONOMER-18381	9.7e-09	26.0	192	57.0	41.7	73.4
WP_037621335.1	gnl|META|GLNQ-MONOMER	1.1e-68	52.5	236	256.1	73.7	93.7
WP_037621335.1	gnl|META|EG12347-MONOMER	9.3e-65	53.3	246	243.0	69.5	95.2
WP_037621335.1	gnl|META|GLTL-MONOMER	5.1e-63	49.2	236	237.3	71.2	93.7
WP_037621339.1	gnl|META|MONOMER-12255	2.7e-70	37.2	438	262.3	55.3	93.7
WP_037621352.1	gnl|META|POTD-MONOMER	4.7e-70	41.0	332	261.2	56.0	93.0
WP_037621355.1	gnl|META|MONOMER-14506	1.9e-16	34.7	176	82.8	52.8	56.6
WP_037621355.1	gnl|META|NANK-MONOMER	1.0e-14	27.8	309	77.0	43.4	100.0
WP_037621367.1	gnl|META|EG11062-MONOMER	1.2e-207	56.7	665	719.2	74.0	98.5
WP_037621370.1	gnl|META|G7039-MONOMER	1.1e-23	29.8	248	106.7	52.8	90.0
WP_037621386.1	gnl|META|EG11094-MONOMER	1.8e-17	22.1	384	86.7	42.4	91.5
WP_037621397.1	gnl|META|DIHYDROPTERIREDUCT-MONOMER	3.5e-09	24.3	206	58.2	44.7	91.4
WP_037621405.1	gnl|META|EG12394-MONOMER	3.2e-30	49.6	125	128.6	64.0	39.6
WP_037621427.1	gnl|META|HISTCYCLOPRATPPHOS	1.3e-21	47.4	97	98.6	66.0	86.6
WP_037621434.1	gnl|META|CHORISMUTPREPHENDEHYDROG-MONOMER	1.7e-05	45.1	51	44.7	62.7	56.7
WP_037621438.1	gnl|META|EG10595-MONOMER	2.6e-34	33.9	295	142.1	53.2	92.9
WP_037621440.1	gnl|META|G7005-MONOMER	4.4e-26	42.9	147	114.0	60.5	87.0
WP_037621450.1	gnl|META|MONOMER-13186	1.4e-05	26.4	148	45.8	45.9	92.4
WP_037621453.1	gnl|META|RIB5PISOMA-MONOMER	1.0e-33	37.8	222	139.8	59.9	97.8
WP_037621455.1	gnl|META|MONOMER-16196	4.0e-50	49.7	197	195.3	69.0	42.4
WP_037621457.1	gnl|META|MONOMER-19161	7.2e-01	31.4	51	31.2	56.9	15.7
WP_037621460.1	gnl|META|RIBAZOLEPHOSPHAT-MONOMER	3.1e-10	32.1	162	61.6	46.3	78.0
WP_037621460.1	gnl|META|MONOMER-13213	2.0e-09	32.4	170	58.9	43.5	82.0
WP_037621460.1	gnl|META|SYNPCC7942_0485-MONOMER	7.5e-09	35.8	95	57.0	54.7	46.0
WP_037621462.1	gnl|META|MONOMER-14175	1.3e-66	41.3	322	249.6	59.0	99.1
WP_037621466.1	gnl|META|MONOMER-5063	3.0e-26	29.1	234	115.2	53.8	91.4
WP_037621466.1	gnl|META|HS06822-MONOMER	3.1e-23	28.9	253	105.1	48.6	91.0
WP_037621469.1	gnl|META|EG11064-MONOMER	8.4e-141	38.1	763	497.3	57.3	99.0
WP_037621474.1	gnl|META|YBHF-MONOMER	1.0e-41	40.3	221	166.4	59.7	92.0
WP_037621475.1	gnl|META|MONOMER-14503	1.5e-107	39.9	629	386.7	60.3	79.5
WP_037621480.1	gnl|META|MONOMER-15978	1.2e-12	28.3	258	70.1	43.8	88.5
WP_037621489.1	gnl|META|PHOR-MONOMER	3.7e-19	30.8	227	92.4	52.0	48.9
WP_037621505.1	gnl|META|PANTOTHENATE-KIN-MONOMER	6.0e-66	41.0	312	247.3	63.1	100.0
WP_037621525.1	gnl|META|MONOMER-601	5.6e-43	32.9	310	171.0	53.2	95.6
WP_037621527.1	gnl|META|MONOMER-14476	3.7e-30	31.4	261	128.6	50.6	70.4
WP_037621530.1	gnl|META|G6501-MONOMER	6.7e-30	26.7	341	127.9	46.6	86.3
WP_037621535.1	gnl|META|EG12312-MONOMER	7.9e-19	31.4	185	90.1	50.3	93.9
WP_037621539.1	gnl|META|MONOMER-18245	4.6e-103	54.3	359	370.9	69.4	91.6
WP_037621551.1	gnl|META|EG10344-MONOMER	6.7e-39	31.2	385	157.9	50.4	89.7
WP_037621559.1	gnl|META|MONOMER-16176	9.9e-32	28.3	410	134.0	48.0	97.6
WP_037621571.1	gnl|META|LIVJ-MONOMER	3.6e-23	26.8	246	105.5	50.4	62.1
WP_037621571.1	gnl|META|LIVK-MONOMER	1.8e-22	24.8	314	103.2	45.5	79.3
WP_037621574.1	gnl|META|MONOMER-10303	3.0e-139	60.8	383	491.1	76.5	98.7
WP_037621576.1	gnl|META|MANX-MONOMER	2.6e-54	39.5	329	208.8	58.4	97.9
WP_037621579.1	gnl|META|HS07681-MONOMER	5.5e-39	29.3	358	158.3	48.0	76.8
WP_037621586.1	gnl|META|G6502-MONOMER	3.0e-05	37.7	77	43.9	62.3	81.5
WP_037621591.1	gnl|META|MONOMER-15530	2.0e-17	38.7	124	87.8	59.7	11.6
WP_037621596.1	gnl|META|G185E-8103-MONOMER	5.0e-03	43.9	57	37.4	54.4	35.2
WP_037621596.1	gnl|META|G6439-MONOMER	8.5e-03	38.1	63	36.6	54.0	36.4
WP_037621603.1	gnl|META|OPPD-MONOMER	4.0e-82	49.5	303	301.2	70.0	87.6
WP_037621605.1	gnl|META|GLNP-MONOMER	8.9e-30	40.8	169	127.9	63.3	31.8
WP_037621605.1	gnl|META|G7037-MONOMER	2.2e-28	38.2	165	123.2	61.2	32.0
WP_037621613.1	gnl|META|EG11254-MONOMER	3.0e-24	39.6	159	107.8	59.1	100.0
WP_037621619.1	gnl|META|MONOMER-17188	9.6e-73	43.0	330	270.0	65.2	96.8
WP_037621621.1	gnl|META|ARGSUCCINLYA-MONOMER	2.3e-109	45.2	454	392.1	64.1	98.3
WP_037621621.1	gnl|META|HS10034-MONOMER	2.7e-102	41.6	459	368.6	62.1	99.6
WP_037621627.1	gnl|META|ANSB-MONOMER	4.9e-34	32.3	325	141.4	48.6	98.4
WP_037621627.1	gnl|META|MONOMER-13049	2.5e-30	28.1	331	129.0	48.6	99.1
WP_037621643.1	gnl|META|MONOMER-12254	9.0e-83	53.9	284	303.1	70.1	94.7
WP_037621649.1	gnl|META|EG11180-MONOMER	9.5e-10	36.9	130	59.3	52.3	97.6
WP_037621653.1	gnl|META|EG12163-MONOMER	9.9e-46	31.2	449	180.6	49.0	98.6
WP_037621676.1	gnl|META|EG10830-MONOMER	1.5e-67	33.3	549	253.8	52.6	70.4
WP_037621682.1	gnl|META|MONOMER-20861	4.9e-03	35.6	73	38.1	50.7	24.8
WP_037621682.1	gnl|META|MONOMER-13014	1.4e-02	34.2	73	36.6	50.7	24.8
WP_037621717.1	gnl|META|MONOMER-20490	2.7e-02	29.2	72	35.4	55.6	30.8
WP_037621852.1	gnl|META|AIRS-MONOMER	3.4e-94	52.0	344	341.3	68.9	99.7
WP_037621858.1	gnl|META|MONOMER-15473	8.3e-26	30.4	289	114.4	50.2	65.6
WP_037621872.1	gnl|META|MONOMER-16979	2.7e-29	35.1	228	125.9	54.8	54.1
WP_037621873.1	gnl|META|EG10241-MONOMER	1.6e-171	57.4	575	599.0	72.2	89.8
WP_037621921.1	gnl|META|GLTL-MONOMER	2.8e-51	52.6	196	198.0	68.4	94.7
WP_037621921.1	gnl|META|GLNQ-MONOMER	5.5e-47	49.7	195	183.7	67.2	94.2
WP_037621921.1	gnl|META|EG12347-MONOMER	2.1e-46	49.3	201	181.8	65.2	94.7
WP_050777744.1	gnl|META|MONOMER-15473	3.8e-02	26.0	154	35.4	40.9	44.5
WP_081448734.1	gnl|META|MONOMER-14472	9.5e-68	53.4	253	253.1	69.6	92.9
WP_081448734.1	gnl|META|BSU15530-MONOMER	6.0e-62	47.8	251	233.8	67.3	93.3
WP_081448739.1	gnl|META|EG10891-MONOMER	2.8e-02	37.5	48	33.1	58.3	100.0
WP_081448751.1	gnl|META|MONOMER-10867	8.2e-02	33.3	45	34.3	53.3	14.4
WP_081448753.1	gnl|META|MONOMER-15473	8.3e-26	29.0	328	114.4	49.1	74.1
WP_128637818.1	gnl|META|DEOD-MONOMER	3.2e-60	50.6	231	228.0	69.3	88.8
WP_128637824.1	gnl|META|EG12401-MONOMER	3.6e-57	35.1	367	218.4	56.7	98.1
WP_128637824.1	gnl|META|MONOMER-16695	1.1e-53	36.1	338	206.8	56.8	90.0
WP_152901309.1	gnl|META|GI40-529-MONOMER	6.1e-80	47.8	339	293.9	64.0	100.0
WP_152901338.1	gnl|META|EG12354-MONOMER	2.5e-02	29.9	97	36.2	47.4	20.0
WP_155809853.1	gnl|META|AT4G30190-MONOMER	2.7e-30	25.8	654	130.2	44.5	77.4
WP_155809853.1	gnl|META|G3O-30531-MONOMER	4.6e-30	24.7	587	129.4	44.1	69.2
WP_155809853.1	gnl|META|MONOMER-14662	6.1e-30	23.7	636	129.0	41.4	70.7
WP_155809865.1	gnl|META|GLNQ-MONOMER	1.5e-49	45.1	206	192.2	68.0	98.5
WP_155809865.1	gnl|META|GLTL-MONOMER	2.7e-46	41.7	204	181.4	69.1	97.6
WP_155809876.1	gnl|META|G1I0R-1119-MONOMER	1.8e-142	48.7	544	502.3	68.2	100.0
WP_155809878.1	gnl|META|G7705-MONOMER	2.0e-07	22.6	305	53.1	43.6	77.3
WP_155809880.1	gnl|META|MONOMER-19263	1.0e-17	30.6	216	86.7	49.5	83.3
WP_155809890.1	gnl|META|VALS-MONOMER	2.5e-213	43.7	939	738.4	60.9	96.0
