WP_000868345.1	gnl|META|EG11232-MONOMER	3.2e-09	60.5	38	55.8	76.3	100.0
WP_002262412.1	gnl|META|EG10891-MONOMER	2.1e-05	42.9	49	43.5	61.2	100.0
WP_002883644.1	gnl|META|G66-31601-MONOMER	6.7e-01	30.3	33	30.4	66.7	18.4
WP_002884675.1	gnl|META|EG10915-MONOMER	2.3e-13	46.1	76	70.9	65.8	82.2
WP_002884769.1	gnl|META|MONOMER-13957	3.3e-13	41.5	94	70.5	59.6	94.0
WP_002884769.1	gnl|META|SYNPCC7942_2322-MONOMER	3.6e-12	37.5	96	67.0	59.4	96.0
WP_002884809.1	gnl|META|EG10911-MONOMER	7.6e-45	69.9	136	176.0	75.0	99.3
WP_002885090.1	gnl|META|EG10881-MONOMER	4.4e-33	60.7	117	136.7	79.5	98.3
WP_002885470.1	gnl|META|FABZ-MONOMER	4.9e-31	47.1	140	130.2	64.3	97.2
WP_002885483.1	gnl|META|EG50002-MONOMER	1.0e-19	59.3	81	92.0	74.1	83.3
WP_002885495.1	gnl|META|EG50003-MONOMER	1.6e-04	39.7	68	41.2	63.2	87.8
WP_002885495.1	gnl|META|MONOMER-19598	6.0e-04	37.5	64	39.3	62.5	82.4
WP_002885585.1	gnl|META|HP0105-MONOMER	3.1e-29	38.2	144	124.4	64.6	90.0
WP_002885585.1	gnl|META|EG12712-MONOMER	2.2e-27	37.8	148	118.2	58.1	90.0
WP_002885597.1	gnl|META|EG50001-MONOMER	9.9e-13	35.3	102	68.9	60.8	97.1
WP_002885795.1	gnl|META|EG10867-MONOMER	9.1e-34	42.0	193	139.8	62.7	93.2
WP_002885820.1	gnl|META|EG10912-MONOMER	1.8e-34	62.2	111	141.4	81.1	91.7
WP_002885836.1	gnl|META|EG10916-MONOMER	7.2e-17	55.7	79	82.4	68.4	91.9
WP_002885874.1	gnl|META|EG10884-MONOMER	7.1e-16	47.0	100	79.3	63.0	97.0
WP_002886340.1	gnl|META|EG11384-MONOMER	1.9e-70	61.5	187	261.5	78.6	100.0
WP_002886374.1	gnl|META|EG10874-MONOMER	7.7e-43	57.9	140	169.5	73.6	94.6
WP_002886558.1	gnl|META|MONOMER-184	8.3e-49	100.0	100	188.7	100.0	100.0
WP_002886559.1	gnl|META|MONOMER-183	8.5e-57	100.0	103	215.3	100.0	100.0
WP_002887058.1	gnl|META|EG10868-MONOMER	4.0e-62	61.0	177	233.8	81.9	98.3
WP_002887063.1	gnl|META|EG10882-MONOMER	2.3e-23	55.7	106	104.4	71.7	93.0
WP_002887520.1	gnl|META|EG10910-MONOMER	8.1e-41	64.3	129	162.5	79.8	100.0
WP_002889928.1	gnl|META|EG10484-MONOMER	2.9e-08	27.0	196	55.1	43.4	94.6
WP_002891761.1	gnl|META|BSU02750-MONOMER	3.3e-35	31.0	245	144.8	55.5	98.8
WP_002944541.1	gnl|META|EG10901-MONOMER	4.2e-65	50.2	231	244.2	69.7	90.6
WP_002945024.1	gnl|META|EG10917-MONOMER	4.4e-13	47.8	67	69.7	70.1	84.8
WP_002945131.1	gnl|META|GLNQ-MONOMER	2.9e-71	55.5	238	264.6	72.7	96.7
WP_002945131.1	gnl|META|GLTL-MONOMER	5.0e-71	53.8	240	263.8	74.2	97.6
WP_002945131.1	gnl|META|EG12347-MONOMER	5.3e-65	51.8	245	243.8	69.8	97.2
WP_002945261.1	gnl|META|EG10344-MONOMER	2.3e-39	30.7	388	159.5	51.5	89.7
WP_002945948.1	gnl|META|EG10889-MONOMER	1.3e-07	30.4	79	51.6	48.1	98.8
WP_002945950.1	gnl|META|MONOMER-18021	4.0e-25	26.2	301	111.7	45.8	92.6
WP_002946027.1	gnl|META|BSU27360-MONOMER	1.4e-25	31.4	210	112.8	55.2	88.1
WP_002946040.1	gnl|META|MONOMER-17287	3.0e-59	43.2	266	224.9	64.3	90.6
WP_002946040.1	gnl|META|CARBOXYL-TRANSFERASE-BETA-MONOMER	3.3e-58	44.7	257	221.5	66.9	87.8
WP_002946040.1	gnl|META|ATCG00500-MONOMER	5.9e-55	41.1	280	210.7	61.8	95.1
WP_002946082.1	gnl|META|EG10548-MONOMER	4.7e-11	34.0	141	63.9	56.0	86.9
WP_002946084.1	gnl|META|PD00232	2.0e-13	28.8	208	72.8	48.1	67.1
WP_002946104.1	gnl|META|POTA-MONOMER	1.0e-23	33.6	217	106.7	54.4	86.1
WP_002946104.1	gnl|META|SFUC-MONOMER	5.2e-23	34.8	204	104.4	55.4	80.2
WP_002946104.1	gnl|META|POTG-MONOMER	5.7e-22	29.5	251	100.9	51.0	99.6
WP_002946126.1	gnl|META|G7706-MONOMER	3.1e-01	26.6	109	30.8	44.0	84.3
WP_002946148.1	gnl|META|EG10613-MONOMER	3.4e-16	39.4	127	80.9	54.3	89.2
WP_002946148.1	gnl|META|CYDC-MONOMER	2.4e-14	37.4	131	74.7	58.0	90.6
WP_002946167.1	gnl|META|EG10869-MONOMER	5.6e-40	47.4	175	160.2	66.3	98.3
WP_002946171.1	gnl|META|EG10904-MONOMER	1.4e-40	53.5	157	162.2	75.2	95.7
WP_002946172.1	gnl|META|EG10888-MONOMER	5.0e-09	50.9	55	55.8	72.7	91.7
WP_002946191.1	gnl|META|G7452-MONOMER	9.8e-15	34.5	113	76.3	49.6	62.6
WP_002946304.1	gnl|META|FORMATEDEHYDROGH-MONOMER	1.8e-01	41.4	29	31.6	58.6	27.4
WP_002946304.1	gnl|META|G6783-MONOMER	4.0e-01	32.1	56	30.4	51.8	52.8
WP_002946312.1	gnl|META|DTMPKI-MONOMER	1.0e-32	41.8	196	136.3	59.7	92.3
WP_002946314.1	gnl|META|MONOMER-13051	1.5e-91	65.6	250	332.0	78.8	99.2
WP_002946314.1	gnl|META|MONOMER-13055	2.3e-87	62.7	252	318.2	78.6	100.0
WP_002946351.1	gnl|META|FRUB-MONOMER	1.0e-10	42.7	82	62.0	64.6	90.8
WP_002946351.1	gnl|META|PTSH-MONOMER	3.0e-10	38.6	83	60.5	57.8	95.4
WP_002946366.1	gnl|META|HP0192-MONOMER	3.1e-01	31.0	58	31.2	50.0	41.4
WP_002946385.1	gnl|META|MONOMER-12258	3.1e-66	39.4	358	248.4	60.1	98.3
WP_002946409.1	gnl|META|OPPC-MONOMER	6.5e-28	28.3	290	120.9	49.7	93.2
WP_002946412.1	gnl|META|EG10864-MONOMER	5.9e-66	55.5	229	246.9	74.2	100.0
WP_002946459.1	gnl|META|MONOMER-13836	1.4e-89	51.0	312	325.9	68.6	97.2
WP_002946459.1	gnl|META|NRDF-MONOMER	1.7e-87	48.7	312	318.9	67.0	97.2
WP_002946476.1	gnl|META|UDK-MONOMER	6.6e-56	49.3	205	213.4	68.8	95.3
WP_002946490.1	gnl|META|EG10376-MONOMER	1.0e-20	32.2	177	96.7	50.8	73.8
WP_002946492.1	gnl|META|KEFB-MONOMER	5.6e-05	24.8	133	44.3	44.4	59.6
WP_002946554.1	gnl|META|EG10375-MONOMER	7.5e-172	49.4	624	600.1	67.1	98.6
WP_002946555.1	gnl|META|G1I0R-14-MONOMER	2.1e-92	32.8	603	336.3	56.9	90.2
WP_002946609.1	gnl|META|RIBULP3EPIM-MONOMER	1.1e-45	43.1	216	179.5	62.0	98.2
WP_002946609.1	gnl|META|EG11957-MONOMER	1.4e-40	41.1	202	162.5	60.9	91.8
WP_002946733.1	gnl|META|O-SUCCHOMOSERLYASE-MONOMER	3.6e-78	43.8	372	288.1	60.8	96.7
WP_002946733.1	gnl|META|HP0106-MONOMER	6.4e-75	41.2	376	277.3	58.8	98.4
WP_002946740.1	gnl|META|URACIL-PRIBOSYLTRANS-MONOMER	5.0e-64	54.6	207	240.4	74.4	99.0
WP_002946937.1	gnl|META|EG10240-MONOMER	1.1e-64	43.6	381	243.4	56.4	100.0
WP_002946980.1	gnl|META|MONOMER-12104	3.2e-55	44.3	235	211.5	63.0	88.0
WP_002946980.1	gnl|META|MONOMER-17783	3.6e-51	40.4	235	198.0	61.3	88.3
WP_002946999.1	gnl|META|NICOTINAMID-MONOMER	9.3e-06	26.4	129	46.6	46.5	65.0
WP_002946999.1	gnl|META|MONOMER-20658	9.3e-06	32.9	70	46.6	57.1	38.3
WP_002947030.1	gnl|META|MONOMER-20709	6.5e-01	30.6	49	29.3	44.9	63.6
WP_002947059.1	gnl|META|MONOMER-18114	1.5e-23	41.1	151	105.5	58.3	77.6
WP_002947059.1	gnl|META|MONOMER-20302	6.4e-22	33.7	178	100.1	47.8	84.8
WP_002947059.1	gnl|META|MONOMER-14540	1.4e-21	37.2	148	99.0	58.8	84.8
WP_002947069.1	gnl|META|DUTP-PYROP-MONOMER	4.4e-14	34.1	138	73.9	51.4	87.8
WP_002947108.1	gnl|META|G6991-MONOMER	5.9e-10	28.8	132	60.8	53.0	56.1
WP_002947203.1	gnl|META|ADENPRIBOSYLTRAN-MONOMER	2.7e-47	52.3	172	184.5	70.9	98.8
WP_002947238.1	gnl|META|AROD-MONOMER	6.4e-25	30.0	233	110.5	54.1	98.2
WP_002947238.1	gnl|META|MONOMER-33	6.0e-23	30.9	223	104.0	54.3	93.3
WP_002947266.1	gnl|META|BSU15490-MONOMER	1.5e-88	54.9	295	322.4	73.9	95.8
WP_002947302.1	gnl|META|G6954-MONOMER	2.2e-05	41.9	62	45.1	58.1	37.5
WP_002947363.1	gnl|META|EG11305-MONOMER	4.0e-01	32.1	53	29.6	50.9	85.5
WP_002947363.1	gnl|META|TATA	4.0e-01	34.7	49	29.6	61.2	79.0
WP_002947383.1	gnl|META|DTDPGLUCDEHYDRAT2-MONOMER	8.0e-83	45.7	350	303.5	61.4	93.7
WP_002947383.1	gnl|META|MONOMER-18133	2.6e-81	44.6	359	298.5	63.5	96.3
WP_002947383.1	gnl|META|DTDPGLUCDEHYDRAT-MONOMER	1.7e-80	45.2	363	295.8	60.9	97.1
WP_002947383.1	gnl|META|MONOMER-17087	4.9e-80	46.9	335	294.3	61.5	94.5
WP_002947383.1	gnl|META|MONOMER-17549	6.4e-80	47.4	333	293.9	63.1	94.0
WP_002947383.1	gnl|META|MONOMER-17068	2.0e-78	45.1	335	288.9	62.4	94.5
WP_002947383.1	gnl|META|MONOMER-18352	7.8e-78	45.6	333	287.0	61.6	93.7
WP_002947383.1	gnl|META|MONOMER-19394	3.9e-77	45.9	333	284.6	63.1	94.5
WP_002947383.1	gnl|META|MONOMER-16952	1.1e-76	44.2	346	283.1	60.1	97.7
WP_002947383.1	gnl|META|MONOMER-18087	1.5e-76	45.0	338	282.7	60.4	95.4
WP_002947383.1	gnl|META|MONOMER-17071	1.9e-76	46.8	329	282.3	61.1	93.4
WP_002947526.1	gnl|META|EG11779-MONOMER	9.4e-18	26.7	202	86.7	45.0	94.4
WP_002947597.1	gnl|META|EG10919-MONOMER	2.1e-07	42.2	83	50.8	61.4	97.4
WP_002947634.1	gnl|META|YHBG-MONOMER	3.3e-17	26.5	230	85.1	50.9	89.8
WP_002947646.1	gnl|META|G3O-34034-MONOMER	4.6e-08	30.4	138	53.9	46.4	91.7
WP_002947646.1	gnl|META|G7324-MONOMER	6.6e-07	31.1	135	50.1	46.7	90.3
WP_002947774.1	gnl|META|G12WB-159-MONOMER	4.1e-69	48.4	275	257.7	68.0	97.1
WP_002947776.1	gnl|META|G12WB-158-MONOMER	3.0e-64	45.4	271	241.5	68.3	97.5
WP_002947777.1	gnl|META|MONOMER-20005	2.6e-29	43.7	190	124.8	60.5	95.0
WP_002947786.1	gnl|META|EG10828-MONOMER	4.3e-26	25.3	364	115.2	46.7	98.4
WP_002947796.1	gnl|META|EG10908-MONOMER	2.8e-33	52.3	130	137.5	70.0	100.0
WP_002947854.1	gnl|META|EG10530-MONOMER	6.0e-09	27.8	237	57.4	41.8	86.0
WP_002947913.1	gnl|META|EG10375-MONOMER	6.6e-13	45.9	85	71.6	61.2	19.0
WP_002947978.1	gnl|META|G185E-5891-MONOMER	6.4e-15	31.4	169	77.0	50.9	92.3
WP_002947985.1	gnl|META|MONOMER-653	1.3e-26	30.2	324	116.7	48.1	93.3
WP_002948108.1	gnl|META|EG12115-MONOMER	2.6e-13	27.3	231	72.4	49.4	74.7
WP_002948159.1	gnl|META|MONOMER-18798	2.3e-87	40.6	433	318.9	61.7	98.4
WP_002948169.1	gnl|META|PURE-MONOMER	3.1e-45	62.3	146	177.6	78.1	90.1
WP_002948206.1	gnl|META|EG10004-MONOMER	6.1e-07	24.5	233	50.8	45.1	98.7
WP_002948444.1	gnl|META|SERINE-O-ACETTRAN-MONOMER	4.8e-35	45.0	169	144.1	60.4	82.0
WP_002948472.1	gnl|META|EG12354-MONOMER	6.1e-01	28.6	84	31.6	45.2	16.7
WP_002948591.1	gnl|META|EG10785-MONOMER	4.6e-32	41.8	165	134.0	59.4	86.8
WP_002948598.1	gnl|META|AT1G71750-MONOMER	1.4e-38	44.3	185	155.6	63.8	98.3
WP_002948598.1	gnl|META|HYPOXANPRIBOSYLTRAN-MONOMER	3.1e-38	41.2	170	154.5	69.4	93.3
WP_002948618.1	gnl|META|EG10924-MONOMER	5.1e-111	60.2	314	397.1	79.3	94.3
WP_002948640.1	gnl|META|EG10613-MONOMER	1.3e-15	19.6	520	80.9	44.0	94.4
WP_002948709.1	gnl|META|MONOMER-14175	2.2e-66	41.0	322	248.8	59.3	99.1
WP_002948994.1	gnl|META|PRPPSYN-MONOMER	2.3e-84	51.3	316	308.5	73.7	97.5
WP_002949008.1	gnl|META|EG50003-MONOMER	2.9e-04	32.9	76	40.4	60.5	92.6
WP_002949230.1	gnl|META|BSU37150-MONOMER	3.9e-222	67.9	533	766.9	83.7	99.8
WP_002949236.1	gnl|META|EG12366-MONOMER	2.5e-14	26.8	235	75.5	43.8	89.5
WP_002949243.1	gnl|META|THREDEHYDSYN-MONOMER	1.2e-64	35.7	392	243.4	58.2	93.5
WP_002949247.1	gnl|META|EG10914-MONOMER	1.3e-21	53.9	89	98.2	71.9	100.0
WP_002949253.1	gnl|META|GLTL-MONOMER	1.3e-58	51.9	241	222.6	66.0	98.0
WP_002949253.1	gnl|META|EG12347-MONOMER	2.7e-56	49.8	247	214.9	66.8	97.6
WP_002949253.1	gnl|META|GLNQ-MONOMER	2.5e-54	48.3	238	208.4	66.8	96.7
WP_002949314.1	gnl|META|MONOMER-15682	1.3e-58	49.4	233	222.6	62.2	93.6
WP_002949314.1	gnl|META|UPPSYN-MONOMER	1.4e-57	47.0	230	219.2	66.1	92.4
WP_002949314.1	gnl|META|G185E-6587-MONOMER	4.6e-56	45.7	234	214.2	61.1	94.0
WP_002949330.1	gnl|META|G12WB-158-MONOMER	7.2e-23	34.4	212	104.0	58.0	77.5
WP_002949330.1	gnl|META|GLNQ-MONOMER	6.1e-22	32.4	213	100.9	54.9	79.0
WP_002949330.1	gnl|META|YCBE-MONOMER	1.4e-21	32.6	215	99.8	53.0	80.5
WP_002949330.1	gnl|META|SFUC-MONOMER	1.8e-21	30.0	210	99.4	54.3	78.7
WP_002949330.1	gnl|META|POTA-MONOMER	2.3e-21	29.8	248	99.0	51.6	91.0
WP_002949332.1	gnl|META|EG10600-MONOMER	2.2e-11	42.1	95	64.3	61.1	98.9
WP_002949400.1	gnl|META|NAD-SYNTH-MONOMER	9.0e-98	63.9	274	352.8	77.0	100.0
WP_002949483.1	gnl|META|MONOMER-15462	1.0e-56	41.4	266	216.5	62.4	97.4
WP_002949558.1	gnl|META|MONOMER-13813	4.4e-01	33.7	83	31.6	47.0	31.3
WP_002949561.1	gnl|META|G12WB-159-MONOMER	1.8e-25	32.7	208	112.5	52.4	86.1
WP_002949561.1	gnl|META|G12WB-158-MONOMER	9.8e-24	31.2	202	106.7	52.5	84.8
WP_002949561.1	gnl|META|CYSA-MONOMER	2.4e-22	29.9	221	102.1	51.1	90.7
WP_002949597.1	gnl|META|METQ-MONOMER	7.8e-34	35.9	284	140.6	55.3	93.3
WP_002949604.1	gnl|META|ABC-MONOMER	7.4e-76	42.9	350	280.4	66.0	97.5
WP_002949605.1	gnl|META|METI-MONOMER	2.3e-17	43.4	113	85.5	62.8	48.7
WP_002949638.1	gnl|META|CPXR-MONOMER	1.3e-28	34.4	227	122.9	56.4	97.4
WP_002949640.1	gnl|META|PHOR-MONOMER	5.5e-24	25.4	272	108.6	50.4	53.9
WP_002949640.1	gnl|META|BAES-MONOMER	8.8e-22	27.6	283	101.3	51.2	54.3
WP_002949675.1	gnl|META|EG11757-MONOMER	6.7e-15	31.7	126	76.6	55.6	83.0
WP_002949682.1	gnl|META|MONOMER-20031	8.0e-82	49.3	339	300.4	69.9	82.1
WP_002949732.1	gnl|META|EG10158-MONOMER	4.9e-61	56.2	192	230.3	78.1	98.0
WP_002949732.1	gnl|META|SYNPCC7942_1554-MONOMER	1.8e-55	51.5	196	211.8	72.4	100.0
WP_002949740.1	gnl|META|LIVG-MONOMER	2.7e-64	49.8	249	241.5	67.1	98.0
WP_002949766.1	gnl|META|MONOMER-6563	1.5e-134	53.1	448	475.7	71.0	99.1
WP_002949770.1	gnl|META|MONOMER-19310	2.2e-93	65.4	260	338.2	83.8	98.9
WP_002949773.1	gnl|META|FABH-MONOMER	3.9e-60	39.9	323	228.0	59.8	99.1
WP_002949780.1	gnl|META|MONOMER-19303	3.8e-63	50.0	242	237.7	69.4	99.2
WP_002949788.1	gnl|META|MONOMER-11921	1.7e-136	53.7	443	482.3	73.4	97.1
WP_002949788.1	gnl|META|MONOMER-14537	2.6e-134	53.3	445	474.9	72.6	97.6
WP_002949788.1	gnl|META|BIOTIN-CARBOXYL-MONOMER	8.5e-133	51.8	444	469.9	71.2	97.1
WP_002949788.1	gnl|META|AT5G35360-MONOMER	5.5e-132	52.5	442	467.2	69.5	96.9
WP_002949788.1	gnl|META|MONOMER-17289	4.2e-124	50.8	443	441.0	68.2	97.1
WP_002949814.1	gnl|META|BSU29590-MONOMER	6.1e-84	40.9	381	307.4	62.7	99.7
WP_002949867.1	gnl|META|UMPKI-MONOMER	1.1e-57	46.4	237	219.5	68.4	96.7
WP_002949898.1	gnl|META|ALAS-MONOMER	2.2e-193	43.7	886	672.2	61.6	99.1
WP_002949964.1	gnl|META|ATPG-MONOMER	2.7e-47	36.8	291	185.3	59.1	99.7
WP_002949971.1	gnl|META|EG10942-MONOMER	1.5e-29	30.1	336	126.7	46.7	83.9
WP_002949990.1	gnl|META|GLYQ-MONOMER	4.7e-103	62.2	294	370.5	75.9	94.4
WP_002950088.1	gnl|META|MONOMER-12815	8.1e-12	76.9	39	64.7	87.2	86.7
WP_002950088.1	gnl|META|MONOMER-12812	1.8e-11	71.8	39	63.5	84.6	86.7
WP_002950123.1	gnl|META|THRS-MONOMER	3.5e-148	41.0	647	521.5	61.1	99.5
WP_002950151.1	gnl|META|EG10159-MONOMER	1.5e-133	58.6	403	472.2	78.7	97.5
WP_002950151.1	gnl|META|SYNPCC7942_2526-MONOMER	3.2e-131	55.8	432	464.5	73.8	97.8
WP_002950167.1	gnl|META|MONOMER-14087	1.6e-62	57.3	213	235.3	72.3	100.0
WP_002950207.1	gnl|META|GLTL-MONOMER	2.9e-71	54.6	240	264.6	73.8	98.4
WP_002950207.1	gnl|META|GLNQ-MONOMER	2.7e-69	55.2	239	258.1	72.8	98.0
WP_002950207.1	gnl|META|EG12347-MONOMER	1.3e-68	56.3	245	255.8	70.2	98.0
WP_002950226.1	gnl|META|EG10270-MONOMER	3.9e-62	44.3	291	234.6	63.6	96.7
WP_002950233.1	gnl|META|EG10891-MONOMER	2.8e-02	37.5	48	33.1	58.3	100.0
WP_002950439.1	gnl|META|BSU38520-MONOMER	9.5e-16	48.7	78	78.6	74.4	97.5
WP_002950439.1	gnl|META|MONOMER-19972	2.8e-15	47.4	78	77.0	74.4	97.5
WP_002950487.1	gnl|META|PANTOTHENATE-KIN-MONOMER	2.7e-66	41.3	312	248.4	63.5	100.0
WP_002950491.1	gnl|META|MONOMER-17881	7.1e-43	64.6	130	169.5	76.9	95.6
WP_002950502.1	gnl|META|MGLA-MONOMER	5.9e-82	36.0	491	301.2	57.0	95.9
WP_002950502.1	gnl|META|XYLG-MONOMER	2.7e-79	37.6	490	292.4	57.3	94.3
WP_002950502.1	gnl|META|YJCW-MONOMER	6.1e-79	35.9	501	291.2	56.5	95.7
WP_002950502.1	gnl|META|RBSA-MONOMER	8.8e-78	35.3	502	287.3	55.4	98.0
WP_002950506.1	gnl|META|YTFT-MONOMER	5.1e-08	24.3	329	55.1	44.4	90.1
WP_002950526.1	gnl|META|STM4458-MONOMER	2.9e-30	54.0	126	127.5	68.3	97.6
WP_002950570.1	gnl|META|PD00232	8.4e-12	26.3	213	67.4	49.3	67.9
WP_002950602.1	gnl|META|EG10997-MONOMER	2.9e-06	34.1	82	48.9	57.3	27.8
WP_002950603.1	gnl|META|EG10861-MONOMER	3.4e-38	46.7	182	154.8	65.4	71.0
WP_002950643.1	gnl|META|MONOMER-8684	5.4e-230	71.5	557	793.1	84.6	99.5
WP_002950718.1	gnl|META|G6660-MONOMER	1.2e-36	47.2	163	149.1	66.3	97.6
WP_002950728.1	gnl|META|HS00415-MONOMER	2.3e-01	25.8	62	31.6	50.0	43.8
WP_002950736.1	gnl|META|PSTS-MONOMER	4.3e-05	27.1	199	45.1	40.2	59.5
WP_002950744.1	gnl|META|PSTB-MONOMER	3.5e-70	47.5	255	261.2	70.6	95.5
WP_002950819.1	gnl|META|HS09727-MONOMER	7.7e-75	43.6	326	276.9	63.8	97.3
WP_002950819.1	gnl|META|MONOMER-11684	6.5e-74	44.0	325	273.9	66.2	97.3
WP_002950819.1	gnl|META|MONOMER-18300	6.5e-74	44.0	332	273.9	65.1	99.1
WP_002950819.1	gnl|META|SYNPCC7942_0143-MONOMER	7.7e-67	42.6	324	250.4	62.7	97.6
WP_002950867.1	gnl|META|RIB5PISOMA-MONOMER	1.2e-34	38.7	222	142.9	59.5	97.8
WP_002950885.1	gnl|META|MONOMER-12750	5.6e-08	43.3	60	52.4	61.7	98.4
WP_002950935.1	gnl|META|EG10880-MONOMER	3.1e-31	58.0	112	130.6	75.0	97.4
WP_002951008.1	gnl|META|EG11098-MONOMER	1.2e-06	39.1	64	48.1	71.9	90.1
WP_002951038.1	gnl|META|AT1G08510-MONOMER	1.4e-12	24.2	227	69.7	44.5	85.4
WP_002951091.1	gnl|META|MONOMER-13095	1.5e-217	80.0	474	751.5	89.5	99.4
WP_002951148.1	gnl|META|MONOMER-15056	7.3e-29	38.0	171	123.2	55.6	99.4
WP_002951148.1	gnl|META|MONOMER-19771	2.3e-27	38.9	157	118.2	58.6	92.4
WP_002951311.1	gnl|META|YHFM-MONOMER	5.0e-16	24.7	384	82.0	44.8	81.1
WP_002951320.1	gnl|META|BSU33400-MONOMER	8.2e-70	49.4	265	260.0	65.7	94.6
WP_002951320.1	gnl|META|MONOMER-17833	3.3e-63	46.0	261	238.0	63.6	92.5
WP_002951382.1	gnl|META|EG11023-MONOMER	1.3e-60	49.0	243	229.2	66.3	99.2
WP_002951384.1	gnl|META|NARL-MONOMER	8.3e-30	33.0	215	126.7	58.6	97.2
WP_002951444.1	gnl|META|EG11603-MONOMER	5.0e-02	32.1	84	34.3	46.4	41.4
WP_002951446.1	gnl|META|PRPPSYN-MONOMER	1.8e-68	43.7	316	255.8	66.5	96.3
WP_002951446.1	gnl|META|HS11931-MONOMER	7.0e-65	41.1	314	243.8	63.7	96.3
WP_002951446.1	gnl|META|HS02317-MONOMER	1.6e-64	40.4	314	242.7	64.0	96.3
WP_002951446.1	gnl|META|HS07410-MONOMER	2.0e-64	40.8	314	242.3	64.0	96.3
WP_002951541.1	gnl|META|GLYOXI-MONOMER	7.3e-21	40.7	123	96.3	63.4	92.4
WP_002951547.1	gnl|META|POTB-MONOMER	3.1e-34	35.5	248	141.7	58.5	90.2
WP_002951563.1	gnl|META|EG11884-MONOMER	9.5e-53	53.3	197	203.4	69.5	66.8
WP_002951651.1	gnl|META|MONOMER-18815	3.4e-163	51.6	554	571.2	70.9	97.2
WP_002951656.1	gnl|META|BAIDEL6EUBSP-MONOMER	3.7e-36	27.5	400	148.7	49.2	96.7
WP_002951667.1	gnl|META|MONOMER-20024	1.8e-02	23.3	116	36.2	47.4	43.0
WP_002951673.1	gnl|META|BSU02750-MONOMER	8.2e-34	34.3	230	140.2	58.7	93.4
WP_002951698.1	gnl|META|NICONUCADENYLYLTRAN-MONOMER	7.6e-20	27.4	208	93.6	44.7	87.1
WP_002951703.1	gnl|META|G3O-32728-MONOMER	4.7e-04	32.9	73	42.0	54.8	18.8
WP_002951703.1	gnl|META|G7319-MONOMER	3.9e-03	41.9	62	38.9	54.8	15.9
WP_002951720.1	gnl|META|AT4G02280-MONOMER	9.8e-01	38.3	47	30.4	57.4	14.6
WP_002951776.1	gnl|META|G7265-MONOMER	3.7e-18	25.7	300	88.6	42.0	73.6
WP_002951781.1	gnl|META|GLPF-MONOMER	2.1e-12	25.3	269	69.3	41.6	93.4
WP_002951878.1	gnl|META|HOLO-ACP-SYNTH-MONOMER	2.9e-08	29.6	125	54.3	53.6	95.8
WP_002951880.1	gnl|META|AROF-MONOMER	9.1e-55	36.6	344	210.3	54.1	97.4
WP_002951880.1	gnl|META|AROH-MONOMER	2.9e-53	36.3	342	205.3	53.2	97.1
WP_002951880.1	gnl|META|AROG-MONOMER	8.5e-53	40.4	312	203.8	56.7	88.3
WP_002951890.1	gnl|META|MONOMER-14999	7.1e-01	35.9	39	30.0	61.5	25.7
WP_002951893.1	gnl|META|YHR144C-MONOMER	6.1e-19	32.7	147	90.1	52.4	93.4
WP_002951901.1	gnl|META|CORA-MONOMER	4.1e-01	20.6	325	32.0	38.8	97.5
WP_002951905.1	gnl|META|EG10976-MONOMER	1.3e-12	31.2	189	69.3	49.7	99.4
WP_002951996.1	gnl|META|GALACTOACETYLTRAN-MONOMER	6.7e-01	60.0	20	30.8	85.0	8.6
WP_002952017.1	gnl|META|PHET-MONOMER	3.9e-16	44.6	101	81.3	60.4	48.3
WP_002952022.1	gnl|META|G7247-MONOMER	3.6e-38	30.8	347	155.2	47.3	96.3
WP_002952134.1	gnl|META|EG10878-MONOMER	2.5e-18	45.2	126	87.8	57.9	97.7
WP_002952135.1	gnl|META|EG10893-MONOMER	3.3e-72	47.6	311	268.1	66.2	98.1
WP_002952136.1	gnl|META|YDR226W-MONOMER	1.7e-43	40.5	210	172.2	62.4	96.3
WP_002952136.1	gnl|META|ADENYL-KIN-MONOMER	3.3e-42	42.9	219	167.9	62.1	98.2
WP_002952155.1	gnl|META|EG10875-MONOMER	6.1e-38	61.8	123	152.9	79.7	100.0
WP_002952156.1	gnl|META|EG10887-MONOMER	1.3e-05	47.3	55	44.7	69.1	80.9
WP_002952157.1	gnl|META|EG10877-MONOMER	3.0e-33	54.5	134	137.5	72.4	97.8
WP_002952159.1	gnl|META|EG10918-MONOMER	1.3e-32	66.3	92	134.8	82.6	100.0
WP_002952161.1	gnl|META|EG10865-MONOMER	3.7e-83	56.2	276	304.3	71.4	99.6
WP_002952168.1	gnl|META|EG10909-MONOMER	1.4e-30	58.8	102	128.3	81.4	100.0
WP_002952183.1	gnl|META|EG10924-MONOMER	2.4e-09	30.3	132	59.7	55.3	29.4
WP_002952184.1	gnl|META|EG10886-MONOMER	7.0e-06	44.7	47	45.4	66.0	75.8
WP_002952258.1	gnl|META|EG10903-MONOMER	3.4e-41	45.7	208	164.5	63.5	99.0
WP_002952261.1	gnl|META|EG10236-MONOMER	5.3e-95	44.1	449	344.4	63.9	97.6
WP_002952263.1	gnl|META|EG10870-MONOMER	3.6e-11	31.8	148	64.3	50.0	96.7
WP_002952297.1	gnl|META|EG11254-MONOMER	3.0e-24	39.6	159	107.8	59.1	100.0
WP_002952714.1	gnl|META|EG12128-MONOMER	8.9e-26	28.8	274	113.6	47.1	94.7
WP_002952954.1	gnl|META|ENSG00000116288-MONOMER	3.9e-20	37.1	175	94.4	53.1	90.1
WP_002952954.1	gnl|META|HMP-KIN-MONOMER	6.2e-18	34.5	171	87.0	55.6	88.5
WP_002952956.1	gnl|META|MONOMER-14472	5.6e-68	53.4	253	253.8	69.2	92.9
WP_002952956.1	gnl|META|BSU15530-MONOMER	6.0e-62	48.2	251	233.8	66.9	93.3
WP_002952978.1	gnl|META|PSTA-MONOMER	5.3e-27	35.8	215	117.9	58.6	72.1
WP_002953094.1	gnl|META|ABC-MONOMER	1.3e-41	39.8	231	166.0	61.0	98.7
WP_002953094.1	gnl|META|GLNQ-MONOMER	2.5e-40	39.7	219	161.8	62.1	94.8
WP_002953094.1	gnl|META|EG12347-MONOMER	4.0e-38	36.6	224	154.5	59.8	94.8
WP_002953185.1	gnl|META|MONOMER-8581	9.4e-01	37.0	46	31.6	63.0	8.3
WP_002953381.1	gnl|META|POTA-MONOMER	2.8e-76	52.2	289	282.0	70.2	73.7
WP_002953384.1	gnl|META|H2NEOPTERINALDOL-MONOMER	1.2e-09	34.3	102	58.9	54.9	85.7
WP_002953386.1	gnl|META|H2PTEROATESYNTH-MONOMER	1.2e-51	40.8	260	199.5	61.5	95.1
WP_002953513.1	gnl|META|EG10892-MONOMER	2.4e-08	71.8	39	53.1	84.6	88.6
WP_002953525.1	gnl|META|MONOMER-16600	1.4e-18	28.0	257	89.7	43.2	84.0
WP_002953525.1	gnl|META|AT2G28800-MONOMER	4.5e-17	28.1	210	84.7	45.2	65.3
WP_002953530.1	gnl|META|ARGSUCCINLYA-MONOMER	1.3e-109	45.2	454	392.9	64.1	98.3
WP_002953530.1	gnl|META|HS10034-MONOMER	3.9e-101	41.3	458	364.8	61.8	99.3
WP_002953531.1	gnl|META|HS05425-MONOMER	4.4e-85	42.3	392	311.2	61.0	95.5
WP_002953532.1	gnl|META|MONOMER-13959	2.1e-153	55.4	491	538.5	72.9	99.2
WP_002953535.1	gnl|META|EG10872-MONOMER	2.3e-44	63.4	142	174.5	78.2	100.0
WP_003096895.1	gnl|META|G18NG-12136-MONOMER	3.3e-10	37.1	70	60.1	67.1	94.6
WP_004196827.1	gnl|META|MONOMER-20007	2.8e-72	45.1	319	268.5	65.8	94.7
WP_004197224.1	gnl|META|YBHF-MONOMER	3.0e-25	31.5	222	112.1	50.0	72.3
WP_004197224.1	gnl|META|YHBG-MONOMER	1.1e-22	28.5	228	103.6	50.0	74.3
WP_004197279.1	gnl|META|MONOMER-6568	3.8e-74	53.4	262	274.2	72.5	99.6
WP_004197293.1	gnl|META|GLNQ-MONOMER	9.0e-68	52.1	236	253.1	72.9	93.7
WP_004197293.1	gnl|META|GLTL-MONOMER	1.0e-63	50.0	236	239.6	71.6	93.7
WP_004197293.1	gnl|META|EG12347-MONOMER	3.0e-63	52.4	246	238.0	68.7	95.2
WP_004197296.1	gnl|META|G7039-MONOMER	1.0e-19	27.2	235	93.6	44.7	82.0
WP_004197296.1	gnl|META|ARTJ-MONOMER	3.9e-19	27.4	215	91.7	44.2	74.3
WP_004197296.1	gnl|META|GLNH-MONOMER	1.5e-18	30.1	196	89.7	49.0	68.3
WP_004197296.1	gnl|META|MONOMER-17135	4.3e-18	28.6	192	88.2	50.0	65.8
WP_004197368.1	gnl|META|MONOMER-15489	4.4e-101	45.0	400	364.4	66.5	98.8
WP_004197391.1	gnl|META|EG11852-MONOMER	5.1e-31	48.6	140	130.2	65.0	94.6
WP_004229660.1	gnl|META|ATPE-MONOMER	1.1e-01	32.8	58	31.6	51.7	89.2
WP_011225263.1	gnl|META|GART-MONOMER	6.2e-34	38.5	179	140.2	59.2	93.5
WP_011225269.1	gnl|META|GLYCRIBONUCSYN-MONOMER	5.8e-104	48.0	425	374.0	63.8	99.5
WP_011225269.1	gnl|META|HS08358-MONOMER	3.2e-94	44.1	424	341.7	61.3	99.3
WP_011225271.1	gnl|META|YOR128C-MONOMER	6.3e-46	33.6	369	181.0	55.6	95.3
WP_011225307.1	gnl|META|G7845-MONOMER	2.5e-38	36.0	242	155.2	55.0	96.0
WP_011225326.1	gnl|META|MONOMER-15530	1.5e-20	34.1	179	96.3	54.7	66.8
WP_011225356.1	gnl|META|EG11440-MONOMER	2.6e-09	30.7	127	58.5	50.4	62.3
WP_011225399.1	gnl|META|EG10599-MONOMER	2.4e-174	60.9	527	608.2	78.4	97.4
WP_011225431.1	gnl|META|G7845-MONOMER	6.6e-15	33.0	188	77.4	48.9	73.1
WP_011225431.1	gnl|META|MONOMER-16328	1.1e-14	31.9	185	76.6	49.2	71.8
WP_011225447.1	gnl|META|MONOMER-20008	5.4e-21	32.0	175	97.4	57.1	81.0
WP_011225462.1	gnl|META|MONOMER-13396	1.4e-09	30.3	145	60.8	50.3	26.5
WP_011225463.1	gnl|META|YBDA-MONOMER	5.2e-01	20.7	309	32.0	41.7	76.4
WP_011225491.1	gnl|META|MONOMER-14413	7.0e-01	40.0	40	30.8	60.0	16.5
WP_011225509.1	gnl|META|LIVH-MONOMER	9.2e-56	42.3	300	213.4	63.3	97.6
WP_011225510.1	gnl|META|LIVM-MONOMER	9.1e-25	32.4	244	110.5	52.9	66.5
WP_011225561.1	gnl|META|EG10613-MONOMER	3.4e-65	29.3	583	245.7	50.3	97.8
WP_011225614.1	gnl|META|HISS-MONOMER	3.6e-01	34.0	50	31.6	56.0	21.3
WP_011225627.1	gnl|META|BSU15520-MONOMER	0.0e+00	68.9	1057	1454.9	83.3	99.8
WP_011225663.1	gnl|META|MONOMER-20028	1.9e-185	74.1	437	644.8	85.4	99.3
WP_011225678.1	gnl|META|EG10900-MONOMER	1.2e-53	36.3	355	206.8	57.2	87.8
WP_011225698.1	gnl|META|EG10329-MONOMER	2.9e-43	36.8	272	171.8	54.4	99.6
WP_011225703.1	gnl|META|G7248-MONOMER	3.0e-40	36.0	250	162.2	54.0	67.9
WP_011225712.1	gnl|META|AROC-MONOMER	3.4e-50	38.8	363	195.3	53.7	93.3
WP_011225772.1	gnl|META|MONOMER-6081	2.6e-152	82.4	318	534.3	92.1	98.8
WP_011225774.1	gnl|META|MONOMER-12256	6.7e-114	48.6	442	407.1	68.1	98.2
WP_011225786.1	gnl|META|HS02191-MONOMER	1.3e-32	28.9	343	136.7	48.7	96.7
WP_011225787.1	gnl|META|TDK-MONOMER	3.5e-51	51.9	187	197.6	70.6	92.9
WP_011225789.1	gnl|META|G7698-MONOMER	5.2e-18	36.1	144	87.4	50.7	70.1
WP_011225850.1	gnl|META|HP0107-MONOMER	1.7e-97	58.0	305	352.1	74.4	99.7
WP_011225887.1	gnl|META|MONOMER-20592	8.0e-01	30.4	46	30.8	56.5	16.5
WP_011225895.1	gnl|META|HS04463-MONOMER	8.2e-34	47.1	138	139.4	67.4	97.2
WP_011225895.1	gnl|META|ENSG00000011052-MONOMER	4.5e-32	45.7	138	133.7	65.9	97.2
WP_011225895.1	gnl|META|YKL067W-MONOMER	1.4e-30	44.0	134	128.6	67.2	94.4
WP_011225895.1	gnl|META|AT4G09320-MONOMER	9.4e-30	43.7	135	125.9	68.9	95.1
WP_011225904.1	gnl|META|MONOMER-18866	2.9e-14	25.7	179	75.9	49.2	47.7
WP_011225904.1	gnl|META|MONOMER-15350	1.9e-13	23.4	321	73.2	44.5	80.3
WP_011225905.1	gnl|META|MONOMER-16737	2.4e-09	26.1	249	58.9	44.2	89.5
WP_011225905.1	gnl|META|MONOMER-14988	5.4e-09	26.6	188	57.8	46.8	71.3
WP_011225905.1	gnl|META|AT4G08900-MONOMER	7.1e-09	27.1	188	57.4	47.3	71.3
WP_011225905.1	gnl|META|HS04051-MONOMER	1.2e-08	26.0	246	56.6	41.9	86.6
WP_011225905.1	gnl|META|MONOMER-14987	2.1e-08	26.6	188	55.8	47.3	71.3
WP_011225969.1	gnl|META|PSTC-MONOMER	4.8e-23	28.3	300	104.8	49.0	89.8
WP_011225973.1	gnl|META|MONOMER-9982	1.4e-83	29.5	786	307.4	48.3	88.8
WP_011226064.1	gnl|META|EG11231-MONOMER	8.8e-07	51.9	54	48.5	61.1	81.8
WP_011226072.1	gnl|META|HS02879-MONOMER	1.1e-10	27.8	158	62.8	43.7	98.8
WP_011226081.1	gnl|META|EG11195-MONOMER	6.0e-70	48.9	270	260.4	70.0	100.0
WP_011226084.1	gnl|META|CPXR-MONOMER	8.2e-47	42.0	231	183.3	64.9	98.3
WP_011226101.1	gnl|META|CHORISMUTPREPHENDEHYDROG-MONOMER	1.0e-05	45.1	51	45.4	62.7	56.7
WP_011226115.1	gnl|META|MONOMER-11897	8.1e-48	49.5	194	186.4	67.0	96.4
WP_011226115.1	gnl|META|LEUD-MONOMER	1.2e-46	47.7	197	182.6	64.5	98.5
WP_011226115.1	gnl|META|MONOMER-17191	7.8e-43	46.0	198	169.9	62.1	99.0
WP_011226119.1	gnl|META|GPMA-MONOMER	9.1e-75	55.5	229	276.2	71.2	99.6
WP_011226119.1	gnl|META|HS09121-MONOMER	5.7e-69	54.1	220	256.9	71.8	94.8
WP_011226119.1	gnl|META|YKL152C-MONOMER	1.7e-68	52.8	229	255.4	69.9	99.1
WP_011226119.1	gnl|META|HS10286-MONOMER	4.8e-68	52.5	223	253.8	71.3	96.1
WP_011226127.1	gnl|META|G185E-5885-MONOMER	2.3e-35	37.2	266	145.6	51.1	92.0
WP_011226129.1	gnl|META|EG11072-MONOMER	4.1e-63	41.5	289	238.4	66.1	64.6
WP_011226135.1	gnl|META|G7175-MONOMER	2.8e-71	44.1	304	265.0	63.5	98.1
WP_011226149.1	gnl|META|DTDPDEHYDRHAMEPIM-MONOMER	1.9e-12	31.0	184	68.9	48.4	89.3
WP_011226154.1	gnl|META|MONOMER-20753	9.9e-01	45.5	33	30.4	57.6	12.6
WP_011226155.1	gnl|META|PHOSGLUCOSAMINEMUT-MONOMER	2.9e-93	43.0	444	338.6	60.6	98.4
WP_011226161.1	gnl|META|MONOMER-20169	2.6e-08	32.2	121	55.5	51.2	48.1
WP_011226161.1	gnl|META|MONOMER-351	1.7e-07	34.6	104	52.8	51.9	42.3
WP_011226161.1	gnl|META|MONOMER-16926	6.4e-07	28.3	120	50.8	49.2	45.2
WP_011226187.1	gnl|META|STM4473-MONOMER	1.5e-02	31.1	61	35.8	50.8	35.5
WP_011226187.1	gnl|META|EG10850-MONOMER	7.7e-02	31.9	69	33.5	43.5	40.1
WP_011226260.1	gnl|META|G6984-MONOMER	1.1e-18	34.6	162	89.7	53.1	75.1
WP_011226267.1	gnl|META|BETAGALACTOSID-MONOMER	6.1e-147	32.5	1041	518.1	49.9	98.1
WP_011226269.1	gnl|META|MONOMER-6141	9.2e-204	98.9	348	705.3	99.7	100.0
WP_011226273.1	gnl|META|PD00219	1.2e-19	27.0	345	93.6	46.4	99.4
WP_011226301.1	gnl|META|BSU02750-MONOMER	1.7e-20	25.0	228	95.9	55.3	92.2
WP_011226301.1	gnl|META|YBHF-MONOMER	3.2e-19	33.2	223	91.7	51.6	91.8
WP_011226304.1	gnl|META|OPPD-MONOMER	7.3e-71	44.3	300	263.8	64.7	83.1
WP_011226304.1	gnl|META|DPPD-MONOMER	1.5e-68	45.5	292	256.1	64.4	80.9
WP_011226304.1	gnl|META|YLIA-MONOMER	5.1e-64	49.3	270	241.1	67.0	73.1
WP_011226340.1	gnl|META|EG10920-MONOMER	4.1e-08	60.0	55	52.8	69.1	94.8
WP_011226395.1	gnl|META|EG10570-MONOMER	7.6e-39	32.4	287	157.1	50.9	98.6
WP_011226456.1	gnl|META|G7184-MONOMER	6.1e-151	60.4	402	530.0	78.9	99.5
WP_011226459.1	gnl|META|FEPC-MONOMER	2.0e-22	28.3	237	102.4	48.1	91.2
WP_011226466.1	gnl|META|EG10343-MONOMER	1.7e-20	29.6	179	95.5	53.6	98.4
WP_011226467.1	gnl|META|MONOMER-543	3.4e-53	36.1	294	204.9	60.5	95.4
WP_011226467.1	gnl|META|THIOREDOXIN-REDUCT-NADPH-MONOMER	2.2e-52	35.7	311	202.2	57.9	98.4
WP_011226467.1	gnl|META|EG11385-MONOMER	2.5e-48	32.9	304	188.7	57.9	97.7
WP_011226473.1	gnl|META|MONOMER-13094	0.0e+00	89.2	767	1427.9	95.4	99.7
WP_011226534.1	gnl|META|MANNPISOM-MONOMER	1.6e-05	35.3	102	46.6	48.0	30.5
WP_011226561.1	gnl|META|EG10850-MONOMER	3.3e-09	34.7	118	57.8	51.7	73.5
WP_011226575.1	gnl|META|EG10906-MONOMER	3.0e-45	53.2	156	177.6	73.7	100.0
WP_011226584.1	gnl|META|RED-THIOREDOXIN-MONOMER	2.2e-20	46.3	95	94.4	70.5	89.4
WP_011226601.1	gnl|META|MONOMER-17188	6.2e-72	43.0	330	267.3	65.2	96.8
WP_011226610.1	gnl|META|EG10976-MONOMER	3.1e-11	33.6	110	64.3	59.1	79.2
WP_011226611.1	gnl|META|EG12216-MONOMER	9.7e-02	32.6	46	32.0	52.2	61.3
WP_011226616.1	gnl|META|PROCST-MONOMER	3.0e-34	33.6	262	141.7	56.1	99.2
WP_011226616.1	gnl|META|PYRROLINECARBREDUCT-MONOMER	3.4e-30	34.7	262	128.3	51.9	99.2
WP_011226631.1	gnl|META|RPOC-MONOMER	0.0e+00	44.5	1412	1120.5	58.4	99.4
WP_011226635.1	gnl|META|MONOMER-11901	3.3e-28	39.4	155	120.9	69.0	97.5
WP_011226635.1	gnl|META|ACETOLACTSYNIII-HCHAIN-MONOMER	1.0e-24	40.5	158	109.4	62.7	99.4
WP_011226701.1	gnl|META|EG10246-MONOMER	1.3e-02	40.9	44	36.2	65.9	23.9
WP_011226702.1	gnl|META|G12WB-160-MONOMER	5.9e-54	42.4	257	207.2	67.7	97.0
WP_011226704.1	gnl|META|AT3G02090-MONOMER	3.0e-15	23.3	283	79.3	44.2	65.2
WP_011226709.1	gnl|META|MONOMER-17076	4.8e-34	26.0	546	142.1	42.1	92.2
WP_011226880.1	gnl|META|MONOMER-15646	2.2e-06	36.4	55	47.0	63.6	96.5
WP_011226888.1	gnl|META|ASNSYNA-MONOMER	2.8e-117	60.9	330	417.9	75.2	100.0
WP_011226921.1	gnl|META|METG-MONOMER	1.3e-78	29.1	680	290.4	48.2	97.5
WP_011226937.1	gnl|META|ATPD-MONOMER	1.6e-171	66.1	466	598.6	79.6	99.6
WP_011226937.1	gnl|META|MONOMER-539	1.4e-170	65.7	463	595.5	78.8	98.9
WP_011226937.1	gnl|META|SYNPCC7942_2315-MONOMER	1.8e-170	66.2	468	595.1	77.4	98.1
WP_011227008.1	gnl|META|DIACYLGLYKIN-MONOMER	4.0e-06	37.3	102	47.4	56.9	75.4
WP_011227164.1	gnl|META|EG10529-MONOMER	7.4e-209	58.8	599	723.0	78.6	98.2
WP_011227170.1	gnl|META|MONOMER-8702	1.5e-96	68.2	239	348.6	85.4	100.0
WP_011227227.1	gnl|META|MONOMER-14178	6.7e-82	39.2	480	301.2	57.7	78.1
WP_011227227.1	gnl|META|HS01727-MONOMER	2.0e-78	39.1	460	289.7	56.5	75.3
WP_011227227.1	gnl|META|MONOMER-12931	2.2e-77	39.1	471	286.2	56.5	77.1
WP_011227227.1	gnl|META|MONOMER-18303	5.0e-77	39.5	463	285.0	56.2	75.9
WP_011227227.1	gnl|META|MONOMER-585	8.5e-77	38.2	458	284.3	57.4	77.1
WP_011227420.1	gnl|META|MONOMER-13062	4.9e-98	56.5	324	354.0	72.8	98.5
WP_011227440.1	gnl|META|RPOD-MONOMER	4.2e-90	64.8	261	327.8	81.6	69.9
WP_011227455.1	gnl|META|AT4G35630-MONOMER	6.6e-88	47.9	361	320.5	64.8	98.4
WP_011227455.1	gnl|META|HS05946-MONOMER	9.3e-82	47.0	368	300.1	62.8	98.1
WP_011227524.1	gnl|META|MONOMER-12257	1.9e-60	42.0	336	229.2	58.3	97.4
WP_011227545.1	gnl|META|EG12099-MONOMER	4.5e-24	33.0	182	107.5	54.9	97.8
WP_011227610.1	gnl|META|HS07200-MONOMER	5.9e-09	44.9	69	58.2	66.7	19.7
WP_011227610.1	gnl|META|MONOMER-20239	5.9e-09	32.6	89	58.2	57.3	25.4
WP_011227610.1	gnl|META|MONOMER-16754	1.7e-08	41.5	82	56.6	54.9	21.9
WP_011227610.1	gnl|META|HS05465-MONOMER	2.3e-08	24.3	177	56.2	43.5	44.4
WP_011227610.1	gnl|META|MONOMER-20128	2.9e-08	31.2	96	55.8	55.2	27.4
WP_011227610.1	gnl|META|THIF-MONOMER	6.5e-08	25.7	179	54.7	44.1	49.9
WP_011227610.1	gnl|META|G7456-MONOMER	8.6e-08	29.0	93	54.3	55.9	26.5
WP_011227610.1	gnl|META|MONOMER-16752	1.5e-07	31.2	154	53.5	44.8	41.9
WP_011227627.1	gnl|META|IMP-DEHYDROG-MONOMER	4.4e-151	56.7	485	530.8	73.2	98.2
WP_011680575.1	gnl|META|EG10242-MONOMER	2.3e-30	23.7	375	129.4	49.1	99.2
WP_011680577.1	gnl|META|EG10763-MONOMER	2.8e-07	36.2	116	54.3	46.6	9.9
WP_011680578.1	gnl|META|G6096-MONOMER	1.1e-17	33.8	219	87.4	44.7	49.4
WP_011680586.1	gnl|META|MONOMER-18938	4.2e-56	33.8	382	214.9	55.8	96.7
WP_011680586.1	gnl|META|MONOMER-11821	1.1e-53	35.1	370	206.8	54.1	91.3
WP_011680588.1	gnl|META|MONOMER-14086	2.3e-135	74.9	327	478.0	86.2	97.9
WP_011680589.1	gnl|META|SAICARSYN-MONOMER	5.1e-49	42.3	227	190.7	63.9	96.2
WP_011680591.1	gnl|META|HS05157-MONOMER	4.0e-93	40.9	470	338.2	58.3	91.2
WP_011680591.1	gnl|META|PRPPAMIDOTRANS-MONOMER	2.2e-83	38.8	484	305.8	57.6	96.5
WP_011680592.1	gnl|META|AIRS-MONOMER	6.0e-91	51.3	337	330.5	68.0	98.5
WP_011680593.1	gnl|META|AICARTRANSIMPCYCLO-CPLX	2.0e-130	47.5	528	462.2	65.0	99.6
WP_011680603.1	gnl|META|EG10923-MONOMER	4.4e-22	30.5	200	100.9	55.5	98.0
WP_011680606.1	gnl|META|EG10823-MONOMER	8.4e-110	62.2	325	393.3	76.9	85.8
WP_011680616.1	gnl|META|MONOMER-15473	4.9e-26	28.5	326	115.2	48.5	74.1
WP_011680624.1	gnl|META|G1I0R-1336-MONOMER	6.7e-27	27.1	280	117.5	52.1	96.9
WP_011680648.1	gnl|META|EG10416-MONOMER	1.1e-12	33.1	133	69.7	59.4	62.7
WP_011680651.1	gnl|META|MONOMER-19407	1.6e-55	40.4	287	213.0	57.8	71.0
WP_011680653.1	gnl|META|EG11003-MONOMER	2.9e-42	30.1	435	169.1	49.2	99.8
WP_011680655.1	gnl|META|HS10696-MONOMER	9.2e-04	33.0	91	39.7	50.5	60.1
WP_011680655.1	gnl|META|HS05381-MONOMER	3.5e-03	31.5	92	37.7	50.0	60.1
WP_011680655.1	gnl|META|HS04604-MONOMER	3.5e-03	31.5	92	37.7	50.0	60.1
WP_011680655.1	gnl|META|ENSG00000173566-MONOMER	4.6e-03	34.9	63	37.4	55.6	42.6
WP_011680665.1	gnl|META|GLNP-MONOMER	2.6e-29	40.2	169	126.3	62.1	31.8
WP_011680665.1	gnl|META|G7037-MONOMER	3.8e-28	38.2	165	122.5	60.6	32.0
WP_011680670.1	gnl|META|G6906-MONOMER	1.1e-107	48.4	395	386.3	66.3	95.6
WP_011680672.1	gnl|META|OPPF-MONOMER	2.3e-65	48.5	268	245.4	67.9	83.3
WP_011680672.1	gnl|META|YLIA-MONOMER	1.4e-62	45.2	279	236.1	64.5	87.5
WP_011680674.1	gnl|META|EG11311-MONOMER	4.0e-52	36.9	312	201.4	57.1	95.4
WP_011680685.1	gnl|META|EG12436-MONOMER	9.8e-27	24.6	460	117.5	44.3	98.6
WP_011680711.1	gnl|META|G6502-MONOMER	4.0e-05	37.7	77	43.5	61.0	81.5
WP_011680717.1	gnl|META|EG11888-MONOMER	8.5e-30	45.5	156	126.3	59.6	91.7
WP_011680721.1	gnl|META|MONOMER-182	0.0e+00	99.1	572	1149.0	99.7	100.0
WP_011680730.1	gnl|META|MONOMER-15879	7.3e-26	27.9	272	114.0	48.9	96.5
WP_011680733.1	gnl|META|G12WB-160-MONOMER	1.7e-11	26.9	238	66.2	47.5	83.3
WP_011680734.1	gnl|META|TRANSKETOI-MONOMER	3.9e-179	50.2	656	624.4	66.2	98.6
WP_011680734.1	gnl|META|TRANSKETOII-MONOMER	2.5e-170	48.4	653	595.1	64.5	98.0
WP_011680735.1	gnl|META|TRKH-MONOMER	2.0e-04	22.7	440	43.5	41.6	92.5
WP_011680748.1	gnl|META|SERS-MONOMER	3.4e-128	59.8	430	454.5	72.8	99.3
WP_011680752.1	gnl|META|EG11470-MONOMER	7.5e-20	28.4	271	94.0	48.0	98.9
WP_011680752.1	gnl|META|EG11195-MONOMER	1.8e-18	29.0	283	89.4	45.6	100.0
WP_011680754.1	gnl|META|ENSG00000121579-MONOMER	7.4e-05	32.1	78	43.5	50.0	45.1
WP_011680754.1	gnl|META|SPERMACTRAN-MONOMER	9.7e-05	31.6	57	43.1	52.6	32.9
WP_011680761.1	gnl|META|MONOMER-10303	3.3e-138	60.6	383	487.6	76.8	98.7
WP_011680773.1	gnl|META|G1I0R-14-MONOMER	1.1e-03	23.5	162	40.4	43.2	48.1
WP_011680778.1	gnl|META|MONOMER-5821	2.6e-15	29.0	183	78.6	50.3	82.1
WP_011680778.1	gnl|META|G6655-MONOMER	1.3e-14	30.0	180	76.3	50.0	81.6
WP_011680780.1	gnl|META|MONOMER-17582	1.9e-134	78.1	320	474.9	85.6	99.4
WP_011680782.1	gnl|META|MONOMER-19302	9.6e-128	54.5	409	453.0	73.3	98.8
WP_011680782.1	gnl|META|MONOMER-19312	1.2e-125	53.4	408	446.0	71.8	98.8
WP_011680783.1	gnl|META|BCCP-MONOMER	1.1e-13	46.8	77	72.8	66.2	47.5
WP_011680783.1	gnl|META|MONOMER-17288	5.9e-12	44.2	77	67.0	63.6	47.5
WP_011680792.1	gnl|META|BSU29580-MONOMER	1.4e-110	50.0	396	396.0	68.7	97.3
WP_011680801.1	gnl|META|MONOMER-8321	6.1e-08	27.3	139	54.3	46.0	53.6
WP_011680803.1	gnl|META|GDHA-MONOMER	1.1e-140	57.4	441	496.1	71.4	98.0
WP_011680824.1	gnl|META|BSU13570-MONOMER	8.5e-69	49.4	259	256.5	68.0	98.9
WP_011680827.1	gnl|META|MONOMER-11526	2.2e-70	39.2	378	262.3	59.0	96.3
WP_011680827.1	gnl|META|SUCCORNTRANSAM-MONOMER	6.4e-70	40.0	365	260.8	57.0	93.1
WP_011680827.1	gnl|META|MONOMER-18314	9.6e-66	37.1	375	246.9	57.6	98.7
WP_011680827.1	gnl|META|ACETYLORNTRANSAM-MONOMER	2.4e-64	37.8	362	242.3	55.8	93.1
WP_011680830.1	gnl|META|HOMOSERKIN-MONOMER	2.1e-20	26.2	286	95.9	46.9	93.7
WP_011680837.1	gnl|META|SYNPCC7942_0331-MONOMER	2.0e-16	31.2	160	82.4	54.4	66.8
WP_011680842.1	gnl|META|EG11195-MONOMER	2.2e-27	29.6	277	119.0	48.0	98.2
WP_011680842.1	gnl|META|BSU04040-MONOMER	5.1e-24	31.9	270	107.8	46.3	98.2
WP_011680845.1	gnl|META|GLYS-MONOMER	3.1e-99	36.4	675	359.0	51.3	97.3
WP_011680847.1	gnl|META|CYCA-MONOMER	1.5e-89	41.3	450	326.2	62.0	96.5
WP_011680849.1	gnl|META|HS09452-MONOMER	1.0e-18	35.0	203	90.1	49.3	77.8
WP_011680849.1	gnl|META|MONOMER-7720	2.5e-17	33.3	165	85.5	49.7	61.9
WP_011680849.1	gnl|META|EG10758-MONOMER	4.2e-17	35.6	180	84.7	46.1	69.4
WP_011680849.1	gnl|META|EG10757-MONOMER	5.5e-17	34.6	188	84.3	48.4	71.8
WP_011680858.1	gnl|META|URAA-MONOMER	1.8e-81	41.1	406	299.3	65.5	94.8
WP_011680859.1	gnl|META|BSU15510-MONOMER	5.7e-132	60.1	356	466.8	78.1	98.3
WP_011680864.1	gnl|META|EG10873-MONOMER	1.2e-20	50.0	122	95.5	68.0	100.0
WP_011680873.1	gnl|META|G12WB-2964-MONOMER	1.4e-119	60.1	341	425.6	75.7	98.3
WP_011680876.1	gnl|META|NARL-MONOMER	3.0e-04	28.6	77	42.0	57.1	31.8
WP_011680888.1	gnl|META|MONOMER-14622	1.2e-03	22.6	168	40.4	44.6	46.5
WP_011680889.1	gnl|META|MONOMER-14625	1.1e-33	28.3	353	140.2	49.9	97.3
WP_011680891.1	gnl|META|NAG1P-URIDYLTRANS-MONOMER	1.3e-85	40.9	445	313.2	60.4	96.3
WP_011680902.1	gnl|META|MONOMER-18245	2.1e-103	54.6	359	372.1	69.9	91.6
WP_011680905.1	gnl|META|G7319-MONOMER	9.5e-04	23.3	180	40.0	43.9	83.9
WP_011680905.1	gnl|META|EG10270-MONOMER	3.6e-03	26.4	144	38.1	48.6	70.4
WP_011680907.1	gnl|META|MONOMER-15250	5.2e-65	40.7	317	244.2	60.6	99.4
WP_011680907.1	gnl|META|AT3G25900-MONOMER	1.7e-63	40.9	303	239.2	61.1	95.3
WP_011680907.1	gnl|META|MMUM-MONOMER	6.0e-61	42.8	304	230.7	60.2	95.9
WP_011680907.1	gnl|META|AT3G63250-MONOMER	4.8e-58	38.7	323	221.1	58.5	98.1
WP_011680907.1	gnl|META|MONOMER-15257	8.1e-58	38.8	312	220.3	59.0	94.3
WP_011680910.1	gnl|META|EG10424-MONOMER	8.3e-142	39.4	802	500.4	52.0	97.1
WP_011680934.1	gnl|META|HS09452-MONOMER	9.0e-21	36.6	191	97.8	50.3	38.0
WP_011680939.1	gnl|META|MONOMER-13099	5.1e-228	91.2	434	786.2	95.4	100.0
WP_011680952.1	gnl|META|EG11247-MONOMER	6.4e-32	26.2	451	134.8	45.7	98.5
WP_011680964.1	gnl|META|G7590-MONOMER	6.8e-01	25.0	108	31.2	44.4	34.0
WP_011680974.1	gnl|META|LYSU-MONOMER	1.2e-135	51.3	491	479.6	68.2	98.6
WP_011680974.1	gnl|META|LYSS-MONOMER	1.7e-134	51.0	504	475.7	67.1	100.0
WP_011680994.1	gnl|META|AT3G14940-MONOMER	3.2e-110	31.0	945	396.0	48.5	96.6
WP_011680994.1	gnl|META|MONOMER-3824	1.1e-102	31.5	844	370.9	48.9	86.8
WP_011680994.1	gnl|META|PEPCARBOX-MONOMER	5.7e-99	28.4	944	358.6	48.2	98.5
WP_011680996.1	gnl|META|SUPEROX-DISMUTMN-MONOMER	4.5e-54	50.5	208	207.2	66.3	100.0
WP_011680996.1	gnl|META|HS03515-MONOMER	3.7e-48	49.3	201	187.6	62.2	98.0
WP_011681004.1	gnl|META|MONOMER-20490	2.4e-03	26.1	142	38.9	47.9	58.1
WP_011681011.1	gnl|META|YFEP-MONOMER	5.4e-01	24.5	155	32.0	43.9	33.1
WP_011681019.1	gnl|META|EG10613-MONOMER	1.1e-49	25.6	555	194.1	49.0	95.9
WP_011681022.1	gnl|META|MONOMER-20020	5.2e-264	86.6	516	906.0	92.8	100.0
WP_011681046.1	gnl|META|MONOMER-6122	5.1e-159	47.4	576	557.4	67.2	100.0
WP_011681050.1	gnl|META|POTD-MONOMER	4.5e-65	39.2	332	244.6	56.0	92.7
WP_011681057.1	gnl|META|G6475-MONOMER	3.9e-24	33.2	193	107.8	52.3	90.0
WP_011681059.1	gnl|META|ASNS-MONOMER	5.5e-68	32.8	458	254.6	53.5	95.3
WP_011681062.1	gnl|META|BSU13720-MONOMER	6.7e-88	68.2	217	319.7	82.5	99.5
WP_011681066.1	gnl|META|HP0106-MONOMER	2.2e-129	58.8	379	458.4	75.7	95.9
WP_011681085.1	gnl|META|MONOMER-6081	4.5e-13	24.8	331	71.6	42.9	97.1
WP_011681085.1	gnl|META|MONOMER-13105	1.0e-12	27.9	298	70.5	41.3	96.4
WP_011681089.1	gnl|META|MONOMER-19177	1.1e-08	34.9	86	55.5	53.5	86.6
WP_011681089.1	gnl|META|EG10780-MONOMER	3.1e-08	38.7	75	53.9	56.0	74.2
WP_011681094.1	gnl|META|B0752-MONOMER	2.7e-18	24.8	294	89.0	47.6	97.0
WP_011681096.1	gnl|META|MONOMER-13734	1.6e-35	30.9	366	146.4	47.3	99.4
WP_011681117.1	gnl|META|BSU15560-MONOMER	2.9e-64	60.0	200	241.1	76.0	95.7
WP_011681127.1	gnl|META|MONOMER-14605	1.8e-49	37.6	295	192.6	56.9	93.8
WP_011681130.1	gnl|META|MONOMER-5063	5.1e-26	29.1	234	114.4	53.0	91.4
WP_011681131.1	gnl|META|G7008-MONOMER	4.4e-46	29.7	464	181.8	46.6	98.6
WP_011681159.1	gnl|META|YMR217W-MONOMER	7.7e-01	40.7	27	29.3	70.4	29.3
WP_011681179.1	gnl|META|HS02151-MONOMER	1.9e-60	50.4	254	228.8	64.6	90.7
WP_011681179.1	gnl|META|XANTHOSINEPHOSPHORY-MONOMER	6.9e-58	45.8	251	220.3	62.2	92.2
WP_011681189.1	gnl|META|MONOMER-12662	9.3e-01	66.7	15	28.5	66.7	23.1
WP_011681198.1	gnl|META|EG11261-MONOMER	4.4e-35	35.8	246	144.4	54.5	98.8
WP_011681198.1	gnl|META|MONOMER-16933	3.2e-33	35.0	223	138.3	56.5	89.5
WP_011681204.1	gnl|META|MONOMER-20861	1.3e-03	29.3	116	40.0	44.8	40.0
WP_011681204.1	gnl|META|MONOMER-13014	3.7e-03	28.4	116	38.5	44.8	40.0
WP_011681207.1	gnl|META|GLTL-MONOMER	7.5e-70	54.3	243	260.0	72.0	95.3
WP_011681207.1	gnl|META|GLNQ-MONOMER	9.4e-65	52.7	241	243.0	70.1	94.5
WP_011681208.1	gnl|META|G7039-MONOMER	2.0e-23	31.9	235	105.9	48.1	83.0
WP_011681223.1	gnl|META|BIOTINLIG-MONOMER	1.1e-19	27.0	315	93.6	48.3	96.5
WP_011681225.1	gnl|META|G7005-MONOMER	7.0e-24	41.5	142	106.7	61.3	82.2
WP_011681232.1	gnl|META|MONOMER-17204	5.0e-10	32.7	147	60.5	48.3	98.0
WP_011681243.1	gnl|META|MONOMER-13044	1.1e-142	76.3	338	502.3	85.2	99.7
WP_011681244.1	gnl|META|EG10238-MONOMER	8.1e-123	30.7	1057	438.0	49.2	92.0
WP_011681245.1	gnl|META|MONOMER-11896	2.4e-143	54.7	461	505.0	69.6	98.0
WP_011681245.1	gnl|META|LEUC-MONOMER	1.6e-142	53.8	463	502.3	69.8	98.5
WP_011681245.1	gnl|META|MONOMER-17191	7.2e-140	51.8	473	493.4	68.7	99.1
WP_011681247.1	gnl|META|MONOMER-11898	6.1e-83	49.3	349	303.9	65.0	98.3
WP_011681247.1	gnl|META|YCL018W-MONOMER	1.8e-82	50.1	355	302.4	65.4	98.3
WP_011681247.1	gnl|META|AT5G14200-MONOMER	3.9e-82	49.4	332	301.2	65.1	93.9
WP_011681247.1	gnl|META|3-ISOPROPYLMALDEHYDROG-MONOMER	9.7e-81	47.5	345	296.6	65.2	96.5
WP_011681251.1	gnl|META|G1I0R-1336-MONOMER	2.3e-32	34.3	283	135.6	53.7	98.9
WP_011681253.1	gnl|META|AT2G18640-MONOMER	4.5e-47	41.4	266	184.5	58.6	90.3
WP_011681253.1	gnl|META|AT4G36810-MONOMER	7.7e-47	42.4	262	183.7	59.5	87.9
WP_011681253.1	gnl|META|AT3G14550-MONOMER	7.7e-47	44.6	240	183.7	61.2	80.7
WP_011681253.1	gnl|META|FPPSYN-MONOMER	3.8e-46	43.5	255	181.4	57.6	86.6
WP_011681253.1	gnl|META|MONOMER-11666	8.5e-46	48.5	233	180.3	62.2	79.0
WP_011681253.1	gnl|META|AT2G23800-MONOMER	8.5e-46	38.1	294	180.3	55.8	100.0
WP_011681253.1	gnl|META|MONOMER-16157	8.5e-46	47.8	232	180.3	63.8	79.0
WP_011681253.1	gnl|META|MONOMER-11994	2.7e-44	41.5	253	175.3	60.5	86.2
WP_011681253.1	gnl|META|MONOMER-12171	2.0e-42	43.9	237	169.1	58.2	80.7
WP_011681255.1	gnl|META|EG10662-MONOMER	7.7e-44	43.7	199	173.3	64.3	93.0
WP_011681256.1	gnl|META|HOMSUCTRAN-MONOMER	3.7e-87	49.0	304	317.8	69.4	96.8
WP_011681258.1	gnl|META|MONOMER-18201	2.4e-20	31.3	195	95.5	53.8	71.4
WP_011681258.1	gnl|META|HS04306-MONOMER	1.7e-18	25.2	222	89.4	50.5	82.0
WP_011681258.1	gnl|META|G6269-MONOMER	8.6e-18	27.7	231	87.0	44.2	87.8
WP_011681260.1	gnl|META|EG10437-MONOMER	7.8e-69	42.3	369	257.3	61.2	89.6
WP_011681262.1	gnl|META|EG10344-MONOMER	5.2e-24	26.4	345	108.6	50.7	71.2
WP_011681263.1	gnl|META|HISTCYCLOPRATPPHOS	3.9e-09	39.7	78	57.0	57.7	75.0
WP_011681264.1	gnl|META|HISTCYCLOPRATPPHOS	4.8e-21	48.5	97	96.7	66.0	86.6
WP_011681265.1	gnl|META|MONOMER-467	2.1e-72	55.8	251	268.5	71.7	99.6
WP_011681272.1	gnl|META|HISTPHOSTRANS-MONOMER	2.9e-24	26.5	359	109.0	47.6	98.9
WP_011681277.1	gnl|META|MONOMER-20222	4.0e-16	29.7	185	81.3	55.7	85.0
WP_011681278.1	gnl|META|EG10634-MONOMER	1.7e-37	32.4	253	152.5	52.6	98.4
WP_011681286.1	gnl|META|MONOMER-17004	3.7e-126	75.1	285	447.2	89.1	98.6
WP_011681286.1	gnl|META|MONOMER-18132	2.7e-116	70.0	283	414.5	84.5	97.9
WP_011681286.1	gnl|META|DTDPGLUCOSEPP-MONOMER	1.2e-113	68.3	284	405.6	84.5	98.3
WP_011681288.1	gnl|META|BSU25180-MONOMER	2.8e-44	42.6	235	174.9	58.7	98.2
WP_011681292.1	gnl|META|G1I0R-1994-MONOMER	2.2e-37	38.7	212	152.1	56.1	80.9
WP_011681293.1	gnl|META|MONOMER-7721	8.8e-67	25.1	863	251.5	45.2	96.9
WP_011681304.1	gnl|META|EG10423-MONOMER	1.2e-185	42.4	844	646.4	59.8	98.5
WP_011681305.1	gnl|META|MONOMER-18049	2.7e-38	28.6	416	156.0	48.3	90.6
WP_011681306.1	gnl|META|MONOMER-17076	4.1e-51	28.6	517	198.7	48.9	95.7
WP_011681310.1	gnl|META|MONOMER-6727	6.0e-16	25.7	257	81.6	46.7	58.4
WP_011681314.1	gnl|META|PHES-MONOMER	8.8e-82	45.5	343	300.1	63.6	98.8
WP_011681316.1	gnl|META|EG10857-MONOMER	1.2e-37	41.6	231	152.9	59.3	99.1
WP_011681323.1	gnl|META|EG11063-MONOMER	1.5e-92	35.9	601	336.7	55.6	97.1
WP_011681349.1	gnl|META|CPXR-MONOMER	4.1e-27	30.0	227	117.9	56.4	97.3
WP_011681394.1	gnl|META|MONOMER-6142	5.7e-187	96.4	333	649.4	96.7	100.0
WP_011681438.1	gnl|META|BSU35550-MONOMER	1.9e-11	33.0	103	66.2	56.3	32.9
WP_011681448.1	gnl|META|EG10239-MONOMER	9.1e-58	34.3	361	221.1	55.7	58.4
WP_011681454.1	gnl|META|G6580-MONOMER	4.1e-07	32.5	80	50.8	52.5	50.0
WP_011681471.1	gnl|META|PSERPHOSPHA-MONOMER	2.7e-44	48.8	205	174.9	62.4	95.3
WP_011681477.1	gnl|META|POTD-MONOMER	2.5e-71	41.9	332	265.4	56.0	93.0
WP_011681478.1	gnl|META|POTC-MONOMER	6.9e-39	35.4	246	157.1	62.6	95.0
WP_011681480.1	gnl|META|H2PTERIDINEPYROPHOSPHOKIN-MONOMER	3.5e-28	46.0	139	120.9	63.3	84.7
WP_011681482.1	gnl|META|ALPHA-AMYL-CYTO-MONOMER	7.6e-116	44.4	493	413.7	60.0	100.0
WP_011681498.1	gnl|META|EG12449-MONOMER	3.2e-04	26.3	133	42.0	47.4	52.0
WP_011681518.1	gnl|META|MONOMER-343	1.3e-34	36.9	244	142.9	59.4	95.3
WP_011681524.1	gnl|META|MONOMER-14662	3.6e-30	23.1	619	129.8	41.5	68.3
WP_011681524.1	gnl|META|G3O-30531-MONOMER	6.1e-30	25.0	621	129.0	44.3	73.8
WP_011681524.1	gnl|META|AT4G30190-MONOMER	5.2e-29	26.1	655	125.9	44.3	76.7
WP_011681535.1	gnl|META|SYNPCC7942_0260-MONOMER	3.4e-157	46.3	648	551.6	65.9	88.7
WP_011681537.1	gnl|META|MONOMER-8542	1.8e-10	32.8	137	62.8	49.6	49.8
WP_011681537.1	gnl|META|MONOMER-17092	7.0e-10	34.7	101	60.8	54.5	37.5
WP_011681537.1	gnl|META|MONOMER-8562	1.2e-09	25.8	213	60.1	43.2	77.7
WP_011681537.1	gnl|META|MONOMER-18381	5.9e-09	26.0	192	57.8	42.2	70.6
WP_011681559.1	gnl|META|CYSA-MONOMER	6.6e-27	36.7	218	117.1	53.2	96.8
WP_011681559.1	gnl|META|GLNQ-MONOMER	5.2e-24	36.1	208	107.5	53.8	93.5
WP_011681559.1	gnl|META|EG10613-MONOMER	1.2e-23	33.0	206	106.3	52.9	92.1
WP_011681560.1	gnl|META|YML004C-MONOMER	1.7e-02	46.2	39	36.2	64.1	15.1
WP_011681572.1	gnl|META|DCUS-MONOMER	4.7e-03	23.6	208	38.9	45.7	44.6
WP_011681600.1	gnl|META|BSU04040-MONOMER	2.3e-21	27.1	277	99.8	46.6	59.9
WP_011681600.1	gnl|META|EG11195-MONOMER	8.9e-21	30.0	290	97.8	47.6	60.3
WP_011681613.1	gnl|META|AROH-MONOMER	1.0e-50	38.5	314	196.8	55.7	88.6
WP_011681613.1	gnl|META|AROF-MONOMER	3.0e-50	36.6	320	195.3	52.8	90.1
WP_011681613.1	gnl|META|AROG-MONOMER	3.1e-47	36.2	343	185.3	52.5	97.4
WP_011681618.1	gnl|META|MONOMER-12602	5.3e-85	36.9	477	311.2	54.7	96.5
WP_011681619.1	gnl|META|PD00219	1.6e-37	30.0	310	152.9	52.9	93.1
WP_011681621.1	gnl|META|EG11061-MONOMER	1.1e-307	56.3	943	1052.0	72.5	99.7
WP_011681626.1	gnl|META|EG10627-MONOMER	3.2e-56	37.9	322	215.3	56.2	83.8
WP_011681638.1	gnl|META|EG11171-MONOMER	1.2e-67	44.0	327	253.1	63.0	95.8
WP_011681640.1	gnl|META|GLYOXII-MONOMER	9.5e-01	31.8	44	31.6	56.8	7.9
WP_011681641.1	gnl|META|MONOMER-502	2.8e-136	52.7	444	481.5	69.4	99.3
WP_011681644.1	gnl|META|MONOMER-13053	2.8e-132	60.8	406	468.0	74.6	100.0
WP_011681644.1	gnl|META|MONOMER-382	1.0e-121	57.8	405	433.0	73.3	100.0
WP_011681650.1	gnl|META|MONOMER-19925	2.5e-07	25.2	123	52.4	49.6	44.9
WP_011681651.1	gnl|META|MONOMER-16557	1.8e-09	28.2	142	59.7	50.0	43.5
WP_011681659.1	gnl|META|G12WB-2962-MONOMER	7.8e-148	63.8	370	519.6	81.1	97.4
WP_011681662.1	gnl|META|EG10862-MONOMER	1.6e-05	31.5	89	45.1	49.4	79.3
WP_011681671.1	gnl|META|MONOMER-20392	8.5e-54	33.6	363	207.2	49.9	94.7
WP_011681699.1	gnl|META|YEEO-MONOMER	4.1e-36	27.1	431	148.7	50.8	96.0
WP_011681714.1	gnl|META|EG10879-MONOMER	1.4e-10	38.5	117	62.0	51.3	95.8
WP_011681715.1	gnl|META|EG10913-MONOMER	9.6e-08	56.4	39	51.6	69.2	63.9
WP_011681716.1	gnl|META|EG10902-MONOMER	4.3e-66	58.7	208	247.3	75.5	95.4
WP_011681717.1	gnl|META|EG10866-MONOMER	7.5e-44	50.5	206	173.3	63.6	97.1
WP_011681719.1	gnl|META|G7106-MONOMER	3.9e-07	26.2	149	50.8	47.7	99.3
WP_011681719.1	gnl|META|G6503-MONOMER	6.6e-07	25.0	144	50.1	44.4	93.8
WP_011681720.1	gnl|META|ADENYLOSUCCINATE-SYN-MONOMER	9.5e-118	48.5	423	419.9	66.4	97.9
WP_011681720.1	gnl|META|AT3G57610-MONOMER	6.4e-106	46.2	416	380.6	64.7	96.0
WP_011681732.1	gnl|META|G7525-MONOMER	3.7e-15	32.6	135	77.4	57.0	97.1
WP_011681737.1	gnl|META|RNTRACTIV-MONOMER	3.5e-30	44.5	146	127.9	63.7	70.6
WP_011681741.1	gnl|META|HISS-MONOMER	5.2e-92	41.5	422	334.3	61.1	98.4
WP_014607832.1	gnl|META|ENSG00000173566-MONOMER	1.9e-02	35.6	45	35.4	60.0	28.0
WP_014607839.1	gnl|META|EG11281-MONOMER	2.4e-56	39.0	344	216.5	59.0	52.4
WP_014607865.1	gnl|META|MONOMER-16979	5.0e-28	31.5	302	121.7	52.3	71.4
WP_014607868.1	gnl|META|EG10241-MONOMER	2.3e-170	56.3	575	595.1	71.7	89.8
WP_014607869.1	gnl|META|EG10454-MONOMER	9.6e-38	34.2	240	153.3	53.8	96.8
WP_014607880.1	gnl|META|EG11497-MONOMER	3.9e-28	31.1	299	121.7	47.5	93.7
WP_014607906.1	gnl|META|FEPC-MONOMER	4.8e-23	31.9	213	104.4	48.4	87.2
WP_014607906.1	gnl|META|ZNUC-MONOMER	5.3e-22	31.5	203	100.9	48.8	86.4
WP_014607906.1	gnl|META|FHUC-MONOMER	2.6e-21	30.1	206	98.6	46.1	85.5
WP_014607906.1	gnl|META|FECE-MONOMER	1.3e-20	29.7	209	96.3	46.9	86.8
WP_014607907.1	gnl|META|ZNUB-MONOMER	2.2e-11	25.8	248	65.9	49.2	89.6
WP_014607913.1	gnl|META|MONOMER-20006	3.8e-53	41.5	265	204.5	61.5	98.9
WP_014607922.1	gnl|META|EG11118-MONOMER	2.9e-25	30.1	289	112.1	46.7	89.7
WP_014607923.1	gnl|META|MONOMER-15456	6.2e-67	32.5	590	251.9	50.5	72.0
WP_014607924.1	gnl|META|G185E-8103-MONOMER	8.5e-03	43.1	58	36.6	55.2	35.2
WP_014607924.1	gnl|META|G6439-MONOMER	5.5e-02	25.8	132	33.9	44.7	78.4
WP_014607936.1	gnl|META|MONOMER-15459	1.1e-124	52.2	431	443.0	69.8	97.5
WP_014607945.1	gnl|META|G7530-MONOMER	1.6e-40	47.1	191	162.9	62.3	58.3
WP_014607972.1	gnl|META|G7319-MONOMER	1.7e-82	36.8	457	302.8	58.9	98.2
WP_014607980.1	gnl|META|MANZ-MONOMER	8.0e-79	48.2	299	290.0	68.6	98.3
WP_014607982.1	gnl|META|MANX-MONOMER	6.5e-58	37.4	337	220.7	54.3	98.8
WP_014607995.1	gnl|META|EG11247-MONOMER	6.0e-38	25.5	455	154.8	47.7	97.8
WP_014608000.1	gnl|META|CARBOXYL-TRANSFERASE-ALPHA-MONOMER	6.3e-69	52.2	255	256.9	69.4	98.0
WP_014608000.1	gnl|META|MONOMER-17286	3.6e-64	49.2	248	241.1	69.0	95.3
WP_014608013.1	gnl|META|MONOMER-2745	1.3e-31	31.6	310	133.3	47.4	99.0
WP_014608013.1	gnl|META|1-PFK-MONOMER	1.6e-31	34.6	257	132.9	52.9	83.5
WP_014608014.1	gnl|META|FRUA-MONOMER	4.1e-72	39.1	486	268.9	56.2	73.1
WP_014608014.1	gnl|META|HRSA-MONOMER	1.5e-66	33.0	660	250.4	48.6	98.0
WP_014608016.1	gnl|META|MONOMER-4801	1.3e-42	27.9	355	170.2	52.4	79.7
WP_014608016.1	gnl|META|AT5G41480-MONOMER	5.0e-39	29.6	361	158.3	49.9	78.5
WP_014608039.1	gnl|META|PD00232	1.5e-13	27.5	207	73.2	47.8	67.1
WP_014608042.1	gnl|META|EG10212-MONOMER	2.0e-01	39.3	56	33.9	50.0	9.2
WP_014608052.1	gnl|META|ACETYLGLUTKIN-MONOMER	4.9e-26	30.7	225	114.4	57.8	90.2
WP_014608066.1	gnl|META|MONOMER-13103	1.3e-137	61.8	377	485.7	76.7	98.4
WP_014608082.1	gnl|META|MONOMER-19094	5.4e-03	33.3	45	38.5	66.7	11.5
WP_014608084.1	gnl|META|EG10613-MONOMER	1.1e-71	30.9	593	267.3	49.4	99.3
WP_014608092.1	gnl|META|EG12044-MONOMER	9.2e-30	36.5	233	126.7	50.6	96.2
WP_014608094.1	gnl|META|MONOMER-12812	4.0e-28	51.8	112	120.2	70.5	100.0
WP_014608094.1	gnl|META|MONOMER-12815	6.5e-26	48.2	112	112.8	67.0	100.0
WP_014608095.1	gnl|META|MONOMER-585	8.6e-50	27.3	455	194.1	47.3	99.1
WP_014608095.1	gnl|META|MONOMER-14178	2.6e-46	27.3	458	182.6	46.1	98.4
WP_014608095.1	gnl|META|G18NG-11595-MONOMER	4.9e-45	29.0	452	178.3	47.6	97.7
WP_014608097.1	gnl|META|MONOMER-18243	5.4e-16	27.7	274	81.3	43.4	88.4
WP_014608109.1	gnl|META|B0260-MONOMER	8.5e-133	54.0	448	469.9	73.0	97.6
WP_014608114.1	gnl|META|MONOMER-15490	2.3e-73	36.6	407	272.3	55.8	98.5
WP_014608117.1	gnl|META|G7037-MONOMER	6.9e-35	41.3	208	143.7	61.1	92.0
WP_014608122.1	gnl|META|EG10834-MONOMER	8.2e-32	34.7	193	133.3	59.1	97.0
WP_014608157.1	gnl|META|MONOMER-11894	3.5e-01	21.7	69	31.6	46.4	33.2
WP_014608174.1	gnl|META|EG10529-MONOMER	9.3e-42	29.2	507	167.9	47.9	76.6
WP_014608181.1	gnl|META|G1I0R-1684-MONOMER	1.4e-65	46.3	298	246.1	62.4	90.8
WP_014608182.1	gnl|META|G7553-MONOMER	1.0e-90	61.1	247	329.3	74.9	94.3
WP_014608186.1	gnl|META|MONOMER-20021	1.2e-178	71.5	414	622.1	86.0	99.8
WP_014608193.1	gnl|META|PABASYN-COMPI-MONOMER	3.8e-45	37.5	275	179.1	53.5	48.1
WP_014608193.1	gnl|META|MONOMER-16235	7.3e-41	37.1	299	164.9	52.2	50.9
WP_014608202.1	gnl|META|EG10004-MONOMER	2.6e-32	42.7	171	134.8	64.9	94.5
WP_014608206.1	gnl|META|EG11357-MONOMER	1.2e-07	27.4	212	55.1	42.9	21.7
WP_014608272.1	gnl|META|GPH-MONOMER	1.9e-10	21.1	227	62.4	38.8	95.3
WP_014608310.1	gnl|META|EG11735-MONOMER	2.0e-61	37.5	416	232.6	54.3	96.5
WP_014608311.1	gnl|META|G6527-MONOMER	2.5e-45	39.3	242	178.7	64.5	82.9
WP_014608321.1	gnl|META|G3O-32654-MONOMER	6.9e-08	27.8	176	54.3	43.2	59.4
WP_014608374.1	gnl|META|G7037-MONOMER	2.4e-22	33.5	200	102.1	51.0	86.2
WP_014608375.1	gnl|META|G7037-MONOMER	2.1e-17	33.0	209	85.5	51.7	94.4
WP_014608375.1	gnl|META|GLTK-MONOMER	2.8e-17	29.9	214	85.1	51.9	93.1
WP_014608400.1	gnl|META|HS01565-MONOMER	1.8e-01	33.3	57	32.7	50.9	22.6
WP_014608400.1	gnl|META|ENSG00000157227-MONOMER	6.9e-01	52.4	21	30.8	76.2	8.8
WP_014608401.1	gnl|META|G6208-MONOMER	1.4e-07	28.2	131	53.1	45.8	41.5
WP_014608401.1	gnl|META|MONOMER-16453	4.1e-07	34.1	129	51.6	47.3	43.5
WP_014608411.1	gnl|META|YKL216W-MONOMER	2.6e-117	63.3	311	417.9	79.7	98.7
WP_014608422.1	gnl|META|IMIDPHOSPHADEHYDHISTIDPHOSPHA-MONOMER	1.8e-47	50.3	193	185.3	66.8	99.5
WP_014608422.1	gnl|META|AT3G22425-MONOMER	4.5e-43	43.3	194	170.6	62.9	99.5
WP_014608424.1	gnl|META|HISS-MONOMER	1.1e-09	22.4	322	60.5	39.1	92.0
WP_014608434.1	gnl|META|HEMN-MONOMER	1.1e-37	25.8	383	153.7	49.9	96.0
WP_014608441.1	gnl|META|EG10210-MONOMER	1.8e-29	29.7	320	126.3	48.1	86.7
WP_014608455.1	gnl|META|RIBONUCLEOSIDE-TRIP-REDUCT-MONOMER	7.9e-08	35.1	97	52.8	52.6	86.6
WP_014608455.1	gnl|META|MONOMER-15783	1.8e-07	35.0	103	51.6	49.5	83.0
WP_014608458.1	gnl|META|BSU16770-MONOMER	1.2e-69	46.3	283	259.6	66.4	90.4
WP_014608458.1	gnl|META|MONOMER-6565	3.6e-66	43.5	278	248.1	66.9	89.1
WP_014608464.1	gnl|META|EG12115-MONOMER	4.7e-23	30.3	231	104.4	48.5	100.0
WP_014608472.1	gnl|META|NARL-MONOMER	2.3e-18	28.8	198	88.6	51.5	93.5
WP_014608483.1	gnl|META|MACB	7.7e-43	39.9	218	170.2	63.3	86.5
WP_014608489.1	gnl|META|BRNQ-MONOMER	6.9e-55	34.4	422	211.1	55.9	94.8
WP_014608498.1	gnl|META|DIHYDROPTERIREDUCT-MONOMER	1.0e-08	24.1	203	56.6	43.3	91.4
WP_014608504.1	gnl|META|G6115-MONOMER	6.5e-11	22.2	311	65.1	43.7	66.0
WP_014608509.1	gnl|META|MACB	1.3e-30	36.7	215	129.4	57.2	94.2
WP_014608509.1	gnl|META|ABC-MONOMER	2.3e-30	36.6	216	128.6	60.6	94.6
WP_014608509.1	gnl|META|EG12347-MONOMER	3.6e-28	36.1	205	121.3	58.5	87.9
WP_014608509.1	gnl|META|GLNQ-MONOMER	5.2e-27	36.8	201	117.5	58.2	87.9
WP_014608518.1	gnl|META|EG11094-MONOMER	6.8e-17	21.9	379	84.7	41.2	91.5
WP_014608533.1	gnl|META|EG12163-MONOMER	2.6e-46	31.2	449	182.6	50.1	98.6
WP_014608534.1	gnl|META|EG11268-MONOMER	8.0e-58	40.9	298	220.3	59.1	94.9
WP_014608535.1	gnl|META|EG10763-MONOMER	2.6e-113	34.2	804	406.0	50.6	99.1
WP_014608537.1	gnl|META|GUANYL-KIN-MONOMER	2.9e-43	45.6	206	171.4	64.6	98.1
WP_014608541.1	gnl|META|YLIC-MONOMER	2.1e-20	30.2	205	96.7	55.6	41.0
WP_014608541.1	gnl|META|DPPB-MONOMER	4.0e-19	26.9	234	92.4	52.1	41.2
WP_014608546.1	gnl|META|OPPF-MONOMER	6.1e-09	50.0	42	55.5	83.3	75.0
WP_014608547.1	gnl|META|DPPF-MONOMER	2.1e-23	65.8	76	104.4	82.9	75.2
WP_014608547.1	gnl|META|OPPF-MONOMER	2.1e-23	64.5	76	104.4	88.2	75.2
WP_014608547.1	gnl|META|YLIA-MONOMER	1.5e-21	49.5	95	98.2	70.5	92.1
WP_014608554.1	gnl|META|MONOMER-20127	1.4e-64	41.1	360	243.0	60.3	96.2
WP_014608554.1	gnl|META|G7325-MONOMER	4.6e-60	38.6	378	228.0	56.9	99.5
WP_014608554.1	gnl|META|BSU29590-MONOMER	3.9e-59	37.3	365	224.9	56.7	95.9
WP_014608555.1	gnl|META|G185E-6762-MONOMER	9.7e-01	32.0	50	29.3	44.0	43.5
WP_014608557.1	gnl|META|G6645-MONOMER	2.6e-21	33.8	228	98.6	49.6	91.3
WP_014608604.1	gnl|META|MONOMER-12254	2.8e-84	54.2	284	308.1	70.4	94.7
WP_014608610.1	gnl|META|IMP-DEHYDROG-MONOMER	1.8e-04	26.3	194	43.5	44.3	39.2
WP_014608612.1	gnl|META|MONOMER-15461	7.8e-117	51.2	412	416.8	69.9	98.1
WP_014608618.1	gnl|META|EG10844-MONOMER	2.7e-66	39.9	333	249.2	59.8	61.4
WP_014608619.1	gnl|META|MONOMER-12255	4.6e-70	36.6	437	261.5	54.5	93.7
WP_014608623.1	gnl|META|MONOMER-10161	6.5e-37	34.0	241	150.6	55.2	90.8
WP_014608623.1	gnl|META|MONOMER-10162	4.7e-35	33.1	242	144.4	56.2	91.9
WP_014608623.1	gnl|META|MONOMER-344	2.0e-33	35.6	236	139.0	57.2	88.1
WP_014608624.1	gnl|META|AT5G54810-MONOMER	8.5e-137	60.9	394	483.0	75.9	96.8
WP_014608624.1	gnl|META|MONOMER-345	4.1e-131	61.4	383	464.2	75.7	95.3
WP_014608624.1	gnl|META|MONOMER-3562	9.1e-131	60.8	378	463.0	75.7	94.0
WP_014608625.1	gnl|META|MONOMER-301	1.0e-23	36.5	203	106.3	55.2	99.5
WP_014608641.1	gnl|META|MONOMER-13956	3.8e-168	63.0	476	587.4	75.6	99.2
WP_014608642.1	gnl|META|MONOMER-13955	2.7e-153	58.6	483	538.1	73.3	98.6
WP_014608646.1	gnl|META|METQ-MONOMER	1.5e-31	35.8	274	132.9	52.6	95.0
WP_014608653.1	gnl|META|G7039-MONOMER	2.2e-19	29.0	272	92.4	48.9	96.0
WP_014608654.1	gnl|META|G6115-MONOMER	8.8e-64	40.1	354	240.4	58.2	95.9
WP_014608655.1	gnl|META|MONOMER-10113	5.8e-06	31.5	92	47.0	52.2	56.7
WP_014608670.1	gnl|META|EG10844-MONOMER	3.0e-42	30.5	338	169.1	53.0	73.6
WP_014608670.1	gnl|META|EG10210-MONOMER	2.6e-41	30.4	316	166.0	52.2	70.7
WP_014608700.1	gnl|META|EG10826-MONOMER	1.4e-29	25.8	480	127.9	45.0	48.9
WP_014608709.1	gnl|META|BSU15800-MONOMER	1.2e-20	31.8	217	96.3	49.3	99.0
WP_014608714.1	gnl|META|G6550-MONOMER	1.2e-30	42.4	177	129.8	61.6	68.1
WP_014608733.1	gnl|META|EG12207-MONOMER	5.5e-26	31.9	251	114.4	51.0	81.9
WP_014608735.1	gnl|META|EG11372-MONOMER	3.8e-33	41.2	153	137.5	66.0	89.0
WP_014608749.1	gnl|META|TYRS-MONOMER	2.7e-125	52.8	413	444.9	72.9	97.8
WP_014608758.1	gnl|META|ADHE-MONOMER	3.9e-30	54.2	120	127.1	73.3	91.6
WP_014608758.1	gnl|META|MONOMER-15847	1.4e-27	49.2	126	118.6	68.3	96.2
WP_014608766.1	gnl|META|G6131-MONOMER	1.3e-25	38.9	185	112.8	56.8	80.4
WP_014608782.1	gnl|META|MONOMER-546	1.0e-78	48.1	291	289.7	69.8	99.3
WP_014608789.1	gnl|META|AT4G24650-MONOMER	2.6e-02	32.7	49	35.0	57.1	28.7
WP_014608789.1	gnl|META|MACB	1.7e-01	73.7	19	32.3	84.2	11.1
WP_014608799.1	gnl|META|EG10626-MONOMER	4.7e-03	30.0	90	37.4	47.8	59.6
WP_014608799.1	gnl|META|G6954-MONOMER	2.3e-02	28.9	76	35.0	57.9	45.0
WP_014608809.1	gnl|META|EG10463-MONOMER	6.9e-41	39.1	294	164.5	59.2	71.5
WP_014620999.1	gnl|META|EG11404-MONOMER	5.3e-109	54.4	371	390.6	72.2	100.0
WP_014621000.1	gnl|META|EG11506-MONOMER	6.0e-148	53.0	509	520.8	72.9	76.2
WP_014621007.1	gnl|META|FGAMSYN-MONOMER	1.8e-44	25.0	1136	177.9	38.9	82.7
WP_014621007.1	gnl|META|YGR061C-MONOMER	1.1e-41	24.5	1152	168.7	39.2	82.7
WP_014621010.1	gnl|META|ARGS-MONOMER	1.5e-78	35.1	536	290.0	52.2	92.4
WP_014621012.1	gnl|META|EG10625-MONOMER	2.4e-152	36.9	862	535.8	57.0	98.9
WP_014621014.1	gnl|META|EG10986-MONOMER	1.5e-43	42.8	180	172.2	61.7	97.8
WP_014621015.1	gnl|META|G7409-MONOMER	2.9e-18	36.5	159	89.4	49.7	37.4
WP_014621023.1	gnl|META|EG10238-MONOMER	4.2e-24	24.3	775	110.5	39.4	47.6
WP_014621023.1	gnl|META|EG10238-MONOMER	1.8e-03	34.8	66	42.0	48.5	4.5
WP_014621025.1	gnl|META|EG11723-MONOMER	9.2e-14	28.4	183	73.2	49.2	98.3
WP_014621025.1	gnl|META|MONOMER-17535	2.0e-13	38.5	91	72.0	58.2	50.3
WP_014621026.1	gnl|META|EG11385-MONOMER	6.3e-145	50.0	518	510.4	68.1	99.6
WP_014621035.1	gnl|META|EG10743-MONOMER	3.3e-166	49.0	680	581.6	65.0	91.6
WP_014621037.1	gnl|META|CYSS-MONOMER	3.2e-100	43.8	464	361.7	57.8	99.8
WP_014621038.1	gnl|META|2-DEHYDROPANTOATE-REDUCT-MONOMER	3.0e-04	26.0	219	42.4	39.7	66.0
WP_014621044.1	gnl|META|MONOMER-17414	9.9e-55	32.5	467	211.5	50.5	55.5
WP_014621044.1	gnl|META|MONOMER-19014	9.3e-53	31.0	464	204.9	50.0	55.3
WP_014621044.1	gnl|META|MONOMER-19009	3.5e-52	31.5	467	203.0	49.7	55.5
WP_014621044.1	gnl|META|MONOMER-19628	2.1e-49	28.1	463	193.7	48.4	55.3
WP_014621046.1	gnl|META|MONOMER-19014	1.4e-57	25.3	1174	221.9	42.9	67.8
WP_014621046.1	gnl|META|MONOMER-19014	9.4e-17	23.2	332	86.3	43.1	19.2
WP_014621046.1	gnl|META|MONOMER-17414	1.2e-53	23.9	970	208.8	43.7	57.3
WP_014621046.1	gnl|META|MONOMER-17414	6.1e-16	23.1	347	83.6	45.5	20.6
WP_014621048.1	gnl|META|YBHF-MONOMER	2.1e-39	34.4	227	159.1	59.9	74.2
WP_014621053.1	gnl|META|HS11566-MONOMER	1.4e-09	30.8	159	59.3	44.0	70.6
WP_014621058.1	gnl|META|HS00075-MONOMER	1.2e-01	32.4	68	33.9	51.5	19.0
WP_014621058.1	gnl|META|YLIA-MONOMER	1.6e-01	37.5	48	33.5	52.1	13.4
WP_014621058.1	gnl|META|SAPF-MONOMER	7.9e-01	31.2	48	31.2	54.2	13.4
WP_014621061.1	gnl|META|EMRB-MONOMER	1.0e-29	27.4	401	127.5	49.9	84.8
WP_014621062.1	gnl|META|MONOMER-14068	2.5e-25	29.7	310	112.5	48.7	92.0
WP_014621066.1	gnl|META|RIBAZOLEPHOSPHAT-MONOMER	8.2e-06	26.1	180	47.0	43.9	82.5
WP_014621066.1	gnl|META|HS09121-MONOMER	1.2e-04	37.9	66	43.1	53.0	31.3
WP_014621077.1	gnl|META|AT1G22940-MONOMER	3.4e-30	34.7	245	128.3	52.7	94.9
WP_014621077.1	gnl|META|MONOMER-18910	2.2e-29	32.9	249	125.6	56.2	95.7
WP_014621081.1	gnl|META|CPDB-MONOMER	1.1e-144	44.3	627	510.4	61.9	72.0
WP_014621082.1	gnl|META|SPOT-MONOMER	1.6e-152	39.9	731	536.2	59.2	98.4
WP_014621086.1	gnl|META|EG11665-MONOMER	1.2e-36	37.6	279	149.8	56.6	94.0
WP_014621088.1	gnl|META|MONOMER-19979	5.8e-50	39.7	350	194.5	61.7	90.9
WP_014621089.1	gnl|META|SYNPCC7942_0260-MONOMER	2.4e-01	35.9	64	33.1	50.0	15.2
WP_014621105.1	gnl|META|CRR-MONOMER	8.2e-27	38.3	149	116.7	60.4	72.3
WP_014621105.1	gnl|META|BGLF-MONOMER	5.3e-26	38.8	139	114.0	64.0	67.5
WP_014621107.1	gnl|META|MONOMER-13046	4.2e-209	78.2	449	723.4	89.5	100.0
WP_014621119.1	gnl|META|LEUS-MONOMER	1.0e-192	43.0	866	669.8	59.5	99.5
WP_014621123.1	gnl|META|MONOMER-14811	4.4e-01	38.9	36	32.3	55.6	8.1
WP_014621124.1	gnl|META|MONOMER-15456	4.0e-82	32.6	650	302.4	51.7	80.8
WP_014621126.1	gnl|META|G6488-MONOMER	1.2e-50	32.6	371	196.8	52.6	93.3
WP_014621129.1	gnl|META|EG11494-MONOMER	2.8e-20	26.1	337	96.7	47.2	49.2
WP_014621132.1	gnl|META|AT3G14390-MONOMER	6.7e-44	30.7	410	174.5	46.1	93.8
WP_014621132.1	gnl|META|AT5G11880-MONOMER	8.8e-44	30.7	410	174.1	45.9	93.8
WP_014621136.1	gnl|META|TRKH-MONOMER	3.0e-64	34.4	486	242.3	57.2	99.0
WP_014621152.1	gnl|META|MONOMER-14128	1.8e-39	24.1	673	161.0	45.2	62.7
WP_014621152.1	gnl|META|MONOMER-19434	2.3e-39	28.7	495	160.6	48.9	47.7
WP_014621152.1	gnl|META|MONOMER-19438	3.7e-37	26.9	540	153.3	46.9	52.0
WP_014621152.1	gnl|META|MONOMER-19483	4.8e-37	27.5	415	152.9	49.4	41.4
WP_014621152.1	gnl|META|MONOMER-14129	1.4e-36	25.7	591	151.4	47.0	56.1
WP_014621152.1	gnl|META|MONOMER-19442	3.1e-36	25.3	581	150.2	46.5	55.6
WP_014621152.1	gnl|META|MONOMER-19444	7.7e-35	24.5	681	145.6	45.2	65.4
WP_014621153.1	gnl|META|G7039-MONOMER	2.8e-17	29.3	270	85.5	48.1	94.0
WP_014621156.1	gnl|META|YGJU-MONOMER	3.0e-113	56.5	384	404.8	76.0	95.3
WP_014621157.1	gnl|META|YBHF-MONOMER	8.7e-39	25.2	559	157.9	43.3	91.6
WP_014621157.1	gnl|META|YLIA-MONOMER	1.6e-37	26.9	536	153.7	46.1	88.9
WP_014621157.1	gnl|META|YEJF-MONOMER	1.6e-37	24.3	518	153.7	45.8	88.9
WP_014621162.1	gnl|META|MANY-MONOMER	4.4e-52	44.5	245	201.1	66.5	88.7
WP_014621163.1	gnl|META|EG11724-MONOMER	3.1e-77	39.4	470	285.4	58.9	98.9
WP_014621163.1	gnl|META|EG11691-MONOMER	1.7e-75	38.2	468	279.6	58.5	98.9
WP_014621166.1	gnl|META|EG10529-MONOMER	2.3e-15	27.7	231	80.9	46.8	22.1
WP_014621166.1	gnl|META|EG10942-MONOMER	1.1e-14	32.0	225	78.6	47.6	23.0
WP_014621167.1	gnl|META|MONOMER-15646	8.0e-11	39.3	84	62.4	56.0	94.4
WP_014621170.1	gnl|META|MONOMER-16146	1.4e-45	30.2	434	180.3	52.3	87.5
WP_014621170.1	gnl|META|UDP-NACMURALGLDAPLIG-MONOMER	2.1e-41	29.6	480	166.4	45.4	91.7
WP_014621171.1	gnl|META|HS02790-MONOMER	6.5e-08	28.6	210	53.9	43.3	90.1
WP_014621171.1	gnl|META|MONOMER-14600	8.4e-08	22.3	233	53.5	42.1	93.1
WP_014621176.1	gnl|META|LIVJ-MONOMER	6.6e-25	28.9	246	111.3	52.0	62.1
WP_014621176.1	gnl|META|LIVK-MONOMER	3.6e-23	27.1	247	105.5	49.4	62.4
WP_014621177.1	gnl|META|LIVF-MONOMER	8.4e-68	57.3	234	253.1	72.6	99.2
WP_014621180.1	gnl|META|AT4G14880-MONOMER	1.4e-86	55.6	306	315.8	69.9	98.4
WP_014621180.1	gnl|META|AT3G59760-MONOMER	1.9e-80	50.5	307	295.4	69.7	98.7
WP_014621180.1	gnl|META|MONOMER-18016	4.8e-79	50.3	306	290.8	67.6	99.0
WP_014621180.1	gnl|META|AT2G43750-MONOMER	2.4e-78	50.5	307	288.5	68.7	98.7
WP_014621184.1	gnl|META|MALONYL-COA-ACP-TRANSACYL-MONOMER	2.0e-69	46.6	307	258.8	65.5	99.3
WP_014621190.1	gnl|META|MONOMER-19334	3.2e-01	32.4	68	32.0	51.5	26.6
WP_014621191.1	gnl|META|GLUTATHIONE-REDUCT-NADPH-MONOMER	1.7e-165	62.2	450	578.6	76.0	100.0
WP_014621194.1	gnl|META|MONOMER-19980	1.4e-27	27.0	404	120.6	45.5	76.1
WP_014621201.1	gnl|META|EG10690-MONOMER	3.4e-24	32.6	230	109.0	50.4	54.5
WP_014621202.1	gnl|META|MONOMER-17076	7.7e-44	28.5	554	174.9	47.1	81.0
WP_014621206.1	gnl|META|EG10613-MONOMER	1.6e-41	25.9	571	167.2	45.9	94.2
WP_014621206.1	gnl|META|ENSG00000103222-MONOMER	5.5e-39	32.5	295	158.7	53.2	48.3
WP_014621227.1	gnl|META|BSU13580-MONOMER	2.4e-131	58.3	391	464.9	71.9	99.5
WP_014621228.1	gnl|META|MONOMER-18313	3.6e-51	34.2	345	198.4	54.5	99.1
WP_014621228.1	gnl|META|N-ACETYLGLUTPREDUCT-MONOMER	4.1e-47	34.9	338	184.9	56.2	96.8
WP_014621229.1	gnl|META|YMR062C-MONOMER	8.6e-65	37.0	422	243.8	56.6	97.5
WP_014621230.1	gnl|META|G6530-MONOMER	1.5e-02	56.7	30	36.6	73.3	10.3
WP_014621231.1	gnl|META|ASPKINIHOMOSERDEHYDROGI-MONOMER	1.2e-16	28.9	256	84.0	47.7	52.1
WP_014621236.1	gnl|META|VALS-MONOMER	1.7e-222	44.6	939	768.8	62.3	96.9
WP_014621237.1	gnl|META|ATPF-MONOMER	4.6e-04	24.5	159	40.8	44.0	95.8
WP_014621238.1	gnl|META|ATPH-MONOMER	4.1e-06	25.0	160	47.8	47.5	89.9
WP_014621238.1	gnl|META|SYNPCC7942_0335-MONOMER	6.9e-06	26.9	175	47.0	44.6	97.2
WP_014621239.1	gnl|META|SYNPCC7942_0336-MONOMER	1.0e-171	60.4	497	599.4	77.7	98.8
WP_014621240.1	gnl|META|SYNPCC7942_2316-MONOMER	2.7e-11	36.4	107	64.7	58.9	70.9
WP_014621242.1	gnl|META|EG11500-MONOMER	1.7e-17	32.2	180	86.3	51.7	60.1
WP_014621244.1	gnl|META|G7641-MONOMER	3.1e-48	46.4	233	188.3	63.5	79.2
WP_014621245.1	gnl|META|AMTB-MONOMER	6.0e-69	38.7	403	257.7	55.6	97.8
WP_014621246.1	gnl|META|PROTEIN-PII	1.4e-23	52.2	113	105.1	65.5	100.0
WP_014621246.1	gnl|META|PROTEIN-PII2	3.4e-22	45.1	113	100.5	65.5	100.0
WP_014621255.1	gnl|META|BGLF-MONOMER	1.6e-21	42.3	130	98.6	60.8	90.3
WP_014621261.1	gnl|META|EG12098-MONOMER	6.7e-54	41.6	303	207.2	59.4	97.3
WP_014621262.1	gnl|META|EG12233-MONOMER	1.1e-04	24.6	138	43.5	44.9	53.6
WP_014621268.1	gnl|META|EG10871-MONOMER	6.1e-20	38.8	152	93.6	59.2	90.4
WP_014621281.1	gnl|META|MONOMER-13527	7.6e-03	26.9	78	39.3	44.9	8.1
WP_014621294.1	gnl|META|EG10442-MONOMER	7.0e-02	27.3	55	33.5	52.7	34.8
WP_014621297.1	gnl|META|EG10837-MONOMER	2.1e-02	20.6	339	37.4	41.9	48.1
WP_014621303.1	gnl|META|HS13735-MONOMER	2.7e-13	34.5	145	71.6	53.1	74.5
WP_014621303.1	gnl|META|MONOMER-19405	6.7e-12	31.2	144	67.0	51.4	73.4
WP_014621304.1	gnl|META|G1I0R-76-MONOMER	4.8e-09	23.8	383	58.5	41.0	91.9
WP_014621312.1	gnl|META|MACB	1.7e-30	36.7	215	129.0	57.2	94.2
WP_014621312.1	gnl|META|ABC-MONOMER	3.9e-30	36.6	216	127.9	59.7	94.6
WP_014621312.1	gnl|META|EG12347-MONOMER	4.7e-28	36.1	205	120.9	58.0	87.9
WP_014621312.1	gnl|META|MALK-MONOMER	6.9e-27	35.4	229	117.1	55.5	100.0
WP_014621319.1	gnl|META|EG10613-MONOMER	3.0e-58	26.6	572	222.6	50.5	98.4
WP_014621321.1	gnl|META|BSU11700-MONOMER	3.4e-18	30.3	244	89.0	48.4	63.9
WP_014621322.1	gnl|META|EG11116-MONOMER	2.0e-35	29.8	292	146.0	49.7	87.8
WP_014621325.1	gnl|META|MONOMER-16356	5.5e-04	25.6	176	41.2	42.0	64.5
WP_014621325.1	gnl|META|MONOMER-19659	2.7e-03	30.2	63	38.9	55.6	24.6
WP_014621327.1	gnl|META|MONOMER-20145	7.2e-61	37.3	367	230.7	54.2	93.2
WP_014621327.1	gnl|META|MONOMER-4141	5.7e-58	36.5	378	221.1	52.6	95.8
WP_014621327.1	gnl|META|MONOMER-4142	1.2e-55	35.0	383	213.4	54.3	98.2
WP_014621328.1	gnl|META|EG11090-MONOMER	5.9e-50	43.0	230	193.7	67.4	100.0
WP_014621328.1	gnl|META|MONOMER-14562	7.2e-48	43.5	230	186.8	66.5	99.6
WP_014621331.1	gnl|META|GI40-529-MONOMER	8.8e-79	47.5	335	290.0	63.9	99.4
WP_014621333.1	gnl|META|MONOMER-18684	4.9e-01	37.8	45	31.6	53.3	15.6
WP_014621334.1	gnl|META|MONOMER-18244	1.7e-79	43.8	416	292.7	61.5	97.6
WP_014621334.1	gnl|META|MONOMER-11829	1.8e-76	40.4	418	282.7	57.7	97.6
WP_014621334.1	gnl|META|MONOMER-17205	3.8e-71	39.5	418	265.0	54.8	97.6
WP_014621335.1	gnl|META|G185E-7013-MONOMER	6.7e-19	30.7	261	90.9	44.1	88.5
WP_014621336.1	gnl|META|DIHYDROFOLATEREDUCT-MONOMER	1.0e-19	35.0	160	92.8	56.9	95.8
WP_014621338.1	gnl|META|EG10423-MONOMER	8.6e-128	33.8	849	454.1	53.6	98.5
WP_014621339.1	gnl|META|AT3G49680-MONOMER	8.1e-72	42.8	339	266.9	61.7	98.8
WP_014621345.1	gnl|META|SYNPCC7942_0260-MONOMER	1.1e-185	52.6	664	646.4	69.9	85.0
WP_014621346.1	gnl|META|CHAINI-MONOMER	1.5e-83	48.5	326	305.8	69.0	97.9
WP_014621346.1	gnl|META|CHAINF-MONOMER	2.6e-83	48.8	328	305.1	69.2	97.9
WP_014621347.1	gnl|META|FEOB-MONOMER	1.1e-105	35.0	760	380.6	52.4	97.8
WP_014621350.1	gnl|META|MONOMER-20274	4.2e-82	53.4	277	300.8	70.8	97.5
WP_014621350.1	gnl|META|CYCLODEHYCLTH-MONOMER	2.0e-79	53.0	279	292.0	72.4	98.2
WP_014621351.1	gnl|META|EG11758-MONOMER	1.2e-23	33.3	246	106.7	51.2	87.4
WP_014621352.1	gnl|META|MONOMER-15472	4.3e-91	34.6	635	332.0	53.7	88.8
WP_014621355.1	gnl|META|EG12312-MONOMER	1.9e-17	31.4	185	85.5	48.1	93.9
WP_014621355.1	gnl|META|HS00931-MONOMER	2.4e-15	31.2	160	78.6	52.5	80.7
WP_014621357.1	gnl|META|EG11259-MONOMER	1.1e-109	33.7	753	394.0	54.7	90.5
WP_014621358.1	gnl|META|EG10743-MONOMER	4.3e-07	33.3	78	50.4	60.3	64.5
WP_014621358.1	gnl|META|EG10900-MONOMER	5.6e-07	38.0	71	50.1	56.3	57.9
WP_014621364.1	gnl|META|MONOMER-20004	6.8e-116	38.9	648	414.5	57.6	88.9
WP_014621365.1	gnl|META|G6501-MONOMER	1.3e-28	26.1	341	123.6	46.3	86.3
WP_014621366.1	gnl|META|EG11234-MONOMER	1.1e-45	36.1	277	179.9	55.2	95.1
WP_014621366.1	gnl|META|MONOMER-18802	3.9e-43	34.2	269	171.4	59.9	93.0
WP_014621367.1	gnl|META|AROB-MONOMER	3.0e-61	37.7	342	231.9	56.1	95.8
WP_014621368.1	gnl|META|MONOMER-14476	2.2e-30	31.8	261	129.4	51.0	70.4
WP_014621369.1	gnl|META|MONOMER-601	4.3e-43	34.1	308	171.4	52.6	94.9
WP_014621369.1	gnl|META|MONOMER-13096	7.6e-40	33.5	322	160.6	51.2	97.8
WP_014621370.1	gnl|META|MONOMER-20784	8.2e-37	27.8	425	151.0	48.0	96.7
WP_014621370.1	gnl|META|AROA-MONOMER	5.5e-33	26.4	421	138.3	49.4	96.0
WP_014621371.1	gnl|META|AROL-MONOMER	1.1e-13	30.2	159	72.8	54.1	93.9
WP_014621372.1	gnl|META|CHORISMUTPREPHENDEHYDRAT-MONOMER	4.2e-26	30.3	274	114.8	47.8	97.4
WP_014621373.1	gnl|META|MONOMER-20032	1.4e-93	57.7	298	339.7	74.8	62.0
WP_014621373.1	gnl|META|MONOMER-20032	1.6e-04	52.4	42	43.9	73.8	8.8
WP_014621375.1	gnl|META|MONOMER-19169	3.9e-08	25.4	142	55.5	43.0	40.1
WP_014621382.1	gnl|META|MONOMER-21008	7.6e-05	27.4	106	44.3	50.0	35.3
WP_014621383.1	gnl|META|EG10900-MONOMER	4.7e-13	46.7	75	72.8	73.3	10.6
WP_014621387.1	gnl|META|YFEP-MONOMER	1.2e-54	34.3	420	210.3	57.6	93.2
WP_014621389.1	gnl|META|G6954-MONOMER	1.7e-17	39.3	117	85.1	50.4	90.7
WP_014621390.1	gnl|META|EG12045-MONOMER	3.4e-22	24.9	382	103.6	47.9	36.5
WP_014621399.1	gnl|META|EG12345-MONOMER	7.2e-49	44.6	251	190.3	61.0	98.0
WP_014621399.1	gnl|META|MONOMER-16213	3.6e-48	46.3	242	188.0	62.0	94.9
WP_014621399.1	gnl|META|MONOMER-16212	2.7e-43	42.7	253	171.8	58.9	98.8
WP_014621407.1	gnl|META|DALADALALIGB-MONOMER	6.2e-01	44.4	36	29.6	58.3	37.1
WP_014621412.1	gnl|META|EG11291-MONOMER	4.6e-02	31.5	73	35.0	53.4	22.4
WP_014621419.1	gnl|META|MONOMER-5701	8.4e-02	37.5	40	33.1	65.0	26.2
WP_014621423.1	gnl|META|ILES-MONOMER	1.3e-204	41.6	937	709.5	59.6	98.0
WP_014621424.1	gnl|META|EG12424-MONOMER	2.4e-21	34.1	208	99.0	51.0	74.4
WP_014621424.1	gnl|META|EG12449-MONOMER	5.3e-21	31.8	198	97.8	54.5	69.0
WP_014621426.1	gnl|META|GLYOHMETRANS-MONOMER	1.9e-139	60.8	408	491.9	76.7	97.6
WP_014621426.1	gnl|META|MONOMER-8567	3.2e-139	60.0	412	491.1	76.5	97.4
WP_014621426.1	gnl|META|MONOMER-4244	7.0e-126	56.0	420	446.8	70.7	99.5
WP_014621428.1	gnl|META|GLYOHMETRANS-MONOMER	3.6e-138	60.5	408	487.6	76.5	97.6
WP_014621428.1	gnl|META|MONOMER-8567	6.1e-138	59.7	412	486.9	76.2	97.4
WP_014621428.1	gnl|META|MONOMER-4244	1.7e-124	58.6	389	442.2	73.8	93.5
WP_014621430.1	gnl|META|EG10613-MONOMER	7.1e-68	30.8	582	254.6	52.6	97.8
WP_014621431.1	gnl|META|MONOMER-20022	1.9e-139	56.2	422	491.9	69.9	100.0
WP_014621432.1	gnl|META|MONOMER-15696	7.1e-01	35.0	40	31.6	70.0	9.6
WP_014621434.1	gnl|META|MONOMER-14662	1.3e-97	30.4	884	354.0	51.6	97.5
WP_014621434.1	gnl|META|MONOMER-14612	8.5e-89	30.0	900	324.7	50.7	98.1
WP_014621436.1	gnl|META|YER091C-MONOMER	9.8e-187	46.3	769	649.8	63.3	99.7
WP_014621436.1	gnl|META|AT3G03780-MONOMER	4.7e-181	45.7	766	630.9	62.1	100.0
WP_014621436.1	gnl|META|HOMOCYSMET-MONOMER	2.9e-178	45.4	755	621.7	62.0	99.1
WP_014621436.1	gnl|META|MONOMER-14559	1.9e-177	46.3	761	619.0	63.7	99.6
WP_014621437.1	gnl|META|METHYLENETHFREDUCT-MONOMER	4.6e-39	33.8	275	157.9	53.1	94.5
WP_014621438.1	gnl|META|MONOMER-13114	3.0e-201	61.8	555	697.6	77.5	99.8
WP_014621438.1	gnl|META|FORMYLSYNTHCLTH-MONOMER	4.9e-199	60.3	554	690.3	76.4	99.6
WP_014621442.1	gnl|META|PHOR-MONOMER	2.8e-03	41.9	43	36.6	58.1	81.1
WP_014621442.1	gnl|META|BAES-MONOMER	1.8e-02	39.4	33	33.9	75.8	62.3
WP_014621443.1	gnl|META|BAES-MONOMER	9.3e-16	34.3	108	79.7	59.3	63.2
WP_014621443.1	gnl|META|G6318-MONOMER	5.1e-14	29.7	172	73.9	54.1	98.2
WP_014621443.1	gnl|META|PHOR-MONOMER	5.1e-14	29.5	146	73.9	51.4	85.4
WP_014621447.1	gnl|META|YADQ-MONOMER	5.9e-42	31.8	396	168.3	52.5	75.0
WP_014621455.1	gnl|META|G7950-MONOMER	1.3e-21	33.7	172	99.4	51.7	85.2
WP_014621456.1	gnl|META|MONOMER-17881	4.9e-56	48.3	261	214.2	67.0	94.7
WP_014621460.1	gnl|META|MONOMER-13008	4.0e-62	36.4	374	235.0	59.4	93.4
WP_014621460.1	gnl|META|MONOMER-18938	1.6e-58	34.9	393	223.0	56.2	99.2
WP_014621463.1	gnl|META|BSU13730-MONOMER	1.0e-07	30.9	123	52.8	48.8	79.6
WP_014621463.1	gnl|META|MONOMER-20101	4.0e-07	31.9	119	50.8	50.4	78.2
WP_014621463.1	gnl|META|MONOMER-18456	4.0e-07	30.8	133	50.8	50.4	79.6
WP_014621464.1	gnl|META|BSU13740-MONOMER	2.2e-60	49.2	240	228.4	65.0	96.6
WP_014621467.1	gnl|META|MONOMER-12181	5.3e-04	23.3	236	41.6	41.9	65.4
WP_014621472.1	gnl|META|MONOMER-14495	3.0e-73	31.4	614	272.7	51.8	82.7
WP_014621472.1	gnl|META|MONOMER-14503	1.2e-72	30.7	641	270.8	52.7	86.1
WP_014621478.1	gnl|META|SERINE-O-ACETTRAN-MONOMER	2.9e-26	39.8	161	114.8	56.5	83.4
WP_014621492.1	gnl|META|L-GLN-FRUCT-6-P-AMINOTRANS-MONOMER	7.3e-116	39.4	614	414.1	59.1	100.0
WP_014621492.1	gnl|META|MONOMER-20591	2.4e-111	39.1	614	399.1	60.3	100.0
WP_014621493.1	gnl|META|G7037-MONOMER	2.2e-30	38.0	208	128.6	59.1	97.2
WP_014621494.1	gnl|META|GLNQ-MONOMER	1.4e-50	44.8	210	195.7	68.1	99.0
WP_014621494.1	gnl|META|GLTL-MONOMER	2.5e-47	42.0	207	184.9	69.1	97.6
WP_014621495.1	gnl|META|ARTJ-MONOMER	2.8e-25	30.4	230	112.1	48.3	80.2
WP_014621495.1	gnl|META|G7039-MONOMER	4.8e-25	29.7	229	111.3	49.8	80.2
WP_014621495.1	gnl|META|GLNH-MONOMER	1.2e-23	26.7	236	106.7	50.8	83.0
WP_014621509.1	gnl|META|EG10737-MONOMER	5.2e-18	35.4	147	87.4	53.1	73.9
WP_014621510.1	gnl|META|AT1G02880-MONOMER	7.9e-01	26.7	75	29.3	45.3	79.8
WP_014621519.1	gnl|META|GMP-SYN-MONOMER	2.8e-156	52.1	520	548.1	69.2	97.9
WP_014621519.1	gnl|META|YMR217W-MONOMER	3.2e-144	51.6	521	508.1	66.8	98.7
WP_014621523.1	gnl|META|EG11013-MONOMER	2.4e-126	37.5	751	449.1	54.3	95.8
WP_014621525.1	gnl|META|CPXR-MONOMER	5.1e-27	33.6	229	117.5	52.0	98.6
WP_014621538.1	gnl|META|BSU10130-MONOMER	2.7e-57	36.2	304	218.8	57.6	79.1
WP_014621544.1	gnl|META|MONOMER-14471	1.1e-120	67.6	309	429.1	82.2	98.1
WP_014621553.1	gnl|META|BSU15550-MONOMER	1.8e-62	54.0	235	235.3	69.4	98.7
WP_014621555.1	gnl|META|YJDL-MONOMER	2.4e-45	30.2	483	179.5	49.3	95.9
WP_014621563.1	gnl|META|EG10997-MONOMER	4.4e-65	34.3	458	245.0	56.8	98.5
WP_014621565.1	gnl|META|EG11064-MONOMER	3.6e-136	37.6	764	481.9	56.4	99.0
WP_014621566.1	gnl|META|MONOMER-9366	4.4e-123	51.0	435	437.6	67.4	100.0
WP_014621566.1	gnl|META|YLR303W-MONOMER	6.5e-119	52.1	434	423.7	66.1	98.6
WP_014621566.1	gnl|META|G18NG-10215-MONOMER	8.2e-114	50.0	422	406.8	67.5	97.9
WP_014621572.1	gnl|META|EG11177-MONOMER	6.8e-43	39.0	254	170.6	57.9	82.6
WP_014621574.1	gnl|META|PSTB-MONOMER	6.7e-71	51.0	247	263.5	70.4	98.0
WP_014621575.1	gnl|META|BSU10250-MONOMER	2.5e-78	44.6	325	288.5	64.3	97.9
WP_014621575.1	gnl|META|MONOMER-17111	3.6e-77	44.2	319	284.6	64.3	96.4
WP_014621576.1	gnl|META|GLYCOPHOSPHORYL-MONOMER	9.0e-148	40.4	742	520.4	59.4	93.8
WP_014621576.1	gnl|META|HS02099-MONOMER	3.6e-144	39.7	754	508.4	58.1	94.0
WP_014621576.1	gnl|META|MONOMER-17099	1.0e-143	38.1	811	506.9	56.7	98.8
WP_014621576.1	gnl|META|MALDEXPHOSPHORYL-MONOMER	1.8e-140	38.6	760	496.1	57.8	96.4
WP_014621576.1	gnl|META|HS02178-MONOMER	1.8e-140	38.6	751	496.1	58.1	93.6
WP_014621576.1	gnl|META|HS00949-MONOMER	1.5e-139	37.3	759	493.0	57.7	93.6
WP_014621580.1	gnl|META|EG11479-MONOMER	1.4e-17	24.8	230	86.3	46.1	92.6
WP_014621593.1	gnl|META|MONOMER-11686	7.5e-44	28.9	461	174.5	45.1	98.1
WP_014621598.1	gnl|META|BSU15500-MONOMER	2.6e-75	42.1	423	278.9	57.2	99.3
WP_014621599.1	gnl|META|EG11058-MONOMER	1.1e-56	50.0	216	216.1	64.4	97.7
WP_014621600.1	gnl|META|YIIP-MONOMER	2.8e-15	25.3	285	79.3	48.4	70.9
WP_014621608.1	gnl|META|ENSG00000123815-MONOMER	1.4e-17	22.6	340	87.4	44.1	62.1
WP_014621609.1	gnl|META|EG10114-MONOMER	4.7e-10	63.9	36	58.5	91.7	100.0
WP_014621609.1	gnl|META|EG10085-MONOMER	3.0e-09	72.7	33	55.8	87.9	91.7
WP_014621610.1	gnl|META|EG10114-MONOMER	2.6e-73	48.5	274	271.6	65.0	97.8
WP_014621610.1	gnl|META|EG10085-MONOMER	3.6e-70	44.6	271	261.2	60.5	97.1
WP_014621612.1	gnl|META|EG10114-MONOMER	3.1e-09	63.9	36	56.2	77.8	73.5
WP_014621612.1	gnl|META|G495-MONOMER	1.0e-07	56.8	44	51.2	68.2	85.7
WP_014621614.1	gnl|META|SYNPCC7942_0485-MONOMER	6.5e-13	30.0	207	70.5	45.9	90.4
WP_014621618.1	gnl|META|MONOMER-17006	7.6e-06	40.4	52	46.2	67.3	44.7
WP_014621618.1	gnl|META|MONOMER-17575	9.9e-06	28.9	76	45.8	50.0	66.7
WP_014621618.1	gnl|META|MONOMER-19023	4.9e-05	30.0	60	43.5	51.7	52.6
WP_014621626.1	gnl|META|MONOMER-15696	5.4e-01	34.1	44	32.0	65.9	10.5
WP_014621627.1	gnl|META|EG11983-MONOMER	5.3e-42	33.0	352	167.9	53.4	97.4
WP_014621628.1	gnl|META|GALPMUT-MONOMER	3.1e-138	63.0	357	487.6	77.6	97.8
WP_014621629.1	gnl|META|MONOMER-20019	1.0e-32	27.8	485	137.5	47.6	96.4
WP_014621631.1	gnl|META|MONOMER-17340	1.4e-20	28.3	265	96.7	48.7	76.1
WP_014621631.1	gnl|META|MONOMER-19974	3.1e-20	28.4	320	95.5	46.6	92.4
WP_014621631.1	gnl|META|MONOMER-20013	7.0e-20	30.5	213	94.4	50.2	62.7
WP_014621631.1	gnl|META|EG11266-MONOMER	5.0e-18	28.3	240	88.2	47.9	71.2
WP_014621632.1	gnl|META|MONOMER-20013	6.3e-29	30.9	285	124.4	51.6	85.7
WP_014621632.1	gnl|META|EG11266-MONOMER	5.0e-26	33.3	210	114.8	52.4	62.2
WP_014621635.1	gnl|META|BSU22460-MONOMER	6.7e-14	22.4	304	74.7	43.4	77.5
WP_014621635.1	gnl|META|SYNPCC7942_0579-MONOMER	2.8e-12	27.1	299	69.3	44.1	73.8
WP_014621636.1	gnl|META|MONOMER-17779	4.6e-02	30.6	49	35.4	63.3	12.6
WP_014621637.1	gnl|META|MONOMER-16196	6.2e-51	50.3	197	198.0	68.5	42.4
WP_014621638.1	gnl|META|EG11826-MONOMER	4.9e-26	36.9	198	114.4	51.0	79.3
WP_014621638.1	gnl|META|G7105-MONOMER	5.1e-23	32.7	199	104.4	47.7	80.1
WP_014621639.1	gnl|META|EG11826-MONOMER	2.2e-04	25.4	169	42.4	45.6	73.0
WP_014621641.1	gnl|META|MONOMER-20030	6.0e-52	49.8	231	201.4	69.3	47.5
WP_014621642.1	gnl|META|DEOD-MONOMER	1.7e-60	50.6	231	228.8	69.3	97.9
WP_014621650.1	gnl|META|HS07681-MONOMER	1.3e-11	43.8	73	67.4	61.6	15.2
WP_014621653.1	gnl|META|CMPKI-MONOMER	9.6e-37	39.8	216	149.8	60.6	95.6
WP_014621653.1	gnl|META|MONOMER-573	2.2e-33	37.8	222	138.7	58.1	96.5
WP_014621655.1	gnl|META|EG11549-MONOMER	9.6e-112	52.2	402	399.8	70.1	98.3
WP_014621662.1	gnl|META|MONOMER-14597	5.7e-125	32.7	1036	444.9	49.9	98.5
WP_014621662.1	gnl|META|MONOMER-14601	1.2e-122	32.1	1042	437.2	49.5	98.8
WP_014621662.1	gnl|META|MONOMER-14600	4.2e-120	32.6	1004	428.7	49.7	96.0
WP_014621662.1	gnl|META|MONOMER-14610	2.3e-118	33.6	980	422.9	50.4	98.2
WP_014621665.1	gnl|META|PHOR-MONOMER	1.1e-36	32.7	349	150.6	49.0	77.8
WP_014621667.1	gnl|META|MONOMER-15460	6.0e-133	56.3	423	470.3	76.8	99.8
WP_014621668.1	gnl|META|BSU38860-MONOMER	3.7e-125	62.5	336	444.1	76.2	99.7
WP_014621675.1	gnl|META|MONOMER-20028	2.3e-08	23.0	239	56.6	44.4	48.0
WP_014621675.1	gnl|META|MONOMER-20063	1.9e-07	32.3	167	53.5	49.1	32.1
WP_014621675.1	gnl|META|MONOMER-18063	5.6e-07	38.6	88	52.0	52.3	18.8
WP_014621680.1	gnl|META|MONOMER-15696	7.1e-01	33.3	42	31.6	69.0	10.0
WP_014621681.1	gnl|META|MONOMER-19094	7.1e-03	33.3	45	38.1	66.7	11.5
WP_014621682.1	gnl|META|MONOMER-14558	8.4e-137	62.3	390	483.0	76.9	98.0
WP_014621683.1	gnl|META|EG11500-MONOMER	4.9e-10	26.4	212	62.4	45.3	38.0
WP_014621684.1	gnl|META|EG10595-MONOMER	8.3e-36	34.9	295	147.1	53.2	92.3
WP_014621693.1	gnl|META|YJFF-MONOMER	5.4e-08	26.7	255	54.7	45.5	85.1
WP_014621693.1	gnl|META|YDEY-MONOMER	7.0e-08	25.8	209	54.3	52.2	70.6
WP_014621699.1	gnl|META|MONOMER-13043	2.1e-225	78.9	502	777.7	87.8	100.0
WP_014621700.1	gnl|META|2-ISOPROPYLMALATESYN-MONOMER	9.5e-96	41.3	518	347.1	58.9	99.0
WP_014621700.1	gnl|META|AT5G23020-MONOMER	1.4e-86	43.8	390	316.6	64.1	72.1
WP_014621707.1	gnl|META|EG10830-MONOMER	5.5e-65	32.4	550	245.4	51.6	70.5
WP_014621710.1	gnl|META|AT4G26900-MONOMER	8.6e-37	39.0	200	149.8	57.0	97.5
WP_014621712.1	gnl|META|HISTDEHYD-MONOMER	1.6e-85	44.3	420	312.8	61.7	97.7
WP_014621713.1	gnl|META|ATPPHOSRIBOSTRANS-MONOMER	2.4e-24	34.2	228	108.6	51.8	98.1
WP_014621719.1	gnl|META|BSU11670-MONOMER	1.6e-17	25.9	367	86.7	40.9	94.8
WP_014621724.1	gnl|META|MONOMER-17076	2.2e-54	30.1	528	209.9	48.3	79.0
WP_014621726.1	gnl|META|PTSI-MONOMER	7.9e-152	49.9	573	533.5	68.2	99.0
WP_014621727.1	gnl|META|ISOCITDEH-SUBUNIT	9.5e-125	55.9	404	443.0	70.5	98.7
WP_014621727.1	gnl|META|HP0027-MONOMER	9.9e-114	52.0	392	406.4	69.4	94.6
WP_014621728.1	gnl|META|MONOMER-16259	2.4e-85	44.3	375	312.0	64.3	98.1
WP_014621729.1	gnl|META|AT4G35830-MONOMER	3.0e-267	52.7	874	917.5	70.0	96.7
WP_014621729.1	gnl|META|ACONITASE-MONOMER	2.1e-265	54.2	888	911.4	68.9	99.0
WP_014621729.1	gnl|META|MONOMER-65	3.8e-262	53.9	887	900.6	68.5	98.9
WP_014621729.1	gnl|META|HS04597-MONOMER	7.9e-260	52.5	877	892.9	70.1	98.0
WP_014621729.1	gnl|META|G185E-5659-MONOMER	1.1e-250	47.9	936	862.4	65.3	99.0
WP_014621730.1	gnl|META|MONOMER-13835	5.9e-205	50.6	714	710.3	67.5	98.9
WP_014621730.1	gnl|META|NRDE-MONOMER	1.1e-203	50.3	714	706.1	66.9	98.9
WP_014621732.1	gnl|META|MONOMER-13096	1.8e-164	87.8	328	574.7	94.8	100.0
WP_014621738.1	gnl|META|MONOMER-6564	7.9e-110	57.9	347	393.3	73.8	96.6
WP_014621741.1	gnl|META|CARDIOLIPSYN-MONOMER	1.4e-32	24.7	413	137.1	45.8	81.4
WP_014621744.1	gnl|META|YBHR-MONOMER	3.4e-03	27.7	141	38.5	47.5	54.3
WP_014621745.1	gnl|META|YBHF-MONOMER	3.9e-30	33.9	224	128.3	55.4	73.4
WP_014621749.1	gnl|META|EG10626-MONOMER	1.5e-04	37.5	64	42.0	53.1	54.2
WP_014621749.1	gnl|META|H2NEOPTERINP3PYROPHOSPHOHYDRO-MONOMER	5.6e-04	31.5	111	40.0	47.7	82.2
WP_014621757.1	gnl|META|YDHE-MONOMER	5.5e-60	32.3	434	228.0	54.1	95.5
WP_014621758.1	gnl|META|EG12394-MONOMER	1.0e-28	48.8	125	123.6	63.2	39.6
WP_014621764.1	gnl|META|CELB-MONOMER	6.3e-13	29.2	192	71.6	51.0	43.3
WP_014621775.1	gnl|META|MONOMER-20013	1.4e-22	30.7	218	104.4	48.6	30.4
WP_014621775.1	gnl|META|EG11266-MONOMER	2.3e-20	44.4	117	97.1	59.8	16.8
WP_014621775.1	gnl|META|BSU35680-MONOMER	3.9e-20	24.7	385	96.3	47.0	52.4
WP_014621777.1	gnl|META|BSU35520-MONOMER	1.0e-02	23.7	114	37.7	47.4	24.4
WP_014621780.1	gnl|META|EG10927-MONOMER	2.1e-01	21.3	1105	34.7	36.2	98.7
WP_014621781.1	gnl|META|MELB-MONOMER	1.1e-34	25.4	422	144.4	49.3	64.8
WP_014621783.1	gnl|META|GALACTOKIN-MONOMER	1.6e-68	38.7	385	256.1	58.4	97.7
WP_014621788.1	gnl|META|GLUTCYSLIG-MONOMER	1.1e-39	28.6	451	161.4	45.0	51.6
WP_014621788.1	gnl|META|MONOMER-17421	9.3e-36	34.2	266	148.3	54.1	35.3
WP_014621791.1	gnl|META|MONOMER-13562	3.3e-62	40.4	337	235.0	58.8	99.7
WP_014621795.1	gnl|META|MONOMER-4461	4.7e-17	27.1	199	85.9	48.2	31.3
WP_014621795.1	gnl|META|HS02256-MONOMER	1.2e-15	23.8	273	81.3	45.4	42.5
WP_014621795.1	gnl|META|HS08155-MONOMER	1.5e-15	28.6	161	80.9	52.8	24.7
WP_014621795.1	gnl|META|HS09136-MONOMER	1.3e-14	28.9	149	77.8	52.3	23.0
WP_014621797.1	gnl|META|MONOMER-16461	4.6e-01	45.7	35	32.3	54.3	7.6
WP_014621798.1	gnl|META|EG11195-MONOMER	6.3e-43	35.4	271	170.6	57.9	98.5
WP_014621799.1	gnl|META|G6442-MONOMER	1.2e-27	31.3	259	119.8	45.9	98.5
WP_014621799.1	gnl|META|G6425-MONOMER	5.7e-25	30.2	242	110.9	47.9	92.0
WP_014621800.1	gnl|META|SYNPCC7942_0309-MONOMER	5.8e-01	30.0	60	31.2	53.3	23.0
WP_014621801.1	gnl|META|OPPF-MONOMER	1.0e-68	49.1	265	256.5	71.3	85.8
WP_014621801.1	gnl|META|YLIA-MONOMER	3.1e-62	45.6	287	235.0	64.8	91.3
WP_014621802.1	gnl|META|OPPA-MONOMER	1.3e-20	23.2	531	97.8	39.4	79.2
WP_014621804.1	gnl|META|OPPA-MONOMER	1.9e-21	22.7	555	100.5	38.7	83.2
WP_014621806.1	gnl|META|MONOMER-16176	5.0e-28	28.0	389	121.7	46.5	96.0
WP_014621807.1	gnl|META|EG12098-MONOMER	6.7e-30	36.8	258	127.5	49.6	79.9
WP_014621814.1	gnl|META|BSU35700-MONOMER	6.5e-44	41.8	196	174.5	65.8	49.0
WP_014621814.1	gnl|META|MONOMER-20000	6.5e-44	41.8	196	174.5	65.8	49.0
WP_014621814.1	gnl|META|MONOMER-19989	4.6e-42	38.4	237	168.3	58.2	59.2
WP_014621817.1	gnl|META|BSU35680-MONOMER	3.0e-18	30.4	263	89.0	49.4	75.5
WP_014621817.1	gnl|META|EG11266-MONOMER	2.5e-17	27.9	283	85.9	46.6	77.9
WP_014621819.1	gnl|META|MONOMER-19263	8.3e-20	37.0	184	93.6	52.7	70.3
WP_014621819.1	gnl|META|G185E-6255-MONOMER	3.0e-17	26.6	214	85.1	46.3	87.8
WP_014621820.1	gnl|META|MONOMER-18135	1.2e-44	38.4	289	176.4	55.4	96.8
WP_014621824.1	gnl|META|MONOMER-20009	1.3e-63	40.8	304	239.6	64.5	98.4
WP_014621824.1	gnl|META|G7220-MONOMER	2.9e-60	39.4	302	228.4	61.9	98.1
WP_014621826.1	gnl|META|G7039-MONOMER	5.6e-28	35.0	257	120.9	55.6	94.3
WP_014621826.1	gnl|META|GLNH-MONOMER	9.5e-28	34.8	244	120.2	52.9	92.4
WP_014621827.1	gnl|META|MONOMER-11821	9.9e-23	24.8	343	104.0	42.0	88.1
WP_014621827.1	gnl|META|MONOMER-18938	3.8e-22	24.4	336	102.1	42.6	87.8
WP_014621827.1	gnl|META|MONOMER-20617	8.4e-22	23.7	363	100.9	41.6	91.3
WP_014621827.1	gnl|META|G7184-MONOMER	4.2e-21	27.5	313	98.6	42.2	79.1
WP_014621827.1	gnl|META|MONOMER-19128	1.2e-20	23.7	329	97.1	41.9	83.2
WP_014621827.1	gnl|META|BSU13580-MONOMER	4.6e-20	25.5	330	95.1	39.7	84.3
WP_014621827.1	gnl|META|MONOMER-13947	6.0e-20	25.3	336	94.7	42.6	82.9
WP_014621827.1	gnl|META|MONOMER-13008	7.8e-20	24.6	309	94.4	44.3	77.2
WP_014621828.1	gnl|META|GLNH-MONOMER	2.9e-24	32.7	226	108.6	52.2	84.5
WP_014621828.1	gnl|META|G7039-MONOMER	4.6e-22	30.9	246	101.3	52.0	91.7
WP_014621829.1	gnl|META|G7039-MONOMER	3.7e-22	29.2	250	101.7	52.4	89.1
WP_014621829.1	gnl|META|GLNH-MONOMER	6.9e-21	30.6	216	97.4	50.5	77.5
WP_014621834.1	gnl|META|G7039-MONOMER	4.8e-29	32.5	228	125.9	53.1	30.6
WP_014621834.1	gnl|META|GLNH-MONOMER	4.5e-27	32.8	253	119.4	49.8	33.8
WP_014621834.1	gnl|META|GLNP-MONOMER	2.3e-26	33.2	208	117.1	57.7	28.3
WP_014621835.1	gnl|META|EG11404-MONOMER	9.3e-12	33.6	137	67.8	48.2	26.1
WP_014621841.1	gnl|META|MONOMER-20023	2.7e-02	21.9	310	35.8	41.9	99.3
WP_014621843.1	gnl|META|EG10424-MONOMER	9.2e-173	44.4	798	603.2	56.8	97.4
WP_014621846.1	gnl|META|HS01776-MONOMER	8.9e-38	37.9	240	154.1	54.6	59.7
WP_014621846.1	gnl|META|MONOMER-10261	1.2e-37	37.5	240	153.7	53.8	59.7
WP_014621846.1	gnl|META|AT1G17745-MONOMER	1.2e-37	35.9	301	153.7	50.8	72.4
WP_014621846.1	gnl|META|PGLYCDEHYDROG-MONOMER	4.4e-37	30.8	351	151.8	49.3	86.7
WP_014621853.1	gnl|META|BSU22780-MONOMER	6.5e-71	68.2	179	263.1	84.9	95.7
WP_014621855.1	gnl|META|AT5G41480-MONOMER	2.2e-42	29.1	457	169.5	45.7	92.4
WP_014621858.1	gnl|META|EG11073-MONOMER	2.6e-12	26.0	289	68.9	41.2	97.8
WP_014621863.1	gnl|META|MONOMER-17919	8.4e-01	34.3	70	30.8	42.9	24.1
WP_014621867.1	gnl|META|MONOMER-1884	7.3e-01	30.5	59	29.3	44.1	67.8
WP_014621868.1	gnl|META|BSU02750-MONOMER	1.0e-25	27.5	240	113.6	49.2	78.8
WP_014621872.1	gnl|META|MONOMER-14088	2.0e-99	69.0	245	358.2	78.4	97.6
WP_014621874.1	gnl|META|G7649-MONOMER	1.3e-08	37.7	77	55.1	59.7	86.5
WP_014621878.1	gnl|META|EG10529-MONOMER	9.9e-21	31.9	160	97.8	56.9	30.2
WP_014621880.1	gnl|META|GLNP-MONOMER	9.3e-16	31.8	173	80.1	53.2	76.4
WP_014621881.1	gnl|META|GLNP-MONOMER	2.3e-22	29.9	214	102.1	55.1	93.8
WP_014621881.1	gnl|META|G7037-MONOMER	3.9e-22	31.7	208	101.3	54.3	92.0
WP_014621882.1	gnl|META|MONOMER-15463	9.8e-89	47.6	353	323.2	67.4	99.4
WP_014621884.1	gnl|META|MONOMER-14503	7.9e-112	37.8	777	401.0	57.7	99.9
WP_014621885.1	gnl|META|MONOMER-282	8.0e-56	38.3	324	213.8	59.6	96.4
WP_014621886.1	gnl|META|MONOMER-282	3.7e-42	42.6	190	167.5	66.3	97.9
WP_014621886.1	gnl|META|MONOMER-16006	1.2e-40	44.9	196	162.5	65.3	100.0
WP_014621886.1	gnl|META|PABASYN-COMPII-MONOMER	5.0e-39	46.5	187	157.1	66.3	97.3
WP_014621886.1	gnl|META|MONOMER-3604	5.0e-39	42.5	193	157.1	60.6	98.9
WP_014621887.1	gnl|META|MONOMER-16005	2.9e-85	39.8	462	312.0	58.9	97.6
WP_014621887.1	gnl|META|MONOMER-281	1.6e-83	40.5	457	306.2	57.5	98.0
WP_014621887.1	gnl|META|MONOMER-14031	1.6e-78	37.6	497	289.7	54.5	98.4
WP_014621887.1	gnl|META|MONOMER-3603	4.2e-76	40.1	444	281.6	57.2	97.1
WP_014621888.1	gnl|META|CHORISMUTPREPHENDEHYDROG-MONOMER	1.2e-06	36.1	83	48.5	57.8	89.2
WP_014621892.1	gnl|META|MONOMER-17626	5.7e-01	24.1	83	30.8	44.6	42.3
WP_014621894.1	gnl|META|EG12172-MONOMER	1.3e-12	36.9	103	68.9	54.4	73.4
WP_014621910.1	gnl|META|PANTEPADENYLYLTRAN-MONOMER	1.3e-27	37.3	158	119.0	63.9	95.8
WP_014621912.1	gnl|META|EG12347-MONOMER	2.0e-67	52.2	247	251.9	71.7	98.8
WP_014621912.1	gnl|META|GLNQ-MONOMER	5.2e-60	49.4	243	227.3	68.7	98.4
WP_014621922.1	gnl|META|EG10613-MONOMER	1.9e-65	28.7	578	246.5	52.1	98.1
WP_014621923.1	gnl|META|EG10613-MONOMER	9.4e-68	30.7	518	254.2	53.9	87.4
WP_014621926.1	gnl|META|EG12401-MONOMER	2.2e-57	35.1	367	219.2	56.9	93.1
WP_014621926.1	gnl|META|MONOMER-16695	5.7e-53	35.8	338	204.5	57.1	85.3
WP_014621928.1	gnl|META|MONOMER-16137	3.2e-15	23.8	441	79.3	42.4	88.7
WP_014621930.1	gnl|META|MONOMER-15471	6.2e-80	29.8	741	295.0	50.5	97.1
WP_014621931.1	gnl|META|EG11085-MONOMER	4.3e-51	39.4	317	198.0	56.2	99.1
WP_014621940.1	gnl|META|GLUTSEMIALDEHYDROG-MONOMER	1.7e-103	47.1	416	372.5	69.2	99.0
WP_014621941.1	gnl|META|GLUTKIN-MONOMER	2.7e-38	37.5	253	155.2	56.9	94.8
WP_014621943.1	gnl|META|EG10837-MONOMER	1.7e-18	25.1	454	91.7	43.6	35.7
WP_014621947.1	gnl|META|EG11062-MONOMER	4.2e-03	27.1	85	39.7	54.1	11.9
WP_014621948.1	gnl|META|ALARACECAT-MONOMER	2.9e-35	34.5	307	145.6	51.8	81.2
WP_014621948.1	gnl|META|G1G01-5627-MONOMER	7.3e-34	34.8	305	141.0	51.8	81.7
WP_014621951.1	gnl|META|MONOMER-13042	6.0e-87	51.5	295	317.0	68.8	98.0
WP_014621952.1	gnl|META|MONOMER-12625	4.0e-80	40.0	443	295.4	60.0	69.4
WP_014621952.1	gnl|META|BGLF-MONOMER	1.0e-72	30.5	639	270.8	49.5	99.2
WP_014621953.1	gnl|META|G7248-MONOMER	1.3e-51	36.7	346	199.9	56.1	95.2
WP_014621956.1	gnl|META|BSU02750-MONOMER	4.4e-18	35.7	143	87.0	55.9	98.4
WP_014621959.1	gnl|META|EG10746-MONOMER	3.2e-144	36.8	940	508.8	54.9	99.5
WP_014621960.1	gnl|META|EG10625-MONOMER	5.0e-24	25.1	533	109.4	41.7	62.1
WP_014621962.1	gnl|META|G7405-MONOMER	8.4e-12	29.4	228	67.0	48.2	94.3
WP_014621967.1	gnl|META|MONOMER-13093	3.7e-178	93.2	337	620.2	96.1	100.0
WP_014621968.1	gnl|META|EG10529-MONOMER	1.9e-22	25.3	487	104.0	39.6	68.0
WP_014621970.1	gnl|META|G7841-MONOMER	1.4e-35	36.2	254	146.4	57.5	79.7
WP_014621971.1	gnl|META|EG10523-MONOMER	4.4e-34	31.7	271	141.4	50.2	93.4
WP_014621973.1	gnl|META|EG11481-MONOMER	2.6e-30	29.8	258	128.6	50.4	98.1
WP_014621979.1	gnl|META|G6665-MONOMER	2.8e-03	28.6	133	38.1	48.1	84.7
WP_014621993.1	gnl|META|BSU35670-MONOMER	6.5e-89	56.6	295	323.6	74.6	96.7
WP_014621993.1	gnl|META|MONOMER-20001	3.2e-88	56.2	292	321.2	74.7	95.4
WP_014621995.1	gnl|META|EG11158-MONOMER	4.3e-16	29.7	165	80.9	52.7	89.1
WP_014622001.1	gnl|META|MONOMER-428	1.2e-106	51.1	401	382.9	67.8	99.5
WP_014622001.1	gnl|META|MONOMER-13473	1.3e-105	51.2	400	379.4	69.5	99.5
WP_014622001.1	gnl|META|ACKCLOS-MONOMER	2.2e-105	48.5	400	378.6	68.2	99.5
WP_014622001.1	gnl|META|STM2057-MONOMER	1.9e-104	51.0	392	375.6	68.1	98.7
WP_014622001.1	gnl|META|MONOMER-20612	1.7e-97	47.9	390	352.4	67.7	97.2
WP_014622005.1	gnl|META|G7704-MONOMER	1.2e-32	32.4	275	136.7	52.7	85.6
WP_014622007.1	gnl|META|RPOB-MONOMER	1.5e-306	43.4	1368	1048.5	59.5	95.1
WP_014622011.1	gnl|META|ACETOLACTSYNIII-ICHAIN-MONOMER	5.2e-140	44.6	567	494.2	65.6	97.5
WP_014622011.1	gnl|META|MONOMER-11900	6.0e-136	45.6	566	480.7	63.8	95.9
WP_014622011.1	gnl|META|MONOMER-18810	7.8e-136	45.4	559	480.3	64.0	97.0
WP_014622014.1	gnl|META|G1I0R-1119-MONOMER	6.3e-143	49.1	544	503.8	67.8	100.0
WP_014622015.1	gnl|META|THRESYN-MONOMER	3.7e-49	32.3	473	192.2	49.7	94.7
WP_014622016.1	gnl|META|GIO2-535-MONOMER	3.4e-11	34.8	112	63.9	54.5	97.3
WP_014622016.1	gnl|META|ADHE-MONOMER	6.5e-10	34.5	110	59.7	50.9	97.3
WP_014622019.1	gnl|META|ADHE-MONOMER	1.7e-51	41.9	265	199.1	63.0	93.5
WP_014622019.1	gnl|META|AADCLOS-MONOMER	1.2e-49	41.1	265	193.0	61.5	93.5
WP_014622019.1	gnl|META|MONOMER-15847	8.7e-48	37.8	267	186.8	61.8	94.2
WP_014622036.1	gnl|META|MONOMER-19094	5.4e-03	33.3	45	38.5	66.7	11.5
WP_014622038.1	gnl|META|G6131-MONOMER	3.4e-26	38.9	185	114.8	56.8	80.4
WP_014622040.1	gnl|META|EG10876-MONOMER	4.8e-13	41.0	144	70.5	50.0	98.6
WP_014622041.1	gnl|META|EG10907-MONOMER	3.2e-32	48.1	131	134.0	74.0	99.2
WP_014622044.1	gnl|META|MONOMER-19094	5.4e-03	33.3	45	38.5	66.7	11.5
WP_014622049.1	gnl|META|SFUC-MONOMER	3.9e-17	34.2	161	85.9	57.1	29.6
WP_014622049.1	gnl|META|CYDC-MONOMER	3.3e-16	27.5	247	82.8	47.0	45.6
WP_014622049.1	gnl|META|POTG-MONOMER	3.3e-16	31.6	171	82.8	54.4	31.8
WP_014622049.1	gnl|META|YCBE-MONOMER	5.6e-16	32.4	204	82.0	50.0	38.6
WP_014622049.1	gnl|META|MACB	9.5e-16	35.3	170	81.3	53.5	30.4
WP_014622049.1	gnl|META|UGPC-MONOMER	9.5e-16	32.7	165	81.3	55.2	30.8
WP_014622049.1	gnl|META|CYSA-MONOMER	1.2e-15	31.0	184	80.9	54.3	33.1
WP_014622049.1	gnl|META|TAUB-MONOMER	6.2e-15	29.9	177	78.6	52.0	33.5
WP_014622053.1	gnl|META|RIBONUCLEOSIDE-TRIP-REDUCT-MONOMER	1.5e-216	52.0	716	748.8	68.7	96.9
WP_014622056.1	gnl|META|ASPS-MONOMER	4.7e-160	50.2	590	560.8	68.6	98.8
WP_014622056.1	gnl|META|MONOMER-14053	7.7e-155	48.5	586	543.5	66.2	99.7
WP_014622059.1	gnl|META|EG10890-MONOMER	7.5e-05	38.9	54	42.0	63.0	88.3
WP_014622067.1	gnl|META|EG11344-MONOMER	3.2e-122	59.1	364	434.5	74.2	97.1
WP_014622069.1	gnl|META|G3O-32293-MONOMER	4.7e-05	24.7	146	45.4	46.6	32.0
WP_014622070.1	gnl|META|TRPS-MONOMER	9.4e-36	32.5	342	147.1	52.3	98.8
WP_014727445.1	gnl|META|PPENTOMUT-MONOMER	6.5e-76	41.2	422	280.8	54.5	97.3
WP_023909361.1	gnl|META|PROS-MONOMER	4.0e-125	40.7	619	444.9	59.5	98.5
WP_023909743.1	gnl|META|G1I0R-1995-MONOMER	6.1e-59	37.5	387	224.6	53.2	85.5
WP_023909814.1	gnl|META|MONOMER-17076	7.6e-07	31.1	74	49.3	58.1	76.3
WP_024703971.1	gnl|META|EG10534-MONOMER	7.8e-148	45.1	667	520.4	61.3	100.0
WP_024704178.1	gnl|META|EG11921-MONOMER	4.6e-37	38.6	241	151.0	58.1	98.8
WP_037622974.1	gnl|META|MONOMER-17647	5.0e-20	33.3	201	94.7	47.3	65.9
WP_041828978.1	gnl|META|SYNPCC7942_0260-MONOMER	2.0e-172	41.2	837	602.4	60.1	98.8
WP_041828998.1	gnl|META|EG10211-MONOMER	2.4e-31	38.9	211	132.9	54.5	39.7
WP_041828998.1	gnl|META|EG10211-MONOMER	3.0e-05	49.0	51	46.2	58.8	11.3
WP_041829023.1	gnl|META|MONOMER-13104	4.7e-79	65.2	233	290.4	76.0	100.0
WP_041829027.1	gnl|META|GLY3KIN-MONOMER	8.9e-72	41.8	380	266.9	58.7	100.0
WP_041829027.1	gnl|META|GKI-MONOMER	1.2e-71	41.7	369	266.5	59.9	97.3
WP_041829038.1	gnl|META|EG10459-MONOMER	9.8e-03	24.1	228	38.9	43.4	23.4
WP_041829042.1	gnl|META|AT5G64860-MONOMER	5.9e-95	37.0	500	344.4	55.2	98.2
WP_041829042.1	gnl|META|GIO2-442-MONOMER	1.7e-94	36.9	502	342.8	54.0	98.8
WP_041829049.1	gnl|META|EG10626-MONOMER	9.0e-01	30.5	59	31.2	52.5	13.4
WP_041829051.1	gnl|META|G12WB-675-MONOMER	8.1e-49	34.1	302	190.7	57.6	79.8
WP_041829057.1	gnl|META|PRIBFAICARPISOM-MONOMER	1.9e-35	32.6	236	145.6	53.4	96.7
WP_041829065.1	gnl|META|THIF-MONOMER	9.4e-07	31.3	99	52.0	55.6	12.7
WP_041829065.1	gnl|META|HS07200-MONOMER	1.4e-05	31.6	98	48.1	55.1	12.2
WP_041829065.1	gnl|META|G185E-7476-MONOMER	1.4e-05	32.0	75	48.1	58.7	9.7
WP_041829076.1	gnl|META|HS00233-MONOMER	2.0e-15	29.4	245	79.3	44.9	76.6
WP_041829076.1	gnl|META|MONOMER0-541	7.5e-15	32.4	148	77.4	54.7	51.8
WP_041829078.1	gnl|META|MONOMER-20014	1.2e-03	26.3	152	41.2	43.4	25.3
WP_041829084.1	gnl|META|EG10634-MONOMER	8.3e-04	42.1	57	40.0	54.4	29.1
WP_041829085.1	gnl|META|EG11433-MONOMER	1.2e-31	42.9	156	132.5	54.5	90.5
WP_041829094.1	gnl|META|MONOMER-15456	1.6e-38	26.4	561	157.5	45.1	67.8
WP_041829134.1	gnl|META|PHOR-MONOMER	5.6e-17	30.0	227	85.1	50.2	52.0
WP_041829134.1	gnl|META|G6318-MONOMER	2.1e-16	25.2	330	83.2	48.2	74.0
WP_041829134.1	gnl|META|CREC-MONOMER	6.8e-15	25.6	238	78.2	48.3	54.8
WP_041829150.1	gnl|META|PHET-MONOMER	6.1e-118	35.2	818	421.4	54.9	100.0
WP_041829155.1	gnl|META|MONOMER-18866	5.1e-16	24.3	341	81.6	39.9	87.1
WP_041829159.1	gnl|META|ANSB-MONOMER	1.7e-34	32.3	325	142.9	48.6	98.4
WP_050816216.1	gnl|META|MONOMER-15490	2.3e-28	26.3	415	122.9	45.5	95.2
WP_080998412.1	gnl|META|POTA-MONOMER	4.6e-06	42.6	47	46.2	68.1	68.1
WP_080998412.1	gnl|META|POTG-MONOMER	1.0e-05	43.8	48	45.1	68.8	69.6
WP_080998412.1	gnl|META|YHBG-MONOMER	1.3e-05	34.3	70	44.7	57.1	95.7
WP_080998412.1	gnl|META|CYDC-MONOMER	1.7e-05	34.4	64	44.3	65.6	88.4
WP_080998412.1	gnl|META|MONOMER-19446	2.3e-05	35.8	53	43.9	66.0	76.8
WP_080998412.1	gnl|META|SFUC-MONOMER	3.0e-05	42.5	40	43.5	77.5	58.0
WP_080998412.1	gnl|META|CYSA-MONOMER	6.6e-05	38.5	52	42.4	61.5	75.4
WP_080998412.1	gnl|META|SAPF-MONOMER	6.6e-05	40.5	42	42.4	76.2	60.9
WP_081004994.1	gnl|META|MONOMER-19303	2.8e-06	21.9	237	48.9	41.8	84.8
WP_081004994.1	gnl|META|MONOMER-19467	2.4e-05	44.2	52	45.8	57.7	18.8
WP_081247986.1	gnl|META|GIO2-535-MONOMER	1.5e-13	56.2	64	71.2	78.1	80.5
WP_081247986.1	gnl|META|MONOMER-15847	2.5e-13	59.4	64	70.5	78.1	80.5
WP_081247986.1	gnl|META|ADHE-MONOMER	2.1e-12	53.1	64	67.4	81.2	80.5
WP_081247986.1	gnl|META|AADCLOS-MONOMER	4.8e-12	54.7	64	66.2	78.1	80.5
WP_082321149.1	gnl|META|HS05981-MONOMER	1.6e-33	26.9	517	140.2	44.7	96.9
WP_082321153.1	gnl|META|GPH-MONOMER	9.2e-07	33.3	93	50.1	57.0	44.8
WP_095559509.1	gnl|META|G7037-MONOMER	4.9e-34	35.7	224	141.0	58.9	90.3
WP_100273195.1	gnl|META|GIO2-535-MONOMER	1.4e-38	57.9	126	155.2	74.6	90.6
WP_100273195.1	gnl|META|ADHE-MONOMER	2.1e-34	56.6	129	141.4	69.0	92.8
WP_101415552.1	gnl|META|BGLF-MONOMER	4.3e-06	58.3	36	45.4	69.4	94.7
WP_152902827.1	gnl|META|MONOMER-14018	5.5e-67	35.2	366	251.1	57.7	90.8
WP_152902827.1	gnl|META|MONOMER-18832	4.8e-63	36.0	339	238.0	58.4	84.1
WP_155105324.1	gnl|META|MALX-MONOMER	3.1e-46	28.7	513	182.6	46.4	95.8
WP_155105324.1	gnl|META|PTSG-MONOMER	5.9e-45	29.4	500	178.3	46.6	94.5
WP_155105324.1	gnl|META|NAGE-MONOMER	2.9e-44	28.3	508	176.0	44.7	94.9
WP_155105326.1	gnl|META|EG12354-MONOMER	1.9e-02	29.9	97	36.6	47.4	20.0
WP_155105335.1	gnl|META|G7705-MONOMER	2.8e-06	21.9	347	49.3	41.2	92.0
