WP_003646623.1	gnl|META|MANX-MONOMER	1.8e-63	37.5	325	239.2	59.4	97.9
WP_003646624.1	gnl|META|MANY-MONOMER	4.7e-59	52.5	240	224.2	71.7	89.5
WP_003646627.1	gnl|META|CYCA-MONOMER	2.6e-81	39.7	431	298.9	63.1	92.9
WP_003646627.1	gnl|META|AROP-MONOMER	1.0e-80	38.3	457	297.0	59.5	98.5
WP_003646627.1	gnl|META|PHEP-MONOMER	6.7e-77	38.0	445	284.3	59.8	96.1
WP_003646632.1	gnl|META|G1I0R-1994-MONOMER	4.5e-34	35.4	212	141.0	54.7	92.5
WP_003646637.1	gnl|META|G6550-MONOMER	5.0e-38	50.3	167	153.7	63.5	97.0
WP_003646646.1	gnl|META|SYNPCC7942_0485-MONOMER	1.7e-13	28.0	193	72.4	46.6	91.5
WP_003646652.1	gnl|META|EG11723-MONOMER	8.3e-15	31.7	180	76.6	52.8	95.6
WP_003646652.1	gnl|META|MONOMER-17150	8.3e-15	32.8	177	76.6	49.7	94.4
WP_003646652.1	gnl|META|MONOMER-17535	1.1e-14	28.7	174	76.3	50.6	93.9
WP_003646654.1	gnl|META|MONOMER-18021	2.7e-21	25.2	250	99.0	45.2	79.9
WP_003646657.1	gnl|META|MONOMER-16469	1.7e-05	22.8	254	46.2	42.1	93.4
WP_003646657.1	gnl|META|MONOMER-16461	8.5e-05	21.7	175	43.9	41.1	58.8
WP_003646657.1	gnl|META|NIFHKLEB-MONOMER	1.4e-04	55.6	36	43.1	77.8	14.0
WP_003646657.1	gnl|META|MONOMER-19495	1.4e-04	55.6	36	43.1	77.8	14.0
WP_003646659.1	gnl|META|EG11404-MONOMER	7.6e-108	53.8	366	386.7	71.9	100.0
WP_003646661.1	gnl|META|EG10613-MONOMER	6.2e-70	29.9	589	261.5	52.0	94.3
WP_003646664.1	gnl|META|G6318-MONOMER	2.7e-23	29.4	279	105.9	50.5	72.4
WP_003646664.1	gnl|META|BARA-MONOMER	5.6e-21	25.1	359	98.2	46.5	81.9
WP_003646664.1	gnl|META|BAES-MONOMER	7.3e-21	27.1	280	97.8	47.9	72.7
WP_003646723.1	gnl|META|ZNUC-MONOMER	4.1e-24	31.9	188	107.8	53.7	85.8
WP_003646725.1	gnl|META|B2975-MONOMER	1.0e-57	32.2	540	220.7	51.3	98.0
WP_003646725.1	gnl|META|LCTP-MONOMER	2.9e-57	31.8	528	219.2	51.5	96.8
WP_003646728.1	gnl|META|MONOMER-19113	4.6e-01	43.2	44	32.7	52.3	7.3
WP_003646735.1	gnl|META|EG11249-MONOMER	1.2e-08	35.6	73	55.5	52.1	64.6
WP_003646738.1	gnl|META|HS04162-MONOMER	4.4e-01	47.1	34	30.8	61.8	22.2
WP_003646746.1	gnl|META|XASA-MONOMER	1.6e-09	19.4	439	60.5	41.9	90.2
WP_003646747.1	gnl|META|MACB	3.6e-45	39.9	223	177.9	66.8	89.9
WP_003646749.1	gnl|META|GPMA-MONOMER	2.5e-10	26.0	200	62.0	42.5	81.0
WP_003646749.1	gnl|META|SYNPCC7942_0485-MONOMER	2.5e-10	32.7	150	62.0	46.0	67.1
WP_003646749.1	gnl|META|MONOMER-13213	2.8e-09	26.7	180	58.5	43.3	81.9
WP_003646749.1	gnl|META|RIBAZOLEPHOSPHAT-MONOMER	8.1e-09	24.4	180	57.0	43.9	81.9
WP_003646753.1	gnl|META|MONOMER-20591	1.8e-05	23.6	178	46.2	46.6	63.6
WP_003646753.1	gnl|META|MONOMER-19906	4.0e-05	22.5	120	45.1	45.0	44.1
WP_003646753.1	gnl|META|MONOMER-17113	2.0e-04	24.8	129	42.7	43.4	46.3
WP_003646755.1	gnl|META|EG10203-MONOMER	6.2e-08	27.7	224	55.1	45.1	51.3
WP_003646755.1	gnl|META|MONOMER-15473	8.0e-08	28.9	187	54.7	44.4	42.7
WP_003646755.1	gnl|META|EG10201-MONOMER	5.2e-07	26.0	223	52.0	46.2	50.8
WP_003646760.1	gnl|META|PANTOTHENATE-KIN-MONOMER	6.0e-44	35.8	265	174.1	57.4	91.2
WP_003646761.1	gnl|META|EG12099-MONOMER	1.3e-23	32.8	180	105.9	55.0	94.7
WP_003646764.1	gnl|META|BGLF-MONOMER	2.2e-129	38.5	654	459.1	58.0	96.6
WP_003646765.1	gnl|META|G495-MONOMER	1.1e-125	44.9	499	446.4	60.3	99.8
WP_003646765.1	gnl|META|EG10085-MONOMER	1.2e-124	46.5	492	443.0	61.8	99.6
WP_003646765.1	gnl|META|EG10114-MONOMER	1.0e-120	45.4	493	429.9	59.8	99.6
WP_003646771.1	gnl|META|EG12712-MONOMER	9.4e-31	40.4	151	129.4	59.6	93.0
WP_003646771.1	gnl|META|HP0105-MONOMER	1.5e-28	39.4	142	122.1	64.1	89.9
WP_003646778.1	gnl|META|MONOMER-15601	2.6e-02	28.3	92	38.1	51.1	5.6
WP_003646781.1	gnl|META|EG11549-MONOMER	4.3e-86	40.8	400	314.7	63.2	93.4
WP_003646788.1	gnl|META|MALK-MONOMER	2.7e-57	36.2	359	218.8	55.7	97.2
WP_003646788.1	gnl|META|UGPC-MONOMER	2.3e-56	37.2	312	215.7	64.7	85.6
WP_003646788.1	gnl|META|POTA-MONOMER	4.3e-55	38.0	337	211.5	60.2	90.3
WP_003646788.1	gnl|META|YDCT-MONOMER	6.9e-53	44.9	236	204.1	67.8	65.1
WP_003646788.1	gnl|META|POTG-MONOMER	5.8e-52	37.2	293	201.1	62.1	80.6
WP_003646789.1	gnl|META|MALF-MONOMER	1.9e-13	23.1	238	72.8	45.8	78.7
WP_003646791.1	gnl|META|UGPB-MONOMER	1.0e-10	23.0	331	64.3	37.5	71.4
WP_003646794.1	gnl|META|G7350-MONOMER	3.2e-01	24.1	83	31.2	50.6	56.2
WP_003646800.1	gnl|META|EG11239-MONOMER	3.4e-11	26.1	272	65.1	41.9	96.8
WP_003646805.1	gnl|META|MONOMER-19843	5.8e-09	34.4	90	57.8	52.2	34.0
WP_003646805.1	gnl|META|MONOMER-3123	9.8e-09	34.5	113	57.0	48.7	42.4
WP_003646805.1	gnl|META|MONOMER-17199	1.3e-08	39.1	87	56.6	52.9	32.1
WP_003646807.1	gnl|META|SERS-MONOMER	3.2e-97	54.1	331	351.7	68.9	75.5
WP_003646809.1	gnl|META|MONOMER-20028	7.1e-96	45.5	382	347.1	66.2	97.2
WP_003646810.1	gnl|META|MONOMER-20029	4.7e-99	51.8	342	357.5	69.0	98.3
WP_003646812.1	gnl|META|MONOMER-20004	1.5e-149	45.5	642	526.2	62.8	92.5
WP_003646814.1	gnl|META|ADHE-MONOMER	2.0e-207	46.0	863	718.8	65.0	97.4
WP_003646814.1	gnl|META|MONOMER-15847	4.3e-202	45.3	846	701.0	65.1	95.9
WP_003646814.1	gnl|META|GIO2-535-MONOMER	1.7e-198	45.7	852	689.1	63.1	96.5
WP_003646814.1	gnl|META|AADCLOS-MONOMER	3.3e-194	44.9	859	674.9	63.3	97.4
WP_003646819.1	gnl|META|EG10210-MONOMER	4.9e-05	25.4	134	46.2	40.3	18.1
WP_003646820.1	gnl|META|MONOMER-6142	8.6e-111	58.1	332	396.4	76.5	100.0
WP_003646821.1	gnl|META|MONOMER-12931	2.8e-48	28.9	461	189.1	48.8	97.7
WP_003646821.1	gnl|META|MONOMER-11687	3.7e-48	28.2	450	188.7	48.2	97.1
WP_003646821.1	gnl|META|MONOMER-585	4.8e-48	27.9	458	188.3	49.6	98.6
WP_003646821.1	gnl|META|HS01727-MONOMER	6.3e-48	29.5	464	188.0	48.9	97.7
WP_003646821.1	gnl|META|MONOMER-14178	6.9e-47	28.4	455	184.5	48.4	98.0
WP_003646821.1	gnl|META|MONOMER-18303	1.2e-46	27.8	457	183.7	49.7	98.0
WP_003646821.1	gnl|META|E3-MONOMER	1.1e-44	28.1	456	177.2	48.0	97.3
WP_003646821.1	gnl|META|MONOMER-18551	1.6e-43	25.3	450	173.3	48.4	97.3
WP_003646822.1	gnl|META|BSU33400-MONOMER	4.0e-72	47.0	281	267.7	67.3	98.6
WP_003646829.1	gnl|META|MONOMER-16620	4.1e-20	31.7	202	95.1	53.5	60.4
WP_003646829.1	gnl|META|MONOMER-13277	8.6e-18	28.7	202	87.4	51.0	57.7
WP_003646831.1	gnl|META|MONOMER-20591	8.3e-06	27.8	158	47.4	51.3	55.6
WP_003646832.1	gnl|META|MONOMER-8681	1.4e-38	31.0	306	156.4	53.6	97.7
WP_003646836.1	gnl|META|BSU35740-MONOMER	4.0e-48	67.7	127	186.8	84.3	99.2
WP_003646836.1	gnl|META|MONOMER-19985	5.3e-48	66.9	127	186.4	85.0	99.2
WP_003646839.1	gnl|META|BSU22460-MONOMER	1.5e-18	30.0	263	90.1	46.8	68.6
WP_003646842.1	gnl|META|MONOMER-14597	2.9e-137	35.4	1034	485.7	52.6	99.3
WP_003646842.1	gnl|META|MONOMER-14601	2.1e-135	34.2	1032	479.6	51.7	98.9
WP_003646842.1	gnl|META|MONOMER-14610	7.4e-133	33.5	981	471.1	52.7	99.8
WP_003646842.1	gnl|META|MONOMER-14600	4.8e-132	33.3	1021	468.4	52.2	99.2
WP_003646844.1	gnl|META|BSU35720-MONOMER	9.9e-18	25.1	362	87.4	44.8	88.2
WP_003646844.1	gnl|META|MONOMER-19962	1.2e-15	25.2	321	80.5	45.2	81.7
WP_003646844.1	gnl|META|MONOMER-19977	1.6e-15	26.8	321	80.1	47.4	78.3
WP_003646845.1	gnl|META|MONOMER-20019	2.3e-16	20.7	502	83.2	42.6	100.0
WP_003646846.1	gnl|META|G3O-29111-MONOMER	1.3e-07	27.6	134	53.1	47.0	54.5
WP_003646846.1	gnl|META|MONOMER3O-703	2.4e-06	29.2	130	48.9	46.9	52.4
WP_003646852.1	gnl|META|MONOMER-13955	1.4e-146	54.9	483	515.8	73.3	99.0
WP_003646853.1	gnl|META|MONOMER-13956	1.5e-169	61.3	476	592.0	76.7	100.0
WP_003646854.1	gnl|META|MONOMER-20007	2.7e-74	44.7	300	275.0	67.0	99.3
WP_003646856.1	gnl|META|EG11195-MONOMER	8.3e-35	32.5	274	143.7	53.3	100.0
WP_003646861.1	gnl|META|HS13779-MONOMER	5.6e-24	38.3	180	107.1	53.9	96.1
WP_003646870.1	gnl|META|BSU02750-MONOMER	2.4e-30	30.7	241	128.6	57.7	95.3
WP_003646870.1	gnl|META|ABC-MONOMER	1.0e-28	29.0	245	123.2	53.1	97.4
WP_003646873.1	gnl|META|MONOMER-19446	1.2e-09	24.9	185	60.5	49.2	49.9
WP_003646874.1	gnl|META|MONOMER-17935	5.9e-14	26.7	172	74.3	49.4	64.0
WP_003646875.1	gnl|META|G7164-MONOMER	9.1e-03	66.7	24	36.6	83.3	13.8
WP_003646875.1	gnl|META|HS02879-MONOMER	1.2e-02	45.7	35	36.2	65.7	20.1
WP_003646875.1	gnl|META|G6954-MONOMER	5.9e-02	35.5	62	33.9	50.0	35.6
WP_003646878.1	gnl|META|EG12098-MONOMER	1.2e-23	35.3	201	106.7	50.2	68.4
WP_003646879.1	gnl|META|MONOMER-15456	2.9e-60	29.9	562	229.6	46.8	78.5
WP_003646879.1	gnl|META|EG10748-MONOMER	2.4e-54	26.4	751	209.9	40.1	83.8
WP_003646881.1	gnl|META|EG11094-MONOMER	2.6e-08	22.8	302	56.2	39.1	64.1
WP_003646883.1	gnl|META|MONOMER-16557	3.7e-05	26.1	176	45.4	44.9	52.3
WP_003646884.1	gnl|META|EG12352-MONOMER	1.0e-06	38.4	86	50.4	57.0	28.9
WP_003646887.1	gnl|META|EG12172-MONOMER	5.8e-11	35.2	108	63.5	50.0	75.0
WP_003646890.1	gnl|META|EG11779-MONOMER	8.7e-19	31.6	171	90.1	49.1	75.6
WP_003646896.1	gnl|META|HS07681-MONOMER	1.1e-12	32.3	133	70.9	48.1	27.2
WP_003646897.1	gnl|META|HS00528-MONOMER	8.2e-34	33.1	299	140.6	47.2	84.5
WP_003646897.1	gnl|META|HS08648-MONOMER	6.5e-31	33.3	258	131.0	55.8	79.2
WP_003646899.1	gnl|META|CELB-MONOMER	2.0e-38	27.8	450	156.4	48.2	97.3
WP_003646900.1	gnl|META|MONOMER-19567	6.2e-01	27.4	62	30.8	46.8	29.0
WP_003646901.1	gnl|META|MONOMER-15459	3.2e-121	49.5	424	431.4	68.4	97.0
WP_003646905.1	gnl|META|G7490-MONOMER	2.6e-77	42.6	366	285.4	61.2	92.4
WP_003646906.1	gnl|META|EG10746-MONOMER	7.3e-157	36.8	936	550.8	57.2	99.7
WP_003646908.1	gnl|META|MONOMER3O-504	8.7e-34	39.6	197	139.8	61.9	97.0
WP_003646911.1	gnl|META|THRS-MONOMER	6.8e-120	36.5	641	427.6	57.6	98.9
WP_003646917.1	gnl|META|EG11231-MONOMER	1.4e-07	54.5	55	51.2	61.8	83.3
WP_003646918.1	gnl|META|EG10881-MONOMER	1.1e-28	54.7	117	122.1	74.4	99.2
WP_003646919.1	gnl|META|EG10634-MONOMER	2.0e-02	40.0	45	35.4	60.0	26.2
WP_003646919.1	gnl|META|G1G01-1865-MONOMER	4.5e-02	37.9	66	34.3	50.0	38.4
WP_003646919.1	gnl|META|AT5G36790-MONOMER	1.7e-01	36.5	52	32.3	55.8	26.7
WP_003646919.1	gnl|META|AT5G36700-MONOMER	1.7e-01	36.5	52	32.3	55.8	26.7
WP_003646920.1	gnl|META|G7319-MONOMER	1.0e-03	30.0	90	40.8	50.0	23.6
WP_003646921.1	gnl|META|NICONUCADENYLYLTRAN-MONOMER	1.2e-25	33.2	208	112.8	47.1	88.0
WP_003646926.1	gnl|META|CPXR-MONOMER	4.1e-33	34.3	230	137.9	57.4	94.6
WP_003646927.1	gnl|META|CPXA-MONOMER	4.6e-26	28.9	305	115.5	52.1	58.1
WP_003646927.1	gnl|META|BAES-MONOMER	1.0e-25	27.1	303	114.4	49.2	58.7
WP_003646927.1	gnl|META|PHOR-MONOMER	2.3e-25	30.4	227	113.2	54.2	43.3
WP_003646927.1	gnl|META|G6318-MONOMER	3.6e-23	24.2	500	105.9	46.4	95.1
WP_003646928.1	gnl|META|AT2G28800-MONOMER	9.7e-06	26.6	222	47.4	46.4	56.9
WP_003646929.1	gnl|META|G6502-MONOMER	6.9e-10	48.5	66	59.3	65.2	72.5
WP_003646930.1	gnl|META|MONOMER-16328	1.0e-15	35.2	145	80.1	54.5	54.9
WP_003646932.1	gnl|META|PHES-MONOMER	3.1e-82	45.4	328	301.6	65.2	94.0
WP_003646936.1	gnl|META|MONOMER-15472	1.8e-97	33.1	698	353.2	53.0	99.1
WP_003646937.1	gnl|META|EG10891-MONOMER	9.8e-03	48.5	33	34.7	69.7	67.3
WP_003646938.1	gnl|META|EG11158-MONOMER	6.1e-13	31.9	144	70.5	52.8	74.1
WP_003646944.1	gnl|META|MONOMER-502	2.6e-118	47.6	439	421.8	65.1	98.7
WP_003646945.1	gnl|META|G6442-MONOMER	2.2e-35	30.9	262	145.6	55.0	97.0
WP_003646945.1	gnl|META|G6425-MONOMER	3.7e-35	32.8	265	144.8	54.0	97.4
WP_003646948.1	gnl|META|MONOMER-18244	9.9e-90	45.3	380	326.6	65.5	97.9
WP_003646948.1	gnl|META|MONOMER-13468	1.0e-86	42.1	394	316.6	66.0	99.2
WP_003646948.1	gnl|META|THLCLOS-MONOMER	1.9e-85	40.7	386	312.4	65.8	97.9
WP_003646948.1	gnl|META|MONOMER-13086	3.8e-81	41.3	392	298.1	62.2	99.2
WP_003646950.1	gnl|META|MONOMER-18245	5.6e-93	44.6	386	337.4	65.5	99.5
WP_003646957.1	gnl|META|EG10529-MONOMER	1.1e-19	27.0	252	94.4	49.2	46.2
WP_003646961.1	gnl|META|FRUB-MONOMER	2.4e-12	46.0	87	67.4	64.4	95.5
WP_003646961.1	gnl|META|PTSH-MONOMER	1.2e-11	40.7	81	65.1	63.0	92.0
WP_003646962.1	gnl|META|PTSI-MONOMER	7.7e-147	48.7	575	516.9	66.4	99.0
WP_003646963.1	gnl|META|GRXC-MONOMER	1.6e-02	34.9	43	35.4	58.1	32.3
WP_003646970.1	gnl|META|MONOMER0-541	2.5e-15	30.7	176	79.0	51.1	64.8
WP_003646971.1	gnl|META|EG12098-MONOMER	2.4e-27	30.1	249	119.0	49.8	77.6
WP_003646973.1	gnl|META|6PGLUCONOLACT-MONOMER	2.7e-19	28.1	249	92.4	42.6	69.1
WP_003646976.1	gnl|META|EG11888-MONOMER	3.9e-28	41.2	153	120.9	62.1	82.2
WP_003646981.1	gnl|META|3-OXOACYL-ACP-REDUCT-MONOMER	1.3e-26	31.4	239	116.3	55.6	98.3
WP_003646981.1	gnl|META|AT1G24360-MONOMER	1.1e-25	32.8	238	113.2	53.8	97.1
WP_003646983.1	gnl|META|MONOMER-20005	6.1e-37	48.2	191	150.2	67.0	98.4
WP_003646985.1	gnl|META|MONOMER-14369	3.1e-01	31.4	70	33.1	41.4	12.2
WP_003646986.1	gnl|META|MONOMER-19979	2.0e-63	43.7	355	239.2	65.6	93.4
WP_003646986.1	gnl|META|MONOMER-19967	3.4e-58	36.3	358	221.9	58.9	93.7
WP_003646986.1	gnl|META|BSU35530-MONOMER	5.7e-58	36.3	358	221.1	58.9	93.7
WP_003646996.1	gnl|META|EG12128-MONOMER	2.2e-19	29.6	274	92.4	46.0	90.6
WP_003646997.1	gnl|META|MONOMER-17188	3.4e-70	42.3	336	261.5	64.0	99.1
WP_003646998.1	gnl|META|MONOMER-543	1.7e-55	38.2	293	212.6	60.1	93.6
WP_003646998.1	gnl|META|THIOREDOXIN-REDUCT-NADPH-MONOMER	3.7e-55	38.1	318	211.5	57.5	99.0
WP_003646999.1	gnl|META|MONOMER-505	1.3e-65	38.5	366	246.5	58.7	94.1
WP_003646999.1	gnl|META|GALACTOKIN-MONOMER	1.3e-62	34.6	379	236.5	54.6	96.7
WP_003647001.1	gnl|META|ALDOSE1EPIM-MONOMER	5.1e-39	33.8	308	157.9	50.6	88.7
WP_003647002.1	gnl|META|MONOMER-6122	8.2e-133	41.5	561	470.3	61.3	97.6
WP_003647004.1	gnl|META|EG11061-MONOMER	1.7e-308	55.5	939	1054.7	74.5	97.8
WP_003647007.1	gnl|META|MONOMER-12181	1.1e-04	24.3	235	43.9	41.7	61.7
WP_003647009.1	gnl|META|EG10158-MONOMER	1.5e-65	63.9	191	245.4	82.2	97.9
WP_003647009.1	gnl|META|SYNPCC7942_2525-MONOMER	2.4e-60	59.6	188	228.0	79.3	96.4
WP_003647009.1	gnl|META|SYNPCC7942_1554-MONOMER	5.9e-59	58.0	188	223.4	77.1	96.4
WP_003647010.1	gnl|META|XASA-MONOMER	2.1e-09	22.3	457	60.1	42.0	90.9
WP_003647012.1	gnl|META|MONOMER-13052	3.2e-169	87.9	338	590.5	93.2	100.0
WP_003647013.1	gnl|META|MONOMER-13053	1.2e-202	87.1	403	701.8	93.1	100.0
WP_003647014.1	gnl|META|MONOMER-13051	9.8e-123	84.8	250	435.6	92.8	99.6
WP_003647015.1	gnl|META|MONOMER-13054	1.5e-195	78.7	431	678.3	88.2	99.1
WP_003647021.1	gnl|META|BSU04040-MONOMER	3.4e-31	32.3	285	131.7	51.2	99.0
WP_003647023.1	gnl|META|EG11757-MONOMER	2.7e-17	39.3	117	84.7	59.8	72.8
WP_003647024.1	gnl|META|EG10243-MONOMER	1.8e-06	25.6	195	48.9	42.1	97.7
WP_003647026.1	gnl|META|POTA-MONOMER	4.2e-82	53.8	292	301.2	73.3	78.8
WP_003647027.1	gnl|META|POTB-MONOMER	3.6e-30	33.1	248	128.3	56.0	87.8
WP_003647027.1	gnl|META|POTH-MONOMER	8.8e-29	34.3	251	123.6	53.8	88.9
WP_003647028.1	gnl|META|POTC-MONOMER	6.6e-37	35.5	248	150.6	61.7	93.6
WP_003647029.1	gnl|META|POTD-MONOMER	1.0e-69	39.8	339	260.0	56.0	94.7
WP_003647032.1	gnl|META|PHOSGLUCOSAMINEMUT-MONOMER	7.9e-91	43.0	447	330.5	59.3	98.2
WP_003647033.1	gnl|META|EG12209-MONOMER	2.0e-02	29.6	81	35.0	44.4	62.8
WP_003647037.1	gnl|META|MONOMER-20694	9.4e-04	24.3	136	40.4	42.6	51.2
WP_003647039.1	gnl|META|EG10004-MONOMER	3.9e-65	42.0	371	245.0	56.3	91.5
WP_003647049.1	gnl|META|MONOMER-428	1.3e-105	49.0	400	379.4	69.8	98.7
WP_003647049.1	gnl|META|MONOMER-20612	2.0e-101	45.2	396	365.5	67.9	98.5
WP_003647049.1	gnl|META|ACKCLOS-MONOMER	3.1e-99	46.7	394	358.2	69.5	97.2
WP_003647049.1	gnl|META|STM2057-MONOMER	3.5e-98	45.5	393	354.8	67.7	98.5
WP_003647049.1	gnl|META|MONOMER-13473	5.0e-97	44.9	392	350.9	67.6	97.2
WP_003647051.1	gnl|META|EG10564-MONOMER	7.6e-26	32.9	213	113.6	52.6	94.2
WP_003647051.1	gnl|META|MONOMER-10303	1.7e-25	31.7	208	112.5	50.0	92.4
WP_003647052.1	gnl|META|MANNPISOM-MONOMER	2.9e-02	32.1	106	35.8	47.2	29.9
WP_003647054.1	gnl|META|CPXR-MONOMER	2.5e-35	38.1	231	145.2	58.4	97.0
WP_003647055.1	gnl|META|BAES-MONOMER	1.1e-32	31.3	275	137.5	54.5	56.7
WP_003647059.1	gnl|META|MONOMER-13041	1.4e-177	67.3	447	618.6	80.5	99.3
WP_003647059.1	gnl|META|MONOMER-13046	5.2e-167	63.6	445	583.6	79.8	98.9
WP_003647062.1	gnl|META|TDK-MONOMER	3.8e-45	45.6	193	177.6	67.9	96.5
WP_003647063.1	gnl|META|EG12354-MONOMER	6.5e-03	31.7	82	38.1	48.8	16.0
WP_003647064.1	gnl|META|EG12449-MONOMER	6.8e-16	29.1	244	80.9	49.6	82.1
WP_003647069.1	gnl|META|ATPH-MONOMER	2.6e-16	29.8	171	81.6	53.2	94.0
WP_003647071.1	gnl|META|SYNPCC7942_0337-MONOMER	7.4e-35	30.1	339	144.1	49.3	98.7
WP_003647071.1	gnl|META|ATPG-MONOMER	4.1e-33	27.7	314	138.3	50.6	97.8
WP_003647072.1	gnl|META|MONOMER-539	5.9e-161	63.6	461	563.5	75.7	96.0
WP_003647072.1	gnl|META|ATPD-MONOMER	1.2e-158	63.8	464	555.8	75.2	96.7
WP_003647072.1	gnl|META|SYNPCC7942_2315-MONOMER	2.0e-156	62.4	473	548.5	73.4	96.0
WP_003647073.1	gnl|META|SYNPCC7942_2316-MONOMER	6.5e-10	34.4	131	60.1	55.0	89.7
WP_003647075.1	gnl|META|EG12130-MONOMER	4.1e-04	23.1	234	42.0	39.7	67.5
WP_003647075.1	gnl|META|G3O-32438-MONOMER	5.4e-04	24.2	161	41.6	46.0	46.8
WP_003647079.1	gnl|META|EG10344-MONOMER	1.0e-28	26.3	388	124.0	46.1	94.2
WP_003647082.1	gnl|META|EG10924-MONOMER	6.2e-08	29.4	119	55.1	52.1	26.9
WP_003647084.1	gnl|META|EG10903-MONOMER	1.9e-39	44.5	209	158.7	64.6	99.0
WP_003647085.1	gnl|META|BSU29590-MONOMER	1.5e-77	41.7	381	286.2	63.0	99.0
WP_003647086.1	gnl|META|BSU29580-MONOMER	6.4e-116	50.9	399	413.7	70.4	98.5
WP_003647088.1	gnl|META|G3O-34097-MONOMER	4.2e-05	24.5	106	45.4	56.6	28.1
WP_003647089.1	gnl|META|MONOMER-14610	1.9e-120	33.9	980	429.9	51.7	100.0
WP_003647089.1	gnl|META|MONOMER-14597	1.3e-118	33.8	1037	423.7	51.1	99.1
WP_003647089.1	gnl|META|MONOMER-14601	1.9e-117	33.1	1027	419.9	50.3	97.9
WP_003647089.1	gnl|META|MONOMER-14600	2.2e-113	33.6	1000	406.4	50.7	97.0
WP_003647090.1	gnl|META|VALS-MONOMER	5.7e-210	41.8	944	727.2	60.5	98.3
WP_003647091.1	gnl|META|FOLC-MONOMER	7.2e-38	28.0	368	154.5	49.5	87.1
WP_003647091.1	gnl|META|AT5G41480-MONOMER	4.7e-37	30.2	454	151.8	47.1	92.6
WP_003647093.1	gnl|META|EG12130-MONOMER	1.3e-05	27.9	122	47.0	50.8	35.1
WP_003647097.1	gnl|META|MONOMER-16147	9.2e-01	31.2	48	29.6	45.8	33.6
WP_003647098.1	gnl|META|EG11085-MONOMER	8.6e-60	39.3	318	226.9	62.6	99.0
WP_003647100.1	gnl|META|MONOMER-15471	2.2e-127	38.5	703	452.6	55.9	96.8
WP_003647101.1	gnl|META|MONOMER-12256	2.9e-96	41.8	445	348.6	62.2	96.7
WP_003647102.1	gnl|META|G185E-6361-MONOMER	1.3e-38	29.2	367	156.8	48.2	96.5
WP_003647102.1	gnl|META|NACGLCTRANS-MONOMER	7.1e-37	30.2	361	151.0	49.0	96.8
WP_003647104.1	gnl|META|MONOMER-14592	9.1e-02	26.7	131	34.7	45.8	28.3
WP_003647111.1	gnl|META|G185E-5891-MONOMER	1.7e-18	27.9	165	89.0	51.5	88.2
WP_003647113.1	gnl|META|EG11090-MONOMER	3.3e-32	34.9	229	134.8	52.4	98.3
WP_003647113.1	gnl|META|MONOMER-1290	9.0e-30	33.9	227	126.7	50.7	95.7
WP_003647114.1	gnl|META|G3O-29283-MONOMER	1.2e-68	41.9	372	256.5	60.5	94.5
WP_003647114.1	gnl|META|HS01304-MONOMER	1.2e-66	40.4	386	250.0	57.3	98.2
WP_003647114.1	gnl|META|G7325-MONOMER	4.6e-63	39.7	385	238.0	59.0	98.2
WP_003647116.1	gnl|META|EG11344-MONOMER	3.6e-113	55.2	359	404.4	71.6	95.2
WP_003647117.1	gnl|META|SYNPCC7942_0485-MONOMER	1.4e-16	31.6	177	82.8	48.6	77.6
WP_003647119.1	gnl|META|EG10826-MONOMER	1.3e-35	27.5	550	147.9	44.7	58.8
WP_003647120.1	gnl|META|AT5G63770-MONOMER	2.5e-03	28.6	112	39.3	46.4	29.6
WP_003647120.1	gnl|META|AT5G51290-MONOMER	1.3e-02	27.0	74	37.0	47.3	23.8
WP_003647121.1	gnl|META|GLYOXII-MONOMER	2.7e-03	40.5	37	40.0	67.6	6.6
WP_003647121.1	gnl|META|MONOMER-14570	1.3e-02	42.1	38	37.7	68.4	6.6
WP_003647123.1	gnl|META|EG11440-MONOMER	2.8e-10	29.7	155	61.6	49.0	84.2
WP_003647125.1	gnl|META|EG10529-MONOMER	1.4e-45	29.7	509	180.6	47.9	76.4
WP_003647126.1	gnl|META|EG10344-MONOMER	2.3e-41	33.7	368	166.0	53.8	91.6
WP_003647128.1	gnl|META|PANTEPADENYLYLTRAN-MONOMER	1.5e-26	40.4	156	115.5	62.2	94.0
WP_003647129.1	gnl|META|EG10542-MONOMER	3.2e-04	30.4	102	42.4	45.1	30.4
WP_003647133.1	gnl|META|EG10919-MONOMER	5.3e-04	38.8	80	39.7	53.8	92.9
WP_003647135.1	gnl|META|EG10914-MONOMER	3.2e-20	51.7	89	93.6	68.5	100.0
WP_003647139.1	gnl|META|EG11003-MONOMER	1.3e-40	29.5	413	163.7	45.8	90.2
WP_003647140.1	gnl|META|EG10159-MONOMER	6.0e-133	59.4	409	470.3	77.8	96.2
WP_003647140.1	gnl|META|SYNPCC7942_2526-MONOMER	4.4e-128	56.6	429	454.1	71.6	94.1
WP_003647141.1	gnl|META|G7319-MONOMER	1.2e-06	24.2	161	49.7	46.6	81.4
WP_003647149.1	gnl|META|BSU35650-MONOMER	2.3e-42	34.2	278	169.1	54.0	82.6
WP_003647149.1	gnl|META|MONOMER-20031	1.1e-41	36.9	263	166.8	58.9	75.1
WP_003647149.1	gnl|META|MONOMER-19997	5.6e-41	32.9	277	164.5	52.7	82.6
WP_003647149.1	gnl|META|MONOMER-19994	6.2e-40	35.0	277	161.0	54.5	80.5
WP_003647150.1	gnl|META|G7105-MONOMER	1.3e-01	36.5	63	33.5	47.6	21.7
WP_003647154.1	gnl|META|MONOMER3O-23	4.9e-05	43.2	37	43.9	75.7	24.8
WP_003647157.1	gnl|META|MONOMER-7717	1.1e-10	21.9	201	63.9	43.8	54.3
WP_003647158.1	gnl|META|EG11983-MONOMER	1.8e-18	24.0	246	89.7	50.0	69.1
WP_003647159.1	gnl|META|MONOMER-19974	1.3e-16	30.3	201	83.6	50.7	56.7
WP_003647159.1	gnl|META|MONOMER-20013	1.1e-15	24.9	197	80.5	46.7	56.7
WP_003647159.1	gnl|META|EG11266-MONOMER	5.4e-15	36.0	111	78.2	54.1	32.5
WP_003647161.1	gnl|META|GALPMUT-MONOMER	9.3e-138	61.9	365	486.1	79.2	98.1
WP_003647162.1	gnl|META|MONOMER-20019	4.1e-37	26.9	483	152.1	48.7	99.4
WP_003647166.1	gnl|META|MONOMER-18133	8.2e-104	51.4	356	373.2	66.0	95.1
WP_003647166.1	gnl|META|DTDPGLUCDEHYDRAT2-MONOMER	1.8e-103	52.3	348	372.1	67.0	95.1
WP_003647166.1	gnl|META|DTDPGLUCDEHYDRAT-MONOMER	1.0e-101	50.3	364	366.3	65.1	98.6
WP_003647166.1	gnl|META|MONOMER-17002	1.4e-100	53.7	337	362.5	69.7	91.6
WP_003647166.1	gnl|META|MONOMER-17549	2.2e-93	50.5	325	338.6	68.3	93.0
WP_003647167.1	gnl|META|DTDPGLUCOSEPP-MONOMER	3.2e-109	66.4	283	391.0	82.7	96.3
WP_003647167.1	gnl|META|MONOMER-17004	5.2e-107	64.7	289	383.6	80.6	98.3
WP_003647167.1	gnl|META|DTDPGLUCOSEPP2-MONOMER	5.3e-104	61.4	293	373.6	78.2	99.7
WP_003647167.1	gnl|META|MONOMER-18132	5.5e-101	61.9	291	363.6	77.3	99.0
WP_003647168.1	gnl|META|DTDPDEHYDRHAMEPIM-MONOMER	9.8e-49	51.7	176	189.5	68.8	86.1
WP_003647169.1	gnl|META|MONOMER-17551	7.7e-43	35.1	325	170.6	53.2	94.8
WP_003647169.1	gnl|META|MONOMER-18135	4.3e-38	34.5	310	154.8	51.9	90.2
WP_003647172.1	gnl|META|EG11291-MONOMER	2.2e-04	26.2	172	42.7	44.2	54.8
WP_003647174.1	gnl|META|MONOMER-18938	1.0e-49	35.0	357	193.7	52.4	90.1
WP_003647180.1	gnl|META|EG10920-MONOMER	5.4e-08	55.8	52	52.4	75.0	89.7
WP_003647186.1	gnl|META|GLYQ-MONOMER	1.2e-90	56.4	289	329.3	70.6	92.8
WP_003647187.1	gnl|META|GLYS-MONOMER	1.3e-103	33.5	693	373.6	53.0	99.3
WP_003647189.1	gnl|META|RPOD-MONOMER	2.9e-91	64.7	269	331.6	78.4	71.3
WP_003647193.1	gnl|META|YHBG-MONOMER	4.0e-17	28.9	242	84.7	47.5	91.5
WP_003647193.1	gnl|META|XYLG-MONOMER	5.2e-17	26.5	234	84.3	52.1	91.1
WP_003647193.1	gnl|META|BSU02750-MONOMER	4.4e-16	26.9	208	81.3	51.4	82.1
WP_003647193.1	gnl|META|MGLA-MONOMER	8.2e-15	29.0	217	77.0	47.0	84.7
WP_003647197.1	gnl|META|EG10530-MONOMER	3.3e-06	23.0	191	48.1	38.2	67.7
WP_003647199.1	gnl|META|HS05981-MONOMER	9.4e-01	26.8	97	30.8	46.4	29.8
WP_003647205.1	gnl|META|BSU15560-MONOMER	6.9e-53	50.5	216	203.4	67.1	98.6
WP_003647206.1	gnl|META|BSU15550-MONOMER	1.3e-52	48.7	230	202.6	67.0	97.4
WP_003647208.1	gnl|META|MONOMER-15863	4.5e-05	35.5	62	44.3	64.5	33.9
WP_003647209.1	gnl|META|BSU15490-MONOMER	2.2e-71	45.7	302	265.4	65.6	95.0
WP_003647210.1	gnl|META|BSU15500-MONOMER	8.8e-108	48.8	426	386.7	65.3	99.5
WP_003647211.1	gnl|META|BSU15510-MONOMER	1.5e-116	53.9	358	415.6	72.9	98.9
WP_003647216.1	gnl|META|HYPOXANPRIBOSYLTRAN-MONOMER	6.3e-07	27.8	144	50.4	54.2	79.8
WP_003647218.1	gnl|META|NICOTINAMID-MONOMER	8.0e-10	27.2	206	60.1	43.2	98.3
WP_003647218.1	gnl|META|YGL037C-MONOMER	1.8e-09	25.5	184	58.9	44.6	82.9
WP_003647219.1	gnl|META|AT3G14940-MONOMER	5.5e-107	28.3	967	385.2	47.9	99.1
WP_003647219.1	gnl|META|MONOMER-3824	2.8e-103	32.0	818	372.9	49.5	87.0
WP_003647219.1	gnl|META|PEPCARBOX-MONOMER	2.0e-96	28.1	925	350.1	49.6	99.1
WP_003647226.1	gnl|META|MONOMER-6563	3.0e-106	44.9	450	381.7	62.9	99.8
WP_003647227.1	gnl|META|MONOMER-6564	2.1e-107	55.8	346	385.2	73.7	98.3
WP_003647229.1	gnl|META|ASPKINIHOMOSERDEHYDROGI-MONOMER	1.8e-17	27.8	234	86.7	50.0	51.2
WP_003647229.1	gnl|META|ASPKINIIHOMOSERDEHYDROGII-MONOMER	2.0e-16	31.0	245	83.2	48.2	54.4
WP_003647233.1	gnl|META|MONOMER-17165	4.8e-27	26.7	510	119.0	41.0	77.8
WP_003647239.1	gnl|META|MONOMER-18392	2.3e-01	40.0	40	32.0	60.0	22.1
WP_003647239.1	gnl|META|MONOMER-18367	3.1e-01	40.0	35	31.6	62.9	19.3
WP_003647248.1	gnl|META|EG10613-MONOMER	8.8e-17	24.1	439	84.7	43.7	79.2
WP_003647248.1	gnl|META|ENSG00000103222-MONOMER	4.4e-16	33.3	192	82.4	54.2	35.4
WP_003647258.1	gnl|META|G6109-MONOMER	4.2e-08	40.5	74	53.5	60.8	73.3
WP_003647263.1	gnl|META|EG10817-MONOMER	3.8e-25	45.3	139	110.5	64.7	100.0
WP_003647265.1	gnl|META|MONOMER-18402	4.4e-28	29.9	221	121.3	53.4	79.8
WP_003647267.1	gnl|META|G3O-29733-MONOMER	8.0e-18	33.0	185	88.2	54.1	34.0
WP_003647267.1	gnl|META|CYDC-MONOMER	2.6e-16	22.0	423	83.2	43.7	77.6
WP_003647267.1	gnl|META|ENSG00000103222-MONOMER	5.8e-16	24.8	343	82.0	46.4	61.7
WP_003647268.1	gnl|META|MONOMER-14625	1.2e-33	30.0	327	140.2	50.2	91.5
WP_003647270.1	gnl|META|AT2G38700-MONOMER	2.2e-34	34.7	326	142.5	50.3	92.8
WP_003647270.1	gnl|META|ENSG00000167508-MONOMER	2.4e-33	35.8	324	139.0	49.7	92.5
WP_003647270.1	gnl|META|MONOMER-653	8.6e-31	32.4	321	130.6	49.2	93.8
WP_003647271.1	gnl|META|MONOMER-18243	3.2e-19	27.4	285	92.0	47.4	90.2
WP_003647276.1	gnl|META|ASNS-MONOMER	6.9e-76	36.3	446	280.8	54.0	95.4
WP_003647279.1	gnl|META|MONOMER-15456	3.4e-97	36.7	629	352.4	55.8	76.0
WP_003647283.1	gnl|META|G6488-MONOMER	4.8e-41	29.6	368	164.9	49.2	95.7
WP_003647285.1	gnl|META|G1I0R-1336-MONOMER	9.1e-22	26.0	277	100.5	46.9	90.2
WP_003647288.1	gnl|META|EG10548-MONOMER	2.8e-11	33.1	145	64.7	53.1	89.0
WP_003647289.1	gnl|META|EG12098-MONOMER	1.5e-61	43.7	309	232.6	61.5	96.7
WP_003647290.1	gnl|META|BSU15510-MONOMER	2.7e-54	33.2	355	208.8	53.8	100.0
WP_003647294.1	gnl|META|G1I0R-1336-MONOMER	7.9e-31	31.0	281	130.6	53.7	94.9
WP_003647296.1	gnl|META|PD00232	7.0e-19	29.6	196	90.9	52.0	65.2
WP_003647299.1	gnl|META|HS09452-MONOMER	9.8e-30	42.6	190	126.3	54.7	90.8
WP_003647300.1	gnl|META|EG10833-MONOMER	3.5e-118	40.1	596	421.8	60.4	98.5
WP_003647301.1	gnl|META|BSU12290-MONOMER	1.8e-01	33.3	72	33.1	51.4	20.3
WP_003647303.1	gnl|META|PD00232	6.3e-10	23.8	147	61.2	53.1	45.7
WP_003647304.1	gnl|META|EG10423-MONOMER	9.0e-125	32.3	861	444.1	52.5	99.4
WP_003647306.1	gnl|META|MONOMER-14087	8.4e-38	45.1	204	153.3	63.2	88.6
WP_003647307.1	gnl|META|MALTACETYLTRAN-MONOMER	8.2e-27	38.3	193	116.7	53.9	94.6
WP_003647307.1	gnl|META|GALACTOACETYLTRAN-MONOMER	3.1e-26	38.7	194	114.8	57.2	95.1
WP_003647309.1	gnl|META|BSU33400-MONOMER	9.1e-56	41.5	260	213.4	62.3	89.0
WP_003647309.1	gnl|META|MONOMER-17833	1.0e-54	40.4	277	209.9	56.3	94.2
WP_003647318.1	gnl|META|YHHO-MONOMER	6.0e-07	36.8	68	49.3	61.8	89.5
WP_003647319.1	gnl|META|G1G01-5484-MONOMER	2.7e-89	35.4	567	325.9	59.4	87.2
WP_003647324.1	gnl|META|GTP-CYCLOHYDRO-II-MONOMER	1.0e-08	44.3	61	55.5	63.9	66.3
WP_003647325.1	gnl|META|MONOMER-18049	1.5e-41	27.2	419	166.8	50.1	91.9
WP_003647327.1	gnl|META|MONOMER-19207	4.1e-01	44.4	36	32.3	55.6	8.8
WP_003647328.1	gnl|META|MONOMER-15432	2.9e-06	26.3	217	48.5	40.6	92.1
WP_003647329.1	gnl|META|MONOMER-19359	1.4e-27	31.2	253	120.2	49.8	61.9
WP_003647332.1	gnl|META|BSU33400-MONOMER	6.6e-56	43.4	267	213.8	64.8	96.0
WP_003647332.1	gnl|META|MONOMER0-148	3.7e-51	37.2	250	198.0	62.0	90.5
WP_003647335.1	gnl|META|MONOMER-15681	1.9e-62	37.5	331	235.7	56.8	100.0
WP_003647339.1	gnl|META|GALACTONATE-DEHYDRATASE-MONOMER	4.8e-44	31.8	384	174.9	46.4	96.9
WP_003647339.1	gnl|META|MONOMER-18070	1.0e-41	32.0	359	167.2	50.7	91.0
WP_003647356.1	gnl|META|MONOMER-10112	1.8e-03	35.8	67	38.9	50.7	38.7
WP_003647356.1	gnl|META|MONOMER-15932	5.3e-03	30.1	83	37.4	47.0	46.2
WP_003647358.1	gnl|META|MALK-MONOMER	1.3e-27	36.4	217	119.4	58.1	100.0
WP_003647358.1	gnl|META|CYSA-MONOMER	3.2e-26	34.0	215	114.8	55.3	97.6
WP_003647358.1	gnl|META|YEHX-MONOMER	2.3e-24	32.1	215	108.6	58.1	99.1
WP_003647359.1	gnl|META|MONOMER-7863	8.0e-01	36.2	47	30.8	51.1	17.0
WP_003647371.1	gnl|META|EG11881-MONOMER	1.2e-113	47.5	465	406.4	69.0	99.4
WP_003647372.1	gnl|META|EG11676-MONOMER	1.6e-39	48.9	174	158.7	71.3	100.0
WP_003647373.1	gnl|META|EG10375-MONOMER	2.7e-11	35.3	133	66.2	49.6	29.5
WP_003647374.1	gnl|META|EG11013-MONOMER	1.3e-124	40.3	640	443.4	57.7	85.9
WP_003647376.1	gnl|META|EG10861-MONOMER	7.9e-40	50.0	182	160.2	64.8	72.4
WP_003647377.1	gnl|META|G7319-MONOMER	1.3e-06	24.4	180	50.1	46.7	54.1
WP_003647378.1	gnl|META|EG10760-MONOMER	1.4e-21	30.2	308	100.5	48.7	58.1
WP_003647380.1	gnl|META|G1I0R-1336-MONOMER	3.5e-36	36.3	281	148.3	55.9	96.5
WP_003647382.1	gnl|META|EG10690-MONOMER	6.9e-30	36.8	209	127.9	55.0	49.0
WP_003647386.1	gnl|META|MONOMER-17916	1.0e-29	26.1	490	127.9	44.5	77.9
WP_003647386.1	gnl|META|G185E-7814-MONOMER	4.1e-26	24.9	574	115.9	39.5	78.1
WP_003647388.1	gnl|META|EG10459-MONOMER	1.7e-38	25.2	738	157.9	40.8	57.2
WP_003647395.1	gnl|META|EG10458-MONOMER	5.5e-32	31.6	310	135.2	50.6	58.5
WP_003647405.1	gnl|META|EG10900-MONOMER	6.2e-55	35.5	394	211.1	56.6	97.2
WP_003647406.1	gnl|META|CMPKI-MONOMER	7.3e-40	41.2	216	160.2	60.2	93.9
WP_003647409.1	gnl|META|EG12433-MONOMER	3.1e-33	38.2	249	138.3	56.2	100.0
WP_003647409.1	gnl|META|EG11921-MONOMER	1.5e-32	34.7	239	136.0	58.6	98.7
WP_003647409.1	gnl|META|EG12044-MONOMER	4.9e-31	36.5	233	131.0	56.7	95.4
WP_003647415.1	gnl|META|SYNPCC7942_0098-MONOMER	5.8e-134	44.4	583	474.2	65.5	99.0
WP_003647415.1	gnl|META|MONOMER-13043	4.6e-123	48.3	503	438.0	65.4	80.6
WP_003647416.1	gnl|META|MONOMER-13044	7.3e-107	63.4	298	383.3	78.2	93.1
WP_003647418.1	gnl|META|EG10238-MONOMER	6.6e-149	32.4	1059	524.6	53.2	98.0
WP_003647420.1	gnl|META|CPDB-MONOMER	1.2e-42	27.0	544	170.6	45.4	91.7
WP_003647423.1	gnl|META|G6269-MONOMER	2.6e-25	29.7	249	112.1	50.6	92.0
WP_003647423.1	gnl|META|AT5G50600-MONOMER	5.8e-25	37.8	188	110.9	54.8	70.8
WP_003647423.1	gnl|META|MONOMER-13489	8.4e-24	34.9	192	107.1	51.6	72.7
WP_003647423.1	gnl|META|ENSG00000145439-MONOMER	7.1e-23	32.1	187	104.0	51.9	70.8
WP_003647424.1	gnl|META|G7175-MONOMER	1.4e-70	45.1	306	262.7	61.1	98.7
WP_003647426.1	gnl|META|EG11404-MONOMER	2.3e-15	34.6	153	79.7	49.7	30.4
WP_003647427.1	gnl|META|AT2G36310-MONOMER	1.7e-15	25.5	306	79.7	46.1	90.6
WP_003647429.1	gnl|META|MONOMER-13832	5.0e-03	30.9	110	37.7	44.5	45.5
WP_003647430.1	gnl|META|GABP-MONOMER	9.3e-07	22.7	387	51.2	41.6	79.8
WP_003647430.1	gnl|META|ENSG00000103257-MONOMER	3.5e-06	21.3	422	49.3	43.6	90.7
WP_003647435.1	gnl|META|G6954-MONOMER	7.4e-06	30.9	110	46.6	48.2	71.9
WP_003647437.1	gnl|META|ASPS-MONOMER	7.6e-145	46.3	596	510.4	65.3	95.6
WP_003647437.1	gnl|META|MONOMER-14053	1.5e-140	45.1	587	496.1	63.5	95.0
WP_003647438.1	gnl|META|HISS-MONOMER	1.6e-80	40.6	409	296.2	58.2	94.6
WP_003647439.1	gnl|META|EG11852-MONOMER	4.0e-28	40.7	145	120.6	63.4	100.0
WP_003647440.1	gnl|META|SPOT-MONOMER	8.4e-154	40.0	735	540.4	59.7	97.6
WP_003647440.1	gnl|META|RELA-MONOMER	5.8e-147	38.6	697	517.7	62.0	91.6
WP_003647441.1	gnl|META|EG11497-MONOMER	1.2e-24	31.1	296	110.2	48.6	90.5
WP_003647444.1	gnl|META|G3O-30531-MONOMER	1.1e-42	26.2	622	171.4	47.7	71.9
WP_003647444.1	gnl|META|MONOMER-14600	1.6e-41	25.1	793	167.5	42.6	78.1
WP_003647444.1	gnl|META|MONOMER-14610	4.6e-41	23.6	776	166.0	41.6	77.7
WP_003647444.1	gnl|META|AT4G30190-MONOMER	4.3e-39	26.7	569	159.5	47.1	66.2
WP_003647444.1	gnl|META|MONOMER-14662	9.7e-39	25.0	731	158.3	43.1	78.5
WP_003647445.1	gnl|META|ANSA-MONOMER	2.8e-40	32.9	337	162.2	51.6	97.0
WP_003647445.1	gnl|META|HS15413-MONOMER	1.2e-35	34.5	281	146.7	54.8	82.0
WP_003647447.1	gnl|META|MONOMER-8681	7.9e-82	50.7	304	300.1	70.7	97.4
WP_003647448.1	gnl|META|MONOMER-17916	3.1e-74	34.8	454	275.4	55.9	95.8
WP_003647450.1	gnl|META|METI-MONOMER	5.0e-20	48.6	105	94.4	69.5	45.1
WP_003647455.1	gnl|META|MONOMER-17076	6.5e-39	26.1	528	158.3	45.6	92.6
WP_003647458.1	gnl|META|MONOMER-13054	5.2e-116	52.9	416	414.1	68.8	95.6
WP_003647458.1	gnl|META|MONOMER-13099	1.2e-109	50.1	419	392.9	68.3	96.0
WP_003647458.1	gnl|META|SYNPCC7942_0639-MONOMER	3.4e-107	53.5	411	384.8	65.7	95.6
WP_003647458.1	gnl|META|MONOMER-11818	2.2e-106	51.6	426	382.1	64.1	97.2
WP_003647459.1	gnl|META|MONOMER-20008	1.4e-07	30.6	196	52.8	50.5	94.8
WP_003647460.1	gnl|META|PD00232	2.0e-15	22.7	291	79.3	42.3	100.0
WP_003647463.1	gnl|META|DIHYDROFOLATEREDUCT-MONOMER	1.0e-19	33.7	175	92.8	48.6	98.8
WP_003647464.1	gnl|META|G185E-7013-MONOMER	1.6e-77	48.7	312	285.8	59.0	98.1
WP_003647464.1	gnl|META|THYMIDYLATESYN-MONOMER	3.5e-77	46.9	311	284.6	59.5	97.8
WP_003647464.1	gnl|META|HS11096-MONOMER	2.2e-71	45.0	322	265.4	58.1	98.7
WP_003647464.1	gnl|META|MONOMER-9367	1.4e-70	44.4	322	262.7	58.1	98.7
WP_003647464.1	gnl|META|MONOMER-9361	3.2e-70	44.4	322	261.5	56.8	98.7
WP_003647465.1	gnl|META|CARDIOLIPSYN-MONOMER	3.6e-44	26.4	488	175.6	46.5	97.0
WP_003647467.1	gnl|META|ADENPRIBOSYLTRAN-MONOMER	4.7e-47	53.8	171	183.7	67.8	96.6
WP_003647468.1	gnl|META|EG10830-MONOMER	1.3e-66	31.8	513	250.8	54.2	64.2
WP_003647470.1	gnl|META|EG10529-MONOMER	1.1e-188	52.2	598	656.0	73.7	97.7
WP_003647471.1	gnl|META|EG10240-MONOMER	1.3e-52	41.3	387	203.4	54.0	98.5
WP_003647472.1	gnl|META|EG10241-MONOMER	8.2e-179	57.6	569	623.2	75.9	86.7
WP_003647473.1	gnl|META|EG10416-MONOMER	2.4e-12	31.8	148	68.6	57.4	76.0
WP_003647476.1	gnl|META|MONOMER-17076	2.5e-16	24.9	394	83.2	41.6	76.4
WP_003647477.1	gnl|META|MONOMER-14605	5.0e-68	41.8	316	254.2	63.6	100.0
WP_003647478.1	gnl|META|GLYOCARBOLIG-MONOMER	3.5e-01	30.2	53	30.8	60.4	40.7
WP_003647479.1	gnl|META|EG10942-MONOMER	1.6e-15	33.2	211	81.3	47.9	23.3
WP_003647483.1	gnl|META|PROS-MONOMER	4.9e-122	42.8	572	434.5	59.8	99.8
WP_003647485.1	gnl|META|MONOMER-20006	5.7e-49	43.2	257	190.7	62.3	97.7
WP_003647486.1	gnl|META|UPPSYN-MONOMER	1.5e-56	46.9	228	215.7	63.2	95.4
WP_003647486.1	gnl|META|G185E-6587-MONOMER	5.6e-51	45.5	231	197.2	61.9	95.8
WP_003647488.1	gnl|META|UMPKI-MONOMER	1.5e-59	48.3	232	225.7	69.8	96.3
WP_003647490.1	gnl|META|EG10901-MONOMER	4.9e-69	52.9	240	257.3	70.8	92.0
WP_003647491.1	gnl|META|G7649-MONOMER	2.2e-05	28.2	78	46.2	52.6	23.1
WP_003647492.1	gnl|META|MONOMER-14088	3.6e-51	46.9	196	197.6	68.4	95.1
WP_003647494.1	gnl|META|EG10613-MONOMER	9.0e-50	25.7	595	194.5	47.4	98.8
WP_003647495.1	gnl|META|EG10613-MONOMER	4.2e-60	29.6	520	228.8	54.0	87.8
WP_003647498.1	gnl|META|EG11057-MONOMER	1.8e-05	30.0	120	45.8	48.3	54.6
WP_003647500.1	gnl|META|G6580-MONOMER	4.7e-05	30.3	99	43.9	48.5	66.9
WP_003647501.1	gnl|META|EG10530-MONOMER	3.6e-09	27.2	232	58.2	37.5	80.8
WP_003647502.1	gnl|META|EG10880-MONOMER	1.1e-28	54.9	113	122.1	72.6	97.4
WP_003647503.1	gnl|META|EG11023-MONOMER	2.7e-53	42.4	243	204.9	62.6	98.8
WP_003647505.1	gnl|META|EG10915-MONOMER	7.0e-15	47.4	76	75.9	72.4	82.2
WP_003647509.1	gnl|META|MONOMER-16461	7.6e-01	45.2	31	31.6	61.3	6.9
WP_003647510.1	gnl|META|EG10828-MONOMER	5.3e-01	34.0	53	33.5	60.4	4.5
WP_003647511.1	gnl|META|EG10857-MONOMER	1.5e-26	36.2	224	115.9	55.8	95.1
WP_003647512.1	gnl|META|DPPA-MONOMER	2.6e-17	22.2	537	86.7	40.0	86.2
WP_003647513.1	gnl|META|OPPA-MONOMER	4.7e-03	41.5	65	39.3	58.5	10.6
WP_003647514.1	gnl|META|OPPC-MONOMER	1.5e-21	27.7	314	99.8	44.9	99.3
WP_003647515.1	gnl|META|YLIC-MONOMER	4.1e-49	34.7	320	191.4	54.4	100.0
WP_003647516.1	gnl|META|OPPF-MONOMER	1.5e-67	47.1	263	252.7	70.3	80.4
WP_003647516.1	gnl|META|YLIA-MONOMER	2.8e-66	41.9	313	248.4	64.2	96.0
WP_003647516.1	gnl|META|DPPF-MONOMER	1.2e-61	41.1	265	233.0	68.3	82.3
WP_003647518.1	gnl|META|EG50003-MONOMER	7.6e-13	44.6	74	68.9	68.9	92.5
WP_003647518.1	gnl|META|MONOMER-19598	3.8e-12	42.3	78	66.6	66.7	97.5
WP_003647519.1	gnl|META|MONOMER-14086	2.4e-92	54.1	331	335.1	69.8	99.1
WP_003647522.1	gnl|META|EG10886-MONOMER	3.2e-03	39.2	51	36.6	62.7	80.3
WP_003647523.1	gnl|META|BSU15800-MONOMER	4.3e-21	30.2	222	97.8	51.4	99.1
WP_003647524.1	gnl|META|RIBULP3EPIM-MONOMER	2.8e-41	37.9	214	164.9	58.9	99.1
WP_003647525.1	gnl|META|G7841-MONOMER	1.4e-30	29.4	303	129.8	52.8	95.6
WP_003647526.1	gnl|META|HS08155-MONOMER	2.0e-18	26.8	213	90.5	49.8	30.4
WP_003647526.1	gnl|META|HS09136-MONOMER	7.7e-18	28.2	213	88.6	47.4	30.2
WP_003647526.1	gnl|META|MONOMER-4461	8.5e-17	30.2	199	85.1	49.2	29.5
WP_003647526.1	gnl|META|HS02256-MONOMER	1.9e-16	26.5	249	84.0	50.6	36.1
WP_003647528.1	gnl|META|EG12163-MONOMER	3.6e-40	31.0	445	162.2	49.4	99.3
WP_003647529.1	gnl|META|EG10763-MONOMER	3.8e-104	32.7	767	375.6	52.3	94.9
WP_003647531.1	gnl|META|GUANYL-KIN-MONOMER	9.9e-41	44.2	190	162.9	63.7	92.6
WP_003647533.1	gnl|META|G185E-5885-MONOMER	2.8e-43	38.3	266	171.8	53.0	98.5
WP_003647535.1	gnl|META|EG11098-MONOMER	3.6e-10	49.3	73	60.1	72.6	85.2
WP_003647536.1	gnl|META|EG11072-MONOMER	8.1e-59	31.3	454	224.2	49.8	99.6
WP_003647537.1	gnl|META|CYCLODEHYCLTH-MONOMER	1.0e-72	50.9	277	269.6	68.6	97.9
WP_003647537.1	gnl|META|MONOMER-20274	3.2e-66	45.1	277	248.1	65.7	97.9
WP_003647539.1	gnl|META|MONOMER-10602	9.5e-01	34.1	41	29.6	56.1	27.7
WP_003647540.1	gnl|META|EG12099-MONOMER	4.0e-36	41.7	180	147.5	60.6	95.2
WP_003647541.1	gnl|META|G7248-MONOMER	6.7e-40	31.2	353	161.0	51.6	93.7
WP_003647542.1	gnl|META|EG50002-MONOMER	8.8e-19	59.3	81	89.0	69.1	80.8
WP_003647543.1	gnl|META|EG50001-MONOMER	1.3e-17	41.7	103	85.1	67.0	100.0
WP_003647546.1	gnl|META|BSU37540-MONOMER	7.1e-08	42.9	56	52.0	67.9	94.9
WP_003647546.1	gnl|META|MONOMER-12750	1.2e-07	37.5	56	51.2	66.1	94.9
WP_003647546.1	gnl|META|MONOMER-14712	1.3e-06	38.2	55	47.8	65.5	93.2
WP_003647548.1	gnl|META|PDXK-MONOMER	3.2e-10	27.0	270	62.0	44.4	91.6
WP_003647550.1	gnl|META|G18NG-12357-MONOMER	1.1e-01	32.9	73	32.7	54.8	48.6
WP_003647550.1	gnl|META|EG10850-MONOMER	1.1e-01	32.4	71	32.7	52.1	44.3
WP_003647552.1	gnl|META|EXUT-MONOMER	6.8e-01	28.6	77	31.6	50.6	19.0
WP_003647555.1	gnl|META|MONOMER-6081	2.4e-19	23.9	322	92.4	43.8	95.4
WP_003647555.1	gnl|META|MONOMER-5981	5.1e-17	26.4	269	84.7	45.4	78.8
WP_003647559.1	gnl|META|EMRB-MONOMER	1.2e-36	25.9	448	150.6	48.4	89.2
WP_003647559.1	gnl|META|EMRY-MONOMER	3.9e-35	25.7	447	145.6	47.2	90.6
WP_003647561.1	gnl|META|MONOMER-2123	2.8e-20	30.2	212	95.1	48.1	93.2
WP_003647566.1	gnl|META|L-GLN-FRUCT-6-P-AMINOTRANS-MONOMER	2.7e-110	38.1	622	395.6	57.4	100.0
WP_003647566.1	gnl|META|MONOMER-20591	3.6e-107	39.2	612	385.2	57.7	100.0
WP_003647569.1	gnl|META|MONOMER-9982	2.4e-80	28.2	802	296.6	47.1	89.5
WP_003647572.1	gnl|META|MONOMER-15371	3.1e-05	29.6	98	47.0	45.9	12.3
WP_003647573.1	gnl|META|BAES-MONOMER	1.1e-14	27.9	208	77.4	49.0	48.1
WP_003647574.1	gnl|META|CPXR-MONOMER	1.5e-21	35.6	208	99.4	55.8	90.0
WP_003647578.1	gnl|META|YEHW-MONOMER	4.3e-24	36.6	186	109.0	60.8	35.5
WP_003647579.1	gnl|META|PROV-MONOMER	9.4e-54	44.2	231	206.8	70.6	70.9
WP_003647579.1	gnl|META|YEHX-MONOMER	3.3e-51	42.0	245	198.4	62.9	76.6
WP_003647583.1	gnl|META|MONOMER-14290	8.6e-10	36.7	98	59.7	52.0	61.5
WP_003647583.1	gnl|META|MONOMER-14302	5.6e-09	35.7	98	57.0	52.0	61.5
WP_003647585.1	gnl|META|BSU35660-MONOMER	6.2e-129	60.2	374	456.8	76.7	98.4
WP_003647585.1	gnl|META|MONOMER-19966	2.6e-127	59.9	374	451.4	77.3	97.9
WP_003647585.1	gnl|META|MONOMER-19982	3.5e-124	57.1	375	441.0	76.3	98.7
WP_003647587.1	gnl|META|CELB-MONOMER	3.9e-42	30.6	448	168.7	50.0	96.4
WP_003647590.1	gnl|META|ENSG00000103257-MONOMER	1.5e-38	30.1	438	156.8	50.0	98.2
WP_003647590.1	gnl|META|ENSG00000151012-MONOMER	1.2e-35	27.3	411	147.1	49.4	93.1
WP_003647590.1	gnl|META|ENSG00000103064-MONOMER	2.1e-35	27.1	442	146.4	47.3	97.9
WP_003647591.1	gnl|META|HYPOXANPRIBOSYLTRAN-MONOMER	7.5e-35	41.8	165	143.3	66.7	86.2
WP_003647591.1	gnl|META|AT1G71750-MONOMER	1.2e-32	39.9	183	136.0	61.2	92.6
WP_003647595.1	gnl|META|MONOMER-2123	6.7e-19	29.6	213	90.5	48.8	93.6
WP_003647601.1	gnl|META|RIB5PISOMA-MONOMER	2.8e-31	38.2	220	131.7	57.7	94.4
WP_003647602.1	gnl|META|RIBOKIN-MONOMER	1.3e-57	40.2	301	219.5	62.8	98.0
WP_003647608.1	gnl|META|PSTB-MONOMER	9.2e-63	48.8	240	236.5	69.2	89.5
WP_003647609.1	gnl|META|PSTA-MONOMER	3.4e-26	32.9	283	115.2	49.8	94.6
WP_003647610.1	gnl|META|PSTC-MONOMER	1.8e-20	29.8	248	96.3	50.0	68.8
WP_003647612.1	gnl|META|G6759-MONOMER	1.2e-02	34.4	61	36.2	49.2	34.7
WP_003647613.1	gnl|META|GLNQ-MONOMER	3.2e-70	55.0	242	261.2	74.8	98.4
WP_003647613.1	gnl|META|GLTL-MONOMER	2.0e-64	51.9	243	241.9	73.3	98.8
WP_003647614.1	gnl|META|G7037-MONOMER	3.0e-30	36.2	207	129.4	54.1	41.6
WP_003647614.1	gnl|META|GLNP-MONOMER	6.8e-27	40.5	168	118.2	61.9	33.3
WP_003647622.1	gnl|META|MONOMER-5946	6.4e-151	47.5	551	530.4	66.6	98.7
WP_003647622.1	gnl|META|TRE6PHYDRO-MONOMER	1.6e-138	46.3	546	489.2	62.5	98.4
WP_003647624.1	gnl|META|G7037-MONOMER	1.8e-24	36.3	204	109.0	57.8	94.4
WP_003647625.1	gnl|META|G7037-MONOMER	5.3e-29	38.7	199	124.0	56.3	93.9
WP_003647626.1	gnl|META|GLNH-MONOMER	9.3e-26	32.9	222	113.6	51.4	79.9
WP_003647626.1	gnl|META|ARTJ-MONOMER	1.5e-23	32.0	231	106.3	48.9	81.0
WP_003647627.1	gnl|META|GLTL-MONOMER	1.6e-72	55.0	240	268.9	76.7	96.4
WP_003647627.1	gnl|META|GLNQ-MONOMER	2.4e-65	52.3	239	245.0	72.8	96.0
WP_003647628.1	gnl|META|GLNH-MONOMER	1.6e-25	34.5	223	112.8	52.0	80.2
WP_003647628.1	gnl|META|ARTJ-MONOMER	4.6e-25	32.9	231	111.3	48.1	81.3
WP_003647629.1	gnl|META|EG10613-MONOMER	2.3e-58	28.3	573	223.0	52.4	97.6
WP_003647634.1	gnl|META|MONOMER-16613	1.6e-92	32.2	518	336.7	54.4	75.9
WP_003647636.1	gnl|META|MONOMER-5946	1.6e-154	46.1	557	542.3	66.1	99.1
WP_003647637.1	gnl|META|STM14_RS23765-MONOMER	2.8e-18	31.4	140	87.8	57.9	97.2
WP_003647639.1	gnl|META|MANX-MONOMER	1.0e-16	31.9	138	82.8	50.0	84.1
WP_003647639.1	gnl|META|MONOMER-18277	1.0e-16	31.8	151	82.8	52.3	90.9
WP_003647639.1	gnl|META|MONOMER-18127	5.8e-15	27.4	157	77.0	47.8	95.7
WP_003647644.1	gnl|META|YCEE-MONOMER	1.1e-99	48.6	395	359.8	68.1	97.8
WP_003647647.1	gnl|META|G6261-MONOMER	2.9e-52	38.9	288	201.8	59.4	94.1
WP_003647647.1	gnl|META|G6810-MONOMER	1.1e-48	33.8	302	189.9	60.3	98.7
WP_003647648.1	gnl|META|B0612-MONOMER	1.4e-69	34.0	491	260.0	57.2	99.8
WP_003647648.1	gnl|META|YGJE-MONOMER	7.8e-65	31.8	488	244.2	54.3	99.4
WP_003647649.1	gnl|META|MONOMER-17916	3.2e-23	25.0	480	106.3	43.5	77.1
WP_003647652.1	gnl|META|MONOMER-2746	2.5e-159	55.4	466	558.1	71.2	97.9
WP_003647654.1	gnl|META|CELC-MONOMER	4.3e-12	33.0	106	67.0	58.5	89.8
WP_003647657.1	gnl|META|SGCC-MONOMER	4.3e-31	24.5	392	132.1	47.7	82.6
WP_003647659.1	gnl|META|MTLA-MONOMER	1.6e-01	29.6	54	32.3	57.4	33.1
WP_003647661.1	gnl|META|MONOMER-2782	4.9e-50	55.3	170	193.7	72.4	89.0
WP_003647662.1	gnl|META|MONOMER-2781	2.2e-31	44.0	141	131.3	68.1	99.3
WP_003647664.1	gnl|META|URAA-MONOMER	1.4e-95	44.2	407	346.3	70.3	91.2
WP_003647665.1	gnl|META|EG11195-MONOMER	3.5e-46	37.1	267	181.4	59.9	99.3
WP_003647667.1	gnl|META|G6425-MONOMER	8.8e-50	41.6	257	193.4	58.8	97.7
WP_003647667.1	gnl|META|G6442-MONOMER	2.0e-49	39.3	257	192.2	60.3	97.7
WP_003647672.1	gnl|META|GLPF-MONOMER	3.3e-22	31.7	249	101.7	47.8	94.0
WP_003647675.1	gnl|META|EG10986-MONOMER	3.0e-39	46.1	178	157.9	62.4	92.7
WP_003647677.1	gnl|META|G7005-MONOMER	5.7e-33	47.8	138	136.7	65.9	90.8
WP_003647678.1	gnl|META|MONOMER-20141	8.2e-06	29.9	177	47.0	46.9	77.1
WP_003647679.1	gnl|META|STM2437-MONOMER	2.0e-18	30.6	183	89.0	46.4	76.6
WP_003647680.1	gnl|META|AT1G71750-MONOMER	6.0e-34	38.9	185	140.2	62.7	98.9
WP_003647680.1	gnl|META|HYPOXANPRIBOSYLTRAN-MONOMER	5.3e-30	35.5	172	127.1	64.5	94.9
WP_003647682.1	gnl|META|EG11207-MONOMER	1.3e-20	35.3	139	95.5	54.7	95.0
WP_003647684.1	gnl|META|MONOMER-546	2.9e-76	49.3	284	281.6	68.0	92.5
WP_003647685.1	gnl|META|G6904-MONOMER	3.4e-02	32.2	59	35.0	45.8	26.2
WP_003647685.1	gnl|META|G185E-4233-MONOMER	4.5e-02	23.0	135	34.7	40.0	54.2
WP_003647686.1	gnl|META|EG11758-MONOMER	1.3e-27	36.0	261	119.8	52.5	92.2
WP_003647689.1	gnl|META|AT5G43860-MONOMER	2.6e-02	44.4	45	36.2	60.0	10.3
WP_003647691.1	gnl|META|LEUS-MONOMER	4.4e-177	39.7	862	617.8	54.9	99.6
WP_003647692.1	gnl|META|MONOMER-20008	6.1e-10	27.8	158	60.8	50.0	67.2
WP_003647697.1	gnl|META|MONOMER-20222	6.2e-11	33.5	191	63.9	50.8	87.1
WP_003647698.1	gnl|META|EG10634-MONOMER	5.1e-34	30.3	251	141.0	51.4	96.5
WP_003647698.1	gnl|META|MONOMER-15888	3.5e-30	31.3	265	128.3	48.3	99.2
WP_003647700.1	gnl|META|HS05981-MONOMER	1.1e-15	24.5	306	80.9	43.5	57.8
WP_003647702.1	gnl|META|G3O-29201-MONOMER	2.4e-10	27.2	158	63.2	46.2	31.0
WP_003647702.1	gnl|META|HS07681-MONOMER	3.2e-10	40.3	77	62.8	57.1	16.1
WP_003647702.1	gnl|META|ACETYLORNDEACET-MONOMER	7.8e-09	34.8	115	58.2	47.0	24.5
WP_003647703.1	gnl|META|MONOMER-15456	7.5e-51	28.9	691	198.7	45.2	69.9
WP_003647705.1	gnl|META|G7248-MONOMER	4.6e-36	37.3	220	148.3	56.8	58.4
WP_003647709.1	gnl|META|MONOMER-20612	4.3e-101	46.6	395	364.4	66.6	99.2
WP_003647709.1	gnl|META|MONOMER-428	1.4e-99	48.9	399	359.4	67.4	99.5
WP_003647709.1	gnl|META|MONOMER-13473	4.0e-99	46.3	397	357.8	67.8	99.5
WP_003647709.1	gnl|META|ACKCLOS-MONOMER	1.5e-93	44.6	397	339.3	66.2	99.2
WP_003647710.1	gnl|META|G7530-MONOMER	5.0e-40	46.2	197	160.6	59.4	95.2
WP_003647711.1	gnl|META|MONOMER-15462	2.1e-46	35.4	254	182.2	58.7	94.0
WP_003647713.1	gnl|META|RED-THIOREDOXIN-MONOMER	6.0e-18	39.8	98	86.3	65.3	92.2
WP_003647716.1	gnl|META|G7525-MONOMER	1.3e-15	33.3	135	79.0	57.8	94.4
WP_003647718.1	gnl|META|ALAS-MONOMER	1.5e-186	42.2	893	649.4	59.7	99.3
WP_003647719.1	gnl|META|EG10210-MONOMER	4.7e-54	38.2	343	208.4	55.1	74.0
WP_003647719.1	gnl|META|EG10844-MONOMER	4.4e-52	32.0	369	201.8	53.9	77.4
WP_003647723.1	gnl|META|EG10923-MONOMER	1.3e-26	31.9	204	115.9	55.9	99.0
WP_003647726.1	gnl|META|EG10599-MONOMER	1.8e-169	58.1	527	592.0	77.6	96.9
WP_003647727.1	gnl|META|EG10600-MONOMER	1.5e-15	43.6	94	78.2	66.0	98.9
WP_003647731.1	gnl|META|MONOMER-15646	2.2e-26	41.7	139	115.2	56.8	73.9
WP_003647733.1	gnl|META|MONOMER-17076	1.1e-56	29.8	533	217.6	48.4	78.7
WP_003647736.1	gnl|META|MONOMER-12602	3.1e-83	34.1	498	305.4	53.4	96.1
WP_003647738.1	gnl|META|G7234-MONOMER	3.0e-86	44.3	379	315.1	61.2	95.7
WP_003647741.1	gnl|META|G185E-7240-MONOMER	1.6e-03	32.8	58	38.9	58.6	38.9
WP_003647742.1	gnl|META|MONOMER-18798	1.3e-79	39.4	416	293.1	62.7	94.4
WP_003647743.1	gnl|META|ADENYLOSUCCINATE-SYN-MONOMER	2.0e-104	41.9	427	375.6	62.8	99.1
WP_003647743.1	gnl|META|AT3G57610-MONOMER	2.9e-98	43.9	419	355.1	61.6	97.0
WP_003647743.1	gnl|META|YNL220W-MONOMER	9.5e-94	42.2	427	340.1	60.9	97.0
WP_003647745.1	gnl|META|YADQ-MONOMER	1.0e-32	27.2	430	137.5	46.7	91.5
WP_003647752.1	gnl|META|G6991-MONOMER	6.7e-12	35.3	133	67.4	55.6	53.1
WP_003647755.1	gnl|META|EG11500-MONOMER	6.7e-11	36.8	106	64.3	54.7	36.8
WP_003647759.1	gnl|META|EG10834-MONOMER	6.3e-32	36.0	197	133.7	58.4	98.5
WP_003647763.1	gnl|META|EG11372-MONOMER	2.5e-31	44.4	153	131.3	66.7	95.6
WP_003647766.1	gnl|META|G7950-MONOMER	8.7e-13	26.3	186	70.1	50.5	88.2
WP_003647769.1	gnl|META|EG10873-MONOMER	1.1e-23	51.2	121	105.5	68.6	100.0
WP_003647770.1	gnl|META|EG10871-MONOMER	1.3e-14	30.4	158	75.9	53.8	94.6
WP_003647771.1	gnl|META|ARTJ-MONOMER	2.3e-26	31.2	224	115.5	52.2	83.7
WP_003647771.1	gnl|META|G7039-MONOMER	9.8e-25	29.9	234	110.2	50.9	87.5
WP_003647772.1	gnl|META|GLNQ-MONOMER	1.8e-45	42.4	210	178.7	68.6	95.8
WP_003647772.1	gnl|META|GLTL-MONOMER	4.2e-42	40.4	208	167.5	66.8	94.4
WP_003647772.1	gnl|META|ARTP-MONOMER	6.1e-41	40.8	213	163.7	63.8	95.3
WP_003647774.1	gnl|META|EG10864-MONOMER	7.2e-64	52.4	229	240.0	72.1	99.6
WP_003647776.1	gnl|META|MONOMER-19697	2.4e-01	40.0	40	32.0	57.5	21.9
WP_003647781.1	gnl|META|ARAE-MONOMER	8.0e-05	24.5	188	44.7	43.6	43.9
WP_003647784.1	gnl|META|XYLULOKIN-MONOMER	2.3e-46	26.5	487	183.0	48.0	95.4
WP_003647787.1	gnl|META|MONOMER-2746	3.8e-144	51.3	466	507.7	66.7	97.9
WP_003647788.1	gnl|META|CELC-MONOMER	6.9e-10	31.3	99	59.7	62.6	83.2
WP_003647790.1	gnl|META|G7845-MONOMER	6.7e-39	36.3	245	157.1	56.3	96.0
WP_003647792.1	gnl|META|CYSS-MONOMER	2.9e-112	46.0	478	401.7	61.1	99.6
WP_003647793.1	gnl|META|MONOMER-13959	5.2e-160	56.4	477	560.5	76.3	95.6
WP_003647794.1	gnl|META|DUTP-PYROP-MONOMER	5.3e-09	33.6	107	57.4	53.3	55.7
WP_003647800.1	gnl|META|B0752-MONOMER	5.4e-32	33.0	282	134.4	56.7	94.2
WP_003647802.1	gnl|META|GPMA-MONOMER	9.8e-13	28.3	198	70.1	46.5	82.1
WP_003647803.1	gnl|META|ENSG00000116288-MONOMER	1.2e-16	29.8	171	82.8	52.6	86.6
WP_003647805.1	gnl|META|EG10908-MONOMER	1.1e-27	52.0	125	119.0	65.6	95.4
WP_003647806.1	gnl|META|EG10874-MONOMER	3.4e-43	55.5	137	170.6	75.9	93.2
WP_003647807.1	gnl|META|EG10454-MONOMER	1.0e-37	37.5	256	153.3	54.3	96.6
WP_003647809.1	gnl|META|G12WB-159-MONOMER	6.7e-67	46.9	288	250.4	66.3	99.0
WP_003647810.1	gnl|META|G12WB-158-MONOMER	4.2e-66	43.2	278	247.7	68.3	97.9
WP_003647811.1	gnl|META|EG10878-MONOMER	3.1e-16	43.2	125	80.9	57.6	97.6
WP_003647812.1	gnl|META|EG10893-MONOMER	1.0e-65	42.4	311	246.5	66.2	98.1
WP_003647813.1	gnl|META|EG10910-MONOMER	3.1e-40	62.8	129	160.6	77.5	100.0
WP_003647814.1	gnl|META|EG10912-MONOMER	2.1e-32	57.9	114	134.4	79.8	99.1
WP_003647815.1	gnl|META|EG11232-MONOMER	1.3e-10	71.1	38	60.5	81.6	100.0
WP_003647817.1	gnl|META|YDR226W-MONOMER	3.9e-43	41.5	217	171.0	59.9	99.5
WP_003647818.1	gnl|META|EG10876-MONOMER	2.9e-18	38.9	144	87.8	59.7	98.6
WP_003647820.1	gnl|META|EG10904-MONOMER	1.9e-32	45.7	151	135.2	67.5	86.8
WP_003647821.1	gnl|META|EG10879-MONOMER	8.7e-13	43.2	118	69.3	55.9	95.8
WP_003647822.1	gnl|META|EG10869-MONOMER	8.0e-39	49.1	175	156.4	63.4	98.3
WP_003647823.1	gnl|META|EG10907-MONOMER	1.8e-30	48.9	131	128.3	71.0	99.2
WP_003647824.1	gnl|META|EG10913-MONOMER	5.1e-09	54.5	44	55.8	72.7	72.1
WP_003647826.1	gnl|META|EG10875-MONOMER	5.2e-37	61.8	123	149.8	76.4	100.0
WP_003647827.1	gnl|META|EG10916-MONOMER	9.6e-17	52.0	75	82.0	70.7	85.2
WP_003647828.1	gnl|META|EG10887-MONOMER	3.0e-07	43.3	60	50.1	71.7	92.3
WP_003647829.1	gnl|META|EG10877-MONOMER	1.4e-33	53.3	135	138.7	72.6	93.1
WP_003647830.1	gnl|META|EG10902-MONOMER	3.1e-64	53.8	225	241.1	73.8	98.6
WP_003647831.1	gnl|META|EG10918-MONOMER	2.4e-29	62.9	89	124.0	79.8	93.7
WP_003647832.1	gnl|META|EG10865-MONOMER	2.4e-85	57.3	274	311.6	73.4	98.6
WP_003647833.1	gnl|META|EG10883-MONOMER	4.5e-07	36.1	83	50.1	60.2	83.7
WP_003647834.1	gnl|META|EG10867-MONOMER	5.7e-36	40.4	203	147.1	64.5	98.5
WP_003647835.1	gnl|META|EG10909-MONOMER	1.7e-33	61.8	102	137.9	85.3	100.0
WP_003647836.1	gnl|META|EG10529-MONOMER	1.2e-21	38.3	183	101.3	57.4	25.1
WP_003647836.1	gnl|META|EG10529-MONOMER	4.9e-07	24.5	241	52.8	41.9	32.8
WP_003647837.1	gnl|META|EG10906-MONOMER	5.4e-47	56.4	156	183.3	74.4	100.0
WP_003647838.1	gnl|META|EG10911-MONOMER	2.5e-40	64.9	134	161.0	70.9	99.3
WP_003647839.1	gnl|META|LYSU-MONOMER	3.2e-133	49.0	494	471.5	66.0	97.6
WP_003647839.1	gnl|META|LYSS-MONOMER	6.1e-132	48.8	494	467.2	66.2	97.6
WP_003647840.1	gnl|META|EG11311-MONOMER	4.7e-56	36.1	321	214.5	58.3	95.5
WP_003647841.1	gnl|META|G6096-MONOMER	2.8e-21	32.9	231	99.4	51.9	53.4
WP_003647842.1	gnl|META|EG10900-MONOMER	1.8e-02	26.1	111	35.0	45.0	90.7
WP_003647845.1	gnl|META|EG10785-MONOMER	2.1e-34	45.5	165	141.7	64.2	87.6
WP_003647846.1	gnl|META|YGR155W-MONOMER	2.9e-01	35.3	34	32.0	67.6	15.0
WP_003647847.1	gnl|META|MONOMER-15476	2.6e-34	29.4	371	142.5	50.4	96.0
WP_003647847.1	gnl|META|ALARACEBIOSYN-MONOMER	1.2e-31	29.1	371	133.7	46.6	97.6
WP_003647848.1	gnl|META|HOLO-ACP-SYNTH-MONOMER	2.6e-09	36.8	87	57.8	60.9	72.3
WP_003647849.1	gnl|META|EG10210-MONOMER	3.3e-74	39.7	398	275.4	55.3	80.6
WP_003647849.1	gnl|META|EG10844-MONOMER	2.3e-72	40.7	349	269.2	61.6	70.1
WP_003647850.1	gnl|META|EG10889-MONOMER	5.9e-08	31.6	79	52.8	54.4	95.2
WP_003647852.1	gnl|META|SFUC-MONOMER	2.5e-25	35.3	201	112.1	55.7	79.1
WP_003647852.1	gnl|META|MACB	2.3e-23	31.1	251	105.5	52.2	95.7
WP_003647852.1	gnl|META|YCBE-MONOMER	2.3e-23	34.1	211	105.5	53.6	83.1
WP_003647853.1	gnl|META|YDEY-MONOMER	4.7e-07	29.1	151	51.6	50.3	48.8
WP_003647855.1	gnl|META|MONOMER-18513	1.4e-140	37.0	714	496.5	55.0	95.2
WP_003647856.1	gnl|META|YPR184W-MONOMER	1.2e-01	33.9	59	34.3	55.9	12.1
WP_003647862.1	gnl|META|G7237-MONOMER	1.1e-121	53.7	410	433.0	66.3	90.7
WP_003647864.1	gnl|META|PD00230	3.4e-18	33.8	160	87.8	51.2	86.6
WP_003647880.1	gnl|META|YGFU-MONOMER	9.9e-78	39.6	417	287.0	60.7	93.4
WP_003647881.1	gnl|META|MONOMER-15461	3.3e-115	50.6	411	411.4	71.5	97.6
WP_003647882.1	gnl|META|BSU37150-MONOMER	1.4e-206	64.4	531	715.3	81.0	98.3
WP_003647886.1	gnl|META|MONOMER-5946	1.8e-161	48.0	552	565.5	65.2	99.6
WP_003647886.1	gnl|META|TRE6PHYDRO-MONOMER	6.7e-145	45.6	542	510.4	64.4	98.5
WP_003647887.1	gnl|META|MALG-MONOMER	7.1e-29	30.1	296	124.0	52.0	97.5
WP_003647890.1	gnl|META|UGPC-MONOMER	7.2e-82	46.7	364	300.4	62.9	98.6
WP_003647890.1	gnl|META|MALK-MONOMER	5.1e-80	44.8	368	294.3	61.4	98.9
WP_003647891.1	gnl|META|MONOMER-5821	1.5e-39	39.4	221	159.1	58.4	100.0
WP_003647892.1	gnl|META|MONOMER-13019	1.6e-261	60.9	742	898.3	73.7	97.5
WP_003647894.1	gnl|META|MONOMER-5946	4.8e-98	35.8	565	354.8	54.9	98.7
WP_003647894.1	gnl|META|TRE6PHYDRO-MONOMER	3.2e-94	36.8	543	342.0	54.1	96.4
WP_003647896.1	gnl|META|NAG1P-URIDYLTRANS-MONOMER	7.2e-63	36.6	454	237.7	52.6	98.0
WP_003647897.1	gnl|META|MONOMER-19925	5.0e-11	27.5	142	64.7	52.1	50.7
WP_003647899.1	gnl|META|EG10523-MONOMER	4.5e-34	33.2	271	141.4	53.9	91.2
WP_003647901.1	gnl|META|METG-MONOMER	2.9e-65	27.2	681	246.1	45.2	96.8
WP_003647902.1	gnl|META|MONOMER-14601	7.8e-11	29.7	269	64.3	49.1	75.3
WP_003647902.1	gnl|META|G3O-29654-MONOMER	1.5e-09	26.2	244	60.1	45.5	68.4
WP_003647902.1	gnl|META|HS02790-MONOMER	3.3e-09	25.5	235	58.9	47.7	68.4
WP_003647904.1	gnl|META|EG11662-MONOMER	1.9e-04	23.2	194	42.4	37.6	91.1
WP_003647907.1	gnl|META|CELB-MONOMER	4.1e-45	30.0	477	178.7	45.1	95.2
WP_003647908.1	gnl|META|CELA-MONOMER	9.9e-08	39.0	100	52.4	57.0	93.5
WP_003647909.1	gnl|META|CELC-MONOMER	2.7e-13	39.6	96	70.9	65.6	88.9
WP_003647912.1	gnl|META|CELB-MONOMER	8.9e-34	34.8	276	141.0	56.2	57.6
WP_003647915.1	gnl|META|MONOMER-8684	7.5e-01	34.0	47	30.0	57.4	30.7
WP_003647921.1	gnl|META|MONOMER-14087	1.5e-12	29.8	191	69.3	50.8	84.5
WP_003647922.1	gnl|META|BSU35650-MONOMER	2.6e-47	35.7	277	185.7	57.0	75.1
WP_003647922.1	gnl|META|MONOMER-19997	2.2e-46	37.9	248	182.6	58.9	67.2
WP_003647922.1	gnl|META|MONOMER-20031	3.7e-46	36.1	294	181.8	57.8	76.7
WP_003647925.1	gnl|META|G7220-MONOMER	1.8e-65	43.2	308	245.7	64.3	99.4
WP_003647925.1	gnl|META|MONOMER-20009	2.6e-64	40.3	305	241.9	64.3	98.4
WP_003647927.1	gnl|META|EG10913-MONOMER	2.4e-12	39.6	101	67.4	57.4	100.0
WP_003647931.1	gnl|META|BSU33530-MONOMER	2.7e-16	25.0	264	82.4	47.0	78.4
WP_003647932.1	gnl|META|1-PFK-MONOMER	5.5e-18	27.8	270	87.8	47.8	89.1
WP_003647943.1	gnl|META|1-PFK-MONOMER	8.5e-28	32.5	295	120.6	50.5	94.5
WP_003647943.1	gnl|META|MONOMER-2745	4.0e-25	27.7	314	111.7	46.5	99.7
WP_003647950.1	gnl|META|MONOMER-15487	7.4e-150	60.8	418	526.6	76.6	93.0
WP_003647951.1	gnl|META|MONOMER-15525	2.9e-195	51.6	628	677.9	71.5	96.6
WP_003647954.1	gnl|META|SAPC-MONOMER	5.8e-04	22.2	194	41.2	42.8	70.0
WP_003647954.1	gnl|META|POTI-MONOMER	1.3e-03	23.2	185	40.0	43.2	64.8
WP_003647956.1	gnl|META|ARTJ-MONOMER	3.1e-01	24.8	141	32.3	44.7	44.3
WP_003647965.1	gnl|META|STM14_RS23765-MONOMER	5.9e-10	32.1	134	60.1	48.5	97.7
WP_003647965.1	gnl|META|MANX-MONOMER	1.3e-09	27.5	131	58.9	52.7	90.9
WP_003647966.1	gnl|META|MANZ-MONOMER	3.5e-33	36.3	248	138.3	54.8	87.1
WP_003647966.1	gnl|META|STM14_RS23780-MONOMER	2.8e-30	31.4	242	128.6	55.4	86.8
WP_003647967.1	gnl|META|MONOMER-18128	1.3e-12	28.8	208	70.1	43.8	67.9
WP_003647967.1	gnl|META|STM14_RS23775-MONOMER	4.2e-11	23.4	209	65.1	44.5	68.5
WP_003647968.1	gnl|META|MANX-MONOMER	1.9e-18	31.2	154	88.6	52.6	95.1
WP_003647970.1	gnl|META|MONOMER-17512	1.8e-70	39.9	386	262.7	60.9	99.0
WP_003647970.1	gnl|META|MONOMER-18272	6.7e-70	41.0	378	260.8	56.6	94.8
WP_003647972.1	gnl|META|MONOMER-20863	6.6e-08	31.6	98	54.3	52.0	36.0
WP_003647974.1	gnl|META|DALADALALIGA-MONOMER	7.0e-82	44.6	363	300.4	64.7	96.4
WP_003647974.1	gnl|META|MONOMER-15463	4.6e-73	41.7	360	271.2	62.5	99.2
WP_003647978.1	gnl|META|G7037-MONOMER	4.0e-01	41.9	43	32.3	55.8	10.4
WP_003647984.1	gnl|META|EG10860-MONOMER	3.3e-14	36.5	126	75.1	50.8	49.8
WP_003647988.1	gnl|META|MONOMER3O-4152	3.5e-13	24.2	252	71.6	39.3	85.2
WP_003647988.1	gnl|META|G6577-MONOMER	1.3e-12	28.1	185	69.7	48.6	74.3
WP_003647996.1	gnl|META|G6529-MONOMER	6.6e-18	25.2	357	88.2	45.9	80.0
WP_003648006.1	gnl|META|EG11254-MONOMER	4.0e-13	28.3	159	70.9	52.2	100.0
WP_003648096.1	gnl|META|EG11353-MONOMER	6.3e-10	25.2	282	61.2	47.2	82.3
WP_003648098.1	gnl|META|MONOMER-15684	2.2e-71	43.4	316	265.4	59.5	99.7
WP_003648098.1	gnl|META|MONOMER-15681	9.9e-64	39.0	318	240.0	57.2	100.0
WP_003648100.1	gnl|META|MONOMER-15016	9.0e-22	27.6	297	100.5	44.1	95.1
WP_003648101.1	gnl|META|BRNQ-MONOMER	5.2e-58	34.9	436	221.5	56.4	96.0
WP_003648102.1	gnl|META|MONOMER-17916	9.2e-74	32.7	597	274.2	48.7	95.9
WP_003648111.1	gnl|META|MONOMER-13061	7.7e-115	63.3	324	409.8	77.8	96.1
WP_003648115.1	gnl|META|EG11073-MONOMER	5.9e-12	25.3	293	67.8	40.6	97.8
WP_003648118.1	gnl|META|EG10529-MONOMER	5.0e-14	33.5	155	75.9	55.5	23.0
WP_003648120.1	gnl|META|EG12115-MONOMER	4.8e-23	28.9	228	104.4	48.2	96.6
WP_003648126.1	gnl|META|GPH-MONOMER	1.3e-11	32.6	92	66.2	57.6	44.2
WP_003648130.1	gnl|META|MONOMER-13042	3.1e-67	44.8	288	251.5	64.2	96.6
WP_003648131.1	gnl|META|EG10236-MONOMER	8.9e-98	44.2	448	353.6	65.2	96.3
WP_003648133.1	gnl|META|EG10917-MONOMER	1.1e-13	55.4	65	71.6	69.2	84.4
WP_003648134.1	gnl|META|EG10976-MONOMER	5.8e-10	33.5	176	60.5	50.0	99.4
WP_003648137.1	gnl|META|EG10424-MONOMER	7.8e-164	41.4	806	573.5	56.5	96.9
WP_003648138.1	gnl|META|EG10828-MONOMER	1.9e-21	24.6	374	99.8	45.2	98.9
WP_003648140.1	gnl|META|EG10242-MONOMER	1.0e-35	26.9	375	147.1	50.1	99.5
WP_003648141.1	gnl|META|EG10892-MONOMER	1.0e-06	64.3	42	47.8	73.8	91.3
WP_003648142.1	gnl|META|EG10862-MONOMER	8.4e-03	36.4	55	36.2	58.2	45.1
WP_003648143.1	gnl|META|AT2G28800-MONOMER	7.3e-21	28.9	256	97.4	47.3	72.9
WP_003648143.1	gnl|META|MONOMER-16600	1.2e-20	30.3	218	96.7	45.4	65.3
WP_003648144.1	gnl|META|EG10997-MONOMER	1.2e-62	32.0	462	236.9	56.3	98.3
WP_003648149.1	gnl|META|GALP-MONOMER	5.6e-12	24.0	429	68.6	42.9	91.5
WP_003648150.1	gnl|META|G6759-MONOMER	8.5e-02	26.7	135	33.1	40.7	82.9
WP_003648151.1	gnl|META|XASA-MONOMER	4.1e-08	20.3	454	55.8	39.2	90.2
WP_003648161.1	gnl|META|EG11691-MONOMER	1.3e-82	39.1	414	303.1	64.3	94.7
WP_003648161.1	gnl|META|EG11724-MONOMER	2.7e-80	38.6	415	295.4	62.9	95.0
WP_003648165.1	gnl|META|BSU00140-MONOMER	5.4e-24	31.8	214	107.5	54.7	94.6
WP_003648166.1	gnl|META|BSU00140-MONOMER	3.5e-28	35.1	211	121.3	53.6	96.8
WP_003648167.1	gnl|META|MONOMER-13104	5.2e-73	56.2	233	270.4	73.8	97.5
WP_003648170.1	gnl|META|G7263-MONOMER	1.1e-72	49.8	297	269.6	66.7	100.0
WP_003648171.1	gnl|META|G6208-MONOMER	5.8e-09	30.5	154	57.8	46.1	53.0
WP_003648173.1	gnl|META|G7265-MONOMER	7.9e-27	27.2	371	117.5	45.6	94.1
WP_003648175.1	gnl|META|PHND-MONOMER	3.0e-12	25.2	278	68.9	42.8	88.4
WP_003648179.1	gnl|META|MACB	1.8e-42	33.8	299	170.6	55.2	37.2
WP_003648179.1	gnl|META|MACB	1.1e-07	34.9	129	55.1	49.6	16.6
WP_003648179.1	gnl|META|YDCT-MONOMER	7.9e-38	42.5	207	155.2	58.9	26.3
WP_003648182.1	gnl|META|SGCC-MONOMER	2.4e-24	22.4	389	109.8	45.8	79.8
WP_003648183.1	gnl|META|SGCC-MONOMER	6.4e-22	22.9	411	101.7	44.3	84.9
WP_003648199.1	gnl|META|MONOMER-20020	4.2e-141	49.8	512	497.7	68.6	99.4
WP_003648200.1	gnl|META|BSU38520-MONOMER	2.0e-13	42.3	78	70.9	67.9	97.5
WP_003648200.1	gnl|META|MONOMER-19972	5.8e-13	41.0	78	69.3	67.9	97.5
WP_003648201.1	gnl|META|MONOMER-20022	8.2e-85	41.8	421	310.5	58.0	95.6
WP_003648202.1	gnl|META|MONOMER-19973	2.6e-24	26.9	309	109.0	48.9	96.8
WP_003648204.1	gnl|META|CELB-MONOMER	4.3e-09	25.5	274	58.9	46.4	58.8
WP_003648563.1	gnl|META|ATPE-MONOMER	6.5e-08	43.3	67	52.4	70.1	95.7
WP_003648636.1	gnl|META|EG10942-MONOMER	4.8e-31	29.8	336	131.7	48.5	84.1
WP_003648654.1	gnl|META|G3O-30552-MONOMER	1.4e-01	48.1	27	33.1	70.4	11.2
WP_003648654.1	gnl|META|HS05171-MONOMER	1.8e-01	27.4	73	32.7	57.5	28.6
WP_003648655.1	gnl|META|MONOMER-20078	4.5e-24	27.8	313	108.2	48.2	98.7
WP_003648655.1	gnl|META|MONOMER-19751	3.2e-22	36.6	161	102.1	58.4	47.8
WP_003649175.1	gnl|META|BSU35670-MONOMER	1.8e-91	59.5	279	332.0	76.7	92.4
WP_003649175.1	gnl|META|MONOMER-20001	9.1e-91	57.8	287	329.7	74.9	95.0
WP_003649465.1	gnl|META|EG10882-MONOMER	1.6e-22	52.8	106	101.7	73.6	90.6
WP_003649482.1	gnl|META|MONOMER-8681	2.2e-127	66.9	323	451.4	86.7	100.0
WP_003649538.1	gnl|META|YHR144C-MONOMER	2.5e-18	33.3	144	88.2	51.4	84.0
WP_003649608.1	gnl|META|METI-MONOMER	9.1e-02	27.6	127	33.9	47.2	45.3
WP_003649608.1	gnl|META|SAPC-MONOMER	2.6e-01	24.7	158	32.3	42.4	58.8
WP_003649608.1	gnl|META|PROW-MONOMER	4.5e-01	21.3	122	31.6	45.1	45.7
WP_003649654.1	gnl|META|PD00230	4.4e-13	31.7	161	70.9	46.6	84.1
WP_003649680.1	gnl|META|PHOR-MONOMER	1.4e-37	29.5	373	154.1	50.4	59.1
WP_003649681.1	gnl|META|CPXR-MONOMER	3.3e-48	43.3	231	188.0	66.2	97.9
WP_003649915.1	gnl|META|AT3G54690-MONOMER	1.3e-03	24.5	139	40.0	39.6	47.7
WP_003649915.1	gnl|META|MONOMER-19906	1.3e-03	24.7	154	40.0	46.8	53.7
WP_003649950.1	gnl|META|CPXR-MONOMER	1.6e-39	37.9	227	159.1	63.4	97.8
WP_003650175.1	gnl|META|EMRB-MONOMER	1.3e-33	30.4	335	140.6	54.6	67.6
WP_003650175.1	gnl|META|EMRY-MONOMER	5.3e-32	28.3	427	135.2	47.5	82.1
WP_003650438.1	gnl|META|EG11063-MONOMER	3.8e-88	34.8	595	322.0	53.4	95.7
WP_003650493.1	gnl|META|GLYOHMETRANS-MONOMER	1.3e-135	58.7	412	479.2	74.5	99.8
WP_003650493.1	gnl|META|MONOMER-8567	1.1e-131	59.7	407	466.1	73.7	97.3
WP_003650493.1	gnl|META|MONOMER-4244	6.3e-127	58.4	404	450.3	73.0	97.3
WP_003650515.1	gnl|META|G7236-MONOMER	5.5e-161	51.0	563	563.9	69.6	96.9
WP_003650515.1	gnl|META|MONOMER-16180	8.7e-159	50.2	560	556.6	68.9	96.4
WP_003650572.1	gnl|META|EG11724-MONOMER	3.7e-77	39.4	432	285.0	61.1	98.4
WP_003650572.1	gnl|META|EG11691-MONOMER	1.7e-74	36.7	433	276.2	61.7	99.1
WP_003650577.1	gnl|META|EG11691-MONOMER	2.2e-82	40.6	426	302.4	63.4	97.5
WP_003650577.1	gnl|META|EG11724-MONOMER	6.5e-82	40.7	428	300.8	63.3	97.5
WP_003650693.1	gnl|META|GPMA-MONOMER	1.2e-74	58.3	218	275.8	74.8	94.8
WP_003650693.1	gnl|META|YKL152C-MONOMER	7.9e-71	55.9	220	263.1	74.5	95.7
WP_003650736.1	gnl|META|TRPS-MONOMER	9.1e-39	32.3	337	157.1	52.8	97.4
WP_003650750.1	gnl|META|MALE-MONOMER	4.9e-15	25.3	392	78.6	42.3	92.1
WP_003650766.1	gnl|META|GMP-SYN-MONOMER	7.8e-159	51.5	518	556.6	71.2	98.1
WP_003650766.1	gnl|META|YMR217W-MONOMER	3.0e-158	54.5	519	554.7	71.3	98.8
WP_003650774.1	gnl|META|HS11566-MONOMER	1.1e-04	28.0	118	43.1	44.1	50.8
WP_003650883.1	gnl|META|MONOMER-17041	6.0e-86	38.5	447	314.3	55.5	97.8
WP_003650883.1	gnl|META|G6811-MONOMER	6.4e-80	38.0	445	294.3	54.6	96.9
WP_003650883.1	gnl|META|G185E-4354-MONOMER	6.4e-80	35.7	446	294.3	54.5	96.9
WP_003650928.1	gnl|META|EG11353-MONOMER	3.1e-05	25.3	237	45.4	41.4	80.7
WP_003650961.1	gnl|META|EG12347-MONOMER	2.1e-61	52.2	245	231.9	69.4	94.4
WP_003650961.1	gnl|META|GLNQ-MONOMER	1.0e-58	49.2	238	223.0	68.9	94.4
WP_003650961.1	gnl|META|GLTL-MONOMER	2.2e-58	48.3	236	221.9	67.4	93.7
WP_003651062.1	gnl|META|EG12045-MONOMER	2.0e-19	25.5	380	94.4	44.2	36.8
WP_003651064.1	gnl|META|MONOMER-15809	8.5e-01	40.0	35	30.8	54.3	11.9
WP_003651071.1	gnl|META|GLUTATHIONE-REDUCT-NADPH-MONOMER	1.7e-37	27.5	447	153.3	44.1	98.4
WP_003651071.1	gnl|META|G18NG-11595-MONOMER	2.9e-37	28.4	464	152.5	49.4	99.8
WP_003651071.1	gnl|META|MONOMER-585	8.8e-34	31.1	357	141.0	47.9	77.9
WP_003651072.1	gnl|META|IMP-DEHYDROG-MONOMER	1.8e-99	43.9	485	359.0	56.3	97.1
WP_003651099.1	gnl|META|EG10570-MONOMER	1.1e-45	36.0	258	179.9	58.9	93.8
WP_003651203.1	gnl|META|MONOMER-20008	8.6e-08	30.6	134	53.5	47.8	62.1
WP_003651219.1	gnl|META|MANY-MONOMER	4.9e-08	22.9	201	54.7	42.3	75.5
WP_003651219.1	gnl|META|MONOMER-18276	6.5e-08	28.9	128	54.3	48.4	48.3
WP_003651221.1	gnl|META|STM14_RS23780-MONOMER	6.5e-35	33.3	276	144.1	56.2	97.5
WP_003651221.1	gnl|META|MANZ-MONOMER	7.9e-33	33.9	283	137.1	54.8	98.2
WP_003651224.1	gnl|META|PD00219	2.1e-16	25.2	329	82.8	48.3	96.0
WP_003651252.1	gnl|META|PYRUVOXID-MONOMER	1.0e-69	30.3	521	260.8	50.5	86.2
WP_003651252.1	gnl|META|MONOMER-11900	3.6e-62	28.7	561	235.7	48.8	88.0
WP_003651308.1	gnl|META|MONOMER-13843	7.5e-02	20.6	228	34.3	37.3	72.6
WP_003651369.1	gnl|META|PHNC-MONOMER	5.7e-49	43.7	261	190.7	61.7	98.1
WP_003651388.1	gnl|META|MONOMER-13103	3.8e-102	49.5	384	367.9	65.4	99.5
WP_003651391.1	gnl|META|MONOMER-16613	1.6e-22	30.0	257	104.8	49.4	23.4
WP_003651391.1	gnl|META|MONOMER-16613	5.9e-01	39.4	33	33.1	63.6	3.2
WP_003651406.1	gnl|META|CYCA-MONOMER	6.7e-106	45.6	445	380.6	68.8	98.0
WP_003651410.1	gnl|META|PRPPSYN-MONOMER	2.5e-57	40.7	317	218.8	61.8	94.2
WP_003651410.1	gnl|META|HS02317-MONOMER	2.5e-54	39.0	305	208.8	60.7	91.5
WP_003651410.1	gnl|META|HS07410-MONOMER	6.3e-53	37.4	313	204.1	59.7	93.9
WP_003651410.1	gnl|META|HS11931-MONOMER	6.9e-52	36.7	313	200.7	59.7	93.9
WP_003651413.1	gnl|META|G1G01-4208-MONOMER	9.8e-10	31.7	126	60.1	48.4	55.9
WP_003651413.1	gnl|META|MONOMER-15937	9.8e-10	29.1	117	60.1	53.0	50.5
WP_003651413.1	gnl|META|MONOMER-15764	4.8e-09	31.1	119	57.8	50.4	51.8
WP_003651413.1	gnl|META|MONOMER-20510	1.4e-08	22.2	162	56.2	45.7	71.4
WP_003651415.1	gnl|META|MONOMER-20013	1.2e-17	24.9	217	86.7	48.8	78.6
WP_003651415.1	gnl|META|BSU35680-MONOMER	6.1e-17	31.1	222	84.3	49.5	77.2
WP_003651442.1	gnl|META|PD00219	4.6e-11	25.2	349	65.1	43.8	99.4
WP_003651457.1	gnl|META|YFL017C-MONOMER	1.4e-01	32.1	56	32.7	55.4	29.6
WP_003651462.1	gnl|META|EG11058-MONOMER	2.1e-55	48.4	221	211.8	62.9	93.5
WP_003651464.1	gnl|META|MONOMER-13062	3.7e-98	55.7	327	354.4	72.8	100.0
WP_003651620.1	gnl|META|EG10375-MONOMER	1.8e-173	50.3	616	605.5	68.7	97.5
WP_003651627.1	gnl|META|EG10423-MONOMER	2.4e-210	45.8	851	728.4	63.9	98.4
WP_003651632.1	gnl|META|EG10870-MONOMER	1.8e-10	30.5	151	62.0	53.0	99.3
WP_003651643.1	gnl|META|MONOMERMETA-16871	6.0e-22	24.6	329	101.3	43.5	87.4
WP_003651643.1	gnl|META|G6236-MONOMER	7.9e-22	25.5	337	100.9	41.5	88.5
WP_003651647.1	gnl|META|MONOMER-1961	1.8e-16	27.6	286	82.8	44.1	90.9
WP_003651652.1	gnl|META|THRESYN-MONOMER	5.0e-46	32.0	431	181.8	48.7	85.7
WP_003651660.1	gnl|META|MACB	9.4e-43	42.5	233	169.9	62.7	96.6
WP_003651660.1	gnl|META|ABC-MONOMER	7.0e-38	40.2	219	153.7	62.1	90.3
WP_003651666.1	gnl|META|BSU15520-MONOMER	0.0e+00	63.8	1061	1350.9	80.3	99.9
WP_003651670.1	gnl|META|MONOMER-14471	2.6e-93	53.3	300	338.2	74.7	97.7
WP_003651670.1	gnl|META|BSU15540-MONOMER	2.6e-85	51.7	298	311.6	74.5	97.1
WP_003651680.1	gnl|META|EG11549-MONOMER	7.8e-93	43.9	408	337.0	64.2	97.8
WP_003651685.1	gnl|META|EG10239-MONOMER	2.2e-72	37.3	432	269.6	54.4	69.8
WP_003651693.1	gnl|META|EG11433-MONOMER	2.6e-32	43.2	155	134.8	60.0	82.2
WP_003651696.1	gnl|META|EG12394-MONOMER	1.6e-29	47.7	128	125.2	64.8	88.1
WP_003651709.1	gnl|META|MONOMER-13868	6.3e-01	34.9	43	31.2	53.5	15.1
WP_003651715.1	gnl|META|G6503-MONOMER	2.3e-05	24.0	154	45.1	38.3	95.6
WP_003651764.1	gnl|META|EG10866-MONOMER	4.6e-41	46.9	209	164.1	63.2	97.6
WP_003651773.1	gnl|META|SYNPCC7942_0260-MONOMER	3.3e-220	49.5	827	761.1	70.3	99.1
WP_003651879.1	gnl|META|ENSG00000092068-MONOMER	2.7e-13	23.7	456	73.2	44.3	81.9
WP_003651879.1	gnl|META|YHFM-MONOMER	1.5e-11	22.8	479	67.4	40.1	83.8
WP_003651882.1	gnl|META|MONOMER-12255	4.4e-89	42.8	435	324.7	61.4	94.9
WP_003651888.1	gnl|META|EG11506-MONOMER	2.8e-135	48.7	534	478.8	67.2	74.3
WP_003651909.1	gnl|META|UGPE-MONOMER	3.2e-26	27.7	274	115.2	48.9	96.4
WP_003651949.1	gnl|META|EG10872-MONOMER	8.7e-44	64.8	142	172.6	78.2	100.0
WP_003652038.1	gnl|META|G7704-MONOMER	6.4e-34	35.0	266	141.0	56.8	79.7
WP_003652043.1	gnl|META|G7706-MONOMER	4.8e-01	42.4	33	30.0	63.6	33.7
WP_003652062.1	gnl|META|MONOMER-20004	3.2e-126	39.5	643	448.7	59.1	87.8
WP_003652068.1	gnl|META|G7265-MONOMER	8.2e-24	28.2	344	107.5	43.0	86.1
WP_003652070.1	gnl|META|G1I0R-1995-MONOMER	1.9e-60	35.7	392	229.6	53.3	86.7
WP_003652075.1	gnl|META|G7698-MONOMER	4.0e-15	32.2	146	78.6	52.1	43.6
WP_003652077.1	gnl|META|SYNPCC7942_0331-MONOMER	2.9e-15	31.7	164	78.6	52.4	66.0
WP_003652077.1	gnl|META|ATPB-MONOMER	1.4e-14	30.5	226	76.3	51.8	86.6
WP_003652205.1	gnl|META|EMRY-MONOMER	2.7e-17	22.1	331	86.3	45.3	70.3
WP_003652207.1	gnl|META|EG10329-MONOMER	1.9e-39	33.8	272	159.1	54.4	98.6
WP_003652220.1	gnl|META|GLNQ-MONOMER	1.7e-26	32.6	221	116.3	56.6	68.5
WP_003652220.1	gnl|META|BSU02750-MONOMER	6.3e-26	30.0	220	114.4	52.3	68.5
WP_003652224.1	gnl|META|ADENODEAMIN-MONOMER	1.6e-32	29.3	328	136.3	49.4	97.0
WP_003652236.1	gnl|META|PHET-MONOMER	3.6e-110	31.7	812	395.6	52.3	100.0
WP_003652268.1	gnl|META|SYNPCC7942_0260-MONOMER	3.2e-174	52.2	625	608.2	70.9	83.1
WP_003652283.1	gnl|META|EG10625-MONOMER	1.6e-156	37.6	852	549.7	57.6	98.0
WP_003652287.1	gnl|META|EG10924-MONOMER	4.6e-107	54.8	330	384.0	77.0	97.3
WP_003652290.1	gnl|META|G6115-MONOMER	3.2e-53	37.5	347	205.3	57.6	92.5
WP_003652291.1	gnl|META|G1I0R-1684-MONOMER	7.2e-54	38.0	305	207.2	56.7	94.1
WP_003652296.1	gnl|META|EG10625-MONOMER	1.4e-21	25.3	328	101.3	46.6	40.9
WP_003652308.1	gnl|META|G3O-34097-MONOMER	1.4e-10	28.3	106	63.9	58.5	22.6
WP_003652311.1	gnl|META|MONOMER-13562	4.8e-50	36.7	324	194.5	54.6	99.4
WP_003652313.1	gnl|META|EG10900-MONOMER	2.9e-08	39.7	68	54.3	60.3	55.4
WP_003652347.1	gnl|META|YJDL-MONOMER	9.8e-42	26.7	498	167.5	43.4	95.4
WP_003652347.1	gnl|META|YHIP-MONOMER	2.5e-37	24.0	512	152.9	43.4	99.6
WP_003652383.1	gnl|META|PSTB-MONOMER	5.4e-73	51.0	247	270.4	71.7	98.4
WP_003652389.1	gnl|META|EG11082-MONOMER	2.6e-61	39.6	303	231.9	61.1	97.4
WP_003652391.1	gnl|META|MONOMER-13056	1.1e-273	55.9	819	938.7	71.9	99.6
WP_003652482.1	gnl|META|EG12044-MONOMER	2.4e-35	38.5	234	145.2	57.3	99.6
WP_003652489.1	gnl|META|AT4G21470-MONOMER	1.4e-08	26.2	195	56.2	44.6	85.8
WP_003652536.1	gnl|META|EG10613-MONOMER	2.3e-28	25.8	461	123.2	45.1	84.1
WP_003652541.1	gnl|META|EG10435-MONOMER	1.7e-01	20.0	235	33.1	38.3	62.9
WP_003652552.1	gnl|META|DIHYDROPTERIREDUCT-MONOMER	1.4e-05	22.0	191	46.2	39.8	84.1
WP_003652615.1	gnl|META|G3O-32155-MONOMER	9.6e-02	40.0	60	33.5	58.3	26.5
WP_003652629.1	gnl|META|MONOMER-2744	4.3e-94	53.8	327	340.9	71.6	98.5
WP_003652634.1	gnl|META|FRUA-MONOMER	3.7e-65	40.3	459	245.7	58.6	70.3
WP_003652660.1	gnl|META|G3O-32293-MONOMER	5.3e-09	22.4	286	58.5	39.5	66.7
WP_003652664.1	gnl|META|EG10823-MONOMER	1.1e-109	57.1	322	392.9	80.1	88.5
WP_003652668.1	gnl|META|EG10763-MONOMER	4.5e-03	24.3	210	38.9	39.5	46.2
WP_003652741.1	gnl|META|HP0192-MONOMER	9.8e-01	27.8	90	32.3	42.2	8.1
WP_003652763.1	gnl|META|EG10746-MONOMER	2.2e-09	30.2	129	60.5	50.4	20.0
WP_003652788.1	gnl|META|SYNPCC7942_2525-MONOMER	1.8e-11	30.2	159	65.9	46.5	70.4
WP_003652812.1	gnl|META|MONOMER-15879	2.7e-28	27.9	269	122.1	48.7	95.7
WP_003652812.1	gnl|META|MONOMER-20362	7.3e-26	30.7	280	114.0	48.6	98.2
WP_003652815.1	gnl|META|G12WB-160-MONOMER	1.3e-06	23.4	269	50.1	44.6	94.6
WP_003652856.1	gnl|META|NAD-SYNTH-MONOMER	3.6e-94	61.9	273	340.9	77.7	98.6
WP_003652862.1	gnl|META|MONOMER-19177	4.7e-12	37.9	95	66.6	54.7	92.0
WP_003652953.1	gnl|META|MONOMER-18243	1.3e-08	25.0	328	57.0	41.5	91.6
WP_003652953.1	gnl|META|MONOMER-14622	2.3e-08	23.2	315	56.2	42.2	88.0
WP_003652957.1	gnl|META|EG11064-MONOMER	1.4e-20	23.5	566	98.6	41.9	44.8
WP_003652957.1	gnl|META|EG11064-MONOMER	8.8e-04	27.6	145	42.7	44.8	11.9
WP_003652959.1	gnl|META|EG11357-MONOMER	1.5e-11	22.8	698	68.2	39.5	69.9
WP_003653010.1	gnl|META|EG10924-MONOMER	7.7e-11	35.0	120	64.7	55.0	27.0
WP_003653017.1	gnl|META|YFL017C-MONOMER	1.9e-02	39.3	56	35.4	51.8	34.4
WP_003653066.1	gnl|META|CYDC-MONOMER	1.5e-16	22.5	436	84.0	45.6	79.3
WP_003653066.1	gnl|META|EG10613-MONOMER	3.8e-15	23.8	411	79.3	44.0	73.1
WP_003653066.1	gnl|META|G3O-32147-MONOMER	6.4e-15	26.1	303	78.6	46.9	51.8
WP_003653066.1	gnl|META|YBHF-MONOMER	3.2e-14	27.4	197	76.3	48.2	36.3
WP_003653133.1	gnl|META|KEFB-MONOMER	6.1e-15	23.1	376	78.2	46.8	96.6
WP_003653133.1	gnl|META|KEFC-MONOMER	3.9e-14	22.5	306	75.5	49.0	79.3
WP_003653142.1	gnl|META|MONOMER-20361	8.5e-59	50.5	202	223.0	72.3	94.0
WP_003653156.1	gnl|META|BSU38760-MONOMER	3.1e-130	51.1	446	461.5	70.6	96.3
WP_003653157.1	gnl|META|BSU38750-MONOMER	1.1e-63	41.2	325	240.0	63.1	95.3
WP_003653222.1	gnl|META|MONOMER-20445	3.0e-76	41.1	348	282.0	60.6	84.5
WP_003653230.1	gnl|META|MONOMER-14503	1.7e-110	38.8	690	396.4	58.6	98.6
WP_003653230.1	gnl|META|MONOMER-14493	3.8e-102	37.8	630	368.6	58.4	88.8
WP_003653401.1	gnl|META|EG11268-MONOMER	7.8e-61	39.2	309	230.3	59.5	98.4
WP_003653411.1	gnl|META|AT4G36810-MONOMER	1.4e-43	39.2	240	172.9	60.0	80.6
WP_003653411.1	gnl|META|MONOMER-12171	1.3e-41	36.0	261	166.4	58.2	88.5
WP_003653411.1	gnl|META|AT2G18640-MONOMER	1.7e-41	37.2	247	166.0	61.1	83.3
WP_003653411.1	gnl|META|MONOMER-11666	1.1e-40	40.7	231	163.3	61.0	77.1
WP_003653411.1	gnl|META|AT2G23800-MONOMER	5.3e-40	34.8	264	161.0	58.7	89.9
WP_003653411.1	gnl|META|AT3G14550-MONOMER	9.1e-40	37.1	232	160.2	59.5	78.1
WP_003653411.1	gnl|META|MONOMER-16157	2.6e-39	40.4	228	158.7	61.0	77.1
WP_003653551.1	gnl|META|BGLF-MONOMER	1.2e-68	38.4	393	257.3	58.8	60.6
WP_003653590.1	gnl|META|CELB-MONOMER	3.1e-23	24.1	435	106.3	44.1	72.2
WP_003653637.1	gnl|META|EG10203-MONOMER	9.4e-27	30.6	278	117.1	50.7	89.6
WP_003653794.1	gnl|META|BSU35680-MONOMER	1.6e-10	38.7	93	64.3	58.1	13.8
WP_003653794.1	gnl|META|G6529-MONOMER	4.5e-10	25.6	160	62.8	42.5	24.2
WP_003653802.1	gnl|META|EG10613-MONOMER	7.2e-19	24.7	393	91.7	45.0	71.3
WP_003653802.1	gnl|META|CYDC-MONOMER	2.1e-18	25.5	419	90.1	45.3	74.9
WP_003654076.1	gnl|META|AT4G14210-MONOMER	1.5e-01	41.7	60	34.3	51.7	10.2
WP_003654076.1	gnl|META|MONOMER-20109	2.0e-01	32.8	64	33.9	53.1	10.3
WP_003654076.1	gnl|META|MONOMER-16797	2.0e-01	36.4	55	33.9	61.8	9.3
WP_003654366.1	gnl|META|ILES-MONOMER	1.1e-216	43.3	938	749.6	60.7	98.3
WP_003654386.1	gnl|META|EG10343-MONOMER	3.3e-19	30.6	183	91.3	55.7	100.0
WP_003654424.1	gnl|META|G7105-MONOMER	2.8e-24	30.3	208	108.6	50.0	80.9
WP_003654424.1	gnl|META|EG11826-MONOMER	8.1e-24	30.2	205	107.1	52.2	79.8
WP_003654594.1	gnl|META|EG11195-MONOMER	1.8e-50	41.4	266	195.7	60.2	97.1
WP_003654891.1	gnl|META|EG10613-MONOMER	2.3e-50	41.9	260	195.3	60.4	99.2
WP_003654973.1	gnl|META|FLAVODOXIN1-MONOMER	1.6e-02	28.3	60	36.6	56.7	19.5
WP_003654973.1	gnl|META|MONOMER-13232	1.6e-02	28.3	60	36.6	56.7	19.5
WP_003655093.1	gnl|META|PD00219	2.3e-26	27.2	327	115.9	46.5	96.7
WP_003655180.1	gnl|META|CYDC-MONOMER	4.0e-17	23.5	409	85.9	43.5	74.5
WP_003655210.1	gnl|META|FORMYLSYNTHCLTH-MONOMER	3.4e-160	52.0	556	561.2	70.3	99.6
WP_003655210.1	gnl|META|MONOMER-13114	1.0e-156	49.9	557	549.7	70.7	99.8
WP_003655210.1	gnl|META|MONOMER-3942	7.4e-147	49.9	559	516.9	65.7	100.0
WP_003655327.1	gnl|META|BGLF-MONOMER	6.0e-81	32.2	608	298.1	51.2	96.0
WP_003655331.1	gnl|META|MACB	2.0e-34	38.6	220	142.1	56.4	96.9
WP_003655331.1	gnl|META|GLTL-MONOMER	2.7e-31	38.3	222	131.7	57.7	96.9
WP_003655335.1	gnl|META|SYNPCC7942_0485-MONOMER	3.6e-14	25.0	212	74.7	43.9	96.2
WP_003655351.1	gnl|META|MONOMER-15710	1.4e-02	29.9	67	36.6	52.2	26.0
WP_003655353.1	gnl|META|AROD-MONOMER	2.8e-10	31.9	113	61.2	57.5	80.7
WP_003655367.1	gnl|META|MONOMER-12607	3.6e-113	49.4	445	405.2	69.0	66.5
WP_003655369.1	gnl|META|MONOMER-12602	1.9e-98	41.8	471	355.9	57.3	94.3
WP_003655371.1	gnl|META|PD00219	3.0e-39	30.3	317	158.7	52.1	93.9
WP_003655373.1	gnl|META|BSU11710-MONOMER	2.5e-47	38.8	260	185.3	60.8	95.2
WP_003655373.1	gnl|META|MONOMER-18910	3.1e-42	35.5	262	168.3	59.5	94.5
WP_003655377.1	gnl|META|YHFM-MONOMER	7.8e-25	26.1	437	111.3	48.1	90.0
WP_003655377.1	gnl|META|B0260-MONOMER	2.5e-23	23.0	461	106.3	45.8	90.7
WP_003655379.1	gnl|META|AT3G06860-MONOMER	5.9e-02	29.1	110	34.7	45.5	34.7
WP_003655393.1	gnl|META|G6645-MONOMER	9.3e-22	33.5	209	100.1	49.3	82.2
WP_003655466.1	gnl|META|G1I0R-1336-MONOMER	1.3e-19	30.1	219	93.2	52.5	77.1
WP_003655493.1	gnl|META|MONOMER-13809	7.0e-54	46.5	230	206.8	62.2	96.6
WP_003655493.1	gnl|META|MONOMER-13830	6.5e-52	43.8	226	200.3	64.2	94.9
WP_003655494.1	gnl|META|YHAU-MONOMER	1.1e-02	25.0	164	37.7	41.5	35.3
WP_003655515.1	gnl|META|MONOMER-14570	1.6e-03	32.8	67	39.7	52.2	23.8
WP_003655515.1	gnl|META|MONOMER-13014	2.1e-03	27.3	99	39.3	44.4	34.7
WP_003655515.1	gnl|META|MONOMER-20861	2.8e-03	27.4	113	38.9	44.2	40.0
WP_003655535.1	gnl|META|MONOMER-16413	9.7e-18	27.6	315	87.4	42.9	81.7
WP_003655599.1	gnl|META|RNTRACTIV-MONOMER	1.2e-32	45.6	147	136.3	67.3	60.3
WP_003655625.1	gnl|META|AT4G37870-MONOMER	3.3e-06	23.0	331	49.7	39.9	57.1
WP_003655625.1	gnl|META|MONOMER-17676	7.4e-06	23.1	321	48.5	38.6	54.5
WP_003655634.1	gnl|META|KEFC-MONOMER	1.4e-10	22.3	584	64.3	41.4	86.5
WP_003655692.1	gnl|META|EG11481-MONOMER	1.1e-25	27.4	259	113.2	49.4	98.8
WP_003655702.1	gnl|META|PD00219	2.8e-18	25.9	336	89.0	44.6	99.0
WP_003655823.1	gnl|META|EG10868-MONOMER	3.4e-61	58.5	176	230.7	81.2	97.8
WP_003655892.1	gnl|META|CELB-MONOMER	7.8e-19	24.1	431	91.7	41.1	70.7
WP_003655933.1	gnl|META|DTMPKI-MONOMER	1.2e-28	36.7	199	122.9	55.3	92.0
WP_003655941.1	gnl|META|G7641-MONOMER	5.6e-50	41.4	280	194.1	60.4	97.5
WP_003655967.1	gnl|META|GMP-REDUCT-MONOMER	3.6e-40	29.8	319	161.8	52.0	91.5
WP_003655967.1	gnl|META|MONOMER-16216	5.2e-39	32.6	344	157.9	47.4	91.5
WP_003656030.1	gnl|META|MONOMER-19347	7.9e-05	23.0	152	43.5	44.7	77.2
WP_003656051.1	gnl|META|G7842-MONOMER	6.4e-02	26.2	172	34.7	40.7	47.8
WP_003656060.1	gnl|META|EG11180-MONOMER	1.2e-15	38.5	130	79.0	50.8	98.4
WP_003656062.1	gnl|META|G6934-MONOMER	8.1e-99	43.1	450	357.1	68.2	97.2
WP_003656090.1	gnl|META|CELB-MONOMER	1.9e-20	25.2	461	96.7	43.0	98.0
WP_003656122.1	gnl|META|EG10437-MONOMER	3.5e-56	35.8	388	215.3	57.0	87.6
WP_003656129.1	gnl|META|MONOMER3O-102	1.2e-13	31.4	188	72.8	50.0	97.8
WP_003656144.1	gnl|META|MONOMER-17076	1.0e-49	29.0	514	194.1	49.0	93.6
WP_003656151.1	gnl|META|G6425-MONOMER	1.7e-37	37.3	241	152.5	58.5	91.6
WP_003656151.1	gnl|META|G6442-MONOMER	6.5e-37	36.6	262	150.6	56.1	99.2
WP_003656155.1	gnl|META|FRUA-MONOMER	1.9e-69	35.8	477	260.0	51.8	71.4
WP_003656163.1	gnl|META|MONOMER-15488	1.4e-60	48.1	235	229.2	67.7	94.4
WP_003656164.1	gnl|META|MONOMER-16146	3.0e-41	28.1	501	166.0	46.3	92.9
WP_003656176.1	gnl|META|EG10376-MONOMER	9.6e-27	34.9	212	116.7	53.3	88.7
WP_003656179.1	gnl|META|EG11723-MONOMER	2.4e-17	27.7	188	85.1	52.7	99.5
WP_003656193.1	gnl|META|EG10270-MONOMER	4.4e-61	40.1	289	231.1	64.0	94.7
WP_003656194.1	gnl|META|BSU25180-MONOMER	6.1e-34	35.3	235	140.6	58.7	96.2
WP_003656200.1	gnl|META|MONOMER-16137	4.4e-25	26.6	489	112.8	44.0	63.8
WP_003656285.1	gnl|META|MONOMER-16529	5.3e-01	24.4	127	33.1	44.9	12.4
WP_003656320.1	gnl|META|ABC-MONOMER	1.3e-64	41.9	344	243.0	61.3	96.6
WP_003656328.1	gnl|META|AT1G71880-MONOMER	2.0e-09	21.7	480	60.1	39.8	92.4
WP_003656328.1	gnl|META|MONOMER-18241	2.2e-08	23.7	469	56.6	41.2	92.4
WP_003656341.1	gnl|META|EG11177-MONOMER	1.1e-40	33.3	255	163.3	56.1	82.2
WP_003656372.1	gnl|META|G1I0R-1119-MONOMER	9.6e-147	47.4	565	516.5	68.3	99.8
WP_003656491.1	gnl|META|HS02790-MONOMER	3.3e-131	33.4	994	465.7	50.9	98.5
WP_003656491.1	gnl|META|MONOMER-14601	1.1e-118	32.1	1062	424.1	49.5	98.6
WP_003656491.1	gnl|META|MONOMER-14600	1.9e-118	31.2	1017	423.3	52.1	96.1
WP_003656491.1	gnl|META|MONOMER-14597	5.4e-118	31.6	1053	421.8	49.6	97.5
WP_003656533.1	gnl|META|EG10613-MONOMER	4.4e-27	23.1	527	119.0	43.8	93.9
WP_003656551.1	gnl|META|EG11281-MONOMER	8.6e-59	42.5	332	224.6	59.9	51.4
WP_003656553.1	gnl|META|EG10613-MONOMER	6.4e-32	23.7	465	135.2	46.5	78.2
WP_003656553.1	gnl|META|CYDC-MONOMER	2.1e-30	32.1	246	130.2	53.3	40.7
WP_003656553.1	gnl|META|G3O-32147-MONOMER	3.9e-29	28.5	326	125.9	49.1	52.1
WP_003656567.1	gnl|META|MONOMER-12625	5.9e-79	39.9	439	291.6	60.1	66.5
WP_003656567.1	gnl|META|MONOMER-12607	4.1e-72	38.9	442	268.9	56.6	65.4
WP_003656567.1	gnl|META|BGLF-MONOMER	5.4e-72	31.3	645	268.5	50.9	96.3
WP_003656583.1	gnl|META|EG11171-MONOMER	3.0e-61	39.1	343	231.9	59.5	97.1
WP_003656596.1	gnl|META|MONOMER-14554	4.9e-01	28.7	87	31.6	49.4	29.1
WP_003656600.1	gnl|META|GKI-MONOMER	2.1e-89	46.9	371	325.5	64.2	97.9
WP_003656600.1	gnl|META|MONOMER-20837	8.4e-86	45.5	374	313.5	62.0	98.7
WP_003656600.1	gnl|META|GLY3KIN-MONOMER	1.4e-85	45.6	377	312.8	61.8	99.2
WP_003656608.1	gnl|META|EG10823-MONOMER	2.2e-03	25.4	181	40.0	46.4	37.0
WP_003656624.1	gnl|META|RPOC-MONOMER	0.0e+00	43.4	1384	1097.8	58.7	96.4
WP_003656630.1	gnl|META|MONOMER-20004	1.8e-01	32.5	77	34.7	46.8	8.6
WP_003656658.1	gnl|META|MALF-MONOMER	8.6e-29	30.7	267	124.4	52.8	57.9
WP_003656808.1	gnl|META|YEJF-MONOMER	1.1e-31	23.3	563	134.4	42.8	92.1
WP_003656997.1	gnl|META|MONOMER-2745	2.4e-30	30.6	281	129.0	48.0	90.8
WP_003656997.1	gnl|META|1-PFK-MONOMER	5.5e-27	26.9	305	117.9	48.2	98.7
WP_003657007.1	gnl|META|BSU35650-MONOMER	6.7e-51	39.7	292	197.6	57.2	76.5
WP_003657007.1	gnl|META|MONOMER-19997	1.1e-50	40.7	290	196.8	57.9	76.5
WP_003657012.1	gnl|META|G6892-MONOMER	2.6e-08	32.1	112	56.2	50.0	25.2
WP_003657012.1	gnl|META|G7147-MONOMER	9.7e-08	33.0	100	54.3	49.0	23.8
WP_003657020.1	gnl|META|EG11073-MONOMER	1.8e-21	28.7	265	99.4	47.5	91.0
WP_003657024.1	gnl|META|MONOMER-18988	9.8e-53	50.0	224	203.0	67.0	97.0
WP_003657106.1	gnl|META|EMRY-MONOMER	1.0e-22	26.1	337	104.4	48.4	65.7
WP_003657170.1	gnl|META|2-OCTAPRENYL-METHOXY-BENZOQ-METH-MONOMER	2.3e-09	23.4	205	59.7	42.9	51.4
WP_003657170.1	gnl|META|MONOMER-13830	3.9e-09	26.6	158	58.9	48.7	40.2
WP_003657170.1	gnl|META|MONOMER-7706	1.1e-08	33.6	119	57.4	47.1	28.6
WP_003657170.1	gnl|META|MONOMER-16693	1.9e-08	32.1	109	56.6	51.4	27.1
WP_003657175.1	gnl|META|MONOMER-15964	7.9e-07	27.4	135	50.8	46.7	45.7
WP_003657181.1	gnl|META|MONOMER-16196	9.9e-47	48.3	201	183.0	64.7	90.0
WP_003657218.1	gnl|META|MONOMER-12257	7.9e-77	50.2	311	283.5	69.1	96.2
WP_003657333.1	gnl|META|EG10613-MONOMER	2.0e-24	26.2	428	110.2	46.5	77.5
WP_003657391.1	gnl|META|CYDD-MONOMER	1.5e-60	27.4	592	230.3	48.6	96.4
WP_003657398.1	gnl|META|CYDC-MONOMER	3.0e-17	24.9	362	86.3	44.8	65.7
WP_003657400.1	gnl|META|MONOMER-14495	5.3e-61	32.7	510	231.9	54.7	76.3
WP_003657400.1	gnl|META|YHHO-MONOMER	2.5e-58	30.3	575	223.0	53.7	88.6
WP_003657400.1	gnl|META|MONOMER-16632	2.5e-58	28.0	622	223.0	51.0	97.0
WP_003657400.1	gnl|META|G1G01-5484-MONOMER	4.2e-58	30.1	632	222.2	51.7	97.3
WP_003657400.1	gnl|META|MONOMER-14493	2.0e-55	32.2	587	213.4	50.4	83.5
WP_003657404.1	gnl|META|MONOMER-20021	2.8e-103	49.0	410	371.7	65.9	98.8
WP_003657404.1	gnl|META|MONOMER-19976	6.3e-95	49.5	398	344.0	65.8	96.3
WP_003657404.1	gnl|META|BSU38510-MONOMER	8.2e-95	49.5	398	343.6	65.8	96.3
WP_003657405.1	gnl|META|SYNPCC7942_0260-MONOMER	5.3e-150	45.2	651	527.7	66.1	87.1
WP_003657406.1	gnl|META|B1296-MONOMER	1.2e-17	26.1	449	87.4	44.3	92.9
WP_003657440.1	gnl|META|CYCA-MONOMER	1.3e-88	39.2	449	323.2	64.4	97.2
WP_003657456.1	gnl|META|DPPA-MONOMER	9.5e-20	21.4	499	94.7	40.3	80.7
WP_011678712.1	gnl|META|G1I0R-14-MONOMER	4.2e-136	42.4	602	481.5	65.4	89.6
WP_011678718.1	gnl|META|G6674-MONOMER	4.7e-02	32.3	65	35.0	58.5	19.2
WP_011678723.1	gnl|META|XASA-MONOMER	1.5e-79	33.5	462	293.1	57.4	93.3
WP_011678724.1	gnl|META|PD00232	1.6e-13	20.0	295	73.2	43.7	95.5
WP_011678727.1	gnl|META|YEJF-MONOMER	2.6e-25	25.0	496	112.8	44.0	96.7
WP_011678731.1	gnl|META|G7037-MONOMER	9.6e-27	41.2	165	117.9	61.8	30.7
WP_011678740.1	gnl|META|KUP-MONOMER	5.1e-65	33.0	557	245.4	52.8	78.4
WP_011678740.1	gnl|META|MONOMER-14582	1.4e-62	33.6	497	237.3	55.3	64.5
WP_011678740.1	gnl|META|MONOMER-14581	6.4e-60	32.7	483	228.4	54.5	63.8
WP_011678740.1	gnl|META|MONOMER-14583	2.1e-58	30.9	502	223.4	52.2	66.7
WP_011678748.1	gnl|META|EG10085-MONOMER	5.2e-136	49.5	497	480.7	65.2	98.6
WP_011678748.1	gnl|META|G495-MONOMER	3.1e-128	45.1	505	454.9	61.6	99.8
WP_011678753.1	gnl|META|MONOMER-16314	6.5e-130	41.6	598	460.7	56.7	99.0
WP_011678761.1	gnl|META|EG11062-MONOMER	4.2e-03	31.5	73	40.4	53.4	6.2
WP_011678765.1	gnl|META|RPOB-MONOMER	5.1e-302	43.9	1365	1033.5	58.7	93.4
WP_011678767.1	gnl|META|G12WB-160-MONOMER	1.2e-49	42.3	246	193.0	66.7	92.1
WP_011678770.1	gnl|META|MONOMER-13770	7.9e-43	31.3	332	170.6	55.4	97.3
WP_011678770.1	gnl|META|MONOMER-13829	4.5e-38	30.2	318	154.8	52.2	92.9
WP_011678772.1	gnl|META|EG11500-MONOMER	8.9e-13	31.3	147	71.6	46.9	23.9
WP_011678773.1	gnl|META|AT3G25110-MONOMER	7.8e-08	21.7	184	53.9	42.4	69.3
WP_011678773.1	gnl|META|MONOMER-13531	3.9e-07	21.6	185	51.6	42.2	69.3
WP_011678780.1	gnl|META|MONOMER-13060	3.2e-106	41.7	489	381.7	60.3	100.0
WP_011678784.1	gnl|META|MONOMER-14558	4.7e-151	66.6	395	530.4	79.5	98.3
WP_011678801.1	gnl|META|COMPRCOTE-MONOMER	8.2e-01	48.3	29	31.2	62.1	7.8
WP_011678805.1	gnl|META|EG10442-MONOMER	3.6e-01	43.3	30	30.0	70.0	40.5
WP_011678826.1	gnl|META|MONOMER-20566	3.2e-02	28.0	75	33.9	52.0	74.5
WP_011678858.1	gnl|META|G6425-MONOMER	4.8e-16	28.3	258	81.3	47.7	96.5
WP_011678858.1	gnl|META|BSU04040-MONOMER	2.4e-15	26.7	266	79.0	46.6	99.2
WP_011678864.1	gnl|META|EG10763-MONOMER	4.8e-07	32.2	115	52.8	48.7	16.9
WP_011678872.1	gnl|META|EG12436-MONOMER	2.8e-29	25.7	455	125.9	42.6	97.6
WP_011678873.1	gnl|META|EG10243-MONOMER	4.1e-08	27.9	147	57.4	51.0	9.6
WP_011678879.1	gnl|META|METQ-MONOMER	2.1e-41	40.2	254	165.6	61.0	86.3
WP_011678880.1	gnl|META|HP1325-MONOMER	3.7e-115	50.5	459	411.4	66.7	96.6
WP_011678880.1	gnl|META|MONOMER-18278	5.3e-114	48.9	460	407.5	65.2	96.4
WP_011678880.1	gnl|META|FUMC-MONOMER	2.3e-109	47.4	462	392.1	64.3	97.2
WP_011678880.1	gnl|META|ENSG00000091483-MONOMER	3.7e-107	47.0	464	384.8	62.9	97.2
WP_011678880.1	gnl|META|AT5G50950-MONOMER	6.9e-106	46.7	460	380.6	62.6	96.6
WP_011678890.1	gnl|META|G3O-29733-MONOMER	1.6e-18	25.9	294	90.5	50.0	51.8
WP_011678896.1	gnl|META|BSU15520-MONOMER	2.9e-144	29.6	1059	509.2	52.7	99.3
WP_011678898.1	gnl|META|EG10662-MONOMER	1.4e-34	41.5	183	142.5	62.3	87.6
WP_011678914.1	gnl|META|SYNPCC7942_0336-MONOMER	7.4e-170	59.6	493	593.2	78.7	97.0
WP_011678916.1	gnl|META|URACIL-PRIBOSYLTRANS-MONOMER	1.3e-59	52.2	207	225.7	72.9	99.0
WP_011678922.1	gnl|META|EG11259-MONOMER	4.1e-103	32.6	712	372.1	53.2	90.4
WP_011678925.1	gnl|META|EG11062-MONOMER	2.4e-208	55.9	666	721.5	73.7	98.1
WP_011678931.1	gnl|META|EG11494-MONOMER	2.3e-19	25.0	300	92.8	46.3	80.5
WP_011678938.1	gnl|META|PHET-MONOMER	1.4e-16	38.3	141	82.8	53.2	62.3
WP_011678939.1	gnl|META|BSU02750-MONOMER	3.4e-27	31.7	208	118.2	58.7	83.1
WP_011678956.1	gnl|META|EG11247-MONOMER	1.5e-36	26.2	447	150.2	46.1	98.4
WP_011678960.1	gnl|META|EG10534-MONOMER	8.1e-132	39.5	661	467.2	59.6	97.8
WP_011678967.1	gnl|META|ENSG00000167114-MONOMER	2.3e-02	25.5	145	36.6	42.8	32.1
WP_011678967.1	gnl|META|DLACTDEHYDROGNAD-MONOMER	1.1e-01	30.2	53	34.3	54.7	10.4
WP_011678969.1	gnl|META|MONOMER-19823	3.1e-08	22.3	327	55.8	34.3	79.8
WP_011678975.1	gnl|META|NAGE-MONOMER	3.1e-110	37.0	671	395.6	53.7	96.4
WP_011678981.1	gnl|META|YHBG-MONOMER	2.8e-28	27.7	238	122.1	56.3	77.5
WP_011678981.1	gnl|META|BSU02750-MONOMER	2.4e-27	29.0	224	119.0	55.4	72.1
WP_011678982.1	gnl|META|EG10613-MONOMER	8.7e-50	26.5	555	194.5	49.5	95.3
WP_011678986.1	gnl|META|G495-MONOMER	1.7e-118	45.1	494	422.5	63.2	98.6
WP_011678986.1	gnl|META|EG10085-MONOMER	3.3e-114	43.6	477	408.3	61.6	96.3
WP_011678986.1	gnl|META|EG10114-MONOMER	2.8e-113	43.4	475	405.2	61.3	96.1
WP_011678987.1	gnl|META|HS00157-MONOMER	2.2e-03	25.4	130	40.4	46.9	20.8
WP_011678987.1	gnl|META|GLYCPDIESTER-PERI-MONOMER	8.2e-03	34.9	63	38.5	50.8	10.6
WP_011678988.1	gnl|META|YCEE-MONOMER	1.9e-88	42.7	382	322.4	63.9	94.6
WP_011678989.1	gnl|META|ENSG00000103257-MONOMER	3.6e-14	25.1	415	75.9	48.0	87.1
WP_011678989.1	gnl|META|ENSG00000092068-MONOMER	4.5e-12	27.1	425	68.9	45.2	88.4
WP_011678991.1	gnl|META|MANZ-MONOMER	6.7e-81	50.5	307	297.0	68.1	99.0
WP_011678998.1	gnl|META|CYDC-MONOMER	1.1e-52	27.9	577	204.1	47.8	96.6
WP_011678999.1	gnl|META|MONOMER-13813	5.6e-11	24.1	253	64.7	45.5	80.2
WP_011679007.1	gnl|META|G6967-MONOMER	8.7e-72	44.8	277	266.5	67.1	97.1
WP_011679015.1	gnl|META|ORNDECARBOX-BIO-MONOMER	4.0e-166	43.5	683	581.3	62.7	95.3
WP_011679015.1	gnl|META|ORNDECARBOXDEG-MONOMER	1.9e-163	42.5	722	572.4	59.8	99.7
WP_011679016.1	gnl|META|EG10625-MONOMER	8.8e-24	29.3	280	108.2	50.0	43.9
WP_011679020.1	gnl|META|MONOMER-6842	4.1e-127	50.4	466	451.1	67.8	98.9
WP_011679020.1	gnl|META|6PGLUCONDEHYDROG-MONOMER	3.3e-124	47.9	468	441.4	66.9	99.4
WP_020807075.1	gnl|META|EG12235-MONOMER	3.5e-01	31.3	67	30.4	53.7	72.8
WP_020807807.1	gnl|META|G7037-MONOMER	1.1e-26	33.6	211	116.3	54.0	98.1
WP_021314843.1	gnl|META|G6110-MONOMER	1.8e-05	32.1	84	44.7	51.2	92.3
WP_021314857.1	gnl|META|EG11195-MONOMER	1.3e-48	36.5	271	189.5	58.7	99.6
WP_021314874.1	gnl|META|EG10573-MONOMER	1.0e-03	50.0	30	39.3	66.7	24.0
WP_021314877.1	gnl|META|TYRS-MONOMER	5.6e-115	49.3	424	410.6	67.9	99.3
WP_021314878.1	gnl|META|G495-MONOMER	4.6e-169	58.7	477	590.5	73.6	99.0
WP_021314891.1	gnl|META|EG12013-MONOMER	2.7e-152	40.4	741	535.4	60.5	98.4
WP_021314900.1	gnl|META|EMRY-MONOMER	3.1e-24	27.4	416	109.4	46.6	81.7
WP_021314900.1	gnl|META|EMRB-MONOMER	8.9e-24	23.5	489	107.8	44.0	97.7
WP_021314901.1	gnl|META|MONOMER-15840	2.4e-02	38.7	93	37.0	49.5	15.3
WP_021314908.1	gnl|META|EG10613-MONOMER	1.6e-67	33.1	505	253.4	52.1	85.4
WP_021314914.1	gnl|META|EG11061-MONOMER	2.6e-143	33.3	943	505.8	51.9	98.1
WP_021314935.1	gnl|META|CELB-MONOMER	1.4e-32	29.9	298	137.1	51.0	59.2
WP_021314939.1	gnl|META|MONOMER-14643	5.0e-32	31.0	339	134.8	49.6	93.7
WP_021314939.1	gnl|META|MONOMER-14405	6.5e-32	28.4	317	134.4	52.1	87.5
WP_021314939.1	gnl|META|MONOMER-14404	1.2e-30	29.9	321	130.2	50.8	88.9
WP_021314939.1	gnl|META|MONOMER-14436	1.5e-28	28.1	324	123.2	50.3	89.5
WP_021314961.1	gnl|META|MONOMER-15779	8.7e-10	23.1	242	62.0	42.6	30.5
WP_024273012.1	gnl|META|EG10888-MONOMER	8.4e-04	34.5	55	38.5	56.4	90.2
WP_025012183.1	gnl|META|MONOMER-15016	1.5e-37	30.1	286	152.9	49.0	94.6
WP_025012185.1	gnl|META|YADQ-MONOMER	5.4e-43	30.7	440	171.8	51.4	81.0
WP_025012188.1	gnl|META|EG10463-MONOMER	1.6e-42	39.9	286	169.9	57.7	70.2
WP_025012188.1	gnl|META|G7682-MONOMER	3.2e-38	36.1	285	155.6	56.8	70.2
WP_025012189.1	gnl|META|CARDIOLIPSYN-MONOMER	9.0e-40	25.5	459	161.0	45.3	90.5
WP_025012191.1	gnl|META|RIBONUCLEOSIDE-TRIP-REDUCT-MONOMER	9.6e-203	50.4	709	703.0	67.3	95.1
WP_025012196.1	gnl|META|MONOMER-6111	1.8e-24	29.4	269	109.4	48.3	84.3
WP_025012196.1	gnl|META|MONOMER-5981	1.5e-23	30.0	303	106.3	47.2	95.1
WP_025012196.1	gnl|META|MONOMER-6081	3.4e-23	27.3	315	105.1	44.4	97.2
WP_025012197.1	gnl|META|PRPPSYN-MONOMER	1.1e-83	50.3	312	306.2	73.1	95.7
WP_025012197.1	gnl|META|HS07410-MONOMER	1.8e-76	48.2	311	282.3	69.5	95.7
WP_025012197.1	gnl|META|HS02317-MONOMER	8.8e-76	46.3	311	280.0	69.8	95.7
WP_025012197.1	gnl|META|HS11931-MONOMER	1.2e-75	47.9	311	279.6	69.1	95.7
WP_025012200.1	gnl|META|GPMA-MONOMER	4.0e-51	45.0	229	197.6	64.6	99.6
WP_025012200.1	gnl|META|YKL152C-MONOMER	3.8e-49	46.2	221	191.0	64.7	96.0
WP_025012206.1	gnl|META|EG10850-MONOMER	4.4e-11	32.3	124	64.3	50.0	65.9
WP_025012207.1	gnl|META|MONOMER-12254	9.1e-75	49.3	286	276.6	67.1	95.0
WP_025012213.1	gnl|META|EG10424-MONOMER	1.5e-138	38.8	800	489.6	52.9	96.3
WP_025012214.1	gnl|META|MONOMER-14601	1.6e-63	24.8	834	240.7	46.2	80.0
WP_025012214.1	gnl|META|MONOMER-14600	2.4e-59	24.5	837	226.9	45.2	81.6
WP_025012214.1	gnl|META|MONOMER-14610	1.6e-58	24.3	804	224.2	45.0	79.9
WP_025012214.1	gnl|META|G3O-30531-MONOMER	3.9e-57	25.4	740	219.5	46.8	81.8
WP_025012217.1	gnl|META|MONOMER-18244	1.5e-64	37.1	426	243.0	57.3	99.3
WP_025012218.1	gnl|META|EG10595-MONOMER	3.1e-38	34.8	305	155.2	51.8	98.0
WP_025012222.1	gnl|META|MONOMER-13957	3.9e-14	40.4	94	73.6	61.7	94.0
WP_025012223.1	gnl|META|EG11064-MONOMER	1.7e-146	39.0	748	516.2	59.9	100.0
WP_025012225.1	gnl|META|MONOMER-19961	2.5e-51	44.2	233	198.4	63.5	95.9
WP_025012225.1	gnl|META|BSU35750-MONOMER	5.3e-49	42.0	243	190.7	61.3	100.0
WP_025012228.1	gnl|META|AT5G15860-MONOMER	1.7e-12	29.9	137	69.7	49.6	44.1
WP_025012228.1	gnl|META|MONOMER-20862	2.4e-11	32.3	124	65.9	50.0	39.5
WP_025012232.1	gnl|META|OPPD-MONOMER	3.7e-69	42.1	323	258.1	62.5	95.2
WP_025012232.1	gnl|META|DPPD-MONOMER	2.0e-67	40.8	314	252.3	61.8	93.5
WP_025012240.1	gnl|META|NRDF-MONOMER	2.4e-41	30.3	297	165.6	52.5	94.6
WP_025012240.1	gnl|META|MONOMER-13836	1.5e-40	31.0	297	162.9	51.5	94.6
WP_025012242.1	gnl|META|HS01140-MONOMER	1.8e-04	26.4	129	42.7	45.7	50.6
WP_025012242.1	gnl|META|ENSG00000144827-MONOMER	1.8e-04	21.9	178	42.7	42.1	69.1
WP_025012242.1	gnl|META|MONOMER-17301	5.3e-04	26.1	115	41.2	47.8	46.2
WP_025012244.1	gnl|META|ASNSYNA-MONOMER	3.5e-75	47.9	315	278.1	62.5	90.8
WP_025012245.1	gnl|META|CYCA-MONOMER	6.9e-82	40.5	400	300.8	64.0	86.7
WP_025012245.1	gnl|META|PHEP-MONOMER	4.5e-73	37.7	414	271.6	58.7	90.0
WP_025012252.1	gnl|META|EG10844-MONOMER	3.7e-34	31.2	353	142.1	49.6	81.8
WP_025012252.1	gnl|META|EG10210-MONOMER	3.4e-32	30.2	318	135.6	50.3	76.2
WP_031266020.1	gnl|META|ARGS-MONOMER	1.6e-64	30.0	553	243.4	51.4	95.5
WP_031266044.1	gnl|META|HS01658-MONOMER	1.1e-95	33.8	600	347.4	50.2	73.4
WP_031266044.1	gnl|META|YBR229C-MONOMER	2.3e-90	32.4	593	329.7	53.8	74.6
WP_035422690.1	gnl|META|MONOMER-19218	1.4e-34	35.1	202	142.5	55.9	95.7
WP_035422809.1	gnl|META|BRNQ-MONOMER	1.2e-54	33.6	449	210.3	51.4	98.0
WP_035423136.1	gnl|META|MONOMER-16888	6.1e-10	27.8	263	61.2	43.3	82.1
WP_035424300.1	gnl|META|UDK-MONOMER	8.2e-54	51.4	208	206.5	70.7	95.3
WP_035424995.1	gnl|META|CYDD-MONOMER	9.8e-01	41.0	39	31.2	61.5	7.9
WP_080504039.1	gnl|META|DPPA-MONOMER	6.2e-11	19.7	502	65.5	39.2	81.8
WP_080504039.1	gnl|META|YEJA-MONOMER	8.9e-10	21.3	475	61.6	38.5	73.5
WP_100066330.1	gnl|META|EG11247-MONOMER	3.4e-28	22.0	445	122.5	42.2	94.6
WP_100066331.1	gnl|META|EG12354-MONOMER	1.0e-03	35.6	101	40.8	46.5	20.8
WP_115245367.1	gnl|META|EG10114-MONOMER	6.6e-85	35.3	465	310.8	55.7	97.8
WP_115245367.1	gnl|META|G495-MONOMER	5.8e-81	34.6	483	297.7	53.4	100.0
WP_115245367.1	gnl|META|EG10085-MONOMER	7.6e-81	35.8	477	297.4	53.9	98.5
WP_157859592.1	gnl|META|MONOMER-15473	1.6e-13	34.1	135	72.4	54.8	73.0
