WP_011405621.1	gnl|META|MONOMER-15927	3.6e-02	33.3	42	33.9	64.3	39.6
WP_011405622.1	gnl|META|ASPCARBCAT-MONOMER	6.2e-71	48.2	303	263.8	66.7	98.0
WP_011405622.1	gnl|META|AT3G20330-MONOMER	1.1e-64	45.0	307	243.0	62.5	99.3
WP_011405622.1	gnl|META|ENSG00000084774-MONOMER	5.6e-64	41.7	300	240.7	61.0	98.0
WP_011405623.1	gnl|META|MONOMER-16690	1.2e-48	41.7	247	189.5	61.5	99.2
WP_011405624.1	gnl|META|EG12045-MONOMER	6.2e-13	24.4	348	72.8	43.1	32.7
WP_011405625.1	gnl|META|G6954-MONOMER	2.5e-13	32.5	123	71.2	56.1	94.5
WP_011405626.1	gnl|META|EG10844-MONOMER	1.0e-05	23.8	126	48.5	50.8	16.8
WP_011405626.1	gnl|META|EG10210-MONOMER	1.5e-04	25.4	126	44.7	46.0	16.8
WP_011405629.1	gnl|META|EG10914-MONOMER	4.1e-03	31.8	66	37.4	56.1	48.9
WP_011405632.1	gnl|META|EG11171-MONOMER	1.5e-43	35.8	316	173.7	52.8	56.0
WP_011405633.1	gnl|META|G185E-6342-MONOMER	4.2e-34	32.8	271	141.4	56.1	96.0
WP_011405633.1	gnl|META|EG11665-MONOMER	1.9e-31	32.9	283	132.5	55.8	98.6
WP_011405634.1	gnl|META|MONOMER-11914	7.2e-120	60.5	306	426.4	79.7	100.0
WP_011405638.1	gnl|META|EG11817-MONOMER	8.4e-21	29.3	263	97.1	45.2	100.0
WP_011405640.1	gnl|META|MONOMER-11920	2.9e-130	67.4	328	461.1	82.0	99.4
WP_011405643.1	gnl|META|MONOMER-11901	7.2e-50	60.7	163	193.0	79.1	98.8
WP_011405644.1	gnl|META|MONOMER-11900	2.0e-184	54.7	570	641.7	72.6	98.6
WP_011405646.1	gnl|META|MONOMER-11901	1.6e-49	61.2	160	191.8	80.0	97.0
WP_011405647.1	gnl|META|MONOMER-11900	4.2e-174	54.0	569	607.4	69.2	97.7
WP_011405648.1	gnl|META|HS08358-MONOMER	6.8e-55	33.4	428	211.1	52.3	95.7
WP_011405648.1	gnl|META|GLYCRIBONUCSYN-MONOMER	6.0e-51	32.8	411	198.0	52.1	91.6
WP_011405649.1	gnl|META|AT1G75330-MONOMER	5.7e-69	44.1	304	257.3	62.5	99.0
WP_011405649.1	gnl|META|MONOMER-18316	1.2e-66	43.0	300	249.6	65.3	97.7
WP_011405649.1	gnl|META|MONOMER-662	2.0e-66	42.6	305	248.8	68.2	100.0
WP_011405650.1	gnl|META|MONOMER-467	2.3e-64	47.8	274	241.9	64.2	100.0
WP_011405653.1	gnl|META|HS09452-MONOMER	4.2e-22	52.0	125	100.5	60.0	83.2
WP_011405653.1	gnl|META|MONOMER-7720	3.6e-21	35.9	142	97.4	58.5	90.2
WP_011405655.1	gnl|META|SUCCORNTRANSAM-MONOMER	1.4e-83	40.5	380	306.2	62.1	95.4
WP_011405655.1	gnl|META|MONOMER-11526	4.0e-83	40.9	381	304.7	61.4	95.6
WP_011405655.1	gnl|META|ACETYLORNTRANSAM-MONOMER	1.4e-80	39.0	382	296.2	58.9	95.9
WP_011405655.1	gnl|META|MONOMER-6741	1.1e-77	40.9	386	286.6	59.8	98.7
WP_011405656.1	gnl|META|MONOMER-13216	2.1e-23	36.5	178	105.5	57.3	75.3
WP_011405657.1	gnl|META|BSU22460-MONOMER	4.6e-04	23.3	189	42.0	43.9	49.9
WP_011405662.1	gnl|META|MONOMER-1742	2.0e-11	30.3	188	66.6	45.7	41.4
WP_011405662.1	gnl|META|MONOMER-14460	2.6e-11	26.1	222	66.2	44.1	48.2
WP_011405662.1	gnl|META|YGL065C-MONOMER	7.4e-11	24.5	432	64.7	38.4	93.9
WP_011405662.1	gnl|META|BSU22460-MONOMER	8.2e-10	26.8	179	61.2	49.7	42.4
WP_011405663.1	gnl|META|BSU35550-MONOMER	1.7e-02	25.0	100	36.6	52.0	30.3
WP_011405665.1	gnl|META|MONOMER-14370	4.7e-40	36.8	253	161.0	54.2	100.0
WP_011405665.1	gnl|META|MONOMER-3121	1.3e-37	35.8	254	152.9	53.5	99.6
WP_011405665.1	gnl|META|MONOMER-20201	6.3e-37	35.2	253	150.6	54.9	98.4
WP_011405665.1	gnl|META|AT1G24360-MONOMER	7.0e-36	37.8	251	147.1	56.6	98.4
WP_011405667.1	gnl|META|BSU35590-MONOMER	4.2e-13	30.1	196	72.0	49.0	53.3
WP_011405667.1	gnl|META|MONOMER-17222	3.9e-11	27.5	167	65.5	51.5	44.0
WP_011405669.1	gnl|META|BSU22460-MONOMER	2.1e-10	22.9	371	63.2	43.9	88.1
WP_011405669.1	gnl|META|SYNPCC7942_0579-MONOMER	1.3e-09	25.9	143	60.5	51.0	35.4
WP_011405670.1	gnl|META|MONOMER-7717	9.7e-18	23.0	366	87.4	44.5	95.4
WP_011405670.1	gnl|META|MONOMER-20264	2.8e-17	30.5	269	85.9	46.8	70.0
WP_011405671.1	gnl|META|GT3Z-6196-MONOMER	1.3e-14	27.3	165	77.0	51.5	43.0
WP_011405672.1	gnl|META|ENSG00000000419-MONOMER	3.5e-18	33.2	220	88.2	48.2	90.8
WP_011405672.1	gnl|META|MONOMER-19263	1.7e-17	32.1	218	85.9	49.5	85.2
WP_011405673.1	gnl|META|MONOMER-18166	8.7e-01	24.2	91	31.2	49.5	22.2
WP_011405674.1	gnl|META|MONOMER-14460	6.8e-11	22.0	405	64.7	40.7	96.6
WP_011405675.1	gnl|META|BSU22460-MONOMER	9.3e-06	25.0	204	47.8	44.1	48.8
WP_011405675.1	gnl|META|BSU35540-MONOMER	3.5e-05	29.6	179	45.8	45.3	42.9
WP_011405676.1	gnl|META|G185E-7913-MONOMER	1.2e-35	30.4	309	146.7	49.8	92.4
WP_011405677.1	gnl|META|EG11884-MONOMER	5.5e-07	38.5	78	50.8	56.4	36.6
WP_011405684.1	gnl|META|RFBX-MONOMER	7.4e-62	34.8	405	234.2	60.7	93.8
WP_011405685.1	gnl|META|MONOMER-13182	1.3e-50	37.9	319	196.4	58.6	96.2
WP_011405685.1	gnl|META|MONOMER-13183	2.6e-48	37.0	319	188.7	57.1	96.2
WP_011405688.1	gnl|META|MONOMER-4065	4.8e-28	31.2	304	121.3	48.4	99.0
WP_011405689.1	gnl|META|MONOMER-19660	1.3e-26	30.3	300	116.7	47.3	93.9
WP_011405690.1	gnl|META|MONOMER-15502	6.3e-105	65.7	289	376.7	82.7	98.0
WP_011405690.1	gnl|META|AT2G38230-MONOMER	4.9e-97	64.8	284	350.5	81.3	96.3
WP_011405694.1	gnl|META|G7199-MONOMER	5.9e-05	31.9	72	45.1	54.2	18.0
WP_011405701.1	gnl|META|METG-MONOMER	1.3e-100	33.7	673	363.6	53.6	97.0
WP_011405706.1	gnl|META|MONOMER-19903	1.7e-44	49.2	183	175.3	69.4	98.9
WP_011405706.1	gnl|META|YDR538W-MONOMER	4.7e-42	46.7	182	167.2	69.2	98.9
WP_011405706.1	gnl|META|UBIX-MONOMER	1.2e-40	43.8	185	162.5	67.0	98.9
WP_011405708.1	gnl|META|MONOMER-14595	1.5e-103	52.9	363	372.5	73.0	100.0
WP_011405709.1	gnl|META|MONOMER-14592	1.9e-92	58.6	263	335.1	78.7	99.6
WP_011405711.1	gnl|META|BAIDEL6EUBSP-MONOMER	2.3e-36	28.5	407	149.4	46.7	97.1
WP_011405713.1	gnl|META|MONOMER-15156	1.1e-36	45.5	187	149.4	62.6	97.9
WP_011405714.1	gnl|META|G7698-MONOMER	5.8e-12	24.8	157	67.4	51.6	73.1
WP_011405718.1	gnl|META|EG12045-MONOMER	3.3e-03	27.3	150	40.0	44.7	21.0
WP_011405719.1	gnl|META|BSU22460-MONOMER	1.3e-27	26.9	360	120.2	46.9	96.0
WP_011405720.1	gnl|META|MONOMER-13221	9.4e-61	43.3	312	230.3	62.8	81.6
WP_011405722.1	gnl|META|MONOMER-18801	1.7e-52	46.0	302	202.6	62.6	98.7
WP_011405723.1	gnl|META|CHORISMUTPREPHENDEHYDRAT-MONOMER	3.3e-02	26.8	82	33.9	56.1	85.4
WP_011405725.1	gnl|META|MONOMER-6562	3.5e-45	31.2	420	178.7	51.7	100.0
WP_011405725.1	gnl|META|MONOMER-6561	3.5e-45	31.2	420	178.7	51.7	100.0
WP_011405725.1	gnl|META|MONOMER-1061	8.1e-42	31.9	408	167.5	52.0	96.1
WP_011405726.1	gnl|META|MONOMER-6565	1.3e-60	38.8	291	229.6	61.9	98.0
WP_011405726.1	gnl|META|BSU16770-MONOMER	2.8e-60	39.5	294	228.4	59.5	98.7
WP_011405726.1	gnl|META|DIHYDRODIPICSYN-MONOMER	4.2e-56	39.1	294	214.5	57.8	98.7
WP_011405727.1	gnl|META|DIHYDROPICRED-MONOMER	5.4e-50	39.4	274	194.1	58.0	99.6
WP_011405728.1	gnl|META|MONOMER-20453	1.7e-104	54.6	348	375.6	75.0	98.9
WP_011405732.1	gnl|META|EG10599-MONOMER	1.1e-17	22.1	542	87.8	41.3	93.7
WP_011405734.1	gnl|META|HS03991-MONOMER	7.3e-53	36.4	396	204.1	49.0	97.9
WP_011405734.1	gnl|META|MONOMER-14332	3.1e-51	36.4	393	198.7	49.1	97.2
WP_011405734.1	gnl|META|MONOMER-691	3.5e-47	33.6	375	185.3	51.5	96.4
WP_011405735.1	gnl|META|MONOMER-18245	5.6e-20	27.6	319	94.7	43.6	87.0
WP_011405738.1	gnl|META|EG12235-MONOMER	1.5e-07	43.3	67	52.0	59.7	53.2
WP_011405741.1	gnl|META|CYSS-MONOMER	1.2e-94	42.0	467	343.2	59.1	99.8
WP_011405742.1	gnl|META|MONOMER-20158	2.3e-34	38.3	180	141.7	59.4	92.8
WP_011405743.1	gnl|META|MONOMER-20157	2.0e-88	46.6	309	322.0	68.3	94.8
WP_011405744.1	gnl|META|MONOMER-20156	3.1e-159	40.5	800	558.5	60.6	98.7
WP_011405745.1	gnl|META|EG11064-MONOMER	5.9e-19	27.3	322	92.4	47.5	43.2
WP_011405747.1	gnl|META|EG10599-MONOMER	2.6e-16	24.6	479	83.2	44.1	85.4
WP_011405751.1	gnl|META|HISTDEHYD-MONOMER	5.5e-83	40.2	408	304.3	62.0	99.5
WP_011405752.1	gnl|META|MONOMER-14054	3.7e-77	38.2	434	285.0	56.2	95.9
WP_011405760.1	gnl|META|EG10204-MONOMER	1.6e-34	32.3	297	142.9	49.5	95.2
WP_011405764.1	gnl|META|CHRECP067-MONOMER	5.9e-02	52.4	21	32.3	66.7	35.6
WP_011405764.1	gnl|META|SYNPCC7942_0535-MONOMER	5.9e-02	52.4	21	32.3	66.7	35.6
WP_011405764.1	gnl|META|PSAC-MONOMER	5.9e-02	52.4	21	32.3	66.7	35.6
WP_011405764.1	gnl|META|NAPG-MONOMER	5.9e-02	37.8	45	32.3	46.7	52.5
WP_011405764.1	gnl|META|HYCF-MONOMER	7.6e-02	44.0	25	32.0	60.0	42.4
WP_011405764.1	gnl|META|MONOMER-1097	1.3e-01	52.4	21	31.2	61.9	35.6
WP_011405764.1	gnl|META|MONOMER-20159	1.3e-01	61.1	18	31.2	77.8	30.5
WP_011405764.1	gnl|META|MONOMER-12662	1.3e-01	61.1	18	31.2	72.2	30.5
WP_011405764.1	gnl|META|MONOMER-10762	2.9e-01	50.0	20	30.0	65.0	33.9
WP_011405764.1	gnl|META|MONOMER-16455	3.8e-01	33.3	30	29.6	56.7	50.8
WP_011405765.1	gnl|META|PUTP-MONOMER	1.5e-32	26.2	454	137.1	45.4	84.5
WP_011405772.1	gnl|META|MONOMER-18738	2.0e-68	43.3	270	255.4	64.8	98.2
WP_011405776.1	gnl|META|AT3G23410-MONOMER	4.1e-14	22.5	515	75.5	37.9	99.5
WP_011405777.1	gnl|META|BSU29580-MONOMER	2.2e-41	32.5	379	166.0	50.9	96.1
WP_011405777.1	gnl|META|THII-MONOMER	4.3e-37	27.8	395	151.8	50.9	96.9
WP_011405779.1	gnl|META|MONOMER-20114	1.8e-98	42.7	478	355.9	59.4	98.7
WP_011405781.1	gnl|META|IMIDPHOSPHADEHYDHISTIDPHOSPHA-MONOMER	2.7e-48	46.6	191	188.0	69.6	99.0
WP_011405782.1	gnl|META|G6561-MONOMER	1.2e-02	24.7	215	37.7	45.1	39.7
WP_011405786.1	gnl|META|ARSA-MONOMER	1.0e-26	29.2	315	117.1	45.1	92.7
WP_011405787.1	gnl|META|NAD-SYNTH-MONOMER	2.4e-18	29.1	247	89.0	48.2	87.5
WP_011405788.1	gnl|META|LEUS-MONOMER	5.9e-35	22.5	896	146.0	37.6	84.9
WP_011405790.1	gnl|META|MONOMER-20114	8.7e-06	24.7	178	48.1	41.0	35.6
WP_011405791.1	gnl|META|MONOMER-14603	1.3e-73	59.0	217	272.3	80.2	96.4
WP_011405792.1	gnl|META|MONOMER-20223	9.1e-01	36.0	50	29.6	46.0	35.2
WP_011405793.1	gnl|META|MONOMER-13864	1.6e-12	36.9	130	68.6	55.4	96.9
WP_011405794.1	gnl|META|ATPPHOSRIBOSTRANS-MONOMER	6.7e-43	36.5	296	170.6	56.8	99.0
WP_011405795.1	gnl|META|MONOMER-16233	3.2e-36	37.2	269	148.3	53.9	97.7
WP_011405796.1	gnl|META|G185E-7593-MONOMER	5.6e-86	37.3	558	314.7	55.0	95.9
WP_011405796.1	gnl|META|YKL148C-MONOMER	9.2e-81	34.9	561	297.4	54.7	95.9
WP_011405796.1	gnl|META|AT5G66760-MONOMER	2.7e-80	35.3	561	295.8	54.9	95.9
WP_011405796.1	gnl|META|ENSG00000073578-MONOMER	1.0e-79	35.5	555	293.9	53.2	95.2
WP_011405796.1	gnl|META|MONOMER-18284	1.7e-79	34.5	557	293.1	53.7	95.3
WP_011405796.1	gnl|META|SDH-FLAVO	3.0e-79	34.9	562	292.4	53.0	96.1
WP_011405797.1	gnl|META|MONOMER-13955	9.2e-79	37.0	468	290.4	53.8	99.3
WP_011405797.1	gnl|META|SYNPCC7942_2117-MONOMER	3.3e-76	36.7	458	282.0	53.7	97.1
WP_011405797.1	gnl|META|MONOMER-14049	9.8e-73	38.4	437	270.4	54.0	92.1
WP_011405798.1	gnl|META|MTAAMBARK-MONOMER	9.9e-70	42.3	333	260.0	61.9	97.9
WP_011405800.1	gnl|META|MTABMBARK-MONOMER	4.9e-120	48.4	461	427.6	63.6	99.6
WP_011405801.1	gnl|META|MTACMBARK-MONOMER	8.7e-56	44.8	250	213.4	65.2	90.3
WP_011405802.1	gnl|META|MTABMBARK-MONOMER	1.2e-123	49.7	461	439.5	65.5	99.6
WP_011405803.1	gnl|META|MTACMBARK-MONOMER	2.0e-55	44.4	248	212.2	62.9	88.9
WP_011405804.1	gnl|META|MTABMBARK-MONOMER	2.7e-118	47.3	461	421.8	63.3	99.6
WP_011405805.1	gnl|META|MTACMBARK-MONOMER	5.1e-56	45.6	248	214.2	65.3	89.5
WP_011405806.1	gnl|META|MONOMER-17053	8.6e-124	45.1	519	440.3	64.7	93.8
WP_011405808.1	gnl|META|EG11506-MONOMER	2.1e-04	27.5	142	42.7	40.8	49.3
WP_011405808.1	gnl|META|SYNPCC7942_0260-MONOMER	1.3e-03	27.6	145	40.0	44.8	50.4
WP_011405809.1	gnl|META|HYCF-MONOMER	1.3e-01	55.0	20	33.9	80.0	5.4
WP_011405811.1	gnl|META|YBHF-MONOMER	1.4e-37	36.0	222	153.3	59.5	62.0
WP_011405811.1	gnl|META|BSU02750-MONOMER	9.3e-34	35.9	206	140.6	58.7	57.3
WP_011405815.1	gnl|META|MONOMER-11899	2.2e-134	49.5	489	475.3	69.1	97.6
WP_011405816.1	gnl|META|MONOMER-16147	3.9e-63	38.9	368	238.4	57.6	86.4
WP_011405820.1	gnl|META|BSU35710-MONOMER	2.4e-07	25.5	278	52.4	47.1	96.2
WP_011405822.1	gnl|META|MONOMER-20011	8.3e-10	25.1	219	60.8	42.9	65.7
WP_011405822.1	gnl|META|MONOMER-19974	2.7e-08	31.9	113	55.8	56.6	33.3
WP_011405823.1	gnl|META|G185E-7539-MONOMER	9.5e-13	27.4	212	70.5	46.2	69.6
WP_011405824.1	gnl|META|G7098-MONOMER	8.8e-53	30.4	467	204.1	53.1	99.6
WP_011405824.1	gnl|META|MONOMER-15979	7.4e-52	30.8	367	201.1	56.7	77.3
WP_011405826.1	gnl|META|BSU35580-MONOMER	1.1e-108	45.1	437	389.8	67.0	99.5
WP_011405828.1	gnl|META|MONOMER-19974	1.8e-22	27.4	405	104.4	46.4	42.2
WP_011405830.1	gnl|META|UDPMANNACADEHYDROG-MONOMER	2.5e-83	41.1	406	305.4	63.3	91.3
WP_011405831.1	gnl|META|MONOMER-19974	8.2e-28	34.7	245	122.1	49.8	28.3
WP_011405833.1	gnl|META|MONOMER-17576	3.6e-64	39.6	361	241.9	58.7	81.2
WP_011405834.1	gnl|META|MONOMER-19974	4.1e-19	36.6	142	92.0	57.7	32.9
WP_011405836.1	gnl|META|MONOMER-19974	1.1e-22	34.9	229	105.1	51.1	24.0
WP_011405837.1	gnl|META|G7422-MONOMER	1.2e-21	37.0	154	100.5	56.5	36.8
WP_011405839.1	gnl|META|GALPMUT-MONOMER	9.5e-135	59.8	361	476.1	77.8	98.9
WP_011405840.1	gnl|META|MONOMER-14503	3.6e-102	30.5	844	369.0	51.9	98.3
WP_011405844.1	gnl|META|MONOMER-20983	3.9e-111	47.2	417	397.9	67.9	97.0
WP_011405844.1	gnl|META|MONOMER-19552	2.5e-110	45.5	426	395.2	66.4	99.3
WP_011405844.1	gnl|META|BSU08790-MONOMER	1.1e-105	45.2	436	379.8	64.9	99.5
WP_011405844.1	gnl|META|AT2G29630-MONOMER	8.6e-103	45.8	430	370.2	63.5	98.8
WP_011405844.1	gnl|META|THIC-MONOMER	1.9e-102	44.6	455	369.0	60.7	98.4
WP_011405844.1	gnl|META|MONOMER-20980	3.3e-102	44.7	416	368.2	65.4	96.7
WP_011405844.1	gnl|META|MONOMER-14897	3.3e-102	44.6	451	368.2	62.3	98.4
WP_011405844.1	gnl|META|MONOMER-20982	3.6e-101	42.8	421	364.8	65.1	97.9
WP_011405844.1	gnl|META|MONOMER-19551	1.1e-100	42.5	416	363.2	66.1	96.7
WP_011405846.1	gnl|META|MONOMER-20239	7.7e-24	29.0	217	107.1	49.8	88.9
WP_011405849.1	gnl|META|MONOMER-502	1.0e-127	49.1	438	453.0	68.3	98.0
WP_011405852.1	gnl|META|MONOMER-12693	1.9e-03	27.5	69	37.4	50.7	98.4
WP_011405855.1	gnl|META|MONOMER-14616	1.5e-143	64.4	360	505.4	83.6	99.2
WP_011405856.1	gnl|META|HP0588-MONOMER	6.0e-07	37.1	70	49.3	50.0	90.9
WP_011405856.1	gnl|META|HDRAMAUTO-MONOMER	1.1e-05	29.7	74	45.1	47.3	92.2
WP_011405857.1	gnl|META|FMDCMAUTO-MONOMER	8.7e-10	32.0	125	59.7	48.0	82.7
WP_011405858.1	gnl|META|MONOMER-20163	1.3e-21	23.6	484	100.5	39.5	94.0
WP_011405859.1	gnl|META|MONOMER-4062	1.2e-70	33.5	550	263.8	50.9	93.0
WP_011405860.1	gnl|META|FMDCMAUTO-MONOMER	9.9e-09	37.0	92	57.0	55.4	35.0
WP_011405862.1	gnl|META|MONOMER-19906	1.4e-44	49.0	194	175.6	64.9	100.0
WP_011405864.1	gnl|META|METG-MONOMER	8.1e-02	38.2	34	35.0	58.8	6.4
WP_011405865.1	gnl|META|MONOMER-13443	7.4e-02	43.9	41	33.9	63.4	18.9
WP_011405865.1	gnl|META|HS02595-MONOMER	1.6e-01	60.0	30	32.7	70.0	13.8
WP_011405865.1	gnl|META|GIO2-1786-MONOMER	3.7e-01	50.0	34	31.6	64.7	15.7
WP_011405865.1	gnl|META|HCAD-MONOMER	4.8e-01	45.5	33	31.2	66.7	15.2
WP_011405865.1	gnl|META|MONOMER-20159	4.8e-01	39.5	38	31.2	63.2	17.5
WP_011405866.1	gnl|META|MONOMER-19551	3.0e-135	56.5	416	478.0	74.0	95.6
WP_011405866.1	gnl|META|MONOMER-20980	2.0e-131	54.6	416	465.3	73.3	95.6
WP_011405866.1	gnl|META|MONOMER-20983	2.0e-123	52.4	424	438.7	69.3	97.5
WP_011405867.1	gnl|META|AT1G17160-MONOMER	2.4e-14	23.5	306	75.9	41.8	94.8
WP_011405873.1	gnl|META|EG10571-MONOMER	3.0e-01	35.3	51	32.7	52.9	12.8
WP_011405874.1	gnl|META|MONOMER-17759	9.4e-01	28.8	59	31.6	52.5	10.4
WP_011405874.1	gnl|META|MONOMER-17758	9.4e-01	28.8	59	31.6	52.5	10.4
WP_011405879.1	gnl|META|MONOMER-13382	1.1e-129	49.7	455	459.5	69.7	99.8
WP_011405880.1	gnl|META|G7843-MONOMER	1.7e-07	25.9	158	52.8	43.7	64.4
WP_011405881.1	gnl|META|BSU33240-MONOMER	1.4e-01	34.3	67	32.7	52.2	32.6
WP_011405882.1	gnl|META|MONOMER-13735	3.7e-98	38.8	533	355.1	58.5	94.4
WP_011405885.1	gnl|META|MONOMER-13956	2.9e-77	36.7	469	285.4	57.8	98.7
WP_011405888.1	gnl|META|MONOMER-2265	4.7e-44	54.1	157	173.7	69.4	91.3
WP_011405889.1	gnl|META|MONOMER-2264	3.0e-90	50.6	348	328.2	66.4	99.7
WP_011405890.1	gnl|META|AIRS-MONOMER	4.2e-52	36.7	343	201.4	58.0	96.8
WP_011405893.1	gnl|META|MONOMER-16461	8.8e-03	37.1	70	37.4	55.7	24.6
WP_011405893.1	gnl|META|MONOMER-20115	5.7e-02	28.8	73	34.7	47.9	22.5
WP_011405896.1	gnl|META|MONOMER-2263	1.7e-20	34.6	228	95.9	50.9	93.1
WP_011405899.1	gnl|META|MONOMER-20244	2.8e-41	32.7	303	165.2	53.8	97.9
WP_011405900.1	gnl|META|MONOMER-18139	4.6e-73	42.8	355	271.2	61.4	96.2
WP_011405900.1	gnl|META|MONOMER-17574	1.1e-66	41.3	344	250.0	59.3	94.2
WP_011405900.1	gnl|META|MONOMER-17005	1.1e-66	40.7	344	250.0	60.5	94.2
WP_011405901.1	gnl|META|MONOMER-16631	9.0e-67	36.0	378	250.4	57.7	94.9
WP_011405904.1	gnl|META|MONOMER-14599	4.7e-82	50.2	305	300.8	70.8	96.8
WP_011405907.1	gnl|META|MONOMER-18048	7.1e-54	41.4	244	206.8	66.0	97.5
WP_011405919.1	gnl|META|EG11291-MONOMER	2.1e-04	24.1	212	42.7	41.5	72.0
WP_011405920.1	gnl|META|MONOMER-14884	4.8e-16	31.5	181	80.9	49.2	91.0
WP_011405922.1	gnl|META|MONOMER-19250	3.1e-01	60.0	25	32.7	68.0	6.2
WP_011405923.1	gnl|META|YHBG-MONOMER	3.5e-16	29.0	238	81.6	47.9	95.1
WP_011405924.1	gnl|META|MVHDMAUTO-MONOMER	1.7e-63	74.6	138	238.0	87.7	97.2
WP_011405925.1	gnl|META|MVHGMAUTO-MONOMER	3.6e-127	65.8	304	450.7	84.9	99.7
WP_011405926.1	gnl|META|MVHAMAUTO-MONOMER	3.5e-206	72.1	476	713.8	85.5	100.0
WP_011405928.1	gnl|META|MRTBMAUTO-MONOMER	5.3e-180	69.3	443	626.7	84.2	100.0
WP_011405930.1	gnl|META|MRTGMAUTO-MONOMER	1.9e-116	73.8	263	414.8	88.2	99.2
WP_011405931.1	gnl|META|MRTAMAUTO-MONOMER	2.9e-268	81.5	551	920.2	90.0	99.5
WP_011405933.1	gnl|META|BSU15500-MONOMER	3.9e-47	32.0	400	185.3	49.8	89.5
WP_011405935.1	gnl|META|EG11080-MONOMER	7.7e-11	29.5	139	63.9	49.6	53.6
WP_011405938.1	gnl|META|MONOMER-20544	3.2e-233	54.3	786	804.3	70.4	97.1
WP_011405939.1	gnl|META|MONOMER-12228	4.4e-90	44.4	394	327.8	65.0	98.7
WP_011405940.1	gnl|META|MONOMER-20126	5.0e-02	29.1	55	32.7	60.0	83.3
WP_011405942.1	gnl|META|MONOMER-18479	6.3e-02	25.9	54	34.7	57.4	17.0
WP_011405942.1	gnl|META|MONOMER-18478	6.3e-02	25.9	54	34.7	57.4	17.0
WP_011405942.1	gnl|META|HS09344-MONOMER	1.1e-01	28.9	83	33.9	49.4	26.2
WP_011405942.1	gnl|META|HS02640-MONOMER	1.8e-01	38.7	31	33.1	67.7	9.8
WP_011405943.1	gnl|META|MONOMER-12430	1.7e-04	29.2	120	43.9	45.0	19.9
WP_011405944.1	gnl|META|MONOMER-14531	3.3e-56	61.9	176	214.2	76.1	97.8
WP_011405945.1	gnl|META|MONOMER-14532	4.6e-18	73.1	52	86.3	80.8	65.0
WP_011405946.1	gnl|META|MONOMER-14529	2.2e-142	64.0	381	501.5	84.0	100.0
WP_011405947.1	gnl|META|MONOMER-14530	8.4e-118	69.4	284	419.5	83.5	97.6
WP_011405948.1	gnl|META|TTDA-MONOMER	8.8e-40	34.6	289	160.2	52.9	98.6
WP_011405950.1	gnl|META|PSTB-MONOMER	9.0e-84	60.7	247	306.2	76.5	98.0
WP_011405951.1	gnl|META|PSTA-MONOMER	4.3e-18	26.9	253	88.2	48.6	89.3
WP_011405952.1	gnl|META|PSTC-MONOMER	1.7e-38	37.2	253	156.0	56.9	79.4
WP_011405957.1	gnl|META|EG10625-MONOMER	4.4e-02	20.5	293	36.2	39.6	40.7
WP_011405960.1	gnl|META|DTMPKI-MONOMER	1.1e-12	29.6	206	69.7	48.1	99.0
WP_011405960.1	gnl|META|HS11626-MONOMER	4.6e-11	30.9	188	64.3	50.5	94.4
WP_011405961.1	gnl|META|MONOMER-11691	9.3e-01	41.2	34	29.3	61.8	30.6
WP_011405962.1	gnl|META|MONOMER-15677	2.4e-01	36.6	71	32.7	50.7	20.1
WP_011405967.1	gnl|META|EG11507-MONOMER	1.5e-33	40.5	200	139.0	60.0	96.6
WP_011405969.1	gnl|META|EG11013-MONOMER	2.2e-50	26.6	767	196.8	44.5	97.6
WP_011405971.1	gnl|META|MONOMER-19266	3.4e-66	28.3	888	249.6	45.2	95.9
WP_011405972.1	gnl|META|EG10823-MONOMER	6.5e-12	24.8	230	67.4	45.2	90.5
WP_011405973.1	gnl|META|MONOMER-13008	4.5e-18	23.5	361	88.6	43.2	88.9
WP_011405976.1	gnl|META|MONOMER-14546	2.4e-65	40.8	333	245.4	61.9	99.7
WP_011405977.1	gnl|META|MONOMER-13648	9.4e-42	56.2	160	166.0	69.4	96.3
WP_011405977.1	gnl|META|MONOMER-2005	1.7e-38	52.8	159	155.2	67.3	96.9
WP_011405977.1	gnl|META|MONOMER-13677	1.7e-38	53.6	153	155.2	69.9	92.0
WP_011405979.1	gnl|META|G6364-MONOMER	8.1e-45	28.1	430	177.6	52.3	97.2
WP_011405982.1	gnl|META|MONOMER-16406	5.1e-01	45.5	44	31.2	56.8	18.9
WP_011405986.1	gnl|META|MONOMER-14510	7.2e-30	40.4	188	126.7	52.7	99.5
WP_011405987.1	gnl|META|MONOMER-19568	2.4e-55	37.9	340	212.2	59.4	97.1
WP_011405988.1	gnl|META|MONOMER-18939	1.2e-19	29.1	323	93.6	48.0	96.0
WP_011405989.1	gnl|META|EG10454-MONOMER	7.6e-20	30.5	249	94.0	49.0	83.9
WP_011405990.1	gnl|META|PRIBFAICARPISOM-MONOMER	3.7e-31	30.5	239	131.3	56.9	97.9
WP_011405991.1	gnl|META|MONOMER-16487	1.4e-23	45.6	136	105.5	64.0	90.5
WP_011405994.1	gnl|META|YEJF-MONOMER	1.6e-37	24.6	540	153.7	46.3	96.1
WP_011405995.1	gnl|META|MONOMER-20451	3.7e-04	27.3	128	42.0	48.4	43.4
WP_011405996.1	gnl|META|MONOMER-18750	2.9e-36	32.9	258	148.7	53.1	83.0
WP_011405998.1	gnl|META|MONOMER-343	1.3e-01	26.5	136	33.1	44.1	62.5
WP_011406002.1	gnl|META|G12WB-159-MONOMER	1.4e-50	38.9	257	196.1	64.2	90.3
WP_011406002.1	gnl|META|G12WB-158-MONOMER	9.3e-50	40.3	258	193.4	64.0	91.4
WP_011406005.1	gnl|META|G3O-32728-MONOMER	2.0e-09	28.6	133	59.7	54.1	38.2
WP_011406011.1	gnl|META|HS02508-MONOMER	3.7e-38	35.4	246	154.8	54.5	87.9
WP_011406011.1	gnl|META|YFR047C-MONOMER	3.7e-38	35.7	252	154.8	54.0	87.5
WP_011406013.1	gnl|META|AT4G32180-MONOMER	3.5e-01	50.0	30	31.6	70.0	13.1
WP_011406015.1	gnl|META|EG10924-MONOMER	3.0e-04	37.0	54	43.1	63.0	9.9
WP_011406016.1	gnl|META|MONOMER-16735	3.0e-38	34.6	266	155.2	59.4	88.8
WP_011406016.1	gnl|META|SPEBBACSU-MONOMER	2.8e-36	37.0	281	148.7	55.9	93.2
WP_011406017.1	gnl|META|PORPHOBILSYNTH-MONOMER	2.1e-69	44.0	316	258.8	64.6	97.8
WP_011406017.1	gnl|META|MONOMER-13250	7.9e-69	41.4	319	256.9	64.3	97.8
WP_011406017.1	gnl|META|HS07501-MONOMER	1.1e-62	42.2	303	236.5	65.3	92.2
WP_011406030.1	gnl|META|PHES-MONOMER	1.2e-39	32.7	275	160.6	52.7	52.0
WP_011406031.1	gnl|META|MONOMER-18937	1.0e-81	62.1	232	299.3	81.0	99.1
WP_011406032.1	gnl|META|IMP-DEHYDROG-MONOMER	1.3e-115	47.2	489	412.9	66.9	97.2
WP_011406036.1	gnl|META|MONOMER-12229	7.8e-42	46.1	165	166.4	70.3	92.7
WP_011406039.1	gnl|META|YEJF-MONOMER	8.8e-31	23.2	578	131.3	42.4	98.6
WP_011406039.1	gnl|META|ABC-MONOMER	3.1e-28	32.6	236	122.9	56.4	42.0
WP_011406041.1	gnl|META|EG11266-MONOMER	4.4e-21	29.5	275	98.6	52.0	65.2
WP_011406041.1	gnl|META|MONOMER-19974	4.4e-21	32.4	216	98.6	52.3	53.0
WP_011406042.1	gnl|META|MONOMER-19974	2.4e-26	38.3	209	115.9	52.6	56.4
WP_011406043.1	gnl|META|MONOMER-20995	3.2e-99	58.9	302	357.8	79.8	98.7
WP_011406044.1	gnl|META|MONOMER-19840	7.3e-12	49.0	51	65.1	66.7	96.2
WP_011406044.1	gnl|META|MONOMER-3844	1.1e-10	44.2	52	61.2	59.6	98.1
WP_011406045.1	gnl|META|MONOMER-19840	2.3e-13	51.9	52	70.1	73.1	98.1
WP_011406047.1	gnl|META|AT1G65060-MONOMER	8.1e-65	32.1	501	244.2	49.7	96.1
WP_011406047.1	gnl|META|AT1G51680-MONOMER	9.3e-61	32.0	494	230.7	49.0	93.5
WP_011406047.1	gnl|META|MONOMER-13687	1.0e-59	32.7	474	227.3	50.4	89.4
WP_011406047.1	gnl|META|MONOMER-18289	8.7e-59	31.7	476	224.2	50.0	91.2
WP_011406047.1	gnl|META|AT3G21240-MONOMER	1.1e-58	31.5	489	223.8	49.5	93.5
WP_011406049.1	gnl|META|AT2G43750-MONOMER	1.2e-80	51.3	302	296.2	69.2	94.1
WP_011406049.1	gnl|META|AT4G14880-MONOMER	1.3e-79	53.7	300	292.7	66.7	93.4
WP_011406049.1	gnl|META|AT3G59760-MONOMER	6.5e-79	50.3	300	290.4	69.3	93.4
WP_011406049.1	gnl|META|ACSERLYA-MONOMER	1.0e-76	49.7	316	283.1	67.4	95.9
WP_011406049.1	gnl|META|MONOMER-16251	1.1e-75	48.2	307	279.6	66.1	95.6
WP_011406049.1	gnl|META|MONOMER-16250	8.2e-74	48.0	300	273.5	66.3	93.4
WP_011406053.1	gnl|META|BSU37150-MONOMER	3.2e-171	52.8	538	597.8	73.2	100.0
WP_011406085.1	gnl|META|MONOMER-14535	9.5e-104	51.0	398	373.2	65.3	98.7
WP_011406090.1	gnl|META|ASNSYNB-MONOMER	4.8e-38	30.9	505	155.2	48.1	98.7
WP_011406095.1	gnl|META|MONOMER-19974	6.8e-22	34.9	215	102.4	54.0	23.9
WP_011406098.1	gnl|META|AROA-MONOMER	3.0e-63	34.2	430	238.8	56.0	99.3
WP_011406099.1	gnl|META|VALS-MONOMER	1.0e-86	29.2	763	317.8	46.1	77.6
WP_011406100.1	gnl|META|G185E-7539-MONOMER	1.2e-08	21.5	237	58.2	44.3	30.8
WP_011406109.1	gnl|META|MONOMER-18938	3.4e-63	37.7	366	238.4	59.3	97.0
WP_011406113.1	gnl|META|MONOMER3O-487	1.9e-12	31.1	148	68.6	51.4	91.4
WP_011406113.1	gnl|META|HS00931-MONOMER	4.2e-12	33.9	127	67.4	55.1	79.6
WP_011406114.1	gnl|META|G185E-7216-MONOMER	1.7e-01	25.2	131	33.5	42.0	32.5
WP_011406115.1	gnl|META|G6475-MONOMER	3.0e-01	30.1	83	32.0	43.4	28.6
WP_011406118.1	gnl|META|YIIP-MONOMER	7.2e-16	23.0	287	80.9	43.9	96.3
WP_011406119.1	gnl|META|MONOMER-16210	1.1e-147	43.8	681	520.0	62.3	97.9
WP_011406120.1	gnl|META|ASPCARBREG-MONOMER	6.5e-29	43.4	145	123.2	66.9	94.1
WP_011406124.1	gnl|META|PHET-MONOMER	3.5e-03	19.7	284	39.7	42.3	48.1
WP_011406127.1	gnl|META|GLUTCYSLIG-MONOMER	2.6e-36	31.3	339	149.4	47.2	66.6
WP_011406128.1	gnl|META|MONOMER-16508	2.4e-02	19.3	119	35.0	42.0	74.4
WP_011406128.1	gnl|META|MONOMER-2223	3.2e-02	25.5	98	34.7	44.9	60.6
WP_011406129.1	gnl|META|MONOMER-13357	1.1e-05	22.2	153	46.2	43.1	87.5
WP_011406130.1	gnl|META|MONOMER-13783	1.2e-88	57.0	258	322.4	73.6	100.0
WP_011406131.1	gnl|META|MONOMER-13776	1.4e-82	45.8	354	302.8	61.0	97.7
WP_011406132.1	gnl|META|MONOMER-13781	3.3e-137	54.6	438	484.6	70.1	96.4
WP_011406134.1	gnl|META|MONOMER-17956	2.9e-101	53.6	338	364.8	69.2	99.4
WP_011406135.1	gnl|META|MONOMER-11900	1.0e-61	28.8	594	234.2	47.1	94.7
WP_011406135.1	gnl|META|ACETOLACTSYNIII-ICHAIN-MONOMER	6.9e-58	28.6	569	221.5	47.3	93.0
WP_011406135.1	gnl|META|LARGEILVB-MONOMER	1.5e-57	27.1	571	220.3	48.3	93.0
WP_011406137.1	gnl|META|BSU35690-MONOMER	6.9e-05	27.6	105	44.7	48.6	28.2
WP_011406138.1	gnl|META|DTDPDEHYDRHAMEPIM-MONOMER	3.4e-48	55.7	174	187.6	70.7	93.0
WP_011406139.1	gnl|META|MONOMER-20150	1.6e-05	24.8	117	45.8	44.4	57.4
WP_011406139.1	gnl|META|PD01343	4.8e-05	32.1	81	44.3	46.9	42.6
WP_011406140.1	gnl|META|MONOMER-19263	5.9e-37	35.4	237	150.6	55.7	92.8
WP_011406148.1	gnl|META|YMR062C-MONOMER	1.1e-54	35.6	410	210.3	54.1	95.7
WP_011406149.1	gnl|META|MONOMER-6801	1.0e-33	33.7	276	140.2	54.3	90.6
WP_011406151.1	gnl|META|MONOMER-18313	6.3e-72	40.2	348	267.3	61.2	99.1
WP_011406154.1	gnl|META|MONOMER-13558	9.0e-02	34.7	49	33.1	61.2	31.0
WP_011406159.1	gnl|META|MONOMER-15971	4.7e-53	45.0	242	204.1	64.5	98.0
WP_011406162.1	gnl|META|MONOMER-17855	1.6e-26	32.6	230	115.9	51.7	84.8
WP_011406164.1	gnl|META|G7247-MONOMER	4.7e-35	29.4	354	144.8	50.3	99.4
WP_011406170.1	gnl|META|G12WB-675-MONOMER	2.6e-10	31.4	159	62.0	45.3	61.3
WP_011406171.1	gnl|META|EG11063-MONOMER	2.4e-95	37.0	610	345.9	53.8	97.8
WP_011406172.1	gnl|META|EG11062-MONOMER	9.4e-194	54.4	667	672.9	71.5	99.8
WP_011406173.1	gnl|META|EG11061-MONOMER	2.3e-305	55.7	943	1044.3	72.7	98.3
WP_011406175.1	gnl|META|MONOMER-14591	2.7e-26	34.7	222	115.2	55.9	91.5
WP_011406177.1	gnl|META|AROC-MONOMER	2.5e-74	43.0	356	275.4	62.1	97.3
WP_011406178.1	gnl|META|G1I0R-1994-MONOMER	1.1e-54	44.4	239	209.5	61.5	99.6
WP_011406181.1	gnl|META|SUCCCOASYN-ALPHA	4.9e-78	51.2	287	287.3	68.3	97.9
WP_011406181.1	gnl|META|MONOMER-4227	1.8e-75	48.3	290	278.9	66.9	99.0
WP_011406181.1	gnl|META|MONOMER-18553	1.1e-74	47.1	291	276.2	70.1	99.0
WP_011406181.1	gnl|META|HS08877-MONOMER	1.1e-72	48.6	288	269.6	68.4	97.9
WP_011406181.1	gnl|META|MONOMER-13301	1.2e-71	47.2	284	266.2	70.8	96.9
WP_011406182.1	gnl|META|MONOMER-14624	1.2e-90	46.8	404	329.7	63.9	98.8
WP_011406182.1	gnl|META|AT1G76490-MONOMER	9.3e-83	44.5	409	303.5	62.3	98.8
WP_011406186.1	gnl|META|MONOMER-14634	3.0e-134	60.0	402	474.6	74.1	99.5
WP_011406187.1	gnl|META|MONOMER-14956	4.7e-02	23.6	140	34.3	46.4	63.5
WP_011406194.1	gnl|META|HS05425-MONOMER	1.9e-01	40.4	47	32.3	48.9	24.0
WP_011406200.1	gnl|META|MONOMER-18909	1.1e-08	26.4	140	56.6	50.7	58.2
WP_011406200.1	gnl|META|MONOMER-20496	3.6e-07	27.7	141	51.6	51.8	58.7
WP_011406202.1	gnl|META|HS05235-MONOMER	1.3e-05	33.3	78	45.8	53.8	50.7
WP_011406203.1	gnl|META|MONOMER-11900	3.8e-84	34.5	554	308.5	53.6	97.5
WP_011406206.1	gnl|META|EG10442-MONOMER	5.5e-02	32.7	49	32.7	63.3	68.1
WP_011406208.1	gnl|META|YBHF-MONOMER	1.8e-30	35.0	214	129.4	58.4	68.8
WP_011406208.1	gnl|META|BSU02750-MONOMER	2.2e-28	32.6	218	122.5	61.5	69.4
WP_011406209.1	gnl|META|G6475-MONOMER	1.3e-09	26.7	202	59.7	46.5	85.3
WP_011406215.1	gnl|META|AT1G30620-MONOMER	1.2e-01	27.9	68	33.9	50.0	20.0
WP_011406215.1	gnl|META|GMP-SYN-MONOMER	1.5e-01	43.5	46	33.5	65.2	13.2
WP_011406216.1	gnl|META|ARGSUCCINLYA-MONOMER	1.5e-68	34.4	462	256.5	53.5	98.1
WP_011406216.1	gnl|META|HS10034-MONOMER	7.5e-68	34.7	412	254.2	58.5	88.4
WP_011406222.1	gnl|META|EG11259-MONOMER	2.1e-05	32.1	78	45.4	51.3	41.1
WP_011406223.1	gnl|META|MONOMER-19926	9.4e-40	46.8	171	159.5	62.0	95.4
WP_011406225.1	gnl|META|EG10942-MONOMER	2.7e-21	25.5	404	99.4	42.3	97.6
WP_011406227.1	gnl|META|EG10942-MONOMER	4.2e-10	33.1	133	62.8	47.4	21.0
WP_011406228.1	gnl|META|MONOMER-15776	1.6e-40	52.3	151	161.8	70.9	98.0
WP_011406228.1	gnl|META|YKL067W-MONOMER	3.8e-37	50.0	148	150.6	68.2	97.4
WP_011406228.1	gnl|META|ENSG00000011052-MONOMER	2.5e-36	50.0	148	147.9	67.6	97.4
WP_011406228.1	gnl|META|HS04463-MONOMER	7.2e-36	49.3	148	146.4	68.2	97.4
WP_011406232.1	gnl|META|MONOMER-14509	2.6e-65	45.8	271	245.0	69.7	99.6
WP_011406235.1	gnl|META|ENSG00000176261-MONOMER	8.4e-10	25.2	131	59.7	51.1	91.0
WP_011406236.1	gnl|META|MVHDMAUTO-MONOMER	1.1e-41	60.3	126	165.6	70.6	89.4
WP_011406237.1	gnl|META|MONOMER-20164	1.4e-99	50.0	376	359.4	64.9	96.4
WP_011406238.1	gnl|META|MONOMER-20163	5.0e-08	24.0	233	55.1	46.4	57.1
WP_011406239.1	gnl|META|ENSG00000100220-MONOMER	5.3e-125	50.1	441	444.1	67.8	90.9
WP_011406240.1	gnl|META|MONOMER-19658	7.2e-57	45.3	265	216.9	61.1	98.8
WP_011406241.1	gnl|META|QUINOLINATE-SYNTHA-MONOMER	6.0e-42	34.7	314	167.5	55.7	97.7
WP_011406243.1	gnl|META|MONOMER-17334	1.3e-11	34.3	105	67.8	56.2	16.3
WP_011406243.1	gnl|META|MONOMER-19974	3.7e-11	38.1	97	66.2	54.6	14.6
WP_011406245.1	gnl|META|MONOMER-18802	9.8e-71	51.3	279	263.1	67.0	98.2
WP_011406246.1	gnl|META|HISS-MONOMER	4.0e-36	27.1	424	148.7	46.9	98.1
WP_011406250.1	gnl|META|G3O-32253-MONOMER	7.7e-07	32.9	76	50.1	53.9	45.5
WP_011406258.1	gnl|META|EG11404-MONOMER	4.7e-09	29.2	106	58.5	52.8	24.4
WP_011406259.1	gnl|META|MONOMER-17934	1.6e-53	49.6	228	205.7	63.6	91.2
WP_011406260.1	gnl|META|MONOMER-15919	6.1e-116	51.9	378	413.7	74.3	98.4
WP_011406262.1	gnl|META|PROTEIN-PII	1.2e-24	47.3	112	108.6	66.1	100.0
WP_011406262.1	gnl|META|PROTEIN-PII2	3.9e-23	43.8	112	103.6	65.2	100.0
WP_011406264.1	gnl|META|PROTEIN-PII	1.8e-23	49.5	111	104.8	66.7	98.2
WP_011406264.1	gnl|META|PROTEIN-PII2	5.2e-23	44.8	105	103.2	72.4	92.9
WP_011406265.1	gnl|META|MONOMER-17036	2.9e-102	45.7	416	368.6	62.7	79.5
WP_011406266.1	gnl|META|MONOMER-12648	3.1e-29	35.8	179	125.6	58.7	47.8
WP_011406267.1	gnl|META|MONOMER-17035	4.5e-02	42.9	35	34.7	57.1	15.5
WP_011406268.1	gnl|META|MONOMER-17034	1.4e-38	31.9	313	156.4	50.8	99.3
WP_011406269.1	gnl|META|MONOMER-15503	5.0e-34	42.1	195	140.6	64.1	97.9
WP_011406269.1	gnl|META|MONOMER-17226	2.7e-32	39.0	187	134.8	61.5	94.3
WP_011406272.1	gnl|META|MONOMER-13649	1.7e-87	53.2	333	318.9	65.8	100.0
WP_011406272.1	gnl|META|MONOMER-2004	9.1e-81	49.3	341	296.6	63.6	99.4
WP_011406274.1	gnl|META|MONOMER-9364	1.1e-106	52.6	365	383.3	69.3	74.3
WP_011406275.1	gnl|META|MONOMER-9366	2.0e-123	51.9	426	438.7	68.1	97.0
WP_011406275.1	gnl|META|YLR303W-MONOMER	8.9e-116	49.8	432	413.3	66.0	97.0
WP_011406276.1	gnl|META|MONOMER-16632	3.0e-67	30.9	638	252.7	51.6	96.7
WP_011406276.1	gnl|META|G1G01-5484-MONOMER	3.9e-67	31.2	536	252.3	55.6	81.5
WP_011406276.1	gnl|META|MONOMER-14495	1.1e-66	32.0	547	250.8	54.5	79.8
WP_011406276.1	gnl|META|MONOMER-14503	5.7e-66	32.8	537	248.4	54.2	78.9
WP_011406276.1	gnl|META|YHHO-MONOMER	2.8e-65	30.4	565	246.1	54.2	86.2
WP_011406280.1	gnl|META|BSU38300-MONOMER	1.2e-44	39.7	282	176.4	59.6	97.9
WP_011406292.1	gnl|META|BSU38300-MONOMER	7.5e-39	33.7	282	157.1	57.1	98.9
WP_011406295.1	gnl|META|EG10986-MONOMER	1.3e-34	41.8	184	142.5	59.8	96.7
WP_011406298.1	gnl|META|IMIDPHOSPHADEHYDHISTIDPHOSPHA-MONOMER	8.1e-03	30.3	76	37.0	46.1	34.7
WP_011406301.1	gnl|META|MONOMER-12546	1.4e-19	31.6	177	93.2	52.0	54.7
WP_011406312.1	gnl|META|MONOMER-17953	3.5e-27	30.0	253	118.2	50.6	96.8
WP_011406312.1	gnl|META|AT1G24360-MONOMER	5.0e-26	31.9	248	114.4	50.0	96.4
WP_011406312.1	gnl|META|MONOMER-19303	2.5e-25	34.1	249	112.1	49.8	97.6
WP_011406312.1	gnl|META|MONOMER-18270	2.8e-24	31.7	243	108.6	48.6	95.7
WP_011406316.1	gnl|META|MONOMER-16803	8.4e-31	30.7	309	130.6	49.2	98.4
WP_011406316.1	gnl|META|HS06563-MONOMER	3.5e-29	28.2	308	125.2	46.4	98.1
WP_011406316.1	gnl|META|MONOMER-11936	3.5e-29	29.1	309	125.2	48.9	98.4
WP_011406321.1	gnl|META|KEFB-MONOMER	8.0e-44	26.8	530	174.9	49.4	81.2
WP_011406321.1	gnl|META|KEFC-MONOMER	1.0e-38	23.4	581	157.9	46.8	88.7
WP_011406335.1	gnl|META|EG12394-MONOMER	1.4e-28	46.3	123	123.2	68.3	37.8
WP_011406335.1	gnl|META|EG11433-MONOMER	1.3e-26	39.1	161	116.7	52.8	48.3
WP_011406337.1	gnl|META|G6958-MONOMER	5.2e-11	23.7	287	65.1	43.9	64.5
WP_011406351.1	gnl|META|MONOMER-17978	1.7e-17	24.0	392	86.7	46.4	98.4
WP_011406353.1	gnl|META|MONOMER-15681	6.0e-64	40.3	318	240.7	60.4	96.3
WP_011406354.1	gnl|META|MTAAMBARK-MONOMER	3.4e-62	37.7	337	235.0	58.8	98.2
WP_011406357.1	gnl|META|MONOMER-12230	1.0e-85	41.8	464	313.5	57.1	97.7
WP_011406360.1	gnl|META|EG12045-MONOMER	2.6e-11	22.1	367	67.4	41.7	34.8
WP_011406361.1	gnl|META|HDRAMAUTO-MONOMER	7.8e-01	66.7	15	28.9	80.0	21.1
WP_011406367.1	gnl|META|MTAAMBARK-MONOMER	9.1e-56	35.7	333	213.8	55.0	86.8
WP_011406370.1	gnl|META|MONOMER-15380	4.0e-11	28.5	228	67.8	45.2	11.8
WP_011406374.1	gnl|META|EG11852-MONOMER	8.3e-29	41.7	144	122.9	63.9	96.6
WP_011406384.1	gnl|META|TTDB-MONOMER	6.0e-42	43.6	181	166.8	64.6	100.0
WP_011406396.1	gnl|META|MONOMER-15646	5.6e-24	31.6	177	107.1	53.7	99.4
WP_011406397.1	gnl|META|AROG-MONOMER	9.9e-01	27.1	48	30.0	52.1	23.8
WP_011406401.1	gnl|META|YEJF-MONOMER	7.8e-22	31.2	202	100.1	53.0	89.6
WP_011406402.1	gnl|META|OPPD-MONOMER	7.8e-37	31.9	323	150.6	52.6	99.0
WP_011406402.1	gnl|META|DPPD-MONOMER	8.9e-33	30.6	327	137.1	49.8	100.0
WP_011406403.1	gnl|META|YLID-MONOMER	4.2e-21	27.3	275	98.2	47.3	96.1
WP_011406403.1	gnl|META|NIKC-MONOMER	8.7e-19	26.3	259	90.5	49.8	89.1
WP_011406405.1	gnl|META|NIKA-MONOMER	1.8e-28	27.4	358	123.6	47.2	64.0
WP_011406407.1	gnl|META|MTABMBARK-MONOMER	1.1e-119	48.2	461	426.4	63.6	99.6
WP_011406412.1	gnl|META|YEEO-MONOMER	4.1e-10	22.4	434	62.4	43.1	92.7
WP_011406417.1	gnl|META|YML019W-MONOMER	3.1e-01	40.0	50	31.2	60.0	35.5
WP_011406418.1	gnl|META|TRKH-MONOMER	1.7e-41	29.5	482	166.8	48.5	93.6
WP_011406418.1	gnl|META|TRKG-MONOMER	2.7e-39	27.1	487	159.5	48.5	94.8
WP_011406421.1	gnl|META|KCH-MONOMER	9.6e-05	27.9	104	43.9	53.8	35.5
WP_011406422.1	gnl|META|KCH-MONOMER	9.7e-04	37.3	83	40.4	57.8	29.7
WP_011406426.1	gnl|META|HS05157-MONOMER	6.5e-03	33.9	56	37.7	48.2	20.3
WP_011406432.1	gnl|META|PD01343	1.7e-01	40.0	30	32.3	63.3	17.0
WP_011406432.1	gnl|META|MONOMER-13026	6.6e-01	39.3	28	30.4	67.9	15.9
WP_011406435.1	gnl|META|OPPF-MONOMER	6.6e-21	31.7	199	97.1	53.8	87.6
WP_011406435.1	gnl|META|NIKE-MONOMER	2.8e-19	28.4	211	91.7	50.2	93.1
WP_011406436.1	gnl|META|OPPD-MONOMER	1.3e-31	30.0	313	133.3	50.8	93.3
WP_011406436.1	gnl|META|DPPD-MONOMER	3.7e-31	29.7	323	131.7	52.6	97.1
WP_011406436.1	gnl|META|YEJF-MONOMER	1.7e-28	32.7	266	122.9	56.4	81.1
WP_011406439.1	gnl|META|NIKA-MONOMER	3.8e-23	27.6	355	105.9	47.3	61.7
WP_011406439.1	gnl|META|YLIB-MONOMER	8.0e-21	25.2	444	98.2	43.0	77.8
WP_011406440.1	gnl|META|EG10921-MONOMER	1.5e-23	34.1	164	105.5	56.7	97.6
WP_011406443.1	gnl|META|G6475-MONOMER	1.6e-03	28.6	119	40.4	47.1	24.6
WP_011406444.1	gnl|META|MONOMER-14625	8.9e-66	40.5	346	246.9	60.1	95.1
WP_011406445.1	gnl|META|MONOMER-14619	3.3e-28	33.0	270	121.7	51.1	99.6
WP_011406445.1	gnl|META|MONOMER-18737	1.6e-27	32.5	265	119.4	52.5	100.0
WP_011406446.1	gnl|META|MONOMER-18243	1.2e-45	37.6	295	179.9	59.3	91.3
WP_011406448.1	gnl|META|EG10901-MONOMER	2.1e-03	34.1	82	38.9	48.8	40.4
WP_011406450.1	gnl|META|MONOMER-14533	3.2e-171	69.8	414	597.4	84.8	100.0
WP_011406453.1	gnl|META|EG10908-MONOMER	1.7e-12	37.8	127	68.6	57.5	94.7
WP_011406457.1	gnl|META|EG10910-MONOMER	8.6e-22	49.6	119	99.4	62.2	91.5
WP_011406458.1	gnl|META|EG10903-MONOMER	1.8e-01	28.6	91	32.3	46.2	50.0
WP_011406459.1	gnl|META|EG10912-MONOMER	5.4e-07	28.5	130	50.4	44.6	85.0
WP_011406460.1	gnl|META|EG11177-MONOMER	7.8e-24	32.3	235	107.5	47.7	62.0
WP_011406461.1	gnl|META|MONOMER-17978	1.6e-66	40.1	377	249.6	58.9	92.8
WP_011406461.1	gnl|META|MONOMER-19243	6.1e-66	38.5	413	247.7	58.1	98.8
WP_011406475.1	gnl|META|EG10904-MONOMER	8.0e-15	31.8	151	77.0	52.3	66.5
WP_011406479.1	gnl|META|EG10869-MONOMER	4.3e-03	25.6	90	37.7	50.0	48.9
WP_011406480.1	gnl|META|EG10907-MONOMER	5.6e-13	33.1	133	70.1	54.9	99.2
WP_011406482.1	gnl|META|EG10868-MONOMER	5.3e-16	35.1	134	80.5	56.7	74.4
WP_011406485.1	gnl|META|EG10875-MONOMER	1.3e-09	39.8	103	58.9	56.3	75.0
WP_011406486.1	gnl|META|EG10916-MONOMER	5.4e-06	35.5	76	46.6	57.9	71.7
WP_011406488.1	gnl|META|MONOMER-16557	6.5e-01	42.9	42	29.6	61.9	40.6
WP_011406489.1	gnl|META|MONOMER3O-153	7.5e-01	61.1	18	28.9	77.8	26.5
WP_011406490.1	gnl|META|EG10902-MONOMER	1.6e-11	27.0	137	66.2	55.5	54.0
WP_011406491.1	gnl|META|EG10882-MONOMER	2.1e-06	39.7	68	48.5	61.8	43.5
WP_011406493.1	gnl|META|EG10865-MONOMER	2.4e-33	38.3	230	138.7	54.8	95.0
WP_011406496.1	gnl|META|EG10866-MONOMER	1.5e-06	25.4	201	50.1	41.3	56.4
WP_011406501.1	gnl|META|MONOMER-14537	2.4e-197	67.3	486	684.5	83.5	98.0
WP_011406506.1	gnl|META|MONOMER-20107	4.2e-147	42.0	700	518.1	63.3	98.9
WP_011406507.1	gnl|META|EG10900-MONOMER	2.5e-14	51.3	76	77.0	78.9	10.6
WP_011406510.1	gnl|META|MONOMER-14055	4.2e-49	28.4	476	192.2	46.2	78.0
WP_011406510.1	gnl|META|GLNS-MONOMER	3.9e-47	29.8	413	185.7	48.4	71.9
WP_011406511.1	gnl|META|AT4G33680-MONOMER	7.5e-88	41.6	409	320.5	59.9	99.0
WP_011406511.1	gnl|META|AT2G13810-MONOMER	1.2e-85	40.1	397	313.2	61.7	96.1
WP_011406518.1	gnl|META|MONOMER-20857	9.4e-02	20.7	121	33.1	39.7	74.7
WP_011406545.1	gnl|META|EG12347-MONOMER	8.7e-62	52.2	247	233.0	65.2	99.1
WP_011406545.1	gnl|META|GLNQ-MONOMER	9.0e-59	50.8	236	223.0	67.4	96.9
WP_011406546.1	gnl|META|G7037-MONOMER	5.6e-26	35.5	214	114.0	58.4	98.1
WP_011406546.1	gnl|META|GLTK-MONOMER	2.0e-23	31.9	210	105.5	59.0	94.9
WP_011406547.1	gnl|META|G7039-MONOMER	1.6e-20	28.1	256	96.3	48.8	88.7
WP_011406547.1	gnl|META|GLNH-MONOMER	6.0e-20	27.4	226	94.4	49.1	79.4
WP_011406554.1	gnl|META|MONOMER-19812	4.3e-39	34.0	326	158.3	50.0	89.9
WP_011406554.1	gnl|META|MONOMER-13734	2.2e-35	33.2	352	146.0	49.1	93.5
WP_011406560.1	gnl|META|MONOMER-2263	7.7e-21	37.1	229	97.1	51.1	94.0
WP_011406561.1	gnl|META|EG11481-MONOMER	3.0e-58	43.8	258	221.5	61.6	99.2
WP_011406573.1	gnl|META|MONOMER-16218	5.1e-82	45.5	336	300.8	63.1	98.5
WP_011406575.1	gnl|META|MONOMER-13218	4.3e-57	45.8	249	217.6	65.1	96.1
WP_011406575.1	gnl|META|MONOMER-86	9.9e-54	44.5	247	206.5	62.3	95.3
WP_011406576.1	gnl|META|MONOMER-19263	2.4e-24	34.7	239	109.0	49.4	75.2
WP_011406577.1	gnl|META|MONOMER-12848	5.2e-41	29.6	406	164.9	46.3	98.8
WP_011406577.1	gnl|META|MONOMER-13569	1.9e-38	27.6	398	156.4	46.2	95.9
WP_011406577.1	gnl|META|MONOMER-18954	2.4e-38	33.4	290	156.0	51.4	70.7
WP_011406577.1	gnl|META|GDPMANDEHYDRA-MONOMER	2.7e-37	28.8	413	152.5	46.2	96.6
WP_011406577.1	gnl|META|MONOMER-13574	1.3e-36	29.3	403	150.2	46.4	96.6
WP_011406579.1	gnl|META|EG10651-MONOMER	1.1e-39	33.6	274	159.8	52.9	97.5
WP_011406580.1	gnl|META|AT3G53520-MONOMER	3.3e-19	27.5	306	92.0	45.4	94.9
WP_011406580.1	gnl|META|MONOMER-18133	1.8e-17	27.9	351	86.3	41.6	98.4
WP_011406584.1	gnl|META|MONOMER-14507	2.2e-120	63.4	347	428.3	78.4	99.7
WP_011406585.1	gnl|META|AQPZ-MONOMER	1.8e-25	39.1	238	112.5	53.8	94.7
WP_011406588.1	gnl|META|TAUC-MONOMER	1.0e-23	25.4	236	106.7	53.0	92.0
WP_011406588.1	gnl|META|YCBM-MONOMER	1.1e-22	29.6	233	103.2	51.1	91.6
WP_011406590.1	gnl|META|G7324-MONOMER	8.7e-35	52.8	127	142.5	71.7	96.9
WP_011406591.1	gnl|META|PROS-MONOMER	3.3e-15	29.6	162	79.3	51.2	32.8
WP_011406593.1	gnl|META|MONOMER-14615	4.4e-45	46.7	227	177.6	63.4	98.2
WP_011406596.1	gnl|META|MONOMER-12132	1.8e-111	49.3	426	399.1	66.2	95.7
WP_011406600.1	gnl|META|HDRBMAUTO-MONOMER	9.8e-130	72.9	291	459.1	83.8	98.0
WP_011406601.1	gnl|META|HDRCMAUTO-MONOMER	1.6e-69	61.6	185	258.5	77.8	99.5
WP_011406602.1	gnl|META|MONOMER-16209	6.9e-09	26.2	195	57.4	44.6	81.6
WP_011406604.1	gnl|META|MONOMER-18825	8.2e-64	46.2	262	240.0	66.0	98.9
WP_011406605.1	gnl|META|MONOMER-18046	1.5e-57	40.1	342	219.5	60.8	98.8
WP_011406606.1	gnl|META|MONOMER-1341	3.5e-53	38.6	316	204.9	59.2	96.8
WP_011406606.1	gnl|META|MONOMER-15925	6.0e-53	37.6	335	204.1	54.6	96.5
WP_011406606.1	gnl|META|MONOMER-17870	4.7e-50	38.6	337	194.5	53.7	96.5
WP_011406609.1	gnl|META|G12WB-502-MONOMER	1.3e-26	30.6	258	117.1	57.0	61.2
WP_011406609.1	gnl|META|MONOMER-20613	1.3e-26	30.6	258	117.1	57.0	61.2
WP_011406609.1	gnl|META|MONOMER-20614	5.9e-24	30.9	256	108.2	50.4	61.2
WP_011406615.1	gnl|META|THI-P-KIN-MONOMER	4.5e-11	23.9	285	65.1	44.6	79.8
WP_011406619.1	gnl|META|AT3G54470-MONOMER	9.0e-22	34.3	172	99.8	55.8	96.1
WP_011406623.1	gnl|META|MONOMER-12132	7.8e-112	46.5	434	400.2	67.7	99.1
WP_011406626.1	gnl|META|MONOMER-15883	9.1e-21	22.5	676	98.2	37.9	98.7
WP_011406627.1	gnl|META|HDRDMBARK-MONOMER	1.1e-43	30.7	397	174.1	47.9	73.9
WP_011406631.1	gnl|META|DCTP-DEAM-MONOMER	5.8e-38	43.2	192	153.7	64.1	94.4
WP_011406632.1	gnl|META|PROS-MONOMER	1.2e-01	33.3	48	34.7	52.1	8.3
WP_011406632.1	gnl|META|PROS-MONOMER	2.9e+00	24.1	112	30.0	45.5	18.8
WP_011406645.1	gnl|META|MONOMER-17978	1.8e-78	39.8	389	289.3	62.0	99.0
WP_011406645.1	gnl|META|MONOMER-19243	2.6e-74	41.4	394	275.4	61.2	99.0
WP_011406646.1	gnl|META|MONOMER-16209	5.8e-45	36.4	324	177.6	56.8	98.7
WP_011406648.1	gnl|META|MONOMER-18757	2.6e-01	37.5	56	32.7	55.4	16.1
WP_011406652.1	gnl|META|MONOMER-3603	9.2e-87	42.1	435	317.0	58.9	94.3
WP_011406652.1	gnl|META|MONOMER-281	9.5e-84	40.0	445	307.0	58.9	94.5
WP_011406652.1	gnl|META|MONOMER-16005	9.2e-79	38.5	465	290.4	55.7	94.3
WP_011406653.1	gnl|META|MONOMER-282	1.0e-47	47.1	191	186.0	68.6	98.4
WP_011406653.1	gnl|META|MONOMER-3604	2.4e-44	50.0	192	174.9	65.6	98.4
WP_011406654.1	gnl|META|MONOMER-343	2.1e-27	36.8	250	119.0	55.2	92.4
WP_011406655.1	gnl|META|MONOMER-301	1.9e-08	24.8	218	55.8	42.7	96.9
WP_011406656.1	gnl|META|MONOMER-3562	2.8e-140	65.4	382	494.6	79.1	96.9
WP_011406656.1	gnl|META|TRYPSYN-BPROTEIN	6.8e-131	58.8	379	463.4	76.5	96.4
WP_011406656.1	gnl|META|MONOMER-345	9.9e-130	60.2	382	459.5	76.2	97.2
WP_011406656.1	gnl|META|AT5G54810-MONOMER	7.8e-127	56.7	393	449.9	74.3	98.5
WP_011406657.1	gnl|META|TRYPSYN-APROTEIN	4.8e-59	41.2	267	224.2	63.7	98.9
WP_011406658.1	gnl|META|MONOMER-282	7.3e-60	35.8	332	227.3	57.5	95.1
WP_011406659.1	gnl|META|MONOMER-585	1.5e-25	26.7	445	113.6	46.3	95.9
WP_011406659.1	gnl|META|E3-MONOMER	1.9e-25	26.5	449	113.2	45.2	96.3
WP_011406659.1	gnl|META|HS02602-MONOMER	2.4e-23	24.0	450	106.3	42.9	95.9
WP_011406665.1	gnl|META|CHORISMUTPREPHENDEHYDROG-MONOMER	1.0e-18	26.6	259	90.9	46.7	58.3
WP_011406666.1	gnl|META|EG11506-MONOMER	8.4e-58	46.5	243	221.5	64.2	33.2
WP_011406667.1	gnl|META|MONOMER-8582	9.6e-83	40.5	415	303.5	59.3	98.3
WP_011406667.1	gnl|META|HS02273-MONOMER	1.3e-82	40.7	415	303.1	59.3	98.3
WP_011406669.1	gnl|META|G185E-8078-MONOMER	1.8e-10	25.6	234	63.2	41.0	64.9
WP_011406670.1	gnl|META|MONOMER-18724	1.6e-88	48.9	313	322.4	67.1	96.6
WP_011406670.1	gnl|META|MONOMER-6142	6.5e-87	50.0	320	317.0	69.7	97.8
WP_011406677.1	gnl|META|G12WB-159-MONOMER	2.1e-02	27.2	125	37.7	47.2	12.6
WP_011406677.1	gnl|META|XYLG-MONOMER	1.4e-01	38.9	72	35.0	56.9	7.8
WP_011406678.1	gnl|META|PSERPHOSPHA-MONOMER	3.6e-34	39.0	205	142.5	58.5	38.3
WP_011406682.1	gnl|META|MONOMER-13647	1.2e-122	51.2	422	436.0	70.6	100.0
WP_011406682.1	gnl|META|MONOMER-2003	7.0e-118	47.1	420	420.2	70.2	99.0
WP_011406683.1	gnl|META|MONOMER-20001	2.6e-84	56.3	279	308.1	72.0	97.5
WP_011406683.1	gnl|META|BSU35670-MONOMER	8.8e-80	51.8	284	293.1	71.1	99.3
WP_011406684.1	gnl|META|MONOMER-18751	7.7e-105	56.8	359	376.7	74.7	100.0
WP_011406694.1	gnl|META|G12WB-159-MONOMER	1.2e-32	31.9	270	137.5	57.8	45.2
WP_011406694.1	gnl|META|G12WB-158-MONOMER	5.2e-31	32.3	257	132.1	54.5	44.0
WP_011406698.1	gnl|META|MONOMER-18754	1.3e-33	30.9	288	139.8	51.0	97.6
WP_011406698.1	gnl|META|MONOMER-18135	1.1e-32	32.3	294	136.7	52.0	98.3
WP_011406698.1	gnl|META|HS00531-MONOMER	5.0e-30	30.4	273	127.9	53.8	92.3
WP_011406701.1	gnl|META|NIFH1CP-MONOMER	8.5e-69	49.6	268	256.5	67.5	98.9
WP_011406701.1	gnl|META|MONOMER-16519	2.5e-68	49.1	269	255.0	67.7	98.5
WP_011406701.1	gnl|META|MONOMER-20115	1.2e-67	49.2	258	252.7	68.6	96.6
WP_011406701.1	gnl|META|MONOMER-19495	2.2e-64	46.0	272	241.9	65.8	99.6
WP_011406701.1	gnl|META|NIFHKLEB-MONOMER	4.1e-63	46.7	272	237.7	64.3	99.6
WP_011406701.1	gnl|META|MONOMER-16469	6.9e-63	46.7	270	236.9	64.4	98.9
WP_011406707.1	gnl|META|G6457-MONOMER	2.6e-91	35.0	549	332.0	50.3	99.8
WP_011406709.1	gnl|META|MERMAUTO-MONOMER	5.3e-89	49.2	321	323.9	65.4	99.7
WP_011406713.1	gnl|META|MONOMER-14149	2.1e-25	31.7	202	112.1	59.4	93.0
WP_011406714.1	gnl|META|MONOMER-682	1.8e-175	65.1	467	611.7	79.4	98.3
WP_011406714.1	gnl|META|MONOMER-14147	5.9e-174	62.5	456	606.7	81.8	97.6
WP_011406715.1	gnl|META|MONOMER-14146	4.0e-204	59.6	579	707.2	75.6	98.5
WP_011406715.1	gnl|META|MONOMER-681	2.3e-199	57.9	580	691.4	74.1	99.1
WP_011406716.1	gnl|META|HS05192-MONOMER	2.4e-06	28.2	110	47.8	50.9	92.5
WP_011406717.1	gnl|META|MONOMER-14148	2.9e-01	24.4	82	32.7	51.2	21.3
WP_011406719.1	gnl|META|MONOMER-14153	4.4e-07	29.4	119	50.8	47.9	73.5
WP_011406720.1	gnl|META|MONOMER-14154	2.7e-34	23.1	689	143.3	44.6	98.9
WP_011406725.1	gnl|META|AT1G17745-MONOMER	4.9e-100	38.2	531	361.3	60.5	97.1
WP_011406727.1	gnl|META|G3O-30749-MONOMER	8.1e-10	26.4	197	60.5	49.7	79.3
WP_011406733.1	gnl|META|G7248-MONOMER	1.9e-41	36.6	320	166.0	55.3	88.3
WP_011406735.1	gnl|META|G6468-MONOMER	2.6e-05	25.4	284	46.2	38.0	68.7
WP_011406737.1	gnl|META|MONOMER-19567	1.0e-30	36.5	222	129.8	60.4	98.2
WP_011406742.1	gnl|META|G7704-MONOMER	2.1e-11	25.4	334	66.6	45.2	68.0
WP_011406744.1	gnl|META|TAUA-MONOMER	4.3e-11	27.3	231	65.1	48.9	72.5
WP_011406746.1	gnl|META|G185E-4160-MONOMER	8.1e-102	51.8	363	366.7	68.6	98.4
WP_011406748.1	gnl|META|MONOMER-14886	1.5e-33	34.8	247	139.4	57.1	92.5
WP_011406750.1	gnl|META|MONOMER-20307	1.8e-38	29.3	410	156.4	48.0	93.6
WP_011406751.1	gnl|META|G6245-MONOMER	4.8e-20	31.1	212	94.4	51.4	91.2
WP_011406751.1	gnl|META|BSU13720-MONOMER	4.1e-19	31.3	217	91.3	48.8	93.8
WP_011406753.1	gnl|META|MONOMER-14538	1.6e-205	64.7	532	711.8	81.6	93.3
WP_011406756.1	gnl|META|MONOMER-16209	5.4e-02	31.8	66	33.9	57.6	41.5
WP_011406757.1	gnl|META|MONOMER-15290	4.9e-44	44.9	207	174.1	67.1	88.0
WP_011406758.1	gnl|META|EG10833-MONOMER	4.1e-08	23.4	325	56.6	43.7	37.3
WP_011406759.1	gnl|META|MONOMER-115	2.2e-27	38.5	200	118.6	57.0	93.7
WP_011406759.1	gnl|META|MONOMER-18417	2.8e-27	35.1	194	118.2	56.7	91.3
WP_011406759.1	gnl|META|MONOMER-13227	7.0e-26	41.2	170	113.6	58.2	79.2
WP_011406760.1	gnl|META|AT5G63570-MONOMER	1.2e-112	46.6	425	402.9	65.9	99.1
WP_011406760.1	gnl|META|GSAAMINOTRANS-MONOMER	5.1e-108	46.2	426	387.5	63.6	99.1
WP_011406760.1	gnl|META|MONOMER-13236	1.1e-107	46.7	426	386.3	62.9	99.1
WP_011406762.1	gnl|META|G185E-5248-MONOMER	4.5e-51	41.3	259	197.6	60.2	99.2
WP_011406762.1	gnl|META|UPPSYN-MONOMER	1.5e-49	41.6	238	192.6	63.4	91.8
WP_011406762.1	gnl|META|MONOMER-15683	5.2e-47	37.8	254	184.1	60.6	98.8
WP_011406763.1	gnl|META|EG11481-MONOMER	3.2e-17	24.2	264	85.1	48.1	100.0
WP_011406765.1	gnl|META|MONOMER-14596	1.8e-53	49.8	217	205.3	70.5	98.6
WP_011406766.1	gnl|META|G6634-MONOMER	2.5e-05	41.4	70	45.4	55.7	30.9
WP_011406767.1	gnl|META|MONOMER-15970	3.8e-25	28.7	282	111.7	46.8	96.2
WP_011406771.1	gnl|META|AT2G26540-MONOMER	2.0e-06	22.0	259	49.3	40.9	95.4
WP_011406772.1	gnl|META|MONOMER-12172	9.5e-83	62.8	223	302.8	82.1	92.5
WP_011406773.1	gnl|META|HS11329-MONOMER	8.9e-11	28.8	243	63.5	42.8	88.2
WP_011406773.1	gnl|META|YGR061C-MONOMER	4.4e-10	25.2	230	61.2	41.3	87.3
WP_011406776.1	gnl|META|MONOMER-20591	2.9e-133	42.9	608	471.9	65.8	100.0
WP_011406776.1	gnl|META|L-GLN-FRUCT-6-P-AMINOTRANS-MONOMER	4.2e-124	39.1	614	441.4	61.4	100.0
WP_011406779.1	gnl|META|MONOMER-20800	4.3e-13	23.5	371	72.0	42.6	87.4
WP_011406780.1	gnl|META|BSU15520-MONOMER	0.0e+00	52.1	1059	1100.1	71.9	98.5
WP_011406780.1	gnl|META|CARBPSYN-LARGE	4.3e-305	50.3	1058	1043.5	70.2	98.2
WP_011406781.1	gnl|META|BSU15510-MONOMER	3.9e-80	43.4	355	294.7	64.2	98.1
WP_011406782.1	gnl|META|EG10850-MONOMER	2.0e-06	31.9	135	48.5	45.9	88.4
WP_011406782.1	gnl|META|ENSG00000139977-MONOMER	2.8e-05	24.2	132	44.7	48.5	85.7
WP_011406784.1	gnl|META|MONOMER-14601	9.2e-117	34.7	914	417.5	51.8	86.5
WP_011406784.1	gnl|META|MONOMER-14597	1.7e-110	33.0	916	396.7	51.0	87.1
WP_011406784.1	gnl|META|MONOMER-14600	1.0e-107	32.8	895	387.5	51.3	86.5
WP_011406784.1	gnl|META|MONOMER-14610	2.1e-105	32.1	860	379.8	52.2	87.0
WP_011406785.1	gnl|META|MONOMER-18418	1.2e-30	34.3	254	129.8	57.9	97.3
WP_011406786.1	gnl|META|EG11506-MONOMER	4.7e-58	46.9	254	221.5	63.4	62.6
WP_011406792.1	gnl|META|MONOMER-12256	1.2e-12	22.3	350	70.9	46.3	71.6
WP_011406793.1	gnl|META|MONOMER-15459	2.4e-08	21.7	383	56.6	41.5	74.6
WP_011406793.1	gnl|META|MONOMER-12256	3.5e-07	24.0	233	52.8	41.6	47.4
WP_011406794.1	gnl|META|MONOMER-12257	1.4e-08	36.5	115	57.0	57.4	30.0
WP_011406794.1	gnl|META|MONOMER-12257	6.1e-01	24.7	97	31.6	48.5	26.7
WP_011406794.1	gnl|META|PHOSNACMURPENTATRANS-MONOMER	3.9e-08	24.7	377	55.5	40.8	95.6
WP_011406794.1	gnl|META|BSU35530-MONOMER	4.4e-07	34.4	125	52.0	53.6	31.7
WP_011406794.1	gnl|META|MONOMER-19967	4.4e-07	34.4	125	52.0	53.6	31.7
WP_011406795.1	gnl|META|BSU15520-MONOMER	5.6e-13	23.6	296	71.6	44.9	72.5
WP_011406797.1	gnl|META|HS02092-MONOMER	7.5e-06	25.8	155	47.4	47.7	53.4
WP_011406802.1	gnl|META|G7234-MONOMER	8.7e-03	33.3	48	37.7	54.2	13.0
WP_011406803.1	gnl|META|MONOMER-13223	8.8e-99	42.2	502	357.1	60.8	97.6
WP_011406805.1	gnl|META|EG10210-MONOMER	6.5e-77	41.2	379	284.6	60.2	64.8
WP_011406806.1	gnl|META|HS02317-MONOMER	2.3e-35	34.9	275	145.6	52.0	94.2
WP_011406806.1	gnl|META|HS07410-MONOMER	1.2e-34	34.3	274	143.3	51.8	93.8
WP_011406806.1	gnl|META|HS11931-MONOMER	1.7e-33	34.3	274	139.4	51.1	93.8
WP_011406806.1	gnl|META|PRPPSYN-MONOMER	8.3e-33	31.5	289	137.1	53.3	97.3
WP_011406807.1	gnl|META|EG10483-MONOMER	8.4e-06	23.6	123	46.2	44.7	96.9
WP_011406808.1	gnl|META|EG10484-MONOMER	3.9e-43	42.1	202	171.0	62.4	91.7
WP_011406811.1	gnl|META|MONOMER-18689	2.0e-01	48.0	25	32.7	68.0	9.5
WP_011406811.1	gnl|META|MONOMER-426	2.6e-01	60.0	20	32.3	70.0	7.6
WP_011406811.1	gnl|META|MONOMER-12226	3.4e-01	45.5	22	32.0	68.2	8.3
WP_011406812.1	gnl|META|MONOMER-20454	2.0e-59	39.5	314	225.7	56.4	96.0
WP_011406813.1	gnl|META|MONOMER-18907	9.3e-10	18.9	227	60.1	41.4	96.7
WP_011406814.1	gnl|META|MONOMER-4021	1.5e-54	35.8	321	209.5	57.6	96.3
WP_011406815.1	gnl|META|MONOMER-14602	6.8e-50	61.4	153	193.0	77.8	99.4
WP_011406816.1	gnl|META|AQPZ-MONOMER	5.0e-18	32.0	253	87.8	49.8	97.6
WP_011406816.1	gnl|META|GLPF-MONOMER	6.1e-16	31.8	261	80.9	46.0	94.8
WP_011406823.1	gnl|META|MONOMER-18798	2.9e-157	59.9	446	551.2	80.5	98.9
WP_011406827.1	gnl|META|EG10743-MONOMER	1.2e-13	29.0	238	73.2	47.5	96.1
WP_011406834.1	gnl|META|MONOMER-20827	2.5e-03	23.5	187	39.3	46.5	58.6
WP_011406834.1	gnl|META|AT1G17160-MONOMER	1.7e-02	24.8	133	36.6	49.6	39.5
WP_011406836.1	gnl|META|EG12115-MONOMER	2.6e-13	25.4	205	72.0	46.8	85.0
WP_011406838.1	gnl|META|ALAS-MONOMER	1.7e-60	22.9	934	230.7	41.6	93.1
WP_011406841.1	gnl|META|EG10864-MONOMER	1.4e-16	30.4	207	82.8	50.2	95.3
WP_011406842.1	gnl|META|EG10872-MONOMER	1.3e-16	34.3	134	82.4	53.0	83.1
WP_011406843.1	gnl|META|G66-31601-MONOMER	1.2e-06	27.1	129	49.3	54.3	83.0
WP_011406846.1	gnl|META|MONOMER-2262	4.0e-68	51.2	252	254.2	69.0	100.0
WP_011406853.1	gnl|META|SERS-MONOMER	1.9e-62	34.4	427	236.1	52.5	98.3
WP_011406855.1	gnl|META|EG10487-MONOMER	1.2e-59	35.3	337	226.5	57.6	98.5
WP_011406857.1	gnl|META|EG10747-MONOMER	4.8e-09	27.6	210	57.8	45.2	87.5
WP_011406862.1	gnl|META|MONOMER-12256	3.6e-13	25.8	318	72.4	44.7	69.2
WP_011406865.1	gnl|META|MONOMER-17174	6.8e-03	24.5	139	37.4	50.4	59.5
WP_011406865.1	gnl|META|MONOMER-18400	1.5e-02	24.5	110	36.2	44.5	50.0
WP_011406865.1	gnl|META|MONOMER-20025	2.0e-02	28.4	81	35.8	51.9	36.8
WP_011406867.1	gnl|META|MONOMER-14508	2.2e-87	60.0	240	318.2	81.7	98.8
WP_011406875.1	gnl|META|MONOMER-14536	4.4e-157	64.5	411	550.4	79.6	100.0
WP_011406876.1	gnl|META|MONOMER-13382	4.2e-92	42.6	458	334.7	58.5	98.9
WP_011406877.1	gnl|META|MONOMER-20592	6.5e-66	43.8	411	247.7	61.8	94.7
WP_011406878.1	gnl|META|MONOMER-12647	1.0e-84	39.8	450	310.1	56.9	98.0
WP_011406881.1	gnl|META|MONOMER-12648	1.7e-81	48.1	283	298.9	71.0	94.6
WP_011406883.1	gnl|META|MONOMER-17978	3.0e-73	39.0	390	271.9	61.8	98.0
WP_011406883.1	gnl|META|MONOMER-19243	3.5e-66	38.7	393	248.4	56.5	97.5
WP_011406884.1	gnl|META|BSU14520-MONOMER	6.4e-95	39.0	556	344.4	58.5	98.3
WP_011406887.1	gnl|META|YMR217W-MONOMER	1.0e-28	37.4	182	122.9	56.6	95.7
WP_011406887.1	gnl|META|GMP-SYN-MONOMER	7.4e-27	30.9	194	116.7	52.6	97.3
WP_011406888.1	gnl|META|GMP-SYN-MONOMER	1.8e-70	46.8	314	262.3	64.6	98.4
WP_011406888.1	gnl|META|YMR217W-MONOMER	1.7e-68	46.5	318	255.8	65.4	98.1
WP_011406889.1	gnl|META|MONOMER-13263	7.3e-01	35.6	45	31.6	62.2	10.1
WP_011406894.1	gnl|META|MONOMER-11899	3.7e-158	57.2	488	554.3	75.2	98.0
WP_011406895.1	gnl|META|MONOMER-16615	1.9e-31	30.1	309	132.9	49.8	85.7
WP_011406896.1	gnl|META|MONOMER-19243	3.1e-27	27.7	300	119.0	49.3	71.8
WP_011406896.1	gnl|META|MONOMER-17978	1.3e-25	29.3	294	113.6	48.6	70.5
WP_011406896.1	gnl|META|MONOMER-17979	8.5e-25	27.1	317	110.9	44.2	72.8
WP_011406900.1	gnl|META|MONOMER-12104	5.1e-12	25.5	212	67.8	43.4	87.4
WP_011406901.1	gnl|META|AT1G47260-MONOMER	2.0e-17	34.0	147	85.1	49.7	91.0
WP_011406902.1	gnl|META|HISTPHOSTRANS-MONOMER	5.2e-32	28.8	340	134.8	52.9	90.2
WP_011406902.1	gnl|META|MONOMER-12856	1.5e-31	24.0	358	133.3	52.2	95.1
WP_011406903.1	gnl|META|MONOMER-16731	1.4e-12	35.2	142	68.9	53.5	92.1
WP_011406904.1	gnl|META|EG10542-MONOMER	7.8e-153	39.3	787	537.3	62.3	94.3
WP_011406905.1	gnl|META|MONOMER-5062	5.7e-23	28.4	268	104.4	51.5	96.7
WP_011406906.1	gnl|META|MONOMER0-541	6.7e-32	34.1	226	134.0	57.5	79.6
WP_011406907.1	gnl|META|MONOMER-20117	7.5e-17	23.2	380	84.7	44.2	78.1
WP_011406908.1	gnl|META|AT5G08280-MONOMER	2.0e-39	34.8	279	159.1	56.3	91.4
WP_011406908.1	gnl|META|OHMETHYLBILANESYN-MONOMER	5.0e-38	32.5	292	154.5	52.4	99.3
WP_011406908.1	gnl|META|HS07607-MONOMER	3.0e-35	35.9	245	145.2	57.1	81.7
WP_011406909.1	gnl|META|BSU10850-MONOMER	3.0e-28	28.2	333	122.1	47.1	99.4
WP_011406910.1	gnl|META|OROPRIBTRANS-MONOMER	1.2e-03	29.2	113	39.7	48.7	55.1
WP_011406912.1	gnl|META|BSU25790-MONOMER	1.1e-17	27.0	341	87.0	49.0	100.0
WP_011406922.1	gnl|META|MONOMER-13168	1.8e-02	22.1	272	36.6	37.9	71.8
WP_011406922.1	gnl|META|MONOMER-12868	3.0e-02	25.0	304	35.8	40.5	81.6
WP_011406925.1	gnl|META|MONOMER-20143	3.3e-04	28.6	98	42.0	42.9	36.3
WP_011406926.1	gnl|META|AT4G33670-MONOMER	2.1e-13	25.0	296	73.2	42.9	68.0
WP_011406926.1	gnl|META|G6958-MONOMER	1.1e-11	24.5	310	67.4	42.9	65.0
WP_011406934.1	gnl|META|MONOMER-3184	1.7e-09	24.3	210	59.3	47.6	92.9
WP_011406934.1	gnl|META|MONOMER-3244	2.2e-09	24.3	210	58.9	47.6	92.9
WP_011406938.1	gnl|META|UMPKI-MONOMER	4.2e-08	23.7	207	54.7	45.9	84.3
WP_011406940.1	gnl|META|EG10909-MONOMER	5.5e-08	33.3	99	53.1	54.5	96.1
WP_011406941.1	gnl|META|CYSN-MONOMER	2.9e-47	31.9	426	185.7	50.0	97.6
WP_011406941.1	gnl|META|MONOMER-18529	3.7e-42	28.7	418	168.7	46.2	95.6
WP_011406942.1	gnl|META|EG10529-MONOMER	3.3e-22	43.9	132	103.2	65.9	17.9
WP_011406947.1	gnl|META|RPOC-MONOMER	8.0e-07	67.7	31	51.2	83.9	8.0
WP_011406947.1	gnl|META|RPOC-MONOMER	1.4e-06	23.1	160	50.4	44.4	31.4
WP_011406948.1	gnl|META|RPOC-MONOMER	2.9e-57	25.9	872	219.9	42.2	93.2
WP_011406949.1	gnl|META|RPOB-MONOMER	8.0e-38	35.3	312	154.8	48.7	42.8
WP_011406949.1	gnl|META|RPOB-MONOMER	4.0e-05	24.2	231	46.2	41.6	35.0
WP_011406950.1	gnl|META|RPOB-MONOMER	4.8e-20	30.9	181	95.5	54.1	35.3
WP_011406952.1	gnl|META|MONOMER-382	1.8e-65	38.0	413	246.1	57.1	97.6
WP_011406953.1	gnl|META|MONOMER-14534	4.4e-74	59.1	220	273.9	81.8	97.8
WP_011406953.1	gnl|META|MONOMER-14589	7.0e-72	57.8	218	266.5	80.3	96.9
WP_011406953.1	gnl|META|MONOMER-11811	7.3e-69	54.7	223	256.5	76.7	99.1
WP_011406954.1	gnl|META|MONOMER-18047	1.0e-76	47.3	296	283.1	66.9	93.0
WP_011406956.1	gnl|META|HS06975-MONOMER	4.3e-01	41.9	31	31.6	67.7	11.7
WP_011406957.1	gnl|META|MONOMER-18552	3.6e-73	40.8	385	271.6	60.8	98.7
WP_011406957.1	gnl|META|MONOMER-4228	1.6e-68	39.8	387	256.1	57.9	99.7
WP_011406958.1	gnl|META|MONOMER-12694	6.6e-44	51.6	182	173.3	70.3	96.2
WP_011406959.1	gnl|META|MONOMER-12695	6.9e-88	57.8	256	320.1	75.0	88.6
WP_011406960.1	gnl|META|MONOMER-12696	1.7e-115	56.9	371	412.1	73.9	98.4
WP_011406961.1	gnl|META|MONOMER-12693	8.5e-18	53.0	66	85.1	69.7	98.5
WP_011406963.1	gnl|META|MONOMER-17933	2.9e-24	46.5	114	107.5	69.3	95.8
WP_011406964.1	gnl|META|MONOMER3O-10	3.6e-01	38.5	52	32.3	61.5	14.4
WP_011406965.1	gnl|META|MONOMER-14511	3.7e-24	42.3	182	108.2	63.2	67.7
WP_011406966.1	gnl|META|HS02645-MONOMER	2.4e-13	28.3	219	72.0	47.5	95.3
WP_011406969.1	gnl|META|MONOMER-14617	2.3e-37	44.7	208	151.8	63.5	99.0
WP_011406972.1	gnl|META|MONOMER-12187	2.7e-48	42.9	254	188.3	63.4	99.2
WP_011406973.1	gnl|META|MONOMER-12181	5.6e-77	50.2	307	283.9	69.4	100.0
WP_011406974.1	gnl|META|MONOMER-14598	7.0e-76	58.5	246	280.0	74.4	96.5
WP_011406975.1	gnl|META|BSU15540-MONOMER	1.1e-01	24.5	155	33.5	40.0	53.7
WP_011406977.1	gnl|META|MONOMER-18855	2.1e-14	25.0	200	75.5	55.5	93.8
WP_011406978.1	gnl|META|GLUTRNAREDUCT-MONOMER	7.1e-43	29.8	406	171.0	52.0	97.0
WP_011406979.1	gnl|META|BSU37540-MONOMER	2.6e-05	37.7	61	43.5	59.0	98.4
WP_011406981.1	gnl|META|MONOMER-14998	3.3e-142	57.5	435	501.1	73.8	99.3
WP_011406983.1	gnl|META|MONOMER-543	5.9e-42	32.2	301	167.5	51.5	99.3
WP_011406983.1	gnl|META|THIOREDOXIN-REDUCT-NADPH-MONOMER	1.9e-40	35.2	301	162.5	54.2	95.7
WP_011406986.1	gnl|META|GDHA-MONOMER	1.8e-135	55.9	444	478.8	71.2	99.3
WP_011406990.1	gnl|META|MONOMER-17851	1.5e-15	25.5	286	79.7	46.5	89.6
WP_011406991.1	gnl|META|BSU15540-MONOMER	4.3e-56	40.1	307	214.5	61.9	99.3
WP_011406994.1	gnl|META|EG10004-MONOMER	7.3e-37	30.8	399	151.0	52.4	98.7
WP_011406997.1	gnl|META|CHORISMUTPREPHENDEHYDRAT-MONOMER	1.3e-27	28.0	271	119.8	49.4	95.3
WP_011406998.1	gnl|META|MONOMER-20451	8.7e-08	33.9	118	53.9	58.5	42.3
WP_011406999.1	gnl|META|HS11242-MONOMER	5.6e-03	21.9	128	38.1	44.5	40.5
WP_011406999.1	gnl|META|YGR155W-MONOMER	2.8e-02	27.6	58	35.8	56.9	18.6
WP_011407002.1	gnl|META|MONOMER-20101	4.3e-15	32.2	149	77.4	51.7	90.0
WP_011407009.1	gnl|META|FEOB-MONOMER	4.2e-104	34.7	731	375.2	51.7	98.8
WP_011407012.1	gnl|META|MONOMER-16443	9.8e-06	26.9	320	47.4	44.4	94.2
WP_011407013.1	gnl|META|MONOMER-12661	1.0e-46	31.6	361	183.7	50.4	93.0
WP_011407013.1	gnl|META|HYCELARGE-MONOMER	3.3e-45	29.3	358	178.7	51.1	92.4
WP_011407013.1	gnl|META|MONOMER-16447	1.5e-42	29.8	359	169.9	48.7	92.4
WP_011407013.1	gnl|META|MONOMER-12223	5.8e-42	30.9	375	167.9	47.7	93.2
WP_011407014.1	gnl|META|MONOMER-16444	2.6e-30	37.4	147	127.9	60.5	98.0
WP_011407014.1	gnl|META|MONOMER-12659	2.1e-27	44.6	139	118.2	62.6	92.7
WP_011407015.1	gnl|META|HYCF-MONOMER	1.6e-02	25.5	55	35.8	49.1	31.4
WP_011407015.1	gnl|META|PFOCLOS-MONOMER	2.0e-02	40.5	42	35.4	61.9	22.9
WP_011407016.1	gnl|META|HYCBSMALL-MONOMER	7.1e-07	36.8	87	51.6	44.8	16.9
WP_011407016.1	gnl|META|MONOMER-10762	1.0e-05	31.2	93	47.8	40.9	16.6
WP_011407021.1	gnl|META|MONOMER-16442	2.8e-20	22.9	536	96.3	39.6	96.0
WP_011407028.1	gnl|META|HS05425-MONOMER	2.9e-73	40.3	402	271.9	58.7	98.7
WP_011407029.1	gnl|META|MONOMER-18049	8.0e-57	32.4	398	217.6	55.8	81.9
WP_011407031.1	gnl|META|MONOMER-18147	6.4e-04	22.2	203	41.6	43.3	51.9
WP_011407031.1	gnl|META|MONOMER-17572	1.8e-03	28.7	122	40.0	44.3	30.8
WP_011407032.1	gnl|META|EG11404-MONOMER	7.4e-16	32.5	157	81.3	51.6	38.9
WP_011407033.1	gnl|META|MONOMER-17924	9.8e-12	25.2	226	66.6	46.5	99.0
WP_011407036.1	gnl|META|FGAMSYN-MONOMER	1.4e-25	21.1	817	114.4	39.9	99.3
WP_011407037.1	gnl|META|ILES-MONOMER	1.0e-125	34.6	791	447.6	52.7	71.7
WP_011407041.1	gnl|META|MONOMER-20143	9.1e-08	23.2	280	53.9	39.3	78.0
WP_011407042.1	gnl|META|MONOMER-18689	1.5e-32	33.0	233	136.0	55.8	95.7
WP_011407044.1	gnl|META|MONOMER-8567	5.0e-63	37.4	377	238.0	55.7	88.6
WP_011407044.1	gnl|META|GLYOHMETRANS-MONOMER	1.4e-60	36.8	394	229.9	56.3	91.2
WP_011407044.1	gnl|META|MONOMER-581	6.8e-60	36.8	391	227.6	55.5	91.5
WP_011407044.1	gnl|META|MONOMER-4244	2.9e-58	37.0	370	222.2	57.0	86.5
WP_011407045.1	gnl|META|HDRAMAUTO-MONOMER	3.0e-277	74.3	645	950.3	83.9	99.4
WP_011407050.1	gnl|META|MONOMER-16143	2.0e-20	30.7	254	97.1	51.6	36.6
WP_011407053.1	gnl|META|MONOMER-13649	4.5e-96	57.7	331	347.4	71.9	100.0
WP_011407055.1	gnl|META|MONOMER-13647	2.6e-144	59.9	421	508.1	75.1	99.3
WP_011407061.1	gnl|META|MONOMER-20305	1.2e-43	41.0	249	172.9	59.4	95.0
WP_011407064.1	gnl|META|HS03371-MONOMER	1.5e-30	31.8	324	129.8	46.0	96.9
WP_011407065.1	gnl|META|EG11551-MONOMER	5.5e-84	34.2	766	308.5	52.5	98.3
WP_011407069.1	gnl|META|EG11758-MONOMER	1.3e-41	28.8	459	167.2	47.3	92.2
WP_011407070.1	gnl|META|MONOMER-4065	2.2e-57	42.8	299	218.8	60.5	97.6
WP_011407071.1	gnl|META|MONOMER-19290	1.5e-04	20.3	320	43.5	41.2	89.3
WP_011407073.1	gnl|META|MONOMER-14588	8.2e-06	24.3	136	47.0	47.8	61.9
WP_011407074.1	gnl|META|ENSG00000139977-MONOMER	1.1e-04	34.5	58	43.1	53.4	28.6
WP_011407075.1	gnl|META|EG10747-MONOMER	2.7e-22	25.6	383	103.2	43.9	63.1
WP_011407077.1	gnl|META|MONOMER-19516	9.8e-25	36.5	167	110.5	59.9	48.1
WP_011407081.1	gnl|META|MONOMER-20005	4.8e-02	39.7	63	34.3	57.1	34.2
WP_011407084.1	gnl|META|EG10240-MONOMER	9.1e-64	46.0	385	240.4	64.2	98.4
WP_011407085.1	gnl|META|EG10241-MONOMER	1.9e-156	55.3	519	548.9	73.6	79.6
WP_011407086.1	gnl|META|EG10416-MONOMER	6.7e-14	35.1	131	73.6	55.7	72.8
WP_011407093.1	gnl|META|EG10743-MONOMER	7.7e-06	29.6	81	47.4	58.0	31.2
WP_011407100.1	gnl|META|AT1G68760-MONOMER	8.5e-09	35.6	90	56.2	58.9	66.2
WP_011407103.1	gnl|META|MONOMER-18826	5.6e-57	37.0	324	217.6	62.3	94.7
WP_011407104.1	gnl|META|YML022W-MONOMER	4.1e-09	31.0	126	57.8	53.2	60.4
WP_011407104.1	gnl|META|ADENPRIBOSYLTRAN-MONOMER	7.0e-09	28.2	142	57.0	49.3	70.1
WP_011407104.1	gnl|META|MONOMER-19925	7.0e-09	25.7	148	57.0	50.0	77.0
WP_011407104.1	gnl|META|AT1G27450-MONOMER	1.2e-08	25.8	124	56.2	50.0	64.7
WP_011407105.1	gnl|META|AT1G80360-MONOMER	4.4e-01	28.0	50	32.3	58.0	11.3
WP_011407107.1	gnl|META|MONOMER-16703	6.3e-55	34.6	408	211.1	54.4	96.3
WP_011407110.1	gnl|META|EG10523-MONOMER	5.0e-16	28.3	240	81.3	47.1	81.5
WP_011407111.1	gnl|META|G7950-MONOMER	3.1e-07	30.2	86	51.6	59.3	42.6
WP_011407115.1	gnl|META|MONOMER-12104	3.7e-16	32.1	140	81.3	52.9	67.7
WP_011407115.1	gnl|META|MONOMER-17783	1.5e-14	33.1	145	75.9	51.7	69.2
WP_011407116.1	gnl|META|EG11506-MONOMER	2.3e-23	28.9	270	106.7	48.9	47.3
WP_011407120.1	gnl|META|YFEP-MONOMER	2.0e-19	24.7	388	93.2	45.1	90.2
WP_011407121.1	gnl|META|MONOMER-20451	9.6e-03	27.2	114	37.7	50.9	27.2
WP_011407127.1	gnl|META|MONOMER-20113	3.7e-20	37.2	137	95.1	55.5	46.4
WP_011407128.1	gnl|META|G185E-7819-MONOMER	5.0e-01	22.0	59	30.4	50.8	44.7
WP_011407129.1	gnl|META|MONOMER-20113	9.0e-21	36.6	153	96.3	51.0	93.2
WP_011407137.1	gnl|META|MONOMER-19495	2.3e-05	44.4	45	45.8	75.6	17.3
WP_011407137.1	gnl|META|NIFHKLEB-MONOMER	2.9e-05	52.8	36	45.4	80.6	13.8
WP_011407137.1	gnl|META|G7105-MONOMER	8.6e-05	24.0	171	43.9	44.4	65.0
WP_011407137.1	gnl|META|MONOMER-20115	1.9e-04	42.2	45	42.7	71.1	17.3
WP_011407137.1	gnl|META|MONOMER-19731	2.5e-04	51.3	39	42.4	74.4	15.0
WP_011407137.1	gnl|META|MONOMER-13259	2.5e-04	39.1	69	42.4	59.4	25.4
WP_011407137.1	gnl|META|MONOMER-13253	2.5e-04	39.1	69	42.4	60.9	25.4
WP_011407139.1	gnl|META|THRS-MONOMER	2.8e-30	24.8	395	129.8	45.6	62.2
WP_011407140.1	gnl|META|ARGS-MONOMER	2.9e-34	22.7	576	142.9	46.9	98.6
WP_011407142.1	gnl|META|MONOMER-11919	3.7e-215	64.1	549	743.8	80.9	100.0
WP_011407143.1	gnl|META|MONOMER-6601	3.2e-73	38.0	421	271.9	54.9	95.6
WP_011407147.1	gnl|META|MONOMER-17924	6.7e-48	43.7	252	187.6	62.7	66.9
WP_011407147.1	gnl|META|MONOMER-13222	2.0e-44	41.1	241	176.0	62.7	65.0
WP_011407150.1	gnl|META|MONOMER-12176	2.1e-24	34.7	176	108.6	58.5	91.7
WP_011407152.1	gnl|META|MONOMER-13219	6.1e-24	27.6	304	107.8	49.3	87.2
WP_048059665.1	gnl|META|MONOMER-20016	2.5e-20	37.6	133	95.9	57.1	38.7
WP_048059672.1	gnl|META|EG10833-MONOMER	4.3e-08	22.0	359	56.6	42.6	39.9
WP_048059681.1	gnl|META|MONOMER-20451	1.8e-10	34.5	113	62.8	60.2	40.7
WP_048059682.1	gnl|META|MONOMER-2266	3.3e-38	46.1	193	154.5	63.7	98.4
WP_048059682.1	gnl|META|MONOMER-15916	1.2e-35	42.1	190	146.0	61.1	98.4
WP_048059683.1	gnl|META|MONOMER-12178	1.2e-102	52.2	356	369.4	70.5	97.5
WP_048059689.1	gnl|META|MONOMER-20995	5.4e-33	40.8	206	137.9	60.7	63.1
WP_048059690.1	gnl|META|G7175-MONOMER	1.5e-56	39.6	308	216.1	61.0	95.2
WP_048059699.1	gnl|META|EG11266-MONOMER	1.8e-09	34.9	109	62.0	57.8	7.2
WP_048059700.1	gnl|META|MONOMER-19974	6.6e-27	32.4	284	119.0	50.4	33.9
WP_048059707.1	gnl|META|MONOMER-16952	4.3e-16	21.9	315	81.6	42.9	99.7
WP_048059707.1	gnl|META|DTDPGLUCDEHYDRAT2-MONOMER	8.0e-15	24.3	333	77.4	41.1	99.3
WP_048059707.1	gnl|META|MONOMER-17549	1.4e-14	23.6	242	76.6	46.3	78.3
WP_048059707.1	gnl|META|MONOMER-18133	2.3e-14	30.4	184	75.9	44.0	57.2
WP_048059708.1	gnl|META|HS02645-MONOMER	2.6e-02	26.3	171	35.8	43.3	57.0
WP_048059713.1	gnl|META|MONOMER-17076	4.8e-19	24.4	533	92.4	39.6	73.0
WP_048059734.1	gnl|META|EG11702-MONOMER	9.0e-42	34.7	236	166.8	59.7	88.7
WP_048059737.1	gnl|META|EMRB-MONOMER	2.0e-12	21.6	416	70.1	40.6	87.1
WP_048059742.1	gnl|META|MONOMER-20014	2.1e-12	23.8	214	69.7	48.6	53.7
WP_048059744.1	gnl|META|G7723-MONOMER	8.7e-34	29.5	302	140.6	47.4	88.4
WP_048059747.1	gnl|META|EG11094-MONOMER	1.1e-06	29.8	94	50.8	50.0	23.8
WP_048059748.1	gnl|META|MONOMER-11899	3.8e-97	46.6	369	351.3	67.2	94.6
WP_048059749.1	gnl|META|MONOMER-18752	1.2e-98	55.9	306	355.9	73.2	96.5
WP_048059752.1	gnl|META|EG11826-MONOMER	3.1e-01	30.6	62	31.6	45.2	33.7
WP_048059754.1	gnl|META|SAICARSYN-MONOMER	9.0e-52	46.2	223	199.9	62.8	88.8
WP_048059755.1	gnl|META|G7414-MONOMER	5.0e-14	33.1	136	73.9	57.4	80.8
WP_048059762.1	gnl|META|MONOMER-20451	1.8e-05	27.8	115	46.2	52.2	39.9
WP_048059768.1	gnl|META|EG11506-MONOMER	1.8e-32	33.9	242	136.3	55.0	63.2
WP_048059769.1	gnl|META|BSU13740-MONOMER	6.1e-10	32.1	106	60.8	57.5	42.4
WP_048059774.1	gnl|META|YOR128C-MONOMER	2.1e-19	36.9	160	92.8	55.6	46.1
WP_048059776.1	gnl|META|MONOMER-14604	1.6e-47	67.4	135	184.9	86.7	99.3
WP_048059777.1	gnl|META|AT4G26900-MONOMER	5.6e-44	40.7	204	173.7	63.7	98.5
WP_048059797.1	gnl|META|MTAAMBARK-MONOMER	4.4e-70	41.9	329	261.2	62.0	96.4
WP_048059798.1	gnl|META|MONOMER-20994	4.9e-149	56.3	451	523.9	76.1	98.7
WP_048059802.1	gnl|META|BSU35700-MONOMER	1.9e-48	44.3	203	188.7	66.5	86.4
WP_048059802.1	gnl|META|MONOMER-20000	1.9e-48	44.3	203	188.7	66.5	86.4
WP_048059807.1	gnl|META|RIBONUCLEOSIDE-TRIP-REDUCT-MONOMER	2.2e-32	23.4	629	137.1	42.9	76.5
WP_048059813.1	gnl|META|MONOMER-18796	1.2e-148	53.4	491	522.7	71.7	95.9
WP_048059828.1	gnl|META|EG10662-MONOMER	5.9e-28	35.7	185	120.6	54.1	86.4
WP_048059833.1	gnl|META|MONOMER-20019	7.0e-02	22.2	203	35.0	45.3	42.5
WP_048059837.1	gnl|META|MONOMER-12167	7.4e-01	40.0	40	31.6	67.5	8.6
WP_048059841.1	gnl|META|G1I0R-1995-MONOMER	5.8e-62	33.0	445	234.6	50.8	99.8
WP_048059842.1	gnl|META|MONOMER-14146	4.9e-01	40.0	35	32.3	65.7	7.1
WP_048059845.1	gnl|META|AT1G31860-MONOMER	1.3e-19	44.8	96	92.0	63.5	75.0
WP_048059846.1	gnl|META|TRPS-MONOMER	3.8e-11	26.9	309	65.5	43.7	79.9
WP_048059847.1	gnl|META|AMTB-MONOMER	1.1e-67	41.0	393	253.4	57.0	99.0
WP_048059848.1	gnl|META|MONOMER-14545	2.4e-86	50.5	317	315.1	73.5	100.0
WP_048059860.1	gnl|META|MONOMER-18960	4.2e-139	57.4	408	490.7	75.7	99.5
WP_048059862.1	gnl|META|YLIC-MONOMER	1.3e-34	30.4	319	143.3	54.9	97.8
WP_048059862.1	gnl|META|DPPB-MONOMER	4.2e-33	28.3	339	138.3	50.7	98.8
WP_048059864.1	gnl|META|NIKC-MONOMER	4.6e-20	28.1	260	94.7	50.8	91.1
WP_048059864.1	gnl|META|YLID-MONOMER	1.5e-18	29.8	265	89.7	47.2	92.9
WP_048059865.1	gnl|META|YLIC-MONOMER	2.0e-30	27.7	318	129.4	54.1	97.0
WP_048059865.1	gnl|META|DPPB-MONOMER	1.3e-29	29.4	333	126.7	48.3	95.7
WP_048059867.1	gnl|META|MONOMER-16979	1.5e-34	29.5	370	143.3	48.4	94.2
WP_048059870.1	gnl|META|RIB5PISOMA-MONOMER	1.2e-39	44.8	223	159.5	59.2	96.9
WP_048059872.1	gnl|META|G7325-MONOMER	5.4e-94	45.5	393	340.9	67.2	94.4
WP_048059872.1	gnl|META|HS01304-MONOMER	6.5e-92	45.3	395	334.0	64.3	95.4
WP_048059872.1	gnl|META|G3O-29283-MONOMER	7.2e-91	46.3	391	330.5	65.0	94.4
WP_048059873.1	gnl|META|BSU11710-MONOMER	1.3e-39	36.4	239	159.5	60.7	93.5
WP_048059873.1	gnl|META|MONOMER-18910	1.5e-38	38.2	238	156.0	60.9	94.0
WP_048059874.1	gnl|META|MONOMER-19485	1.2e-60	41.4	280	229.6	65.7	95.4
WP_048059880.1	gnl|META|HS05157-MONOMER	7.8e-94	40.3	506	340.5	57.3	97.6
WP_048059911.1	gnl|META|MONOMER-14999	1.2e-185	58.4	596	646.0	73.8	94.8
WP_048059912.1	gnl|META|HS04994-MONOMER	8.1e-01	39.4	33	30.4	69.7	15.3
WP_048059914.1	gnl|META|MONOMER-20116	1.3e-83	46.0	359	306.2	64.6	98.9
WP_048059917.1	gnl|META|MONOMER-17168	2.1e-69	35.8	422	259.2	57.1	95.0
WP_048059920.1	gnl|META|MONOMER-4002	4.2e-35	48.7	158	145.2	63.9	39.2
WP_048059921.1	gnl|META|PD00230	2.8e-12	47.0	66	67.8	63.6	49.6
WP_048059921.1	gnl|META|EG10668-MONOMER	8.2e-12	41.0	83	66.2	56.6	62.4
WP_048059927.1	gnl|META|DIAMINOPIMEPIM-MONOMER	1.3e-38	35.2	287	156.4	52.3	97.2
WP_052273649.1	gnl|META|G1G01-5484-MONOMER	9.9e-110	40.7	558	394.0	62.5	72.4
WP_052273661.1	gnl|META|G6999-MONOMER	4.5e-24	37.9	182	107.5	57.1	97.3
WP_052273668.1	gnl|META|G1I0R-1995-MONOMER	5.1e-17	25.1	327	85.5	45.9	60.6
WP_052273668.1	gnl|META|MONOMER-16146	2.5e-16	25.2	341	83.2	42.5	61.0
WP_052273669.1	gnl|META|MONOMER-12187	1.4e-10	34.3	169	63.2	47.9	60.1
WP_052273678.1	gnl|META|PPK-MONOMER	1.9e-94	32.6	674	343.2	55.3	91.7
WP_069776353.1	gnl|META|HS00075-MONOMER	2.8e-01	26.8	82	32.3	52.4	28.2
WP_083756988.1	gnl|META|G185E-7539-MONOMER	4.8e-02	25.0	84	35.0	50.0	26.0
WP_083756990.1	gnl|META|MONOMER-18131	1.6e-47	31.9	376	186.4	53.2	92.7
WP_083756990.1	gnl|META|GALPMUT-MONOMER	9.9e-45	30.5	380	177.2	52.9	93.2
WP_083756990.1	gnl|META|G185E-8105-MONOMER	2.7e-42	28.2	380	169.1	51.6	93.2
WP_083756992.1	gnl|META|EG12330-MONOMER	2.4e-04	27.3	132	42.0	48.5	69.1
WP_083756993.1	gnl|META|G6439-MONOMER	3.6e-05	28.6	119	44.7	52.1	61.9
WP_083756993.1	gnl|META|MONOMER-20008	6.2e-05	28.7	178	43.9	47.8	86.8
WP_083756993.1	gnl|META|G185E-8103-MONOMER	1.8e-04	28.3	145	42.4	49.0	73.5
WP_083756998.1	gnl|META|G185E-7539-MONOMER	7.7e-02	36.5	52	35.4	51.9	7.9
WP_083757004.1	gnl|META|MONOMER18C3-43	4.1e-01	38.1	63	32.0	47.6	18.6
WP_083757004.1	gnl|META|MONOMER18C3-41	4.1e-01	38.1	63	32.0	47.6	18.6
WP_083757004.1	gnl|META|MONOMER18C3-39	7.0e-01	38.1	63	31.2	47.6	18.6
WP_083757006.1	gnl|META|RFBX-MONOMER	2.4e-05	21.3	409	46.6	44.3	83.7
WP_083757008.1	gnl|META|AT4G33670-MONOMER	3.7e-12	25.2	322	68.9	42.9	76.7
WP_083757008.1	gnl|META|MONOMERMETA-16871	9.2e-11	24.7	320	64.3	41.6	72.6
WP_083757012.1	gnl|META|MONOMER-20265	8.7e-01	34.5	55	30.0	50.9	27.3
WP_083757016.1	gnl|META|HS01140-MONOMER	9.1e-04	25.2	131	40.4	44.3	51.8
WP_083757018.1	gnl|META|BIOTINLIG-MONOMER	1.1e-18	26.4	269	90.1	42.8	96.4
WP_083757021.1	gnl|META|MONOMER-18797	3.1e-40	31.4	357	162.2	53.8	90.6
WP_083757023.1	gnl|META|EG10542-MONOMER	5.1e-17	29.4	269	85.9	49.4	37.6
WP_083757027.1	gnl|META|EG11723-MONOMER	1.2e-01	31.5	54	33.5	59.3	19.9
WP_083757027.1	gnl|META|MONOMER0-146	4.6e-01	31.6	38	31.6	57.9	14.0
WP_083757028.1	gnl|META|MONOMER-18447	4.6e-01	25.5	145	33.1	47.6	18.2
WP_083757030.1	gnl|META|BSU05900-MONOMER	3.8e-21	27.5	309	98.6	50.5	88.1
WP_083757032.1	gnl|META|MONOMER-12257	2.3e-14	26.4	322	75.9	43.2	96.9
WP_083757032.1	gnl|META|MONOMER-19967	9.6e-13	25.8	287	70.5	49.1	91.8
WP_083757032.1	gnl|META|BSU35530-MONOMER	1.6e-12	25.8	287	69.7	49.1	91.8
WP_083757035.1	gnl|META|EG11064-MONOMER	1.3e-01	35.3	51	31.2	56.9	83.1
WP_112149350.1	gnl|META|MONOMER-20244	1.3e-52	35.2	321	203.0	55.5	97.8
WP_112149391.1	gnl|META|SERINE-O-ACETTRAN-MONOMER	2.1e-31	39.0	159	132.1	56.6	68.2
WP_112149391.1	gnl|META|AT1G55920-MONOMER	4.9e-28	36.8	182	120.9	52.2	78.1
WP_112149393.1	gnl|META|ASPKINIHOMOSERDEHYDROGI-MONOMER	3.1e-15	24.4	357	79.0	43.4	96.4
WP_112149446.1	gnl|META|YKL182W-MONOMER	5.8e-01	37.8	37	31.2	62.2	14.2
WP_112149480.1	gnl|META|YOL011W-MONOMER	2.2e-01	33.3	57	31.2	56.1	58.2
WP_112149638.1	gnl|META|G7327-MONOMER	3.0e-17	29.1	244	85.1	46.7	98.3
WP_112149700.1	gnl|META|MONOMER-20451	2.4e-33	31.6	307	139.4	52.1	70.9
WP_112149709.1	gnl|META|MONOMER-12649	1.2e-51	46.4	209	199.5	67.0	76.1
WP_112149773.1	gnl|META|MONOMER-9364	3.7e-13	29.9	201	72.0	44.8	56.6
WP_112149773.1	gnl|META|YNL277W-MONOMER	3.1e-12	28.7	181	68.9	49.7	52.9
WP_112149773.1	gnl|META|MONOMER-9447	3.1e-12	26.5	170	68.9	47.1	48.6
WP_112149793.1	gnl|META|MONOMER-13648	2.6e-44	52.5	158	174.5	70.9	96.9
WP_112149793.1	gnl|META|MONOMER-13677	1.1e-42	50.0	158	169.1	67.7	96.9
WP_143740850.1	gnl|META|G1I0R-1995-MONOMER	1.8e-16	29.1	278	83.6	47.5	56.7
WP_143740851.1	gnl|META|MONOMER-12179	3.5e-94	49.9	355	341.3	69.9	98.6
WP_143740861.1	gnl|META|TAUB-MONOMER	3.9e-47	44.8	194	184.5	66.0	77.3
WP_143740863.1	gnl|META|MONOMER-14495	5.5e-54	31.0	516	208.8	50.0	67.2
WP_143740863.1	gnl|META|MONOMER-14503	2.5e-51	28.6	555	199.9	49.7	73.4
WP_143740863.1	gnl|META|G1G01-5484-MONOMER	3.3e-51	27.3	564	199.5	49.3	78.0
WP_143740863.1	gnl|META|MONOMER-14493	2.2e-50	30.8	507	196.8	51.5	65.1
WP_143740863.1	gnl|META|MONOMER-14496	3.4e-48	29.4	504	189.5	50.0	65.1
WP_143740863.1	gnl|META|YHHO-MONOMER	4.5e-48	28.0	553	189.1	48.3	76.3
WP_143740865.1	gnl|META|MONOMER-13228	6.4e-23	28.9	277	104.4	48.7	85.9
WP_143740867.1	gnl|META|MONOMER-13226	9.2e-17	31.1	183	83.2	55.7	96.3
WP_143740874.1	gnl|META|MONOMER-16631	9.6e-04	30.7	88	40.8	50.0	24.6
WP_143740883.1	gnl|META|MONOMER-14627	1.4e-105	58.8	328	379.0	75.9	99.7
WP_143740888.1	gnl|META|BSU35550-MONOMER	5.9e-15	33.1	130	79.3	60.0	15.3
WP_143740890.1	gnl|META|AT5G13630-MONOMER	7.8e-63	26.4	989	239.6	44.4	49.9
WP_143740890.1	gnl|META|MONOMER-121	1.6e-60	25.8	942	231.9	41.9	47.4
WP_147647961.1	gnl|META|MONOMER-19974	1.3e-10	27.5	276	63.9	45.3	62.3
WP_147647972.1	gnl|META|G6236-MONOMER	3.3e-10	28.0	182	62.4	48.9	47.0
WP_148193487.1	gnl|META|MONOMER-16557	3.6e-14	30.6	186	75.1	48.9	64.6
