WP_004032094.1	gnl|META|EG11506-MONOMER	1.3e-58	47.6	254	223.4	65.0	60.5
WP_004032111.1	gnl|META|MONOMER-17034	2.9e-36	32.8	323	148.7	51.4	99.3
WP_004032115.1	gnl|META|MONOMER-13811	9.0e-64	32.0	465	240.7	52.7	92.5
WP_004032115.1	gnl|META|MONOMER-18289	9.3e-61	30.9	498	230.7	51.0	95.7
WP_004032115.1	gnl|META|AT1G51680-MONOMER	2.3e-59	29.9	508	226.1	49.6	95.5
WP_004032115.1	gnl|META|AT3G21240-MONOMER	5.1e-59	30.2	503	224.9	50.1	95.5
WP_004032115.1	gnl|META|AT1G65060-MONOMER	1.9e-58	30.3	501	223.0	50.1	95.7
WP_004032115.1	gnl|META|MONOMER-13687	3.7e-57	29.5	495	218.8	50.1	94.9
WP_004032116.1	gnl|META|MONOMER-6801	6.6e-30	29.5	275	127.5	53.1	92.1
WP_004032116.1	gnl|META|N-ACETYLTRANSFER-MONOMER	1.6e-28	29.7	290	122.9	50.3	96.2
WP_004032122.1	gnl|META|YMR062C-MONOMER	4.4e-64	39.3	402	241.5	59.2	94.3
WP_004032126.1	gnl|META|MONOMER-17587	5.5e-01	26.5	83	31.2	48.2	30.8
WP_004032129.1	gnl|META|PUTP-MONOMER	5.3e-33	25.4	461	138.7	45.1	85.3
WP_004032135.1	gnl|META|MONOMER-12696	1.5e-07	23.1	312	54.3	42.0	44.1
WP_004032135.1	gnl|META|MONOMER-11844	7.6e-07	23.5	179	52.0	49.2	26.7
WP_004032145.1	gnl|META|PROS-MONOMER	1.3e-02	24.8	129	37.7	48.8	22.3
WP_004032145.1	gnl|META|PROS-MONOMER	2.5e-01	40.5	37	33.5	59.5	6.6
WP_004032153.1	gnl|META|MONOMER-20995	5.8e-32	38.2	207	134.4	61.8	64.6
WP_004032165.1	gnl|META|UMPKI-MONOMER	2.1e-07	23.4	201	52.4	44.3	83.1
WP_004032175.1	gnl|META|MONOMER-3184	1.7e-10	27.9	129	62.8	48.1	52.2
WP_004032175.1	gnl|META|MONOMER-3244	2.2e-10	27.9	129	62.4	48.1	52.2
WP_004032181.1	gnl|META|MONOMER-14149	1.4e-27	35.0	203	119.4	60.6	86.6
WP_004032182.1	gnl|META|MONOMER-682	4.1e-175	66.4	459	610.5	80.0	97.6
WP_004032182.1	gnl|META|MONOMER-14147	3.6e-171	62.3	454	597.4	80.8	98.3
WP_004032184.1	gnl|META|HS05192-MONOMER	2.2e-04	29.0	100	41.2	51.0	83.8
WP_004032185.1	gnl|META|MONOMER-14148	1.3e-01	29.6	71	33.9	53.5	18.5
WP_004032186.1	gnl|META|HS05489-MONOMER	2.0e-04	27.7	202	42.4	49.0	93.8
WP_004032186.1	gnl|META|HS10256-MONOMER	1.7e-03	25.7	202	39.3	49.0	93.8
WP_004032195.1	gnl|META|MONOMER-12690	1.6e-43	39.2	260	172.6	56.2	95.5
WP_004032198.1	gnl|META|MONOMER-13632	4.6e-17	25.9	278	85.5	41.7	55.5
WP_004032234.1	gnl|META|MONOMER-20451	1.0e-08	29.5	122	57.0	59.0	43.7
WP_004032238.1	gnl|META|BSU15520-MONOMER	0.0e+00	53.4	1055	1088.2	71.6	98.4
WP_004032238.1	gnl|META|CARBPSYN-LARGE	9.0e-311	51.5	1074	1062.4	69.8	99.7
WP_004032250.1	gnl|META|MONOMER-18738	1.1e-71	45.9	268	266.2	70.1	97.8
WP_004032306.1	gnl|META|MONOMER-20244	5.8e-61	35.7	319	230.7	60.8	99.3
WP_004032310.1	gnl|META|MONOMER-14531	1.8e-67	72.1	172	251.5	88.4	98.9
WP_004032311.1	gnl|META|MONOMER-426	8.2e-23	53.0	83	102.1	69.9	98.8
WP_004032311.1	gnl|META|MONOMER-14532	1.7e-20	63.6	55	94.4	85.5	68.8
WP_004032314.1	gnl|META|MONOMER-14530	9.8e-135	76.2	286	475.7	89.5	99.3
WP_004032316.1	gnl|META|MONOMER-10762	1.0e-04	38.0	50	42.0	58.0	60.5
WP_004032319.1	gnl|META|PSTB-MONOMER	8.0e-77	55.2	248	283.1	74.2	99.6
WP_004032326.1	gnl|META|HMDMAUTO-MONOMER	1.0e-135	70.3	343	479.2	81.6	99.7
WP_004032347.1	gnl|META|MONOMER-13529	5.3e-01	38.8	49	31.2	55.1	19.7
WP_004032347.1	gnl|META|MONOMER-15562	6.9e-01	35.4	65	30.8	52.3	25.6
WP_004032347.1	gnl|META|MONOMER-15561	6.9e-01	36.7	49	30.8	57.1	19.7
WP_004032358.1	gnl|META|SYNPCC7942_1198-MONOMER	2.5e-01	40.0	35	31.2	71.4	31.2
WP_004032360.1	gnl|META|ARAG-MONOMER	8.4e-16	25.0	460	81.6	42.0	72.6
WP_004032360.1	gnl|META|YJCW-MONOMER	3.2e-15	22.4	527	79.7	40.6	81.9
WP_004032366.1	gnl|META|MONOMER-15156	9.1e-41	46.3	188	162.9	66.5	100.0
WP_004032376.1	gnl|META|EG10872-MONOMER	7.3e-15	32.1	134	76.6	53.0	83.1
WP_004032377.1	gnl|META|G66-31601-MONOMER	1.4e-05	25.2	131	45.8	51.1	81.4
WP_004032407.1	gnl|META|MONOMER-13382	1.6e-118	49.4	453	422.5	63.6	97.2
WP_004032413.1	gnl|META|AT1G47260-MONOMER	2.4e-18	29.9	154	88.2	49.4	93.7
WP_004032415.1	gnl|META|MONOMER-13382	1.0e-85	39.0	456	313.5	59.0	96.1
WP_004032416.1	gnl|META|MONOMER-14536	1.7e-156	63.8	412	548.5	80.8	100.0
WP_004032419.1	gnl|META|HS12087-MONOMER	8.0e-01	34.5	55	30.4	49.1	25.9
WP_004032420.1	gnl|META|MONOMER-18776	2.5e-01	31.9	72	32.0	52.8	35.8
WP_004032423.1	gnl|META|MONOMER0-146	5.8e-03	25.6	121	37.4	43.0	63.0
WP_004032424.1	gnl|META|MONOMER-19658	2.5e-62	45.4	262	235.0	63.7	98.8
WP_004032444.1	gnl|META|HS05235-MONOMER	1.2e-06	34.2	76	49.3	53.9	49.7
WP_004032448.1	gnl|META|G6954-MONOMER	1.0e-14	36.1	119	75.9	56.3	92.2
WP_004032448.1	gnl|META|EG10626-MONOMER	3.2e-13	34.6	127	70.9	55.9	97.7
WP_004032464.1	gnl|META|HS05425-MONOMER	6.6e-02	42.2	45	33.9	51.1	23.2
WP_004032480.1	gnl|META|MONOMER-11899	9.9e-106	51.5	369	379.8	70.5	94.6
WP_004032485.1	gnl|META|MONOMER-8582	1.6e-82	39.6	412	302.8	58.7	97.8
WP_004032485.1	gnl|META|HS02273-MONOMER	2.1e-82	39.8	412	302.4	58.7	97.8
WP_004032492.1	gnl|META|FMDCMAUTO-MONOMER	5.4e-08	37.6	85	54.7	58.8	28.9
WP_004032494.1	gnl|META|FDNG-MONOMER	1.8e-05	27.1	107	47.0	46.7	22.7
WP_004032495.1	gnl|META|FMDCMAUTO-MONOMER	2.0e-11	33.3	123	65.5	50.4	64.6
WP_004032496.1	gnl|META|MONOMER-20159	3.4e-02	50.0	20	33.5	80.0	26.3
WP_004032496.1	gnl|META|HP0588-MONOMER	7.5e-02	44.4	36	32.3	50.0	43.4
WP_004032496.1	gnl|META|MONOMER-20165	1.3e-01	42.9	28	31.6	57.1	36.8
WP_004032496.1	gnl|META|MONOMER-12501	1.3e-01	36.2	47	31.6	44.7	57.9
WP_004032496.1	gnl|META|FDNH-MONOMER	1.7e-01	56.2	16	31.2	75.0	21.1
WP_004032498.1	gnl|META|MONOMER-12546	1.5e-01	56.0	25	32.3	64.0	16.3
WP_004032498.1	gnl|META|MONOMER-12226	9.8e-01	39.3	28	29.6	57.1	18.3
WP_004032501.1	gnl|META|MONOMER-20164	5.8e-93	44.7	387	337.4	61.5	95.8
WP_004032517.1	gnl|META|MONOMER-12612	5.5e-19	25.7	280	91.3	45.7	83.9
WP_004032517.1	gnl|META|MONOMER-19660	3.0e-17	26.9	283	85.5	43.5	93.1
WP_004032520.1	gnl|META|YPR062W-MONOMER	6.5e-32	44.0	141	133.3	63.8	87.3
WP_004032535.1	gnl|META|ENSG00000111218-MONOMER	5.9e-03	31.6	79	37.4	59.5	39.4
WP_004032535.1	gnl|META|MONOMER66-43216	2.3e-02	37.8	82	35.4	58.5	39.9
WP_004032545.1	gnl|META|HS09452-MONOMER	4.4e-19	47.3	131	90.5	59.5	86.8
WP_004032549.1	gnl|META|MONOMER-467	8.9e-61	45.3	274	229.9	63.1	100.0
WP_004032549.1	gnl|META|AT4G26900-MONOMER	2.8e-54	40.9	313	208.4	56.5	99.6
WP_004032554.1	gnl|META|MONOMER-19925	3.2e-09	27.1	140	58.2	52.1	72.0
WP_004032554.1	gnl|META|ADENPRIBOSYLTRAN-MONOMER	2.1e-08	29.1	134	55.5	58.2	67.7
WP_004032554.1	gnl|META|AT1G27450-MONOMER	2.7e-08	29.1	134	55.1	51.5	69.8
WP_004032558.1	gnl|META|AT1G68760-MONOMER	1.7e-07	29.0	107	52.0	53.3	72.9
WP_004032562.1	gnl|META|MONOMER-83	1.4e-25	30.5	236	112.8	53.8	96.2
WP_004032562.1	gnl|META|MONOMER-13216	3.7e-23	33.9	177	104.8	55.4	74.8
WP_004032568.1	gnl|META|EG12436-MONOMER	1.3e-01	37.5	32	33.9	68.8	8.4
WP_004032569.1	gnl|META|EG10153-MONOMER	2.4e-38	28.5	411	156.0	49.9	99.3
WP_004032569.1	gnl|META|ENSG00000171723-MONOMER	1.1e-35	28.7	428	147.1	49.3	98.3
WP_004032572.1	gnl|META|GSK-MONOMER	8.9e-01	28.3	46	31.2	52.2	11.5
WP_004032574.1	gnl|META|MONOMER-18689	1.5e-45	42.1	235	179.1	63.4	97.4
WP_004032583.1	gnl|META|BSU35550-MONOMER	4.3e-10	32.6	129	61.6	54.3	43.9
WP_004032583.1	gnl|META|G185E-7539-MONOMER	9.7e-10	21.1	265	60.5	41.5	88.1
WP_004032583.1	gnl|META|MONOMER-19974	2.2e-09	35.7	112	59.3	54.5	37.9
WP_004032589.1	gnl|META|MONOMER-19999	1.5e-09	23.0	256	59.7	44.1	92.7
WP_004032589.1	gnl|META|BSU35710-MONOMER	7.5e-09	24.0	258	57.4	45.7	92.7
WP_004032619.1	gnl|META|MONOMER-14604	1.3e-44	63.4	134	175.3	79.9	97.1
WP_004032642.1	gnl|META|G185E-7819-MONOMER	7.4e-05	33.3	60	43.1	58.3	45.5
WP_004032662.1	gnl|META|MONOMER-16147	1.4e-68	37.6	426	256.5	57.3	97.7
WP_004032664.1	gnl|META|MONOMER-13864	1.4e-18	41.3	126	88.6	57.1	98.4
WP_004032665.1	gnl|META|MONOMER-14603	8.3e-73	56.6	221	269.6	75.1	97.8
WP_004032677.1	gnl|META|MONOMER-11899	2.1e-127	49.2	490	452.2	68.4	95.3
WP_004032682.1	gnl|META|MONOMER-3543	9.2e-137	56.5	423	483.0	71.6	97.2
WP_004032682.1	gnl|META|AT5G38530-MONOMER	1.3e-130	53.4	421	462.6	70.1	96.8
WP_004032704.1	gnl|META|HS08358-MONOMER	8.0e-56	34.3	431	214.2	52.9	95.9
WP_004032704.1	gnl|META|GLYCRIBONUCSYN-MONOMER	5.7e-54	33.6	429	208.0	51.3	96.1
WP_004032705.1	gnl|META|AT1G75330-MONOMER	1.4e-75	48.9	282	279.3	68.1	93.7
WP_004032705.1	gnl|META|MONOMER-662	5.3e-75	47.2	299	277.3	68.2	98.7
WP_004032708.1	gnl|META|MONOMER-11901	5.9e-44	55.1	156	173.3	77.6	95.1
WP_004032710.1	gnl|META|MONOMER-11920	1.9e-121	64.3	328	431.8	77.1	99.4
WP_004032737.1	gnl|META|EG11171-MONOMER	5.6e-43	33.3	342	171.8	52.3	59.5
WP_004032739.1	gnl|META|G7530-MONOMER	4.1e-22	36.2	185	100.9	52.4	94.5
WP_004032740.1	gnl|META|EG10914-MONOMER	2.0e-02	28.1	64	35.0	53.1	48.5
WP_004032747.1	gnl|META|EG11062-MONOMER	5.7e-04	27.7	112	42.7	50.9	13.9
WP_004032747.1	gnl|META|EG10844-MONOMER	9.7e-04	32.9	79	42.0	51.9	9.5
WP_004032750.1	gnl|META|G7724-MONOMER	2.5e-09	23.5	251	58.9	45.8	93.1
WP_004032752.1	gnl|META|HISTCYCLOPRATPPHOS	7.9e-15	37.4	99	76.3	59.6	72.7
WP_004032752.1	gnl|META|AT1G31860-MONOMER	3.9e-14	38.4	86	73.9	64.0	65.2
WP_004032753.1	gnl|META|HISS-MONOMER	6.3e-45	29.7	435	177.9	49.2	98.1
WP_004032765.1	gnl|META|ARSA-MONOMER	2.8e-24	30.7	287	109.0	48.8	81.8
WP_004032772.1	gnl|META|MONOMER-20143	9.4e-08	22.8	272	53.9	36.8	75.3
WP_004032773.1	gnl|META|EG11404-MONOMER	8.7e-17	35.7	140	84.3	55.7	34.8
WP_004032778.1	gnl|META|AT4G26900-MONOMER	7.1e-44	39.2	204	173.3	63.7	100.0
WP_004032787.1	gnl|META|MONOMER-18798	6.4e-157	58.7	446	550.1	79.4	99.1
WP_004032812.1	gnl|META|EG12235-MONOMER	1.3e-08	49.2	65	55.5	61.5	54.2
WP_004032816.1	gnl|META|MONOMER-12649	1.9e-50	47.6	210	195.7	65.7	72.1
WP_004032829.1	gnl|META|EG10416-MONOMER	1.5e-11	32.1	131	65.9	52.7	68.6
WP_004032832.1	gnl|META|MONOMER-20305	2.3e-39	42.6	244	158.7	56.1	96.4
WP_004032834.1	gnl|META|HISTCYCLOPRATPPHOS	7.8e-04	33.0	91	39.3	57.1	91.7
WP_004032835.1	gnl|META|MONOMER-20451	1.2e-09	33.3	114	60.1	59.6	41.4
WP_004032836.1	gnl|META|MONOMER-13956	2.5e-76	36.0	470	282.3	57.9	99.3
WP_004032836.1	gnl|META|SYNPCC7942_0118-MONOMER	1.6e-75	36.0	481	279.6	55.3	99.3
WP_004032840.1	gnl|META|MONOMER-14588	2.9e-08	26.2	225	55.1	42.7	91.1
WP_004032840.1	gnl|META|GLYOXII-MONOMER	9.3e-07	28.8	177	50.1	45.8	85.1
WP_004032850.1	gnl|META|HS05425-MONOMER	2.0e-61	35.8	402	232.6	55.0	98.7
WP_004032867.1	gnl|META|DMSB-MONOMER	1.0e-03	39.5	43	41.2	55.8	9.1
WP_004032867.1	gnl|META|G6847-MONOMER	1.7e-03	39.5	43	40.4	55.8	9.1
WP_004032868.1	gnl|META|HDRAMAUTO-MONOMER	1.3e-03	27.2	114	39.3	38.6	64.0
WP_004032868.1	gnl|META|MONOMER-12227	2.9e-03	31.0	71	38.1	42.3	41.0
WP_004032868.1	gnl|META|MONOMER-426	5.0e-03	61.5	26	37.4	69.2	16.1
WP_004032868.1	gnl|META|MONOMER-12226	5.0e-03	56.0	25	37.4	76.0	15.5
WP_004032869.1	gnl|META|MONOMER-12659	4.5e-27	43.7	135	117.1	64.4	91.2
WP_004032869.1	gnl|META|MONOMER-16444	9.4e-25	36.7	128	109.4	58.6	86.5
WP_004032870.1	gnl|META|MONOMER-12661	2.3e-51	32.3	359	199.1	51.0	94.9
WP_004032870.1	gnl|META|MONOMER-16447	6.5e-46	31.2	359	181.0	49.0	94.4
WP_004032881.1	gnl|META|CHORISMUTPREPHENDEHYDRAT-MONOMER	3.0e-29	31.2	279	125.2	50.9	97.8
WP_004032885.1	gnl|META|EG10004-MONOMER	7.9e-22	36.1	216	100.1	50.9	99.0
WP_004032890.1	gnl|META|MONOMER-17851	7.9e-22	29.9	268	100.5	46.3	89.6
WP_004032890.1	gnl|META|MONOMER-16383	7.4e-20	29.9	261	94.0	47.9	88.8
WP_004032892.1	gnl|META|EG10747-MONOMER	3.8e-24	26.5	434	109.4	43.1	70.9
WP_004032893.1	gnl|META|MONOMER-2264	5.3e-95	50.6	346	344.0	70.5	99.7
WP_004032905.1	gnl|META|MONOMER-20244	1.2e-47	38.5	257	186.4	59.5	84.0
WP_004032932.1	gnl|META|MVHDMAUTO-MONOMER	1.7e-71	85.9	135	264.6	95.6	95.7
WP_004032955.1	gnl|META|EG10241-MONOMER	5.3e-13	23.8	382	71.6	41.9	88.8
WP_004032956.1	gnl|META|HS02645-MONOMER	1.9e-15	34.1	220	79.0	45.9	96.1
WP_004032957.1	gnl|META|EG10271-MONOMER	3.3e-02	30.6	108	35.4	46.3	38.0
WP_004032959.1	gnl|META|MONOMER-14617	6.1e-38	41.2	204	153.7	59.8	95.2
WP_004032960.1	gnl|META|MONOMER-12187	2.6e-62	52.7	256	235.0	73.0	98.1
WP_004032962.1	gnl|META|MONOMER-14598	2.3e-79	62.8	239	291.6	74.9	94.1
WP_004032969.1	gnl|META|EG11506-MONOMER	1.1e-34	36.1	233	143.7	56.7	60.4
WP_004032974.1	gnl|META|MONOMER-14496	3.4e-01	31.3	67	30.0	52.2	90.0
WP_004032979.1	gnl|META|EG12045-MONOMER	1.2e-01	26.9	78	33.9	51.3	20.5
WP_004032985.1	gnl|META|EG10153-MONOMER	1.7e-47	31.9	383	186.4	49.1	92.2
WP_004032985.1	gnl|META|ENSG00000171723-MONOMER	5.4e-46	33.2	400	181.4	51.0	91.9
WP_004032991.1	gnl|META|MONOMER-17730	7.2e-17	33.3	234	85.1	50.9	40.7
WP_004032994.1	gnl|META|MONOMER-14509	5.2e-64	48.1	283	240.7	68.6	99.6
WP_004033004.1	gnl|META|EG11080-MONOMER	2.6e-11	34.2	111	65.5	53.2	44.0
WP_004033004.1	gnl|META|EG11663-MONOMER	8.3e-10	28.0	143	60.5	49.7	57.2
WP_004033007.1	gnl|META|MONOMER-12696	1.8e-120	58.9	365	428.7	74.5	97.3
WP_004033022.1	gnl|META|RPOB-MONOMER	2.3e-32	24.4	569	136.7	37.8	66.3
WP_004033022.1	gnl|META|RPOB-MONOMER	1.2e-01	26.1	88	34.7	45.5	10.8
WP_004033033.1	gnl|META|EG10909-MONOMER	3.6e-07	32.0	97	50.4	54.6	94.1
WP_004033037.1	gnl|META|ENSG00000121579-MONOMER	6.0e-08	26.9	130	53.5	50.8	86.9
WP_004033047.1	gnl|META|MONOMER-17948	2.2e-39	30.1	332	159.1	52.1	98.7
WP_004033048.1	gnl|META|AT5G08280-MONOMER	7.5e-42	35.9	295	167.2	56.6	97.9
WP_004033048.1	gnl|META|OHMETHYLBILANESYN-MONOMER	8.2e-41	35.3	283	163.7	55.8	96.2
WP_004033066.1	gnl|META|ASPCARBREG-MONOMER	5.0e-24	39.4	142	107.1	65.5	88.7
WP_004033067.1	gnl|META|FLAVODOXIN1-MONOMER	4.7e-01	26.0	77	30.8	42.9	47.0
WP_004033067.1	gnl|META|MONOMER-13232	6.2e-01	26.0	77	30.4	42.9	47.0
WP_004033069.1	gnl|META|MONOMER-16487	1.0e-21	42.9	140	99.4	60.7	90.2
WP_004033071.1	gnl|META|MACB	6.9e-38	38.3	222	153.7	63.5	92.7
WP_004033071.1	gnl|META|ABC-MONOMER	5.5e-35	36.4	228	144.1	60.5	94.4
WP_004033071.1	gnl|META|GLNQ-MONOMER	1.2e-34	41.9	222	142.9	61.3	91.5
WP_004033076.1	gnl|META|MONOMER-18939	1.9e-34	32.1	343	142.9	51.0	92.6
WP_004033091.1	gnl|META|MONOMER-13221	1.2e-52	36.7	327	203.4	53.8	90.6
WP_004033093.1	gnl|META|MONOMER-18801	1.9e-53	43.8	281	205.7	65.5	95.2
WP_004033096.1	gnl|META|MONOMER-6562	4.4e-40	30.4	414	161.8	51.0	100.0
WP_004033096.1	gnl|META|MONOMER-6561	4.4e-40	30.4	414	161.8	51.0	100.0
WP_004033096.1	gnl|META|MONOMER-20452	1.1e-38	29.1	461	157.1	45.8	95.8
WP_004033096.1	gnl|META|MONOMER-1061	1.6e-37	30.5	419	153.3	48.9	98.8
WP_004033096.1	gnl|META|MONOMER-6462	2.3e-36	29.0	417	149.4	49.2	99.3
WP_004033096.1	gnl|META|MONOMER-6461	2.3e-36	29.0	417	149.4	49.2	99.3
WP_004033098.1	gnl|META|DIHYDROPICRED-MONOMER	1.5e-47	41.2	272	186.0	58.8	99.3
WP_004033099.1	gnl|META|MONOMER-20453	7.0e-111	56.6	350	396.7	77.4	99.7
WP_004033101.1	gnl|META|MONOMER-17394	2.3e-05	26.3	133	45.4	43.6	54.4
WP_004033102.1	gnl|META|EG10599-MONOMER	2.8e-26	23.9	556	116.3	43.9	93.3
WP_004033107.1	gnl|META|AT3G54470-MONOMER	5.5e-24	37.0	173	107.1	56.1	98.9
WP_004033108.1	gnl|META|ENSG00000171723-MONOMER	1.5e-13	32.0	153	72.4	51.6	87.5
WP_004033108.1	gnl|META|EG11511-MONOMER	2.7e-12	28.9	152	68.2	55.3	86.9
WP_004033122.1	gnl|META|G7037-MONOMER	2.8e-25	36.4	198	111.7	59.1	91.2
WP_004033133.1	gnl|META|HDRBMAUTO-MONOMER	1.0e-123	70.1	291	439.1	83.2	97.7
WP_004033138.1	gnl|META|MONOMER-20995	3.1e-86	54.8	303	314.7	73.9	96.1
WP_004033141.1	gnl|META|YIIP-MONOMER	3.0e-25	25.0	284	112.1	51.4	93.7
WP_004033147.1	gnl|META|MONOMER3O-487	2.1e-11	35.3	150	65.1	51.3	91.4
WP_004033148.1	gnl|META|MONOMER-222	1.9e-03	34.3	70	37.4	44.3	90.5
WP_004033148.1	gnl|META|NARY-MONOMER	2.5e-03	42.6	54	37.0	48.1	82.5
WP_004033148.1	gnl|META|NARH-MONOMER	4.3e-03	40.7	54	36.2	48.1	82.5
WP_004033148.1	gnl|META|MONOMER-12693	1.6e-02	27.5	69	34.3	52.2	96.8
WP_004033157.1	gnl|META|GLYOXII-MONOMER	1.6e-02	32.1	53	36.2	50.9	21.8
WP_004033157.1	gnl|META|G6475-MONOMER	3.7e-02	60.0	25	35.0	72.0	10.5
WP_004033189.1	gnl|META|EG10941-MONOMER	1.4e-03	23.8	126	40.4	47.6	29.2
WP_004033191.1	gnl|META|BIOTINLIG-MONOMER	2.1e-18	27.4	219	89.4	46.6	71.5
WP_004033201.1	gnl|META|EG10866-MONOMER	6.9e-07	30.6	121	51.2	47.1	35.7
WP_004033203.1	gnl|META|UGPB-MONOMER	5.6e-01	30.4	56	31.2	62.5	19.7
WP_004033205.1	gnl|META|EG10883-MONOMER	1.1e-04	39.2	51	42.0	62.7	59.3
WP_004033206.1	gnl|META|EG10865-MONOMER	1.1e-35	37.7	223	146.4	55.2	91.7
WP_004033209.1	gnl|META|EG11061-MONOMER	3.0e-01	54.2	24	31.2	70.8	17.6
WP_004033213.1	gnl|META|EG10902-MONOMER	2.6e-14	31.5	127	75.5	57.5	50.8
WP_004033214.1	gnl|META|EG10887-MONOMER	1.6e-03	32.8	61	37.7	65.6	89.7
WP_004033219.1	gnl|META|EG10916-MONOMER	4.4e-08	42.1	76	53.5	65.8	70.5
WP_004033220.1	gnl|META|EG10875-MONOMER	1.1e-08	35.9	103	55.8	54.4	75.0
WP_004033223.1	gnl|META|EG10868-MONOMER	3.1e-11	30.3	132	64.7	53.8	72.4
WP_004033225.1	gnl|META|EG10907-MONOMER	2.3e-11	30.2	139	64.7	51.8	99.2
WP_004033227.1	gnl|META|EG10869-MONOMER	3.5e-10	29.7	145	61.2	49.7	80.9
WP_004033235.1	gnl|META|EG10904-MONOMER	1.6e-17	32.5	151	85.9	55.6	70.9
WP_004033247.1	gnl|META|ADENYL-KIN-MONOMER	6.5e-01	43.2	37	30.4	59.5	21.5
WP_004033248.1	gnl|META|MONOMER-12527	2.1e-01	40.5	42	30.8	57.1	56.2
WP_004033260.1	gnl|META|EG10912-MONOMER	4.8e-05	26.2	130	43.9	44.6	88.4
WP_004033264.1	gnl|META|EG10910-MONOMER	3.1e-19	45.4	119	90.9	60.5	91.5
WP_004033270.1	gnl|META|EG10874-MONOMER	1.7e-07	29.8	121	52.0	47.9	76.4
WP_004033272.1	gnl|META|EG10908-MONOMER	2.7e-10	34.6	127	61.2	56.7	94.7
WP_004033293.1	gnl|META|MONOMER-18243	3.0e-52	39.7	297	201.8	59.6	91.9
WP_004033295.1	gnl|META|MONOMER-14619	3.5e-38	41.0	268	154.8	57.1	98.9
WP_004033300.1	gnl|META|G6475-MONOMER	2.0e-04	29.8	84	43.5	47.6	17.2
WP_004033310.1	gnl|META|MONOMER-15927	4.1e-01	33.3	36	30.4	63.9	33.0
WP_004033324.1	gnl|META|AT4G33680-MONOMER	1.3e-87	41.6	409	319.7	58.9	99.0
WP_004033324.1	gnl|META|AT2G13810-MONOMER	3.6e-82	39.2	403	301.6	57.1	97.6
WP_004033354.1	gnl|META|PORPHOBILSYNTH-MONOMER	1.2e-67	46.9	322	253.1	62.7	96.1
WP_004033354.1	gnl|META|HS07501-MONOMER	2.9e-66	46.6	309	248.4	64.4	91.6
WP_004033354.1	gnl|META|MONOMER-13250	8.5e-66	41.5	325	246.9	64.0	96.7
WP_004033361.1	gnl|META|EG11073-MONOMER	2.8e-24	28.9	266	108.6	47.4	96.9
WP_004033363.1	gnl|META|EG12115-MONOMER	7.7e-13	25.6	211	70.5	47.4	84.5
WP_004033365.1	gnl|META|EG10747-MONOMER	4.8e-12	29.5	190	67.8	52.6	75.8
WP_004033379.1	gnl|META|EG10487-MONOMER	9.6e-65	38.4	336	243.4	60.7	99.1
WP_004033385.1	gnl|META|EG10210-MONOMER	3.9e-79	41.5	364	291.6	63.5	84.8
WP_004033459.1	gnl|META|HP0840-MONOMER	1.9e-102	56.2	329	368.6	73.3	97.9
WP_004033483.1	gnl|META|MONOMER-12172	1.6e-87	67.8	230	318.5	85.7	97.5
WP_004033515.1	gnl|META|HS03991-MONOMER	1.3e-60	36.9	398	229.9	52.0	98.7
WP_004033515.1	gnl|META|MONOMER-14332	5.3e-59	37.2	395	224.6	51.9	97.9
WP_004033515.1	gnl|META|MONOMER-691	5.1e-54	37.7	374	208.0	54.5	95.9
WP_004033541.1	gnl|META|HS02317-MONOMER	1.8e-35	34.4	282	146.0	52.1	93.6
WP_004033541.1	gnl|META|HS07410-MONOMER	2.6e-34	33.2	292	142.1	50.7	97.0
WP_004033541.1	gnl|META|PRPPSYN-MONOMER	7.7e-34	29.0	297	140.6	52.2	98.7
WP_004033541.1	gnl|META|HS11931-MONOMER	1.5e-32	32.5	292	136.3	50.0	97.0
WP_004033541.1	gnl|META|MONOMER-576	2.1e-31	31.0	271	132.5	50.6	90.3
WP_004033543.1	gnl|META|YJR057W-MONOMER	8.3e-01	61.1	18	29.3	83.3	18.2
WP_004033598.1	gnl|META|MONOMER-20451	2.4e-03	25.4	114	39.3	51.8	37.7
WP_004033598.1	gnl|META|MONOMER-19516	7.1e-03	35.4	48	37.7	64.6	16.0
WP_004033600.1	gnl|META|MONOMER-18750	8.1e-31	31.3	265	130.6	50.9	85.2
WP_004033615.1	gnl|META|MONOMER-14602	9.0e-47	59.3	150	182.6	77.3	98.7
WP_004033623.1	gnl|META|HDRDMBARK-MONOMER	3.8e-38	36.4	236	154.5	55.5	97.3
WP_004033627.1	gnl|META|IMP-DEHYDROG-MONOMER	2.6e-103	46.3	486	372.1	60.7	97.6
WP_004033648.1	gnl|META|MONOMER-15502	3.1e-112	70.4	291	401.0	85.2	99.3
WP_004033648.1	gnl|META|AT2G38230-MONOMER	1.0e-102	69.1	278	369.4	82.4	94.9
WP_004033656.1	gnl|META|MONOMER-426	5.5e-02	47.6	21	32.3	71.4	38.2
WP_004033656.1	gnl|META|MONOMER-20156	2.1e-01	50.0	24	30.4	70.8	43.6
WP_004033657.1	gnl|META|MONOMER-19243	3.8e-81	45.9	392	298.1	63.8	98.0
WP_004033657.1	gnl|META|MONOMER-17978	2.3e-78	41.7	386	288.9	61.4	98.0
WP_004033671.1	gnl|META|SERS-MONOMER	1.2e-59	34.2	427	226.9	51.8	98.1
WP_004033675.1	gnl|META|EG10921-MONOMER	1.3e-25	36.9	160	112.5	57.5	93.6
WP_004033717.1	gnl|META|MONOMER-19696	3.1e-31	33.5	251	131.7	54.6	96.9
WP_004033717.1	gnl|META|MONOMER-17953	7.5e-30	30.8	253	127.1	53.4	96.9
WP_004033717.1	gnl|META|AT1G24360-MONOMER	1.9e-28	36.3	245	122.5	53.5	94.9
WP_004033717.1	gnl|META|MONOMER-19303	2.4e-28	35.7	244	122.1	54.5	95.3
WP_004033855.1	gnl|META|G185E-7838-MONOMER	4.2e-78	32.8	534	288.5	49.8	97.3
WP_004033855.1	gnl|META|MONOMER-18451	2.2e-74	31.3	511	276.2	49.7	93.1
WP_004033860.1	gnl|META|MONOMER-16693	7.3e-12	32.9	149	67.0	49.7	72.5
WP_004033860.1	gnl|META|MONOMER-16694	3.1e-10	30.4	148	61.6	51.4	72.5
WP_004033913.1	gnl|META|MONOMER-18049	4.8e-56	33.7	427	214.9	54.3	95.0
WP_004033915.1	gnl|META|MONOMER-20807	7.8e-01	30.5	59	30.4	54.2	28.4
WP_004033919.1	gnl|META|MONOMER-15058	3.5e-02	30.1	83	35.0	48.2	36.7
WP_004033933.1	gnl|META|MONOMER-14592	1.2e-99	62.6	262	359.0	83.6	99.2
WP_004033951.1	gnl|META|MONOMER-12257	8.5e-13	25.7	339	70.9	44.2	90.2
WP_004033951.1	gnl|META|BSU35530-MONOMER	4.2e-12	25.9	263	68.6	48.7	71.0
WP_004033951.1	gnl|META|MONOMER-19967	4.2e-12	26.2	256	68.6	50.4	71.0
WP_004033969.1	gnl|META|METG-MONOMER	1.3e-105	33.9	673	380.2	53.3	98.3
WP_004033996.1	gnl|META|MONOMER-20157	8.2e-95	48.9	305	343.2	70.5	97.4
WP_004034004.1	gnl|META|MONOMER-2262	1.7e-74	51.2	256	275.4	71.9	100.0
WP_004034011.1	gnl|META|MONOMER-20994	5.3e-183	63.8	459	636.7	83.7	100.0
WP_004034020.1	gnl|META|MONOMER-15683	1.4e-52	41.8	249	202.6	62.2	97.6
WP_004034020.1	gnl|META|G185E-5248-MONOMER	1.9e-49	40.6	254	192.2	61.0	97.6
WP_004034030.1	gnl|META|MONOMER-13218	9.9e-59	44.5	247	223.0	67.6	98.4
WP_004034032.1	gnl|META|MONOMER-20454	3.4e-72	44.1	315	268.1	66.3	99.7
WP_004034047.1	gnl|META|EG10484-MONOMER	4.0e-40	38.4	211	161.0	60.2	96.3
WP_004034088.1	gnl|META|EG11598-MONOMER	1.0e-07	28.7	115	52.8	50.4	79.3
WP_004034090.1	gnl|META|EG11503-MONOMER	3.5e-17	36.8	136	84.3	58.8	78.3
WP_004034092.1	gnl|META|G7247-MONOMER	7.8e-38	28.9	349	154.1	51.3	99.7
WP_004034100.1	gnl|META|MONOMER-15971	6.9e-65	52.5	238	243.4	73.1	97.1
WP_004034139.1	gnl|META|BSU37150-MONOMER	2.9e-172	53.4	532	601.3	71.8	98.3
WP_004034206.1	gnl|META|MONOMER-3844	2.0e-06	35.4	48	46.6	54.2	92.3
WP_004034213.1	gnl|META|MONOMER-19840	3.6e-11	46.0	50	62.8	66.0	96.2
WP_004034213.1	gnl|META|G185E-7524-MONOMER	4.7e-11	49.0	49	62.4	69.4	94.2
WP_004034213.1	gnl|META|MONOMER-3844	3.0e-10	54.5	44	59.7	63.6	84.6
WP_004034213.1	gnl|META|G7413-MONOMER	5.1e-10	44.0	50	58.9	68.0	96.2
WP_004034217.1	gnl|META|ARGSUCCINLYA-MONOMER	1.4e-69	35.7	454	260.0	52.4	95.8
WP_004034217.1	gnl|META|HS10034-MONOMER	1.7e-64	35.4	412	243.0	56.8	87.1
WP_004034225.1	gnl|META|EG11259-MONOMER	5.0e-07	29.5	112	50.8	47.3	59.5
WP_004034228.1	gnl|META|MONOMER-19926	2.2e-36	44.4	171	148.3	62.0	95.4
WP_004034230.1	gnl|META|EG10942-MONOMER	2.9e-23	31.3	281	105.9	47.3	69.3
WP_004034270.1	gnl|META|EG10599-MONOMER	2.7e-16	20.7	532	83.2	40.6	89.5
WP_004034290.1	gnl|META|MONOMER-14591	2.8e-36	41.1	219	148.3	62.1	94.6
WP_004034305.1	gnl|META|MONOMER-13226	2.8e-13	28.2	188	71.6	52.1	98.9
WP_004034366.1	gnl|META|HS01304-MONOMER	3.2e-96	45.3	384	348.2	67.4	96.5
WP_004034366.1	gnl|META|G7325-MONOMER	1.4e-91	46.9	386	332.8	65.5	96.5
WP_004034366.1	gnl|META|G3O-29283-MONOMER	7.0e-91	44.0	384	330.5	65.1	96.5
WP_004034368.1	gnl|META|MONOMER-9366	4.5e-144	58.3	432	507.3	73.6	99.1
WP_004034405.1	gnl|META|BSU11710-MONOMER	1.6e-37	37.9	240	152.5	60.4	94.7
WP_004034405.1	gnl|META|MONOMER-18910	3.6e-37	37.8	241	151.4	59.8	95.1
WP_004034406.1	gnl|META|CYSA-MONOMER	2.0e-43	47.2	218	172.2	64.2	84.1
WP_004034406.1	gnl|META|POTA-MONOMER	3.4e-43	43.2	220	171.4	63.6	86.1
WP_004034406.1	gnl|META|TAUB-MONOMER	2.5e-41	37.9	232	165.2	59.5	88.9
WP_004034406.1	gnl|META|POTG-MONOMER	7.2e-41	39.6	245	163.7	62.0	93.3
WP_004034406.1	gnl|META|YCBE-MONOMER	1.6e-40	39.6	225	162.5	63.6	89.3
WP_004034406.1	gnl|META|YDCT-MONOMER	5.1e-39	40.2	229	157.5	60.7	89.7
WP_004034406.1	gnl|META|MALK-MONOMER	1.5e-38	40.1	222	156.0	62.6	86.9
WP_004034406.1	gnl|META|GLNQ-MONOMER	2.0e-38	42.4	224	155.6	58.9	86.1
WP_004034476.1	gnl|META|YEJF-MONOMER	2.1e-22	32.3	201	102.1	49.3	88.7
WP_004034478.1	gnl|META|MONOMER-20451	5.9e-04	26.2	122	40.8	50.8	57.3
WP_004034480.1	gnl|META|MONOMER-12693	1.6e-06	32.3	65	49.7	49.2	23.7
WP_004034488.1	gnl|META|MONOMER-12661	5.1e-59	36.6	358	224.6	53.6	94.7
WP_004034488.1	gnl|META|MONOMER-16447	2.8e-57	35.1	362	218.8	56.6	94.4
WP_004034489.1	gnl|META|MONOMER-16444	1.1e-28	46.6	116	122.5	65.5	77.2
WP_004034489.1	gnl|META|MONOMER-12659	7.0e-28	43.6	117	119.8	68.4	78.5
WP_004034489.1	gnl|META|HYCG-MONOMER	3.9e-26	45.0	120	114.0	61.7	80.5
WP_004034526.1	gnl|META|ZALPHACOTE-MONOMER	6.1e-01	24.1	58	30.0	43.1	46.8
WP_004034531.1	gnl|META|MONOMER-13735	3.4e-91	36.7	529	332.0	58.2	94.2
WP_004034532.1	gnl|META|FDNH-MONOMER	4.6e-02	42.3	26	33.1	61.5	32.9
WP_004034532.1	gnl|META|EG11289-MONOMER	7.8e-02	47.6	21	32.3	71.4	26.6
WP_004034532.1	gnl|META|MONOMER-262	1.0e-01	50.0	22	32.0	63.6	27.8
WP_004034534.1	gnl|META|HP0589-MONOMER	2.9e-46	34.4	375	182.2	50.9	91.9
WP_004034534.1	gnl|META|MONOMER-12696	7.8e-44	36.2	362	174.1	48.9	88.9
WP_004034536.1	gnl|META|MONOMER-12695	9.3e-29	35.2	199	124.4	55.3	40.7
WP_004034538.1	gnl|META|MONOMER-14998	1.6e-152	59.1	435	535.4	78.9	99.5
WP_004034546.1	gnl|META|MONOMER-14999	2.4e-210	63.6	594	728.0	78.6	95.3
WP_004034556.1	gnl|META|MONOMER-543	7.8e-42	33.2	292	167.2	54.8	95.1
WP_004034556.1	gnl|META|THIOREDOXIN-REDUCT-NADPH-MONOMER	4.3e-40	33.8	308	161.4	57.1	95.7
WP_004034556.1	gnl|META|EG11385-MONOMER	8.1e-39	32.0	303	157.1	56.4	97.0
WP_004034560.1	gnl|META|GMP-SYN-MONOMER	6.2e-29	33.0	194	123.6	53.6	95.8
WP_004034560.1	gnl|META|YMR217W-MONOMER	9.0e-28	35.9	192	119.8	54.2	98.4
WP_004034573.1	gnl|META|GMP-SYN-MONOMER	3.8e-76	48.9	315	281.2	67.3	98.7
WP_004034573.1	gnl|META|YMR217W-MONOMER	1.8e-70	47.0	319	262.3	64.3	98.4
WP_004034698.1	gnl|META|MONOMER-11899	3.7e-150	54.7	492	527.7	74.0	99.8
WP_004034736.1	gnl|META|MONOMER-4065	1.4e-27	31.2	304	119.8	50.0	98.6
WP_004034774.1	gnl|META|PROS-MONOMER	6.0e-17	33.8	148	85.1	57.4	29.6
WP_004034774.1	gnl|META|PROS-MONOMER	3.9e-08	26.7	161	55.8	46.6	34.1
WP_004034778.1	gnl|META|RIB5PISOMA-MONOMER	1.7e-38	41.6	221	155.6	59.7	99.1
WP_004034866.1	gnl|META|HS08877-MONOMER	1.7e-86	55.4	289	315.5	72.7	99.0
WP_004034866.1	gnl|META|SUCCCOASYN-ALPHA	2.2e-86	55.1	283	315.1	71.4	98.6
WP_004034866.1	gnl|META|MONOMER-18553	1.1e-82	52.4	288	302.8	71.9	98.6
WP_004034880.1	gnl|META|HS10201-MONOMER	3.0e-06	29.2	89	48.1	49.4	52.0
WP_004034880.1	gnl|META|G3O-28870-MONOMER	6.7e-06	28.1	121	47.0	48.8	66.7
WP_004034886.1	gnl|META|YKL067W-MONOMER	6.2e-40	51.4	148	159.8	73.0	98.7
WP_004034886.1	gnl|META|ENSG00000011052-MONOMER	5.8e-38	49.3	148	153.3	69.6	98.7
WP_004034886.1	gnl|META|MONOMER-15776	5.8e-38	51.3	150	153.3	70.0	98.7
WP_004034886.1	gnl|META|HS04463-MONOMER	3.2e-36	46.3	149	147.5	70.5	99.3
WP_004034903.1	gnl|META|MONOMER-18160	3.6e-03	32.4	74	38.9	47.3	21.6
WP_004034909.1	gnl|META|MONOMER-15290	5.6e-40	40.8	206	160.6	65.5	88.7
WP_004034951.1	gnl|META|MONOMER-17855	9.4e-16	25.5	231	80.1	46.3	87.2
WP_004034971.1	gnl|META|MONOMER-12229	2.4e-38	46.1	165	154.8	65.5	92.2
WP_004035030.1	gnl|META|MONOMER-2265	1.9e-42	49.7	163	168.3	68.1	97.0
WP_004035055.1	gnl|META|MONOMER-14596	4.7e-60	53.0	219	227.3	70.8	98.2
WP_004035070.1	gnl|META|MONOMER-14595	5.0e-107	54.0	376	384.0	71.3	99.2
WP_004035167.1	gnl|META|MONOMER-4021	5.2e-52	37.3	322	201.1	57.8	98.1
WP_004035185.1	gnl|META|YLIA-MONOMER	4.3e-33	23.3	596	139.0	44.6	95.6
WP_004035269.1	gnl|META|YML126C-MONOMER	3.4e-09	21.3	375	58.9	37.6	90.1
WP_004035273.1	gnl|META|MONOMER-13830	9.4e-13	30.1	136	70.1	52.2	56.8
WP_004035273.1	gnl|META|MONOMER-14112	5.2e-11	36.0	100	64.3	54.0	45.5
WP_004035282.1	gnl|META|SAICARSYN-MONOMER	2.4e-49	42.3	234	191.8	64.1	96.3
WP_004035290.1	gnl|META|MONOMER-19987	1.5e-48	42.6	230	189.1	65.7	98.7
WP_004035290.1	gnl|META|MONOMER-19969	2.8e-47	40.8	233	184.9	65.7	99.6
WP_004035348.1	gnl|META|GALPMUT-MONOMER	1.8e-64	38.4	362	242.7	58.8	96.4
WP_004035348.1	gnl|META|G185E-8105-MONOMER	4.1e-61	35.4	370	231.5	55.9	97.0
WP_004035429.1	gnl|META|GLNS-MONOMER	5.2e-52	29.8	506	201.8	44.9	81.1
WP_004035429.1	gnl|META|MONOMER-14055	1.2e-51	32.5	372	200.7	51.1	65.2
WP_004035464.1	gnl|META|TTDB-MONOMER	1.8e-46	48.9	174	181.8	70.7	98.8
WP_004035505.1	gnl|META|MONOMER-18938	1.5e-63	37.1	364	239.6	59.3	96.8
WP_004035505.1	gnl|META|MONOMER-11821	4.6e-60	35.2	392	228.0	56.4	99.5
WP_004035505.1	gnl|META|MONOMER-13008	6.6e-59	36.8	372	224.2	55.6	95.9
WP_004035519.1	gnl|META|MONOMER-15925	5.1e-57	38.7	346	217.6	55.2	99.0
WP_004035519.1	gnl|META|MONOMER-17870	4.1e-54	40.4	337	208.0	52.8	96.8
WP_004035519.1	gnl|META|MONOMER-1341	1.7e-52	39.1	322	202.6	57.8	99.0
WP_004035521.1	gnl|META|MONOMER-19485	1.6e-52	41.0	271	202.6	60.5	91.0
WP_004035564.1	gnl|META|G6364-MONOMER	2.8e-45	29.1	440	179.1	51.1	99.3
WP_004035688.1	gnl|META|MONOMER-12694	7.1e-49	55.6	180	189.9	71.7	94.7
WP_004035746.1	gnl|META|YEJF-MONOMER	3.9e-36	26.0	520	149.1	45.2	93.0
WP_004035746.1	gnl|META|YBHF-MONOMER	6.2e-34	25.2	612	141.7	43.1	98.3
WP_004035746.1	gnl|META|PROV-MONOMER	6.8e-33	34.2	237	138.3	55.7	44.3
WP_004035755.1	gnl|META|MONOMER-17933	4.4e-28	51.7	118	120.2	72.9	96.7
WP_004035757.1	gnl|META|MONOMER-15681	8.1e-58	36.6	320	220.3	58.1	99.1
WP_004035804.1	gnl|META|MCRGMAUTO-MONOMER	1.1e-116	77.8	248	415.6	91.1	98.0
WP_004035824.1	gnl|META|MONOMER-14599	7.2e-83	49.3	304	303.5	70.7	97.4
WP_004035869.1	gnl|META|AQPZ-MONOMER	1.3e-24	35.1	248	109.8	48.8	93.8
WP_004035887.1	gnl|META|MONOMER-4065	2.2e-57	42.7	302	218.8	58.9	99.0
WP_004035905.1	gnl|META|HS03371-MONOMER	1.3e-36	33.1	308	149.8	52.3	96.1
WP_004035944.1	gnl|META|MONOMER-3561	4.0e-47	41.5	241	184.5	61.4	93.0
WP_004035944.1	gnl|META|MONOMER-10161	9.9e-46	37.5	248	179.9	61.7	94.2
WP_004035944.1	gnl|META|MONOMER-10162	2.3e-42	36.4	250	168.7	59.6	95.7
WP_004035982.1	gnl|META|LEUS-MONOMER	1.2e-40	23.8	890	164.9	39.9	84.4
WP_004036079.1	gnl|META|MONOMER-11900	5.7e-187	56.9	571	650.2	73.2	98.4
WP_004036101.1	gnl|META|MONOMER-13227	3.8e-27	36.2	207	117.9	56.5	94.7
WP_004036101.1	gnl|META|MONOMER-18417	9.2e-26	34.0	200	113.2	56.0	93.3
WP_004036237.1	gnl|META|MONOMER-17004	3.2e-117	70.0	287	417.5	82.6	99.3
WP_004036237.1	gnl|META|DTDPGLUCOSEPP-MONOMER	5.8e-111	63.8	287	396.7	80.5	99.3
WP_004036237.1	gnl|META|MONOMER-18132	2.3e-107	63.3	289	384.8	76.8	100.0
WP_004036282.1	gnl|META|MONOMER-8567	1.5e-59	38.7	367	226.5	55.6	86.3
WP_004036282.1	gnl|META|GLYOHMETRANS-MONOMER	1.0e-55	35.1	405	213.8	55.3	93.8
WP_004036282.1	gnl|META|MONOMER-4244	1.6e-53	36.0	381	206.5	54.6	89.1
WP_004036328.1	gnl|META|MONOMER-6601	5.1e-71	35.9	418	264.6	53.6	95.8
WP_004036440.1	gnl|META|BSU37540-MONOMER	4.5e-05	37.1	62	42.7	58.1	100.0
WP_004036467.1	gnl|META|ENSG00000176261-MONOMER	5.8e-16	34.0	141	80.1	56.0	99.3
WP_004036471.1	gnl|META|ENSG00000100220-MONOMER	2.7e-129	47.6	494	458.4	65.4	98.8
WP_004036521.1	gnl|META|G66-31601-MONOMER	8.4e-01	32.5	80	30.0	51.2	43.3
WP_004036532.1	gnl|META|BSU29580-MONOMER	2.8e-44	29.4	391	175.6	51.7	100.0
WP_004036540.1	gnl|META|G7698-MONOMER	1.8e-12	29.2	185	68.9	48.6	92.2
WP_004036542.1	gnl|META|EG10823-MONOMER	2.0e-05	19.9	216	45.8	43.1	89.3
WP_004036548.1	gnl|META|MONOMER-13008	4.5e-21	24.7	324	98.6	46.0	76.7
WP_004036549.1	gnl|META|G12WB-675-MONOMER	8.6e-02	25.9	81	33.9	40.7	23.9
WP_004036578.1	gnl|META|G12WB-159-MONOMER	1.4e-56	40.0	280	216.1	65.7	96.8
WP_004036578.1	gnl|META|G12WB-158-MONOMER	3.7e-54	40.8	277	208.0	65.7	97.2
WP_004036593.1	gnl|META|PSTC-MONOMER	1.3e-30	31.9	279	129.8	54.5	88.3
WP_004036607.1	gnl|META|MONOMER-14529	1.7e-155	68.8	382	545.0	88.0	100.0
WP_004036611.1	gnl|META|SYNPCC7942_0260-MONOMER	2.1e-04	24.7	259	42.7	42.1	86.0
WP_004036631.1	gnl|META|MERMAUTO-MONOMER	8.9e-129	72.6	321	456.1	80.4	100.0
WP_004036704.1	gnl|META|MTAAMBARK-MONOMER	5.0e-74	43.5	333	274.2	63.7	98.8
WP_004036710.1	gnl|META|TYRS-MONOMER	3.7e-02	39.0	59	35.4	55.9	17.9
WP_004036716.1	gnl|META|MONOMER-14616	3.8e-144	66.1	360	507.3	82.5	99.2
WP_004036806.1	gnl|META|EG10239-MONOMER	2.4e-01	28.7	115	33.1	41.7	24.1
WP_004036837.1	gnl|META|URACIL-PRIBOSYLTRANS-MONOMER	3.3e-60	50.0	208	227.6	71.6	100.0
WP_004036838.1	gnl|META|URAA-MONOMER	1.1e-71	38.6	415	266.9	62.9	92.0
WP_004036863.1	gnl|META|MONOMER-18181	2.6e-04	32.1	109	42.0	45.9	52.2
WP_004036878.1	gnl|META|MONOMER-17226	3.7e-37	43.0	193	151.0	66.3	95.9
WP_004036878.1	gnl|META|MONOMER-15503	2.3e-34	41.3	196	141.7	64.8	97.4
WP_004036879.1	gnl|META|MONOMER-17036	2.6e-95	43.0	419	345.5	61.1	79.1
WP_011953608.1	gnl|META|EG11072-MONOMER	1.8e-49	37.3	314	193.4	59.2	58.8
WP_011953611.1	gnl|META|MONOMER-15646	3.1e-22	34.1	170	101.3	51.2	94.4
WP_011953617.1	gnl|META|ENSG00000144035-MONOMER	1.8e-04	22.9	144	42.4	45.8	71.7
WP_011953632.1	gnl|META|MONOMER-13661	9.8e-06	27.6	185	46.6	45.4	89.6
WP_011953633.1	gnl|META|MONOMER-17036	6.7e-60	34.0	400	228.0	52.8	67.9
WP_011953635.1	gnl|META|G6999-MONOMER	4.2e-22	38.1	181	100.9	55.8	96.7
WP_011953638.1	gnl|META|2-DEHYDROPANTOATE-REDUCT-MONOMER	3.6e-13	34.6	127	72.0	56.7	40.2
WP_011953644.1	gnl|META|EG11433-MONOMER	1.3e-13	32.0	147	73.2	49.0	48.7
WP_011953645.1	gnl|META|MONOMER-10303	3.8e-73	38.4	380	271.6	55.8	96.4
WP_011953646.1	gnl|META|MONOMER-16461	2.4e-03	36.6	71	39.3	54.9	24.5
WP_011953646.1	gnl|META|MONOMER-20115	5.2e-03	31.4	70	38.1	51.4	21.0
WP_011953653.1	gnl|META|EG11064-MONOMER	1.4e-27	22.5	795	122.1	38.6	51.3
WP_011953653.1	gnl|META|EG10837-MONOMER	2.5e-24	25.6	454	111.3	43.4	29.5
WP_011953653.1	gnl|META|EG10837-MONOMER	1.0e-01	37.0	46	36.2	56.5	3.1
WP_011953654.1	gnl|META|G7020-MONOMER	2.9e-04	38.1	63	41.6	50.8	32.4
WP_011953655.1	gnl|META|MONOMER-15970	8.7e-27	31.6	297	117.1	46.1	99.3
WP_011953665.1	gnl|META|G185E-7521-MONOMER	8.3e-02	30.7	101	33.5	48.5	49.5
WP_011953667.1	gnl|META|MONOMER-12179	2.3e-83	45.8	330	305.4	67.3	85.4
WP_011953667.1	gnl|META|MONOMER-12180	1.2e-74	41.6	346	276.6	59.8	89.8
WP_011953668.1	gnl|META|MONOMER-2266	9.0e-38	45.9	183	152.9	62.8	99.4
WP_011953669.1	gnl|META|MONOMER-20156	2.2e-165	42.1	791	578.9	61.2	97.1
WP_011953670.1	gnl|META|MONOMER-20158	6.4e-32	36.2	174	133.7	60.9	85.6
WP_011953671.1	gnl|META|MONOMER-20451	5.5e-38	31.8	305	154.8	52.8	71.1
WP_011953680.1	gnl|META|EG11481-MONOMER	1.5e-22	29.6	267	102.8	49.1	100.0
WP_011953689.1	gnl|META|EG10833-MONOMER	7.0e-03	23.4	137	39.3	46.7	15.8
WP_011953690.1	gnl|META|EG11064-MONOMER	1.1e-18	28.1	352	91.7	46.3	42.1
WP_011953690.1	gnl|META|EG11064-MONOMER	3.1e+00	47.6	21	30.4	76.2	2.6
WP_011953692.1	gnl|META|MONOMER-18400	3.7e-01	26.0	73	31.6	49.3	33.3
WP_011953692.1	gnl|META|MONOMER-20596	6.3e-01	29.8	84	30.8	53.6	37.9
WP_011953694.1	gnl|META|MONOMER-16146	2.5e-09	28.5	256	59.7	39.5	49.1
WP_011953696.1	gnl|META|EG10927-MONOMER	3.0e-04	22.4	156	43.9	49.4	15.5
WP_011953700.1	gnl|META|MONOMER-14508	1.7e-87	66.2	237	318.5	78.9	94.8
WP_011953703.1	gnl|META|MONOMER-18501	8.1e-02	33.3	42	33.1	57.1	30.2
WP_011953704.1	gnl|META|MONOMER-12648	2.4e-29	37.4	182	125.9	55.5	49.3
WP_011953705.1	gnl|META|G6701-MONOMER	1.5e-01	56.5	23	33.1	65.2	8.9
WP_011953712.1	gnl|META|G6236-MONOMER	3.5e-07	25.2	151	52.4	45.7	37.8
WP_011953713.1	gnl|META|G6208-MONOMER	8.9e-10	26.4	242	60.5	45.0	82.1
WP_011953716.1	gnl|META|YEEO-MONOMER	5.3e-42	29.6	433	168.3	48.5	93.8
WP_011953717.1	gnl|META|MONOMER-14535	2.0e-112	48.9	407	402.1	66.6	99.3
WP_011953718.1	gnl|META|ASPKINIHOMOSERDEHYDROGI-MONOMER	8.5e-13	22.8	369	70.9	43.9	98.5
WP_011953722.1	gnl|META|MONOMER-13063	2.4e-29	28.6	437	126.3	47.6	81.1
WP_011953731.1	gnl|META|MONOMER-7641	2.6e-01	29.8	84	33.1	45.2	18.4
WP_011953736.1	gnl|META|MONOMER-9366	1.5e-131	52.8	430	465.7	72.8	98.1
WP_011953737.1	gnl|META|MONOMER-9364	1.3e-110	55.6	365	396.4	69.9	74.1
WP_011953738.1	gnl|META|EG10857-MONOMER	1.1e-19	30.5	220	93.2	52.7	93.3
WP_011953745.1	gnl|META|SERINE-O-ACETTRAN-MONOMER	7.7e-09	47.3	55	57.0	60.0	27.0
WP_011953745.1	gnl|META|MONOMER-19023	1.3e-08	44.1	68	56.2	60.3	32.4
WP_011953751.1	gnl|META|EG10942-MONOMER	1.1e-10	34.6	133	64.7	46.6	21.6
WP_011953754.1	gnl|META|HDRAMAUTO-MONOMER	1.7e-01	46.2	26	30.8	61.5	44.1
WP_011953754.1	gnl|META|MONOMER-12693	1.7e-01	54.5	22	30.8	63.6	37.3
WP_011953754.1	gnl|META|PFOCLOS-MONOMER	5.0e-01	52.6	19	29.3	73.7	32.2
WP_011953758.1	gnl|META|MONOMER-14634	9.3e-144	63.5	400	506.1	79.0	98.7
WP_011953762.1	gnl|META|MONOMER-18960	1.9e-136	56.8	405	481.9	73.3	99.5
WP_011953766.1	gnl|META|MONOMER-14624	7.3e-96	45.1	406	347.1	65.5	99.8
WP_011953770.1	gnl|META|PROTEIN-PII	1.1e-28	54.5	112	122.1	68.8	100.0
WP_011953770.1	gnl|META|PROTEIN-PII2	1.9e-25	43.8	112	111.3	67.9	100.0
WP_011953771.1	gnl|META|AMTB-MONOMER	2.0e-56	36.1	402	216.1	50.0	97.8
WP_011953773.1	gnl|META|DGTPTRIPHYDRO-MONOMER	5.6e-03	25.5	98	38.5	45.9	20.1
WP_011953774.1	gnl|META|YDR538W-MONOMER	3.0e-41	47.0	181	164.5	65.7	99.5
WP_011953774.1	gnl|META|MONOMER-17169	2.2e-39	44.5	182	158.3	66.5	98.9
WP_011953774.1	gnl|META|MONOMER-19903	3.7e-39	48.4	182	157.5	64.8	99.5
WP_011953775.1	gnl|META|EG11829-MONOMER	2.9e-08	24.4	160	55.1	46.9	77.5
WP_011953776.1	gnl|META|EG10743-MONOMER	2.0e-01	40.0	40	32.7	57.5	15.3
WP_011953777.1	gnl|META|EG10743-MONOMER	7.7e-13	29.7	232	70.5	47.4	93.2
WP_011953778.1	gnl|META|G6278-MONOMER	2.3e-01	22.5	138	32.7	43.5	41.6
WP_011953784.1	gnl|META|YEEO-MONOMER	2.5e-15	22.6	438	79.7	43.8	93.0
WP_011953790.1	gnl|META|G7324-MONOMER	1.3e-32	56.9	123	135.2	73.2	97.5
WP_011953790.1	gnl|META|G3O-34034-MONOMER	2.8e-30	52.0	127	127.5	70.9	100.0
WP_011953792.1	gnl|META|MONOMER0-146	4.9e-04	27.9	122	40.8	44.3	67.2
WP_011953793.1	gnl|META|CYSS-MONOMER	2.4e-87	38.2	463	318.9	59.8	100.0
WP_011953794.1	gnl|META|SERINE-O-ACETTRAN-MONOMER	4.5e-37	42.0	174	151.0	61.5	73.4
WP_011953794.1	gnl|META|AT1G55920-MONOMER	3.6e-34	39.4	198	141.4	55.1	83.5
WP_011953795.1	gnl|META|AT3G59760-MONOMER	3.6e-90	56.0	300	327.8	70.3	94.9
WP_011953795.1	gnl|META|AT2G43750-MONOMER	3.6e-90	57.3	300	327.8	70.0	94.9
WP_011953795.1	gnl|META|AT4G14880-MONOMER	8.0e-90	56.0	300	326.6	71.3	94.9
WP_011953795.1	gnl|META|MONOMER-16250	3.3e-83	51.7	296	304.7	67.9	93.7
WP_011953795.1	gnl|META|MONOMER-16251	1.6e-82	51.7	296	302.4	67.6	93.7
WP_011953797.1	gnl|META|AROA-MONOMER	2.0e-67	34.3	437	252.7	57.7	98.2
WP_011953799.1	gnl|META|VALS-MONOMER	6.3e-87	28.3	774	318.5	46.5	77.6
WP_011953805.1	gnl|META|MONOMER-14507	1.5e-118	61.7	347	422.2	78.1	99.7
WP_011953806.1	gnl|META|MONOMER-14615	9.9e-42	46.4	211	166.4	65.4	93.3
WP_011953807.1	gnl|META|TAUC-MONOMER	2.8e-29	30.5	239	125.2	55.2	95.1
WP_011953808.1	gnl|META|MONOMER-14503	2.1e-53	30.3	545	206.8	49.9	72.4
WP_011953808.1	gnl|META|MONOMER-14495	1.9e-51	30.2	523	200.3	50.1	68.6
WP_011953808.1	gnl|META|G1G01-5484-MONOMER	4.3e-51	28.7	551	199.1	49.5	75.5
WP_011953808.1	gnl|META|MONOMER-14493	2.0e-48	28.2	578	190.3	47.2	75.2
WP_011953808.1	gnl|META|YHHO-MONOMER	1.3e-47	27.8	557	187.6	48.7	77.4
WP_011953813.1	gnl|META|NIKA-MONOMER	7.9e-29	28.4	366	124.8	46.4	63.8
WP_011953814.1	gnl|META|YLIC-MONOMER	3.1e-36	28.5	319	148.7	54.5	96.1
WP_011953814.1	gnl|META|DPPB-MONOMER	5.9e-35	29.2	336	144.4	50.9	96.1
WP_011953814.1	gnl|META|NIKB-MONOMER	9.5e-33	29.7	323	137.1	51.1	95.8
WP_011953815.1	gnl|META|YLID-MONOMER	6.4e-22	32.9	231	100.9	55.8	81.6
WP_011953816.1	gnl|META|OPPD-MONOMER	9.5e-35	30.7	313	143.7	50.8	94.2
WP_011953816.1	gnl|META|DPPD-MONOMER	2.1e-34	31.5	311	142.5	53.1	94.8
WP_011953817.1	gnl|META|MONOMER-19660	1.2e-16	28.3	297	83.6	44.4	93.1
WP_011953817.1	gnl|META|BSU39740-MONOMER	1.1e-14	25.9	332	77.0	43.1	96.6
WP_011953821.1	gnl|META|HYCF-MONOMER	7.4e-04	31.1	61	41.2	49.2	17.6
WP_011953821.1	gnl|META|MONOMER-13675	3.7e-03	46.2	26	38.9	76.9	7.5
WP_011953823.1	gnl|META|MONOMER-16443	2.1e-12	27.7	260	69.3	47.7	82.5
WP_011953826.1	gnl|META|MONOMER-14053	3.3e-01	39.4	33	31.6	57.6	16.8
WP_011953829.1	gnl|META|MONOMER-13182	2.0e-48	34.4	317	189.1	56.8	97.1
WP_011953829.1	gnl|META|MONOMER-13183	1.8e-46	34.1	320	182.6	54.1	98.1
WP_011953837.1	gnl|META|HP0366-MONOMER	2.4e-04	23.3	215	42.7	43.7	62.3
WP_011953840.1	gnl|META|MONOMER-16615	8.6e-37	34.6	295	150.6	54.9	83.2
WP_011953843.1	gnl|META|MONOMER-17423	4.9e-14	25.8	337	75.5	46.9	64.2
WP_011953843.1	gnl|META|MONOMER-15459	9.2e-13	24.4	275	71.2	42.5	54.6
WP_011953843.1	gnl|META|MONOMER-17421	1.6e-12	27.8	277	70.5	45.8	50.4
WP_011953844.1	gnl|META|G185E-6364-MONOMER	1.5e-07	33.3	108	53.5	49.1	28.3
WP_011953844.1	gnl|META|PHOSNACMURPENTATRANS-MONOMER	5.7e-07	23.7	333	51.6	40.8	88.3
WP_011953844.1	gnl|META|BSU35530-MONOMER	2.8e-06	23.5	349	49.3	40.7	91.7
WP_011953845.1	gnl|META|MONOMER-17155	4.6e-12	27.0	300	68.6	46.3	80.7
WP_011953846.1	gnl|META|G7414-MONOMER	1.5e-19	35.6	118	92.0	61.9	83.0
WP_011953847.1	gnl|META|HS13925-MONOMER	2.4e-07	27.5	149	52.4	49.7	56.1
WP_011953851.1	gnl|META|MONOMER-18976	2.4e-02	34.2	76	35.0	53.9	48.1
WP_011953851.1	gnl|META|SYNPCC7942_1054-MONOMER	1.2e-01	24.5	110	32.7	47.3	66.2
WP_011953852.1	gnl|META|MONOMER-13649	2.2e-98	55.8	335	355.1	71.3	99.1
WP_011953853.1	gnl|META|MONOMER-19986	1.7e-106	54.9	339	382.1	72.0	98.5
WP_011953853.1	gnl|META|MONOMER-19970	1.2e-102	49.4	340	369.4	72.1	98.8
WP_011953854.1	gnl|META|MONOMER-19969	7.4e-72	53.0	234	266.5	75.6	99.2
WP_011953854.1	gnl|META|MONOMER-19987	2.2e-68	51.5	231	255.0	74.5	97.9
WP_011953856.1	gnl|META|MONOMER-13265	8.7e-64	32.2	472	240.7	54.0	97.0
WP_011953857.1	gnl|META|MONOMER-12132	1.1e-108	47.0	428	389.8	67.5	97.7
WP_011953860.1	gnl|META|MONOMER-12694	6.2e-08	27.0	189	53.9	47.1	95.9
WP_011953860.1	gnl|META|MONOMER-15883	6.8e-07	22.3	179	50.4	47.5	86.6
WP_011953861.1	gnl|META|HDRDMBARK-MONOMER	1.5e-50	34.7	380	196.8	50.3	70.8
WP_011953862.1	gnl|META|G7327-MONOMER	6.6e-17	29.4	248	84.3	44.0	76.1
WP_011953863.1	gnl|META|MONOMER-426	6.9e-05	38.2	55	44.3	58.2	19.8
WP_011953863.1	gnl|META|MONOMER-18689	1.2e-04	45.3	53	43.5	56.6	18.7
WP_011953868.1	gnl|META|DCTP-DEAM-MONOMER	1.1e-33	41.1	192	139.4	60.9	95.9
WP_011953877.1	gnl|META|EG11481-MONOMER	8.0e-59	42.7	260	223.4	64.2	98.9
WP_011953882.1	gnl|META|MONOMER-19974	3.9e-11	31.9	138	66.2	51.4	20.0
WP_011953882.1	gnl|META|MONOMER-17334	1.7e-09	35.3	102	60.8	54.9	14.7
WP_011953882.1	gnl|META|BSU35550-MONOMER	2.8e-09	35.8	109	60.1	53.2	15.9
WP_011953885.1	gnl|META|MONOMER-18797	1.2e-29	26.8	377	127.1	48.5	93.3
WP_011953887.1	gnl|META|MONOMER-681	6.0e-200	59.4	579	693.3	74.6	99.1
WP_011953887.1	gnl|META|MONOMER-14146	1.8e-191	56.8	585	665.2	73.8	99.1
WP_011953888.1	gnl|META|MONOMER-14153	9.7e-07	28.2	110	49.7	49.1	68.3
WP_011953889.1	gnl|META|MONOMER-14154	2.3e-33	24.2	611	140.2	44.5	87.7
WP_011953892.1	gnl|META|FUMB-MONOMER	4.9e-01	32.6	43	31.6	55.8	14.8
WP_011953892.1	gnl|META|FUMA-MONOMER	8.4e-01	32.6	43	30.8	53.5	14.8
WP_011953898.1	gnl|META|AT1G17745-MONOMER	5.8e-101	37.0	541	364.4	58.8	99.8
WP_011953907.1	gnl|META|PHET-MONOMER	2.5e-03	26.9	108	38.9	46.3	39.6
WP_011953908.1	gnl|META|MONOMER-12177	2.0e-105	45.1	468	379.0	63.0	98.5
WP_011953918.1	gnl|META|G6468-MONOMER	1.6e-02	24.6	248	37.0	39.1	55.4
WP_011953920.1	gnl|META|MONOMER-20306	2.4e-15	25.5	239	79.3	47.7	69.6
WP_011953922.1	gnl|META|MONOMER-12128	1.3e-09	23.1	346	60.5	41.9	78.2
WP_011953922.1	gnl|META|MONOMER-901	5.0e-09	22.0	346	58.5	42.5	78.2
WP_011953924.1	gnl|META|BSU15510-MONOMER	7.5e-84	42.8	353	307.0	64.9	98.1
WP_011953924.1	gnl|META|ENSG00000084774-MONOMER	8.3e-75	39.9	368	276.9	59.5	98.9
WP_011953925.1	gnl|META|MONOMER-19268	9.5e-05	27.1	107	43.5	47.7	48.6
WP_011953926.1	gnl|META|YFR047C-MONOMER	3.4e-36	35.1	251	148.3	59.4	87.7
WP_011953926.1	gnl|META|HS02508-MONOMER	1.7e-35	36.1	244	146.0	57.4	87.7
WP_011953926.1	gnl|META|QUINOPRIBOTRANS-MONOMER	7.1e-34	34.0	259	140.6	58.7	92.8
WP_011953927.1	gnl|META|G7175-MONOMER	8.8e-54	37.0	305	206.8	57.7	99.0
WP_011953929.1	gnl|META|QUINOLINATE-SYNTHA-MONOMER	2.2e-36	31.3	313	149.1	54.0	97.0
WP_011953931.1	gnl|META|MONOMER-9364	4.5e-14	31.1	196	75.1	46.9	53.9
WP_011953937.1	gnl|META|EG11507-MONOMER	2.3e-32	37.8	201	135.2	60.2	95.2
WP_011953941.1	gnl|META|MTABMBARK-MONOMER	1.6e-131	50.9	458	465.7	66.4	99.3
WP_011953942.1	gnl|META|MTACMBARK-MONOMER	1.3e-56	44.6	249	216.1	65.1	90.5
WP_011953943.1	gnl|META|MONOMER-17053	4.3e-120	46.0	500	427.9	63.6	92.7
WP_011953945.1	gnl|META|HS11626-MONOMER	9.1e-12	30.9	188	66.6	48.9	91.1
WP_011953945.1	gnl|META|AT5G59440-MONOMER	5.9e-11	29.9	197	63.9	48.2	97.4
WP_011953949.1	gnl|META|EG10625-MONOMER	3.8e-01	21.2	264	33.1	43.6	37.7
WP_011953950.1	gnl|META|ENSG00000123815-MONOMER	1.7e-15	22.8	359	80.5	43.5	62.5
WP_011953965.1	gnl|META|MONOMER-15020	2.6e-01	30.5	82	32.3	46.3	31.2
WP_011953973.1	gnl|META|MONOMER-20126	5.1e-02	28.0	50	32.7	62.0	74.6
WP_011953976.1	gnl|META|MONOMER-16455	1.6e-20	33.3	171	95.5	47.4	80.8
WP_011953976.1	gnl|META|HYCBSMALL-MONOMER	1.3e-19	29.1	175	92.4	45.1	77.2
WP_011953977.1	gnl|META|TTDA-MONOMER	4.1e-37	32.6	258	151.4	53.9	90.7
WP_011953979.1	gnl|META|PSTA-MONOMER	5.4e-13	31.9	160	71.2	51.2	55.7
WP_011953983.1	gnl|META|MONOMER-17153	1.5e-17	23.5	336	86.7	45.8	97.3
WP_011953988.1	gnl|META|MONOMER-16653	4.4e-01	27.0	122	31.6	45.1	44.3
WP_011953990.1	gnl|META|EG11433-MONOMER	7.1e-31	42.2	161	131.0	55.3	45.0
WP_011953990.1	gnl|META|EG12394-MONOMER	1.5e-28	45.9	135	123.2	63.7	38.9
WP_011953993.1	gnl|META|G12WB-160-MONOMER	1.2e-09	26.5	226	60.1	50.4	77.2
WP_011953995.1	gnl|META|FEOB-MONOMER	3.5e-119	36.8	730	425.2	55.5	99.3
WP_011953998.1	gnl|META|YBHF-MONOMER	2.0e-32	33.6	223	136.0	56.5	70.1
WP_011954002.1	gnl|META|G7704-MONOMER	3.9e-11	25.3	300	65.9	46.0	57.8
WP_011954003.1	gnl|META|G7603-MONOMER	2.4e-01	40.4	47	32.7	57.4	14.5
WP_011954012.1	gnl|META|MONOMER-12187	6.9e-08	28.3	191	54.3	46.1	63.9
WP_011954014.1	gnl|META|MONOMER-16209	2.6e-45	35.1	308	178.7	59.1	94.1
WP_011954015.1	gnl|META|G18NG-11595-MONOMER	2.0e-27	27.3	403	119.8	48.4	87.1
WP_011954015.1	gnl|META|HS02602-MONOMER	1.0e-26	27.5	363	117.5	46.0	76.9
WP_011954015.1	gnl|META|GLUTATHIONE-REDUCT-NADPH-MONOMER	2.3e-26	29.5	322	116.3	48.1	70.9
WP_011954018.1	gnl|META|CHORISMUTPREPHENDEHYDROG-MONOMER	1.7e-18	29.4	211	90.1	48.8	48.4
WP_011954019.1	gnl|META|EG11506-MONOMER	9.0e-52	45.9	229	201.4	64.6	31.0
WP_011954021.1	gnl|META|MONOMER-20983	6.9e-121	49.9	421	430.3	70.5	99.1
WP_011954026.1	gnl|META|MONOMER-12104	7.0e-14	28.2	216	73.9	45.8	83.8
WP_011954027.1	gnl|META|HISTPHOSTRANS-MONOMER	1.2e-28	30.1	316	123.6	50.9	83.3
WP_011954028.1	gnl|META|MONOMER-18751	7.9e-48	36.9	260	187.6	62.7	59.9
WP_011954028.1	gnl|META|MONOMER-20592	1.2e-43	40.1	384	173.7	55.2	88.6
WP_011954034.1	gnl|META|MONOMER-17934	2.3e-52	43.0	242	201.8	64.0	98.3
WP_011954038.1	gnl|META|MONOMER-15919	1.1e-112	56.9	371	402.9	72.5	97.1
WP_011954046.1	gnl|META|MONOMER-11900	1.8e-78	35.3	527	289.7	52.0	94.1
WP_011954047.1	gnl|META|EG10459-MONOMER	3.0e-15	25.1	410	80.5	41.0	34.8
WP_011954051.1	gnl|META|EG10459-MONOMER	1.2e-02	20.2	421	38.1	36.1	57.1
WP_011954052.1	gnl|META|MONOMER-19720	6.8e-06	28.4	102	48.5	42.2	13.4
WP_011954055.1	gnl|META|MONOMER-16979	4.6e-33	30.9	262	138.3	50.0	70.9
WP_011954059.1	gnl|META|BSU00140-MONOMER	3.1e-01	53.8	26	31.6	73.1	14.4
WP_011954059.1	gnl|META|EG10595-MONOMER	6.8e-01	30.4	56	30.4	46.4	30.9
WP_011954062.1	gnl|META|MONOMER-19266	8.7e-68	26.0	949	255.0	43.7	96.1
WP_011954063.1	gnl|META|EG11013-MONOMER	4.4e-51	26.8	751	199.1	43.3	94.6
WP_011954064.1	gnl|META|PSERPHOSPHA-MONOMER	6.6e-36	42.0	200	148.3	60.0	37.6
WP_011954066.1	gnl|META|MONOMER-2003	1.6e-125	50.2	422	445.7	70.4	99.8
WP_011954066.1	gnl|META|MONOMER-13647	3.4e-120	50.0	422	427.9	69.2	100.0
WP_011954067.1	gnl|META|MONOMER-18799	1.0e-20	40.6	160	96.3	57.5	81.8
WP_011954069.1	gnl|META|MONOMER-20122	2.1e-01	51.4	37	32.3	59.5	15.7
WP_011954070.1	gnl|META|AT4G33670-MONOMER	2.8e-12	26.1	306	69.3	43.1	73.7
WP_011954071.1	gnl|META|MONOMER-20239	7.7e-27	33.3	219	117.1	52.1	87.3
WP_011954071.1	gnl|META|MONOMER-20128	1.0e-26	33.3	222	116.7	55.0	86.5
WP_011954071.1	gnl|META|G185E-7476-MONOMER	2.7e-24	30.5	223	108.6	51.6	87.3
WP_011954073.1	gnl|META|EG11177-MONOMER	1.6e-24	29.9	244	109.8	45.1	65.0
WP_011954078.1	gnl|META|EG11497-MONOMER	6.1e-06	62.9	35	47.4	77.1	17.2
WP_011954079.1	gnl|META|MONOMER-14537	1.3e-216	72.9	490	748.4	87.8	98.6
WP_011954080.1	gnl|META|G12WB-158-MONOMER	8.9e-24	30.8	224	107.8	52.7	45.5
WP_011954080.1	gnl|META|MALK-MONOMER	2.2e-22	31.0	200	103.2	53.0	41.4
WP_011954080.1	gnl|META|YCBE-MONOMER	1.4e-21	34.0	194	100.5	54.1	40.1
WP_011954080.1	gnl|META|GLTL-MONOMER	1.9e-21	29.7	239	100.1	52.7	47.6
WP_011954080.1	gnl|META|XYLG-MONOMER	1.9e-21	20.8	520	100.1	44.2	100.0
WP_011954080.1	gnl|META|ARTP-MONOMER	4.1e-21	30.1	219	99.0	51.6	42.4
WP_011954080.1	gnl|META|NIKE-MONOMER	5.4e-21	33.8	222	98.6	50.5	42.8
WP_011954081.1	gnl|META|G12WB-160-MONOMER	7.9e-05	25.8	248	43.9	44.8	92.9
WP_011954083.1	gnl|META|EG10613-MONOMER	3.2e-52	28.3	526	202.6	51.0	87.8
WP_011954084.1	gnl|META|EG10613-MONOMER	1.9e-52	30.7	488	203.4	52.0	80.4
WP_011954090.1	gnl|META|MONOMER-18689	3.9e-02	40.7	27	35.4	74.1	8.1
WP_011954090.1	gnl|META|MONOMER-426	8.7e-02	45.8	24	34.3	66.7	7.2
WP_011954090.1	gnl|META|MONOMER-12226	8.7e-02	40.9	22	34.3	77.3	6.6
WP_011954090.1	gnl|META|MONOMER-16399	1.5e-01	60.0	20	33.5	75.0	6.0
WP_011954092.1	gnl|META|MONOMER-19705	2.1e-02	24.1	353	37.0	36.3	60.7
WP_011954093.1	gnl|META|MONOMER-20849	9.2e-08	29.5	132	52.8	49.2	93.8
WP_011954095.1	gnl|META|MONOMER-16209	2.3e-07	26.0	177	52.4	47.5	70.8
WP_011954097.1	gnl|META|MONOMER-18825	1.3e-61	46.9	262	232.6	66.4	96.3
WP_011954098.1	gnl|META|MONOMER-18046	1.7e-66	44.8	335	249.2	64.2	98.8
WP_011954100.1	gnl|META|EG12347-MONOMER	1.5e-61	52.6	247	232.3	64.0	99.1
WP_011954100.1	gnl|META|GLNQ-MONOMER	9.0e-59	50.4	236	223.0	68.6	96.9
WP_011954100.1	gnl|META|GLTL-MONOMER	3.2e-56	49.0	239	214.5	66.9	97.8
WP_011954101.1	gnl|META|G7039-MONOMER	1.1e-21	28.0	261	100.1	49.4	93.4
WP_011954102.1	gnl|META|MONOMER-20616	3.9e-28	36.4	264	122.1	53.8	61.7
WP_011954102.1	gnl|META|MONOMER-20614	5.3e-25	31.9	263	111.7	50.6	61.7
WP_011954104.1	gnl|META|G12WB-158-MONOMER	3.2e-03	22.8	114	39.7	45.6	20.9
WP_011954105.1	gnl|META|BSU05900-MONOMER	1.8e-02	23.0	139	36.6	46.8	39.5
WP_011954110.1	gnl|META|AT2G39030-MONOMER	2.3e-05	26.8	149	45.1	43.6	93.5
WP_011954110.1	gnl|META|ENSG00000144035-MONOMER	1.5e-04	32.6	89	42.4	48.3	57.8
WP_011954110.1	gnl|META|EG11207-MONOMER	2.5e-04	27.0	115	41.6	50.4	72.7
WP_011954111.1	gnl|META|MONOMER-14880	5.0e-05	28.7	178	45.1	45.5	49.7
WP_011954111.1	gnl|META|MONOMER-14883	1.5e-04	25.7	237	43.5	42.6	67.1
WP_011954112.1	gnl|META|BSU16770-MONOMER	9.6e-61	39.8	294	229.9	61.2	98.7
WP_011954112.1	gnl|META|DIHYDRODIPICSYN-MONOMER	2.8e-60	40.2	296	228.4	61.5	99.3
WP_011954112.1	gnl|META|MONOMER-6565	4.0e-59	38.7	282	224.6	62.1	94.9
WP_011954114.1	gnl|META|BSU22460-MONOMER	9.9e-28	29.2	367	120.6	47.7	96.9
WP_011954119.1	gnl|META|MONOMER-19558	5.0e-02	19.3	135	35.8	43.0	22.7
WP_011954120.1	gnl|META|MONOMER-20840	1.3e-20	29.8	198	96.3	54.0	82.1
WP_011954122.1	gnl|META|MONOMER-13648	5.8e-44	52.8	161	173.3	69.6	98.1
WP_011954122.1	gnl|META|MONOMER-2005	9.3e-42	53.5	159	166.0	68.6	98.1
WP_011954122.1	gnl|META|MONOMER-13677	9.3e-42	50.6	154	166.0	68.8	93.8
WP_011954123.1	gnl|META|MONOMER-14546	8.7e-71	44.2	335	263.5	65.7	99.4
WP_011954124.1	gnl|META|MONOMER-18796	1.2e-145	50.9	499	512.7	70.7	99.6
WP_011954125.1	gnl|META|MONOMER-14510	2.5e-22	55.9	186	101.7	68.8	98.4
WP_011954126.1	gnl|META|MONOMER-19568	2.0e-62	38.2	340	235.7	59.4	99.4
WP_011954127.1	gnl|META|MONOMER-17576	1.3e-58	37.8	362	223.4	54.7	81.6
WP_011954128.1	gnl|META|EG10454-MONOMER	1.5e-13	25.8	267	73.2	44.2	83.4
WP_011954129.1	gnl|META|MACB	7.5e-01	22.8	123	32.3	48.0	16.2
WP_011954130.1	gnl|META|PRIBFAICARPISOM-MONOMER	4.7e-29	29.7	239	124.4	54.0	94.7
WP_011954131.1	gnl|META|MONOMER-18313	4.6e-67	40.3	355	251.1	57.7	100.0
WP_011954134.1	gnl|META|MONOMER-18926	4.7e-18	25.9	478	88.6	41.8	98.5
WP_011954137.1	gnl|META|EG10997-MONOMER	2.8e-08	26.7	206	55.8	46.1	61.0
WP_011954138.1	gnl|META|G7723-MONOMER	9.9e-30	29.3	307	127.1	46.3	90.1
WP_011954140.1	gnl|META|BSU14520-MONOMER	4.7e-88	36.6	543	321.6	56.5	92.5
WP_011954142.1	gnl|META|MONOMER-16735	5.6e-45	36.6	287	177.6	58.5	97.3
WP_011954143.1	gnl|META|MONOMER-16731	4.0e-10	32.6	144	60.8	57.6	88.9
WP_011954144.1	gnl|META|MONOMER0-541	1.1e-31	28.2	309	134.4	49.5	49.5
WP_011954145.1	gnl|META|MONOMER-20117	9.1e-21	25.4	457	97.8	43.3	90.2
WP_011954146.1	gnl|META|YMR271C-MONOMER	1.9e-07	31.6	98	52.4	52.0	48.8
WP_011954146.1	gnl|META|YML106W-MONOMER	9.2e-07	27.6	98	50.1	54.1	48.8
WP_011954150.1	gnl|META|GDHA-MONOMER	1.6e-139	58.7	436	492.3	72.9	97.3
WP_011954154.1	gnl|META|MONOMER-14597	6.4e-123	33.3	1023	438.0	51.8	99.1
WP_011954154.1	gnl|META|MONOMER-14600	7.1e-122	33.1	996	434.5	51.2	97.8
WP_011954154.1	gnl|META|MONOMER-14601	6.0e-121	36.6	867	431.4	55.1	87.8
WP_011954154.1	gnl|META|MONOMER-14610	1.5e-116	32.6	955	416.8	51.7	97.7
WP_011954155.1	gnl|META|MONOMER-18418	3.5e-22	28.2	241	101.7	52.3	89.4
WP_011954157.1	gnl|META|EG10529-MONOMER	3.7e-21	39.5	147	99.8	63.3	20.0
WP_011954158.1	gnl|META|MRTAMAUTO-MONOMER	1.1e-267	80.2	550	918.3	90.4	99.5
WP_011954159.1	gnl|META|MRTGMAUTO-MONOMER	4.2e-124	76.9	264	440.3	90.2	98.5
WP_011954161.1	gnl|META|MRTBMAUTO-MONOMER	2.5e-190	74.8	440	661.0	86.4	99.8
WP_011954163.1	gnl|META|RPOC-MONOMER	2.2e-07	24.1	145	53.1	45.5	26.6
WP_011954163.1	gnl|META|RPOC-MONOMER	4.9e-07	65.7	35	52.0	80.0	8.4
WP_011954164.1	gnl|META|RPOC-MONOMER	6.0e-58	25.4	897	222.2	42.1	95.1
WP_011954165.1	gnl|META|RPOB-MONOMER	4.6e-18	29.2	168	89.0	54.8	31.9
WP_011954169.1	gnl|META|BSU38300-MONOMER	4.5e-39	38.2	280	157.9	55.4	96.5
WP_011954170.1	gnl|META|AT1G22940-MONOMER	9.5e-39	43.0	207	156.4	64.3	96.2
WP_011954170.1	gnl|META|BSU38290-MONOMER	7.5e-36	38.5	205	146.7	62.0	95.7
WP_011954171.1	gnl|META|MONOMER-382	7.8e-61	37.5	413	230.7	54.5	97.3
WP_011954171.1	gnl|META|MONOMER-13053	1.2e-56	37.3	408	216.9	53.9	96.3
WP_011954172.1	gnl|META|MONOMER-14534	1.2e-71	60.6	221	265.8	77.8	99.5
WP_011954172.1	gnl|META|MONOMER-14589	6.5e-70	60.5	215	260.0	77.2	96.8
WP_011954172.1	gnl|META|MONOMER-11811	7.4e-66	54.5	220	246.5	77.7	99.1
WP_011954175.1	gnl|META|MONOMER-18047	1.8e-78	46.3	307	288.9	66.1	99.3
WP_011954176.1	gnl|META|MONOMER0-146	6.8e-03	26.7	105	37.4	44.8	47.7
WP_011954176.1	gnl|META|PD01343	3.4e-02	43.3	30	35.0	70.0	13.6
WP_011954177.1	gnl|META|MONOMER-18552	3.0e-72	37.7	387	268.5	61.0	99.2
WP_011954177.1	gnl|META|G185E-5106-MONOMER	2.0e-71	40.4	386	265.8	61.7	98.4
WP_011954177.1	gnl|META|SUCCCOASYN-BETA	3.9e-67	37.4	366	251.5	59.0	93.5
WP_011954179.1	gnl|META|MONOMER-12695	1.7e-86	56.7	261	315.5	71.6	90.0
WP_011954180.1	gnl|META|MONOMER-12693	1.3e-13	48.5	66	71.2	59.1	95.7
WP_011954181.1	gnl|META|TTDB-MONOMER	1.2e-12	33.3	177	69.3	50.8	100.0
WP_011954181.1	gnl|META|FUMB-MONOMER	1.0e-11	28.0	157	66.2	49.0	89.6
WP_011954182.1	gnl|META|MONOMER3O-398	8.0e-01	31.8	44	31.2	52.3	12.1
WP_011954184.1	gnl|META|MONOMER-14886	2.3e-34	36.7	240	142.1	58.3	93.4
WP_011954185.1	gnl|META|MONOMER-20427	5.6e-18	32.7	153	88.2	52.9	39.6
WP_011954185.1	gnl|META|MONOMER-14882	1.6e-17	32.9	143	86.7	51.7	37.4
WP_011954185.1	gnl|META|MONOMER-14883	2.1e-17	29.6	250	86.3	48.4	66.9
WP_011954187.1	gnl|META|G6245-MONOMER	5.5e-24	31.9	213	107.5	55.9	91.2
WP_011954187.1	gnl|META|BSU13720-MONOMER	9.4e-24	32.9	222	106.7	54.1	94.7
WP_011954190.1	gnl|META|MONOMER-14538	5.8e-224	69.9	531	773.1	84.6	93.3
WP_011954191.1	gnl|META|G185E-4160-MONOMER	1.2e-110	54.0	359	396.0	71.9	98.4
WP_011954194.1	gnl|META|MONOMER-14022	9.1e-02	26.7	120	34.3	42.5	33.6
WP_011954195.1	gnl|META|BSU04040-MONOMER	3.3e-24	31.0	248	108.2	51.2	100.0
WP_011954205.1	gnl|META|MONOMER-14503	2.1e-70	33.0	539	263.1	54.0	81.7
WP_011954205.1	gnl|META|G1G01-5484-MONOMER	4.0e-69	29.1	616	258.8	53.9	97.4
WP_011954205.1	gnl|META|MONOMER-16632	9.8e-68	30.2	609	254.2	53.0	96.4
WP_011954205.1	gnl|META|YHHO-MONOMER	1.3e-64	31.4	593	243.8	54.6	94.1
WP_011954205.1	gnl|META|MONOMER-14495	2.9e-64	29.2	595	242.7	53.8	90.6
WP_011954208.1	gnl|META|GLUTRNAREDUCT-MONOMER	1.9e-43	29.6	412	172.9	52.2	98.0
WP_011954209.1	gnl|META|MONOMER-18855	2.2e-11	27.1	177	65.5	54.2	80.3
WP_011954211.1	gnl|META|MONOMER-12181	3.2e-80	51.5	305	294.7	70.8	98.7
WP_011954214.1	gnl|META|MONOMER-12228	2.6e-98	48.7	394	355.1	67.3	99.7
WP_011954215.1	gnl|META|MONOMER-20544	1.6e-232	52.8	786	802.0	71.6	97.4
WP_011954216.1	gnl|META|YEHX-MONOMER	6.0e-56	46.5	241	213.8	67.2	96.8
WP_011954217.1	gnl|META|YEHY-MONOMER	4.1e-27	34.8	204	119.0	59.3	36.4
WP_011954219.1	gnl|META|MONOMER-13446	6.1e-01	35.1	37	31.6	54.1	10.3
WP_011954222.1	gnl|META|G6281-MONOMER	1.6e-42	27.6	439	169.9	49.0	98.8
WP_011954222.1	gnl|META|BSU15500-MONOMER	3.1e-41	30.5	430	165.6	47.0	98.8
WP_011954223.1	gnl|META|DMSB-MONOMER	2.8e-02	35.6	59	36.2	44.1	12.3
WP_011954223.1	gnl|META|MONOMER-16455	4.8e-02	30.5	105	35.4	40.0	22.5
WP_011954223.1	gnl|META|MONOMER-12662	4.8e-02	53.8	26	35.4	65.4	6.3
WP_011954224.1	gnl|META|MVHAMAUTO-MONOMER	3.7e-224	79.1	473	773.5	88.4	99.8
WP_011954225.1	gnl|META|MVHGMAUTO-MONOMER	3.7e-148	78.9	308	520.4	88.6	100.0
WP_011954227.1	gnl|META|YHBG-MONOMER	1.6e-24	33.5	236	109.4	51.3	92.5
WP_011954229.1	gnl|META|MONOMER-14884	8.8e-13	27.5	193	70.1	48.2	94.1
WP_011954231.1	gnl|META|MONOMER-16913	8.1e-02	34.4	64	33.9	51.6	26.9
WP_011954235.1	gnl|META|MCRAMAUTO-MONOMER	2.8e-271	82.0	551	930.2	89.3	100.0
WP_011954237.1	gnl|META|MCRBMAUTO-MONOMER	5.6e-174	70.2	443	606.7	80.4	100.0
WP_011954240.1	gnl|META|MONOMER-2263	8.6e-25	35.6	239	110.2	56.5	98.7
WP_011954241.1	gnl|META|EG11003-MONOMER	8.7e-01	37.5	40	31.2	60.0	10.2
WP_011954245.1	gnl|META|MONOMER-18139	1.8e-72	42.4	349	269.2	60.2	94.0
WP_011954245.1	gnl|META|MONOMER-16953	2.0e-71	43.5	345	265.8	61.2	92.9
WP_011954245.1	gnl|META|G7166-MONOMER	3.8e-67	38.6	373	251.5	58.4	97.0
WP_011954245.1	gnl|META|MONOMER-17089	3.8e-67	41.2	340	251.5	58.2	91.8
WP_011954245.1	gnl|META|MONOMER-17574	5.0e-67	41.6	341	251.1	57.8	92.4
WP_011954246.1	gnl|META|MONOMER-16631	2.7e-63	35.4	378	238.8	57.7	95.9
WP_011954249.1	gnl|META|MONOMER-12178	9.7e-108	51.4	360	386.3	72.5	99.7
WP_011954250.1	gnl|META|MONOMER-18048	3.0e-52	43.1	248	201.4	63.3	99.2
WP_011954253.1	gnl|META|AIRS-MONOMER	9.6e-49	35.7	322	190.3	55.9	90.9
WP_011954253.1	gnl|META|HS08358-MONOMER	5.5e-44	34.8	325	174.5	55.7	91.7
WP_011954255.1	gnl|META|BSU15540-MONOMER	1.5e-48	37.1	302	189.5	58.9	98.0
WP_011954255.1	gnl|META|MONOMER-14471	5.8e-45	37.0	300	177.6	58.3	97.4
WP_011954258.1	gnl|META|EG10004-MONOMER	3.0e-11	31.5	143	64.7	56.6	79.2
WP_011954260.1	gnl|META|MONOMER-20849	4.0e-05	23.3	129	45.1	46.5	47.4
WP_011954261.1	gnl|META|EG10973-MONOMER	1.6e-02	34.5	55	36.6	50.9	17.6
WP_011954262.1	gnl|META|BSU13740-MONOMER	3.7e-15	32.0	128	78.2	60.9	52.6
WP_011954263.1	gnl|META|MONOMER-20101	2.5e-16	28.6	161	81.6	50.9	91.3
WP_011954267.1	gnl|META|MONOMER-16443	3.8e-05	24.5	274	45.4	42.7	79.8
WP_011954269.1	gnl|META|MONOMER-16442	5.8e-23	24.7	450	105.1	46.0	88.2
WP_011954273.1	gnl|META|BSU25790-MONOMER	1.7e-19	25.5	286	92.8	47.6	100.0
WP_011954280.1	gnl|META|G6577-MONOMER	1.4e-17	32.4	213	86.3	49.8	85.8
WP_011954280.1	gnl|META|MONOMER3O-4152	2.6e-16	26.0	242	82.0	42.6	83.3
WP_011954284.1	gnl|META|EG11758-MONOMER	2.4e-35	28.5	509	146.4	45.6	97.1
WP_011954285.1	gnl|META|MONOMER-7721	4.8e-03	26.0	96	38.5	53.1	27.4
WP_011954286.1	gnl|META|TRKG-MONOMER	1.7e-43	28.8	480	173.3	48.1	96.7
WP_011954286.1	gnl|META|TRKH-MONOMER	7.2e-42	26.7	480	167.9	49.8	96.4
WP_011954287.1	gnl|META|MONOMER-15739	1.9e-02	24.8	153	35.8	44.4	67.6
WP_011954287.1	gnl|META|MONOMER-12812	1.9e-02	29.8	114	35.8	48.2	51.4
WP_011954287.1	gnl|META|MONOMER-20935	1.3e-01	40.0	40	33.1	65.0	18.5
WP_011954287.1	gnl|META|MONOMER-18310	1.6e-01	35.1	37	32.7	62.2	17.1
WP_011954289.1	gnl|META|YFL017C-MONOMER	2.2e-02	26.8	56	35.4	53.6	29.6
WP_011954289.1	gnl|META|MONOMER-13186	2.2e-02	30.8	65	35.4	50.8	33.3
WP_011954290.1	gnl|META|EG11551-MONOMER	7.7e-99	37.7	753	357.8	56.0	98.7
WP_011954292.1	gnl|META|EG10241-MONOMER	5.0e-160	54.1	566	560.8	71.9	85.9
WP_011954293.1	gnl|META|EG10240-MONOMER	2.9e-57	42.8	390	218.8	59.2	98.2
WP_011954302.1	gnl|META|MONOMER-12648	3.6e-81	52.7	277	297.7	67.9	97.2
WP_011954303.1	gnl|META|MONOMER-12647	1.4e-83	37.8	450	306.2	56.7	98.3
WP_011954305.1	gnl|META|G1G01-5484-MONOMER	3.8e-97	35.5	583	352.1	55.7	84.0
WP_011954305.1	gnl|META|YHHO-MONOMER	1.6e-90	33.1	626	330.1	55.4	90.9
WP_011954308.1	gnl|META|G1I0R-1994-MONOMER	1.8e-52	43.7	238	202.2	63.0	97.9
WP_011954309.1	gnl|META|G1I0R-1995-MONOMER	1.4e-66	35.8	394	250.0	53.6	87.8
WP_011954312.1	gnl|META|PRAI-IGPS	6.0e-35	39.7	219	144.1	57.1	84.9
WP_011954312.1	gnl|META|MONOMER-3602	3.9e-34	40.3	201	141.4	62.2	77.1
WP_011954312.1	gnl|META|MONOMER-3581	3.1e-31	36.4	209	131.7	59.3	79.8
WP_011954313.1	gnl|META|ANTHRANSYNCOMPII-MONOMER	4.3e-57	37.3	316	218.0	57.6	94.0
WP_011954313.1	gnl|META|MONOMER-282	1.2e-56	38.6	334	216.5	58.4	98.8
WP_011954314.1	gnl|META|MONOMER-282	4.6e-56	54.8	188	213.8	75.5	96.4
WP_011954315.1	gnl|META|MONOMER-16005	9.4e-101	41.6	490	363.6	61.2	96.4
WP_011954320.1	gnl|META|MONOMER-14503	2.7e-121	34.4	843	432.6	52.4	97.5
WP_011954321.1	gnl|META|MONOMER-18675	6.0e-13	25.8	267	71.6	43.8	58.5
WP_011954322.1	gnl|META|G7422-MONOMER	2.3e-20	37.6	170	96.3	51.8	39.8
WP_011954323.1	gnl|META|MONOMER-20116	7.6e-89	45.3	358	323.6	67.6	98.3
WP_011954327.1	gnl|META|MONOMER-17924	5.3e-13	24.9	241	70.9	46.1	99.5
WP_011954330.1	gnl|META|NAD-SYNTH-MONOMER	2.2e-16	31.2	202	82.4	47.0	69.9
WP_011954331.1	gnl|META|MONOMER-16690	9.9e-48	39.2	245	186.4	62.9	100.0
WP_011954332.1	gnl|META|YJR117W-MONOMER	1.3e-02	22.3	179	37.0	39.7	46.7
WP_011954332.1	gnl|META|EG11291-MONOMER	3.7e-02	40.0	40	35.4	65.0	12.5
WP_011954334.1	gnl|META|EG10542-MONOMER	2.0e-03	26.1	111	39.7	45.9	31.4
WP_011954334.1	gnl|META|EG10156-MONOMER	1.7e-02	23.8	130	36.6	40.0	35.9
WP_011954335.1	gnl|META|EG10924-MONOMER	9.5e-05	41.8	55	44.7	63.6	11.0
WP_011954337.1	gnl|META|MONOMER-18802	2.0e-79	54.4	281	292.0	73.0	97.9
WP_011954340.1	gnl|META|EG10668-MONOMER	1.9e-21	47.1	102	98.6	64.7	60.4
WP_011954343.1	gnl|META|G1I0R-1995-MONOMER	1.1e-16	25.8	310	84.3	45.5	58.7
WP_011954343.1	gnl|META|MONOMER-16146	7.3e-16	25.3	371	81.6	38.8	67.3
WP_011954344.1	gnl|META|MONOMER-12256	1.2e-14	25.4	335	77.4	43.9	71.1
WP_011954345.1	gnl|META|HS02077-MONOMER	1.4e-01	29.7	64	33.9	53.1	14.6
WP_011954350.1	gnl|META|G185E-6342-MONOMER	1.1e-31	33.5	266	133.3	56.0	94.2
WP_011954350.1	gnl|META|EG11665-MONOMER	1.5e-28	32.5	274	122.9	56.9	96.8
WP_011954351.1	gnl|META|MONOMER-11914	3.0e-118	61.4	303	421.0	80.9	98.7
WP_011954352.1	gnl|META|EG11291-MONOMER	4.3e-05	23.4	154	45.4	43.5	40.3
WP_011954355.1	gnl|META|IMIDPHOSPHADEHYDHISTIDPHOSPHA-MONOMER	7.9e-48	45.5	191	186.4	71.2	99.5
WP_011954356.1	gnl|META|MODC-MONOMER	8.4e-04	27.8	72	40.4	58.3	31.3
WP_011954358.1	gnl|META|MONOMER0-146	5.8e-06	28.4	141	47.4	46.1	70.8
WP_011954361.1	gnl|META|MONOMER-4002	6.0e-37	51.6	157	151.4	63.1	38.5
WP_011954362.1	gnl|META|THRS-MONOMER	2.4e-34	24.9	417	143.3	44.8	66.8
WP_011954363.1	gnl|META|MONOMER-20114	3.1e-103	44.8	478	371.7	59.6	98.7
WP_011954366.1	gnl|META|EG11817-MONOMER	7.1e-28	31.2	263	120.6	48.3	99.6
WP_011954368.1	gnl|META|MONOMER-14540	2.8e-36	48.8	170	147.9	70.0	95.4
WP_011954371.1	gnl|META|ARGS-MONOMER	3.4e-46	25.2	547	182.6	48.6	91.8
WP_011954372.1	gnl|META|EG10600-MONOMER	2.8e-02	38.6	44	34.7	61.4	31.4
WP_011954373.1	gnl|META|AT5G63570-MONOMER	3.6e-109	46.3	419	391.3	66.3	97.6
WP_011954373.1	gnl|META|GSAAMINOTRANS-MONOMER	2.6e-104	45.5	415	375.2	64.3	96.5
WP_011954373.1	gnl|META|MONOMER-13236	5.0e-103	45.1	415	370.9	64.3	96.5
WP_011954374.1	gnl|META|BAIDEL6EUBSP-MONOMER	7.4e-32	29.6	415	134.4	45.5	98.5
WP_011954375.1	gnl|META|MONOMER-14054	8.3e-69	34.6	433	257.3	52.2	95.9
WP_011954376.1	gnl|META|MONOMER-11919	1.9e-219	65.8	549	758.1	82.1	100.0
WP_011954377.1	gnl|META|HISTDEHYD-MONOMER	7.0e-81	45.3	340	297.4	64.7	79.5
WP_011954380.1	gnl|META|NIFHKLEB-MONOMER	4.2e-04	41.7	60	41.6	60.0	22.5
WP_011954380.1	gnl|META|MONOMER-19495	5.5e-04	34.3	70	41.2	57.1	27.1
WP_011954380.1	gnl|META|NIFH1CP-MONOMER	3.6e-03	44.4	36	38.5	69.4	14.0
WP_011954382.1	gnl|META|G6634-MONOMER	6.3e-01	44.4	27	30.8	63.0	12.3
WP_011954384.1	gnl|META|YBHR-MONOMER	9.5e-19	23.8	399	90.9	43.1	97.8
WP_011954385.1	gnl|META|YBHF-MONOMER	1.1e-44	40.2	229	176.8	60.7	65.1
WP_011954388.1	gnl|META|MONOMER-14496	1.8e-10	31.2	112	62.8	57.1	39.8
WP_011954388.1	gnl|META|MONOMER-14495	5.8e-09	23.1	260	57.8	41.2	91.7
WP_011954388.1	gnl|META|MONOMER-14493	7.6e-09	28.0	125	57.4	50.4	47.3
WP_011954389.1	gnl|META|SYNPCC7942_2117-MONOMER	6.6e-77	37.7	470	284.3	54.0	99.3
WP_011954389.1	gnl|META|MONOMER-13955	3.1e-74	36.6	467	275.4	53.5	98.9
WP_011954390.1	gnl|META|MONOMER-20114	5.4e-03	25.1	175	38.9	42.3	34.6
WP_011954392.1	gnl|META|G185E-7593-MONOMER	6.3e-90	38.0	547	327.8	58.9	95.3
WP_011954392.1	gnl|META|SDH-FLAVO	2.0e-83	37.1	552	306.2	55.4	95.3
WP_011954393.1	gnl|META|ATPPHOSRIBOSTRANS-MONOMER	1.4e-40	36.6	295	162.9	56.6	97.9
WP_011954395.1	gnl|META|AT3G20330-MONOMER	1.6e-74	46.3	309	275.8	66.3	96.5
WP_011954395.1	gnl|META|ASPCARBCAT-MONOMER	4.0e-73	47.1	306	271.2	67.3	95.6
WP_011954396.1	gnl|META|MONOMER-13228	1.8e-18	28.0	322	89.7	46.3	88.5
WP_011954397.1	gnl|META|MONOMER-13219	1.5e-25	32.1	305	113.2	48.9	87.3
WP_011954398.1	gnl|META|MONOMER-12176	5.8e-30	40.4	183	127.1	60.1	93.8
WP_011954400.1	gnl|META|MONOMER-17924	2.0e-44	40.4	240	176.0	64.6	65.1
WP_011954400.1	gnl|META|MONOMER-13222	2.9e-43	39.0	241	172.2	63.9	66.5
WP_011954404.1	gnl|META|MONOMER-20113	1.6e-13	30.3	152	73.2	50.0	47.9
WP_011954405.1	gnl|META|MONOMER-20113	1.0e-11	36.4	88	66.2	56.8	54.0
WP_011954407.1	gnl|META|BSU05900-MONOMER	2.6e-24	27.7	303	109.0	50.8	90.8
WP_011954410.1	gnl|META|MONOMER-17168	5.0e-71	36.3	397	264.6	57.9	89.5
WP_011954411.1	gnl|META|YOR128C-MONOMER	8.8e-26	44.6	139	114.0	60.4	40.7
WP_011954411.1	gnl|META|PURE-MONOMER	1.3e-24	45.0	140	110.2	63.6	40.4
WP_011954414.1	gnl|META|MONOMER-19283	8.3e-23	30.5	295	104.0	47.5	94.8
WP_011954416.1	gnl|META|EG10900-MONOMER	2.5e-14	50.7	75	77.0	74.7	10.5
WP_011954420.1	gnl|META|MONOMER-19974	1.6e-14	26.0	281	77.8	46.6	32.9
WP_011954420.1	gnl|META|BSU35680-MONOMER	8.7e-13	22.0	309	72.0	44.0	38.4
WP_011954421.1	gnl|META|MONOMER-13649	7.7e-99	58.6	326	356.7	73.3	95.8
WP_011954422.1	gnl|META|MONOMER-13648	2.0e-52	61.0	159	201.4	76.1	98.8
WP_011954423.1	gnl|META|MONOMER-13647	2.7e-146	61.3	421	514.6	76.2	99.8
WP_011954426.1	gnl|META|UDPMANNACADEHYDROG-MONOMER	1.2e-90	42.6	418	329.7	63.2	94.9
WP_011954427.1	gnl|META|MONOMER-17551	2.6e-55	40.5	289	211.8	58.5	96.8
WP_011954427.1	gnl|META|MONOMER-17067	5.3e-53	40.9	279	204.1	58.1	97.5
WP_011954427.1	gnl|META|MONOMER-18090	1.5e-50	38.0	271	196.1	57.6	95.7
WP_011954428.1	gnl|META|G7545-MONOMER	4.1e-01	31.2	64	34.7	51.6	3.1
WP_011954430.1	gnl|META|DTDPDEHYDRHAMEPIM-MONOMER	1.3e-47	52.6	175	185.7	72.0	93.5
WP_011954431.1	gnl|META|MONOMER-17002	4.1e-100	53.4	337	360.9	68.5	93.5
WP_011954431.1	gnl|META|MONOMER-17087	4.5e-99	52.0	323	357.5	72.1	94.9
WP_011954431.1	gnl|META|MONOMER-17549	5.0e-98	52.6	323	354.0	71.5	94.9
WP_011954431.1	gnl|META|MONOMER-18752	4.2e-97	54.3	311	350.9	74.0	92.6
WP_011954431.1	gnl|META|DTDPGLUCDEHYDRAT-MONOMER	5.2e-95	51.0	357	344.0	65.8	98.2
WP_011954431.1	gnl|META|DTDPGLUCDEHYDRAT2-MONOMER	2.6e-94	51.4	348	341.7	65.5	96.7
WP_011954431.1	gnl|META|MONOMER-19394	2.6e-94	51.4	321	341.7	69.8	94.9
WP_011954431.1	gnl|META|MONOMER-18352	2.6e-94	50.9	320	341.7	67.8	94.0
WP_011954431.1	gnl|META|MONOMER-17071	9.8e-94	51.3	318	339.7	69.8	94.0
WP_011954431.1	gnl|META|MONOMER-18133	3.1e-92	49.3	353	334.7	64.9	95.8
WP_011954431.1	gnl|META|MONOMER-18087	7.0e-92	48.9	323	333.6	70.3	94.9
WP_011954431.1	gnl|META|MONOMER-17068	7.0e-92	50.3	322	333.6	69.6	94.3
WP_011954431.1	gnl|META|MONOMER-16952	1.0e-90	48.6	323	329.7	69.3	94.9
WP_011954432.1	gnl|META|MONOMER-19974	1.0e-22	34.5	220	104.0	51.8	57.0
WP_011954433.1	gnl|META|MONOMER-19974	7.5e-23	32.1	215	104.8	54.4	44.0
WP_011954433.1	gnl|META|BSU35680-MONOMER	1.3e-22	25.8	318	104.0	47.8	64.4
WP_011954433.1	gnl|META|MONOMER-17340	4.9e-22	31.2	321	102.1	47.7	60.4
WP_011954434.1	gnl|META|G185E-7539-MONOMER	5.6e-08	21.2	236	55.5	41.5	43.6
WP_011954435.1	gnl|META|MONOMER-17322	1.1e-03	26.8	112	42.0	48.2	12.9
WP_011954435.1	gnl|META|MONOMER-19379	1.2e-02	31.1	61	38.5	49.2	7.1
WP_011954438.1	gnl|META|MONOMER-19974	1.5e-26	31.3	217	116.7	56.2	58.3
WP_011954439.1	gnl|META|MONOMER-17322	3.0e-01	27.8	108	33.1	47.2	20.7
WP_011954441.1	gnl|META|G185E-7539-MONOMER	3.0e-04	17.8	242	43.1	41.3	42.8
WP_011954441.1	gnl|META|MONOMER-17334	1.5e-03	29.5	105	40.8	54.3	18.9
WP_011954443.1	gnl|META|MONOMER-19974	3.8e-24	34.2	237	108.6	51.5	67.0
WP_011954444.1	gnl|META|MONOMER-19974	3.3e-28	34.8	282	122.1	50.4	80.8
WP_011954445.1	gnl|META|MONOMER-19989	1.8e-42	35.7	255	170.2	58.8	43.0
WP_011954445.1	gnl|META|BSU35700-MONOMER	4.4e-41	34.7	239	165.6	59.0	40.8
WP_011954445.1	gnl|META|MONOMER-20000	4.4e-41	34.7	239	165.6	59.0	40.8
WP_011954446.1	gnl|META|MONOMER-19965	1.4e-58	35.8	366	223.0	59.0	96.7
WP_011954447.1	gnl|META|MONOMER-19974	5.0e-23	28.4	271	104.8	50.6	81.6
WP_011954448.1	gnl|META|G185E-7539-MONOMER	1.4e-09	23.5	268	60.1	39.6	73.2
WP_011954448.1	gnl|META|EG11266-MONOMER	2.1e-08	30.0	110	56.2	54.5	34.3
WP_011954449.1	gnl|META|MONOMER-15979	2.7e-57	30.3	465	219.2	54.4	97.4
WP_011954449.1	gnl|META|G7098-MONOMER	4.3e-55	31.2	465	211.8	51.6	98.3
WP_011954453.1	gnl|META|HDRAMAUTO-MONOMER	9.6e-303	77.8	663	1035.0	87.2	100.0
WP_011954454.1	gnl|META|ILES-MONOMER	1.2e-119	34.2	799	427.6	49.8	72.0
WP_011954455.1	gnl|META|FGAMSYN-MONOMER	1.5e-27	24.1	482	120.9	43.4	57.1
WP_011954455.1	gnl|META|FGAMSYN-MONOMER	4.2e-01	34.2	73	33.1	49.3	9.9
WP_011954455.1	gnl|META|YGR061C-MONOMER	1.3e-26	25.0	388	117.9	44.8	48.0
WP_011954455.1	gnl|META|YGR061C-MONOMER	1.2e+00	29.5	95	31.6	45.3	12.2
WP_011954457.1	gnl|META|MONOMER-18960	1.3e-164	67.4	402	575.5	82.1	98.5
WP_011954460.1	gnl|META|MONOMER-18826	2.0e-59	39.4	330	225.7	64.2	97.6
WP_011954462.1	gnl|META|MONOMER-16769	5.4e-23	39.4	132	103.6	59.1	83.9
WP_011954462.1	gnl|META|EG11666-MONOMER	3.5e-22	42.5	134	100.9	59.0	84.5
WP_011954462.1	gnl|META|AT1G01290-MONOMER	1.7e-21	40.3	134	98.6	58.2	84.5
WP_011954464.1	gnl|META|GLYOXI-MONOMER	9.2e-07	28.1	128	49.3	48.4	98.3
WP_011954465.1	gnl|META|MONOMER-11526	1.0e-86	42.0	388	316.6	61.9	97.4
WP_011954465.1	gnl|META|SUCCORNTRANSAM-MONOMER	1.6e-84	42.2	389	309.3	58.9	96.6
WP_011954465.1	gnl|META|ACETYLORNTRANSAM-MONOMER	1.2e-82	39.2	388	303.1	59.0	97.4
WP_011954465.1	gnl|META|MONOMER-6741	1.7e-81	41.5	386	299.3	60.6	98.7
WP_011954466.1	gnl|META|EG10626-MONOMER	3.6e-07	26.9	119	50.8	48.7	88.8
WP_011954466.1	gnl|META|G6954-MONOMER	4.7e-07	26.7	105	50.4	48.6	78.4
WP_011954468.1	gnl|META|DIAMINOPIMEPIM-MONOMER	3.1e-48	36.9	282	188.3	55.0	97.9
WP_011954469.1	gnl|META|EG10523-MONOMER	2.0e-21	30.9	230	99.4	47.4	72.9
WP_011954470.1	gnl|META|EG12657-MONOMER	3.0e-03	30.6	49	37.4	63.3	50.0
WP_011954475.1	gnl|META|RIBONUCLEOSIDE-TRIP-REDUCT-MONOMER	6.6e-45	26.8	642	178.7	43.9	75.5
WP_011954477.1	gnl|META|CYSS-MONOMER	2.1e-02	29.2	113	37.0	45.1	19.2
WP_011954477.1	gnl|META|METG-MONOMER	8.1e-02	32.8	67	35.0	47.8	12.3
WP_011954478.1	gnl|META|MONOMER-20980	6.4e-130	55.8	416	460.3	73.8	95.8
WP_011954478.1	gnl|META|MONOMER-19551	4.3e-126	55.3	416	447.6	71.4	95.8
WP_011954478.1	gnl|META|MONOMER-20983	4.4e-123	53.6	420	437.6	69.3	96.8
WP_011954479.1	gnl|META|MONOMER-19906	6.0e-43	49.0	198	170.2	65.7	99.5
WP_011954482.1	gnl|META|FEPD-MONOMER	2.1e-32	32.9	277	136.0	55.2	81.3
WP_011954482.1	gnl|META|BTUC-MONOMER	2.1e-32	35.2	281	136.0	60.9	80.7
WP_011954482.1	gnl|META|FECD-MONOMER	9.0e-31	36.0	275	130.6	59.6	80.4
WP_011954482.1	gnl|META|FECC-MONOMER	1.4e-28	31.3	332	123.2	53.0	95.0
WP_011954483.1	gnl|META|FECE-MONOMER	2.4e-34	31.0	239	142.1	53.6	89.5
WP_011954483.1	gnl|META|FEPC-MONOMER	2.6e-33	31.4	242	138.7	55.0	90.3
WP_011954492.1	gnl|META|MONOMER-20163	2.0e-210	51.5	684	728.4	72.7	97.2
WP_011954493.1	gnl|META|AT2G31955-MONOMER	5.3e-38	33.1	305	154.5	54.4	96.4
WP_011954493.1	gnl|META|EG11595-MONOMER	2.1e-34	31.0	274	142.5	51.8	86.1
WP_011954495.1	gnl|META|MONOMER-12649	1.1e-02	59.1	22	37.4	77.3	6.0
WP_011954495.1	gnl|META|MONOMER-16455	3.3e-02	66.7	21	35.8	76.2	5.8
WP_011954495.1	gnl|META|MONOMER-12662	5.6e-02	43.3	30	35.0	60.0	8.2
WP_011954495.1	gnl|META|MONOMER-262	7.3e-02	50.0	26	34.7	61.5	7.1
WP_011954495.1	gnl|META|MONOMER-20159	9.5e-02	29.9	77	34.3	44.2	20.8
WP_011954496.1	gnl|META|MONOMER-4062	1.5e-73	33.5	535	273.5	51.4	91.2
WP_011954500.1	gnl|META|MONOMER-502	4.7e-131	51.0	443	464.2	69.8	96.5
WP_011954502.1	gnl|META|AT1G53500-MONOMER	2.6e-01	25.7	101	33.5	40.6	16.2
WP_011954503.1	gnl|META|PPX-MONOMER	1.3e-12	22.0	296	70.1	44.6	96.4
WP_011954504.1	gnl|META|PPK-MONOMER	1.8e-97	32.7	667	353.2	54.7	91.3
WP_011954507.1	gnl|META|MONOMER-3122	2.8e-01	31.6	38	32.3	57.9	13.5
WP_011954508.1	gnl|META|MONOMER-14625	1.3e-69	41.7	360	259.6	59.7	99.4
WP_011954509.1	gnl|META|MONOMER-14627	3.6e-93	54.3	328	337.8	72.0	99.1
WP_011954512.1	gnl|META|G6457-MONOMER	2.5e-94	35.6	548	342.0	50.0	98.8
WP_011954513.1	gnl|META|MONOMER-8428	1.9e-07	30.0	110	52.8	55.5	39.3
WP_011954515.1	gnl|META|AT4G33670-MONOMER	4.0e-18	32.4	210	88.6	49.0	55.8
WP_011954520.1	gnl|META|MONOMER-13447	4.3e-01	27.9	86	31.2	48.8	41.2
WP_011954521.1	gnl|META|YIDY-MONOMER	7.5e-12	29.3	157	68.2	46.5	33.9
WP_011954522.1	gnl|META|HYCF-MONOMER	4.1e-01	52.2	23	32.3	60.9	5.6
WP_011954522.1	gnl|META|MONOMER-16339	7.0e-01	60.0	20	31.6	70.0	4.9
WP_011954523.1	gnl|META|MVHDMAUTO-MONOMER	7.9e-47	63.8	127	182.6	75.6	95.5
WP_011954524.1	gnl|META|MONOMER-20164	5.7e-114	51.3	380	407.1	67.4	97.6
WP_011954525.1	gnl|META|MONOMER-20163	3.6e-25	23.8	478	112.1	42.1	98.6
WP_011954527.1	gnl|META|EMRB-MONOMER	2.6e-20	24.3	424	96.3	42.5	88.6
WP_011954530.1	gnl|META|MONOMER-16218	1.6e-83	47.6	336	305.8	64.3	98.8
WP_011954531.1	gnl|META|TAUA-MONOMER	2.3e-12	27.8	230	69.3	47.8	71.8
WP_011954532.1	gnl|META|MONOMER-20471	2.0e-01	29.2	65	32.0	50.8	42.5
WP_011954533.1	gnl|META|MONOMER-20107	1.0e-145	41.0	698	513.5	61.6	99.1
WP_011954534.1	gnl|META|G7175-MONOMER	5.2e-01	30.1	73	31.6	42.5	22.5
WP_011954535.1	gnl|META|AROC-MONOMER	1.1e-85	50.6	352	313.2	65.9	96.4
WP_011954537.1	gnl|META|PHES-MONOMER	3.2e-35	29.3	311	146.0	48.6	58.9
WP_011954538.1	gnl|META|YBHF-MONOMER	8.9e-41	39.7	229	163.7	57.2	72.4
WP_011954549.1	gnl|META|MONOMER-19974	6.0e-20	27.8	259	94.7	42.9	70.3
WP_011954551.1	gnl|META|MONOMER-19974	5.9e-22	31.2	215	101.3	52.1	61.8
WP_011954551.1	gnl|META|BSU35680-MONOMER	2.7e-19	50.5	95	92.4	67.4	27.9
WP_011954556.1	gnl|META|MONOMER-20016	1.3e-21	28.9	287	100.1	46.3	76.3
WP_011954556.1	gnl|META|MONOMER-20017	7.4e-20	29.3	259	94.4	45.9	67.3
WP_011954557.1	gnl|META|MONOMER-15919	4.7e-38	29.7	340	154.8	51.8	91.9
WP_011954558.1	gnl|META|MONOMER-19985	6.9e-31	47.7	130	131.3	73.1	28.8
WP_011954558.1	gnl|META|BSU35740-MONOMER	1.1e-28	47.6	126	124.0	67.5	28.8
WP_011954559.1	gnl|META|MONOMER-20016	2.4e-24	27.8	284	109.0	46.1	91.3
WP_011954559.1	gnl|META|MONOMER-20017	2.2e-22	29.6	277	102.4	47.7	89.9
WP_011954559.1	gnl|META|MONOMER-18962	8.5e-22	27.5	265	100.5	47.9	90.3
WP_011954559.1	gnl|META|MONOMER-20015	1.5e-21	29.5	261	99.8	46.0	90.3
WP_011954561.1	gnl|META|MONOMER-18218	6.5e-23	29.5	275	104.4	48.4	83.2
WP_011954577.1	gnl|META|HP0366-MONOMER	7.8e-71	38.7	382	263.8	57.3	98.7
WP_011954578.1	gnl|META|MONOMER-14549	5.5e-18	30.0	233	87.8	51.1	81.5
WP_011954579.1	gnl|META|HP0326-MONOMER	1.6e-14	27.6	268	77.0	44.4	55.5
WP_011954580.1	gnl|META|MONOMER-14522	1.2e-91	49.8	327	332.8	70.3	93.7
WP_011954581.1	gnl|META|MONOMER-17188	1.0e-44	34.3	318	176.8	53.5	97.5
WP_011954585.1	gnl|META|MONOMER-19974	2.1e-27	35.8	212	119.4	55.2	60.8
WP_011954587.1	gnl|META|FGAMSYN-MONOMER	1.3e-19	29.7	232	92.8	44.0	94.4
WP_011954588.1	gnl|META|MONOMER-20591	2.5e-124	41.3	605	442.2	62.1	100.0
WP_011954588.1	gnl|META|L-GLN-FRUCT-6-P-AMINOTRANS-MONOMER	4.6e-123	40.2	615	438.0	60.3	100.0
WP_011954591.1	gnl|META|G7199-MONOMER	1.4e-06	30.0	90	50.4	55.6	21.4
WP_011954592.1	gnl|META|MONOMER-16210	1.6e-169	46.4	668	592.4	67.1	99.7
WP_011954594.1	gnl|META|MONOMER-13899	1.1e-06	33.6	125	50.1	52.0	49.0
WP_011954595.1	gnl|META|MONOMER-13223	4.1e-99	42.4	512	358.2	60.4	96.4
WP_011954598.1	gnl|META|EG10542-MONOMER	2.1e-15	31.3	227	80.5	48.9	30.8
WP_011954599.1	gnl|META|G1I0R-1995-MONOMER	6.8e-16	24.9	370	81.6	42.4	76.4
WP_011954604.1	gnl|META|EG11062-MONOMER	1.6e-204	56.2	672	708.8	73.2	99.1
WP_011954606.1	gnl|META|EG11061-MONOMER	0.0e+00	56.1	943	1075.8	75.7	97.4
WP_011954607.1	gnl|META|EG10833-MONOMER	1.1e-08	22.7	344	58.5	40.7	38.0
WP_011954616.1	gnl|META|BSU35700-MONOMER	9.5e-47	40.2	239	183.7	60.3	66.8
WP_011954616.1	gnl|META|MONOMER-20000	9.5e-47	40.2	239	183.7	60.3	66.8
WP_011954616.1	gnl|META|MONOMER-19989	1.1e-45	40.2	254	180.3	59.8	70.1
WP_011954617.1	gnl|META|MONOMER-19999	2.5e-04	23.6	267	42.4	43.8	96.5
WP_011954617.1	gnl|META|BSU35710-MONOMER	3.2e-04	23.4	256	42.0	44.9	92.7
WP_011954618.1	gnl|META|BSU35680-MONOMER	2.5e-152	37.0	895	536.2	57.1	71.8
WP_011954619.1	gnl|META|G185E-7209-MONOMER	1.4e-10	30.0	140	63.5	52.1	40.2
WP_011954621.1	gnl|META|MONOMER-15090	7.2e-04	35.9	64	40.4	53.1	29.6
WP_011954621.1	gnl|META|MONOMER-13830	1.2e-03	31.7	60	39.7	51.7	29.1
WP_011954621.1	gnl|META|G185E-7206-MONOMER	2.8e-03	31.0	71	38.5	50.7	30.2
WP_011954621.1	gnl|META|MONOMER-19635	2.8e-03	31.0	71	38.5	50.7	30.2
WP_011954621.1	gnl|META|MONOMER-16693	8.0e-03	28.2	78	37.0	46.2	39.2
WP_011954622.1	gnl|META|G185E-7206-MONOMER	5.2e-02	28.6	98	34.3	45.9	43.3
WP_011954622.1	gnl|META|MONOMER-19635	5.2e-02	28.6	98	34.3	45.9	43.3
WP_011954627.1	gnl|META|BSU35670-MONOMER	2.1e-89	56.4	282	325.1	76.2	98.6
WP_011954627.1	gnl|META|MONOMER-20001	5.3e-85	53.7	281	310.5	73.3	98.2
WP_011954629.1	gnl|META|MONOMER-20178	2.2e-01	30.9	68	33.1	44.1	17.3
WP_011954630.1	gnl|META|AT4G33670-MONOMER	1.8e-22	26.5	317	103.2	47.6	71.8
WP_011954631.1	gnl|META|MODA-MONOMER	4.8e-35	39.8	246	144.4	56.5	89.9
WP_011954632.1	gnl|META|MODB-MONOMER	4.6e-39	41.6	221	157.5	60.6	97.8
WP_011954639.1	gnl|META|G12WB-159-MONOMER	3.9e-56	39.9	281	214.5	65.8	98.2
WP_011954639.1	gnl|META|G12WB-158-MONOMER	1.3e-54	44.8	279	209.5	63.1	98.9
WP_011954640.1	gnl|META|MONOMER-19263	6.4e-31	33.3	243	130.6	51.0	93.3
WP_011954641.1	gnl|META|HDRDMBARK-MONOMER	6.5e-04	27.5	91	41.6	41.8	19.1
WP_011954641.1	gnl|META|MONOMER0-561	1.9e-03	25.3	75	40.0	45.3	18.4
WP_011954642.1	gnl|META|MONOMER-20009	2.7e-66	42.5	301	248.4	66.1	98.3
WP_011954642.1	gnl|META|G7220-MONOMER	1.9e-64	43.7	300	242.3	65.0	98.0
WP_011954643.1	gnl|META|MONOMER-18937	5.6e-96	70.1	234	346.7	86.8	98.7
WP_011954647.1	gnl|META|PRIBFAICARPISOM-MONOMER	1.6e-07	22.7	238	52.8	44.5	96.1
WP_011954649.1	gnl|META|B0752-MONOMER	6.3e-28	26.4	288	120.9	56.9	92.6
WP_011954685.1	gnl|META|MONOMER-20965	1.5e-01	40.0	35	32.0	65.7	29.6
WP_011954685.1	gnl|META|RPOD-MONOMER	2.5e-01	36.1	36	31.2	63.9	31.3
WP_011954687.1	gnl|META|MONOMER-16021	9.7e-01	68.4	19	30.8	84.2	5.7
WP_011954703.1	gnl|META|AT1G17160-MONOMER	1.2e-04	24.9	173	43.5	43.9	58.7
WP_011954705.1	gnl|META|EG11063-MONOMER	9.6e-97	37.0	598	350.5	57.9	97.9
WP_011954707.1	gnl|META|MONOMER-18724	1.8e-81	50.5	313	298.9	62.9	96.6
WP_011954707.1	gnl|META|MONOMER-6142	1.2e-77	49.1	320	286.2	61.6	97.8
WP_011954709.1	gnl|META|PRPPAMIDOTRANS-MONOMER	2.8e-86	39.5	458	315.5	57.4	91.7
WP_011954709.1	gnl|META|HS05157-MONOMER	1.8e-85	37.4	462	312.8	58.2	91.0
WP_011954709.1	gnl|META|YMR300C-MONOMER	7.4e-79	37.8	452	290.8	57.5	89.6
WP_011954712.1	gnl|META|MONOMER-19495	1.6e-67	47.0	270	252.3	64.8	98.9
WP_011954712.1	gnl|META|NIFH1CP-MONOMER	4.7e-67	48.9	268	250.8	67.5	98.9
WP_011954712.1	gnl|META|MONOMER-16519	4.7e-67	51.3	265	250.8	66.8	97.0
WP_011954712.1	gnl|META|MONOMER-20115	6.8e-66	46.0	261	246.9	69.3	97.7
WP_011954712.1	gnl|META|NIFHKLEB-MONOMER	4.4e-65	47.0	270	244.2	62.2	98.9
WP_011954712.1	gnl|META|MONOMER-16469	5.4e-63	47.3	264	237.3	64.0	96.6
WP_011954717.1	gnl|META|MONOMER-12132	1.6e-101	43.8	429	365.9	64.6	98.4
WP_011954718.1	gnl|META|AT5G13630-MONOMER	1.1e-76	23.9	1305	285.4	40.2	74.1
WP_011954721.1	gnl|META|YADQ-MONOMER	2.8e-47	32.1	424	186.0	52.8	79.5
WP_011954722.1	gnl|META|MONOMER-13177	5.4e-05	24.2	178	43.9	43.3	89.7
WP_011954726.1	gnl|META|PD01343	4.7e-02	40.0	30	34.3	70.0	16.8
WP_011954726.1	gnl|META|MONOMER0-146	1.8e-01	37.8	37	32.3	62.2	20.7
WP_011954734.1	gnl|META|EG11724-MONOMER	1.5e-68	36.9	466	256.5	56.9	98.5
WP_011954734.1	gnl|META|EG11691-MONOMER	8.6e-64	35.9	459	240.7	54.9	98.5
WP_011954773.1	gnl|META|MONOMER-20806	3.3e-01	24.5	139	32.3	48.9	40.7
WP_011954786.1	gnl|META|MONOMER-12230	3.6e-86	41.8	457	315.1	60.6	96.4
WP_019262796.1	gnl|META|MONOMER-14533	5.6e-184	74.8	413	639.8	89.6	99.8
WP_019265595.1	gnl|META|EG11098-MONOMER	7.7e-03	33.3	66	35.4	60.6	95.5
WP_019266115.1	gnl|META|G6634-MONOMER	8.9e-03	48.6	35	37.0	57.1	15.8
WP_022531757.1	gnl|META|MONOMER-14511	1.3e-33	42.1	183	139.4	66.1	78.9
WP_029143406.1	gnl|META|EG10662-MONOMER	6.2e-30	34.7	190	127.1	53.2	90.9
WP_048058589.1	gnl|META|MONOMER-15695	9.3e-47	38.3	256	183.3	55.9	95.5
WP_048058598.1	gnl|META|TRPS-MONOMER	5.0e-11	27.3	311	65.1	42.1	80.4
WP_048058602.1	gnl|META|MONOMER-13899	1.3e-02	27.6	105	36.6	49.5	43.1
WP_048058602.1	gnl|META|ENSG00000111218-MONOMER	3.7e-02	27.8	115	35.0	45.2	45.6
WP_048058603.1	gnl|META|MONOMER-12582	1.2e-09	31.5	108	60.8	50.0	23.2
WP_048058609.1	gnl|META|G7248-MONOMER	1.7e-40	35.5	265	162.9	55.5	73.7
WP_048058610.1	gnl|META|MONOMER-19567	2.7e-28	35.7	221	121.7	59.3	98.2
WP_048058611.1	gnl|META|ALAS-MONOMER	2.9e-60	23.8	916	229.9	41.8	92.9
WP_048058613.1	gnl|META|HDRCMAUTO-MONOMER	1.1e-68	69.0	171	256.5	82.5	50.1
WP_048058615.1	gnl|META|MONOMER-18529	2.5e-46	30.2	430	182.6	47.9	98.1
WP_048058615.1	gnl|META|CYSN-MONOMER	2.7e-45	36.9	309	179.1	52.4	70.5
WP_048058617.1	gnl|META|MONOMER-20307	1.7e-41	31.0	413	166.4	48.4	96.4
WP_048058630.1	gnl|META|MONOMER-16143	4.1e-28	34.4	256	122.5	53.9	40.3
WP_048058633.1	gnl|META|G7102-MONOMER	2.1e-07	26.7	161	53.5	47.8	30.5
WP_048058634.1	gnl|META|MONOMER-16703	2.2e-63	39.7	406	239.2	58.9	97.3
WP_048058637.1	gnl|META|FOCA-MONOMER	1.9e-26	32.1	274	115.9	51.1	93.4
WP_048058637.1	gnl|META|NIRC-MONOMER	4.1e-26	35.5	234	114.8	54.3	85.7
WP_048058643.1	gnl|META|MONOMER-18400	4.5e-65	27.0	608	245.4	50.3	100.0
WP_048058644.1	gnl|META|MONOMER-20016	3.9e-32	34.7	262	134.8	53.4	92.4
WP_048058650.1	gnl|META|MONOMER-14811	1.9e-13	27.1	240	75.1	41.2	16.2
WP_048058654.1	gnl|META|EG11064-MONOMER	1.7e-19	22.6	345	94.0	43.8	54.2
WP_048058654.1	gnl|META|EG10837-MONOMER	7.0e-18	27.1	325	88.6	43.1	51.4
WP_048058654.1	gnl|META|EG10837-MONOMER	8.9e-05	28.7	108	45.1	46.3	16.3
WP_048058682.1	gnl|META|HS06563-MONOMER	5.8e-32	30.2	311	134.4	49.5	99.4
WP_048058684.1	gnl|META|MONOMER-121	1.4e-60	25.0	861	231.9	42.2	49.4
WP_048058700.1	gnl|META|G185E-7536-MONOMER	3.4e-05	22.7	181	44.7	44.8	89.8
WP_080513222.1	gnl|META|MONOMER-3562	4.6e-139	63.1	390	491.1	79.2	65.8
WP_080513222.1	gnl|META|MONOMER-345	1.8e-130	61.5	384	462.6	76.8	64.8
WP_080513222.1	gnl|META|AT5G54810-MONOMER	6.3e-128	56.1	392	454.1	73.5	65.3
WP_080513224.1	gnl|META|MONOMER-12693	6.3e-05	27.3	66	42.4	53.0	87.9
WP_080513224.1	gnl|META|MONOMER-16059	1.4e-04	37.0	54	41.2	50.0	77.3
WP_080513225.1	gnl|META|EMRB-MONOMER	3.3e-13	23.9	402	72.8	45.8	79.8
WP_080513227.1	gnl|META|BSU35680-MONOMER	5.3e-160	37.5	887	561.2	57.6	99.8
WP_080513228.1	gnl|META|MONOMER-15991	7.8e-03	43.2	37	35.0	59.5	72.5
WP_148198562.1	gnl|META|MONOMER-12104	4.0e-09	35.5	76	57.0	57.9	71.0
