WP_003665227.1	gnl|META|EG10892-MONOMER	1.5e-07	67.4	43	50.4	74.4	97.7
WP_003666561.1	gnl|META|ATPE-MONOMER	1.9e-02	43.6	39	34.3	69.2	54.2
WP_003713527.1	gnl|META|EG10886-MONOMER	2.7e-02	39.2	51	33.5	56.9	83.6
WP_003714521.1	gnl|META|EG11232-MONOMER	7.8e-11	73.7	38	61.2	84.2	97.4
WP_003715352.1	gnl|META|EG11231-MONOMER	1.3e-05	42.2	64	44.7	59.4	98.5
WP_003716179.1	gnl|META|TYRS-MONOMER	8.3e-111	49.9	421	396.7	66.3	99.0
WP_003716182.1	gnl|META|GPMA-MONOMER	2.3e-78	59.1	225	288.1	74.2	98.7
WP_003716186.1	gnl|META|YGL234W-MONOMER	1.4e-90	51.5	340	329.3	67.6	97.4
WP_003716186.1	gnl|META|AIRS-MONOMER	2.6e-86	48.2	330	315.1	67.3	95.7
WP_003716186.1	gnl|META|HS08358-MONOMER	4.2e-84	45.2	343	307.8	64.1	99.1
WP_003716187.1	gnl|META|HS05157-MONOMER	1.5e-90	39.0	469	329.7	55.9	89.7
WP_003716187.1	gnl|META|PRPPAMIDOTRANS-MONOMER	4.9e-86	38.9	486	314.7	57.2	95.3
WP_003716188.1	gnl|META|FGAMSYN-MONOMER	3.7e-29	23.8	791	126.3	40.3	92.0
WP_003716189.1	gnl|META|YGR061C-MONOMER	2.1e-15	30.4	181	79.0	47.5	66.4
WP_003716189.1	gnl|META|FGAMSYN-MONOMER	2.3e-14	28.3	226	75.5	42.9	87.2
WP_003716191.1	gnl|META|SAICARSYN-MONOMER	3.9e-44	41.0	227	174.5	58.6	95.0
WP_003716192.1	gnl|META|HOMSUCTRAN-MONOMER	2.9e-38	30.0	280	155.2	52.5	96.2
WP_003716192.1	gnl|META|MONOMER-17841	7.2e-37	31.6	263	150.6	52.9	89.7
WP_003716193.1	gnl|META|MONOMER-9366	3.7e-122	50.1	439	434.5	67.9	99.8
WP_003716193.1	gnl|META|YLR303W-MONOMER	1.6e-112	48.5	435	402.5	66.0	97.7
WP_003716194.1	gnl|META|ASPKINIHOMOSERDEHYDROGI-MONOMER	1.0e-12	25.3	352	70.9	44.6	76.0
WP_003716195.1	gnl|META|ENSG00000144827-MONOMER	5.3e-04	24.5	237	41.2	38.8	88.7
WP_003716196.1	gnl|META|MONOMER-16933	3.8e-34	33.7	246	141.4	57.7	98.0
WP_003716196.1	gnl|META|EG11261-MONOMER	3.9e-31	35.0	237	131.3	54.0	94.4
WP_003716199.1	gnl|META|PURE-MONOMER	9.3e-42	55.6	153	166.0	74.5	95.0
WP_003716200.1	gnl|META|CFA-MONOMER	2.9e-49	35.7	353	192.2	52.7	88.2
WP_003716200.1	gnl|META|MONOMER-19407	1.9e-48	37.1	283	189.5	57.2	71.0
WP_003716200.1	gnl|META|G185E-4787-MONOMER	6.3e-44	36.7	281	174.5	53.0	67.9
WP_003716202.1	gnl|META|BSU15560-MONOMER	1.6e-60	56.5	200	228.8	72.0	92.6
WP_003716204.1	gnl|META|G7405-MONOMER	4.2e-08	23.2	228	55.1	49.1	75.8
WP_003716205.1	gnl|META|G6318-MONOMER	5.2e-27	30.5	275	118.2	49.8	71.8
WP_003716205.1	gnl|META|BAES-MONOMER	6.4e-25	30.3	234	111.3	55.6	60.3
WP_003716206.1	gnl|META|CPXR-MONOMER	1.3e-28	32.6	227	122.9	52.9	97.4
WP_003716207.1	gnl|META|BSU35650-MONOMER	7.5e-49	36.4	283	190.7	59.0	80.9
WP_003716207.1	gnl|META|MONOMER-19997	2.2e-48	36.4	283	189.1	58.7	80.9
WP_003716207.1	gnl|META|MONOMER-20031	3.0e-45	40.1	269	178.7	63.2	74.2
WP_003716208.1	gnl|META|IMP-DEHYDROG-MONOMER	1.8e-99	43.4	486	359.0	56.6	98.4
WP_003716209.1	gnl|META|PPENTOMUT-MONOMER	5.9e-82	42.2	400	300.8	58.5	95.0
WP_003716213.1	gnl|META|EG11404-MONOMER	6.0e-113	54.9	366	403.7	73.5	100.0
WP_003716216.1	gnl|META|MONOMER-20115	4.6e-11	24.6	248	64.7	45.6	93.8
WP_003716222.1	gnl|META|MONOMER-3121	1.4e-33	36.3	245	139.4	53.9	95.2
WP_003716222.1	gnl|META|MONOMER-893	3.6e-32	33.9	248	134.8	48.0	97.6
WP_003716222.1	gnl|META|MONOMER-14370	2.3e-31	31.0	248	132.1	51.6	98.8
WP_003716222.1	gnl|META|MONOMER-20560	2.0e-30	31.9	248	129.0	51.6	96.0
WP_003716222.1	gnl|META|MONOMER-20201	2.0e-30	31.0	242	129.0	50.4	96.0
WP_003716225.1	gnl|META|CYCA-MONOMER	1.3e-109	46.6	442	392.9	67.0	98.0
WP_003716226.1	gnl|META|GLNQ-MONOMER	1.8e-68	53.8	238	255.4	71.4	96.4
WP_003716226.1	gnl|META|GLTL-MONOMER	1.4e-65	51.7	240	245.7	69.6	97.2
WP_003716226.1	gnl|META|EG12347-MONOMER	2.4e-65	53.1	245	245.0	68.2	96.8
WP_003716227.1	gnl|META|GLNH-MONOMER	1.3e-27	34.1	229	120.6	52.8	46.7
WP_003716227.1	gnl|META|GLNP-MONOMER	1.4e-24	32.7	202	110.5	54.5	41.4
WP_003716227.1	gnl|META|G7039-MONOMER	3.1e-24	32.9	225	109.4	49.8	45.9
WP_003716231.1	gnl|META|SERS-MONOMER	5.8e-107	48.6	430	384.0	65.1	97.7
WP_003716237.1	gnl|META|MONOMER-18021	2.6e-24	26.7	243	109.0	48.6	78.4
WP_003716240.1	gnl|META|EG11247-MONOMER	6.1e-38	28.7	446	154.8	44.6	95.0
WP_003716241.1	gnl|META|BSU35730-MONOMER	3.4e-26	23.2	534	115.9	43.1	99.0
WP_003716242.1	gnl|META|BSU35730-MONOMER	8.1e-31	24.5	546	131.3	44.9	98.2
WP_003716244.1	gnl|META|BSU15550-MONOMER	2.5e-54	46.8	233	208.4	65.7	95.1
WP_003716245.1	gnl|META|MONOMER-15863	2.2e-04	33.9	62	42.0	59.7	34.1
WP_003716245.1	gnl|META|AT1G71750-MONOMER	1.1e-03	25.4	122	39.7	45.9	67.6
WP_003716247.1	gnl|META|ADENYLOSUCCINATE-SYN-MONOMER	4.7e-117	47.8	429	417.5	66.2	99.5
WP_003716247.1	gnl|META|AT3G57610-MONOMER	1.1e-105	45.3	415	379.8	63.6	96.0
WP_003716248.1	gnl|META|GMP-REDUCT-MONOMER	2.2e-42	31.2	337	169.1	53.1	97.5
WP_003716248.1	gnl|META|MONOMER-16216	5.1e-39	32.6	340	157.9	47.9	93.2
WP_003716249.1	gnl|META|EG10442-MONOMER	2.9e-02	42.9	42	34.3	59.5	37.8
WP_003716250.1	gnl|META|MONOMER-2123	6.0e-20	28.5	214	94.0	47.2	96.3
WP_003716251.1	gnl|META|MONOMER-6742	9.7e-05	29.8	131	44.3	47.3	34.2
WP_003716253.1	gnl|META|BAES-MONOMER	2.7e-16	27.4	215	82.8	50.2	50.0
WP_003716255.1	gnl|META|RELA-MONOMER	6.0e-06	31.2	125	47.4	42.4	61.9
WP_003716256.1	gnl|META|HS00157-MONOMER	1.2e-01	28.9	76	34.7	50.0	12.8
WP_003716258.1	gnl|META|G6115-MONOMER	1.7e-12	29.6	179	70.5	48.6	35.2
WP_003716259.1	gnl|META|BSU33400-MONOMER	8.1e-73	46.3	285	270.0	67.4	98.6
WP_003716260.1	gnl|META|G6645-MONOMER	1.8e-25	34.5	220	112.5	50.0	86.6
WP_003716261.1	gnl|META|GLUTCYSLIG-MONOMER	3.1e-23	25.5	463	105.9	40.4	89.2
WP_003716262.1	gnl|META|MONOMER-5821	1.1e-40	41.6	214	162.9	61.2	95.9
WP_003716262.1	gnl|META|G6655-MONOMER	2.4e-40	41.1	202	161.8	59.9	91.8
WP_003716263.1	gnl|META|MONOMER-13019	8.9e-305	64.8	745	1042.0	80.0	99.2
WP_003716265.1	gnl|META|PD00219	1.6e-10	26.6	184	63.2	45.1	58.2
WP_003716266.1	gnl|META|EG11064-MONOMER	4.1e-15	22.7	598	80.5	39.0	46.0
WP_003716266.1	gnl|META|EG11064-MONOMER	3.6e-03	41.5	65	40.8	56.9	5.0
WP_003716266.1	gnl|META|EG10824-MONOMER	1.2e-14	21.0	946	79.0	40.1	68.9
WP_003716269.1	gnl|META|CARDIOLIPSYN-MONOMER	6.1e-44	25.8	496	174.9	46.4	100.0
WP_003716271.1	gnl|META|YFL017C-MONOMER	2.7e-03	44.2	43	38.5	58.1	22.4
WP_003716271.1	gnl|META|MONOMER-10113	1.7e-02	33.3	60	35.8	55.0	31.2
WP_003716274.1	gnl|META|EG11249-MONOMER	8.5e-05	29.5	78	42.7	51.3	67.2
WP_003716275.1	gnl|META|SYNPCC7942_0260-MONOMER	6.1e-157	45.0	673	550.8	64.0	88.0
WP_003716288.1	gnl|META|EG10463-MONOMER	3.6e-37	37.1	283	152.1	58.3	68.0
WP_003716288.1	gnl|META|G7682-MONOMER	5.3e-33	35.3	275	138.3	54.9	66.0
WP_003716289.1	gnl|META|GLYOXII-MONOMER	2.7e-01	36.4	44	32.3	56.8	16.0
WP_003716289.1	gnl|META|MONOMER-20861	5.9e-01	33.3	57	31.2	49.1	19.0
WP_003716289.1	gnl|META|MONOMER-13014	5.9e-01	33.3	57	31.2	49.1	19.0
WP_003716292.1	gnl|META|PHOR-MONOMER	1.0e-35	28.1	363	147.9	51.8	58.4
WP_003716296.1	gnl|META|MONOMER-2967	4.0e-80	44.4	367	294.7	59.7	97.9
WP_003716297.1	gnl|META|ANSA-MONOMER	9.7e-46	34.1	337	180.3	52.8	99.4
WP_003716297.1	gnl|META|MONOMER-14998	1.7e-45	33.8	337	179.5	52.5	98.8
WP_003716298.1	gnl|META|MONOMER-20003	1.2e-05	19.7	361	47.4	42.7	87.0
WP_003716299.1	gnl|META|EG10236-MONOMER	8.8e-93	41.7	458	337.0	62.2	97.0
WP_003716301.1	gnl|META|G1I0R-14-MONOMER	3.4e-138	39.2	648	488.4	63.4	95.4
WP_003716302.1	gnl|META|EG10917-MONOMER	7.5e-13	53.8	65	68.9	67.7	83.3
WP_003716303.1	gnl|META|EG10976-MONOMER	1.8e-14	38.3	115	75.5	58.3	60.2
WP_003716305.1	gnl|META|EG10423-MONOMER	9.9e-196	44.2	835	679.9	61.9	95.4
WP_003716306.1	gnl|META|EG10424-MONOMER	5.7e-167	42.2	809	583.9	56.2	98.3
WP_003716307.1	gnl|META|EG10828-MONOMER	1.3e-22	23.5	374	103.6	45.7	98.7
WP_003716309.1	gnl|META|EG10242-MONOMER	3.2e-32	26.6	379	135.6	50.4	99.5
WP_003716310.1	gnl|META|MONOMER-14912	9.7e-01	29.0	62	31.2	48.4	13.0
WP_003716312.1	gnl|META|AT2G28800-MONOMER	3.0e-16	29.8	218	82.0	45.9	66.3
WP_003716312.1	gnl|META|MONOMER-16600	2.5e-15	29.4	218	79.0	45.4	68.1
WP_003716315.1	gnl|META|FABH-MONOMER	3.7e-58	38.6	319	221.5	57.4	98.8
WP_003716316.1	gnl|META|MONOMER-19598	3.8e-07	34.2	76	50.1	61.8	91.5
WP_003716316.1	gnl|META|EG50003-MONOMER	2.4e-06	39.4	66	47.4	62.1	79.3
WP_003716317.1	gnl|META|MALONYL-COA-ACP-TRANSACYL-MONOMER	9.8e-32	33.2	304	133.7	50.3	94.5
WP_003716318.1	gnl|META|AT1G24360-MONOMER	3.4e-56	49.0	247	214.5	67.2	99.6
WP_003716319.1	gnl|META|MONOMER-19312	2.9e-132	57.1	413	468.0	74.1	100.0
WP_003716319.1	gnl|META|MONOMER-19302	1.4e-118	52.2	408	422.5	70.3	98.5
WP_003716320.1	gnl|META|BCCP-MONOMER	6.1e-18	33.3	153	86.7	56.9	99.3
WP_003716320.1	gnl|META|MONOMER-17288	4.0e-17	37.8	148	84.0	52.0	95.7
WP_003716321.1	gnl|META|MONOMER-19311	5.0e-39	49.3	144	156.8	70.1	100.0
WP_003716321.1	gnl|META|MONOMER-19299	5.2e-36	49.6	139	146.7	66.9	95.8
WP_003716323.1	gnl|META|MONOMER-17287	7.4e-55	43.6	259	210.3	60.6	91.0
WP_003716323.1	gnl|META|CARBOXYL-TRANSFERASE-BETA-MONOMER	1.5e-52	42.2	258	202.6	62.0	90.6
WP_003716323.1	gnl|META|ATCG00500-MONOMER	2.5e-50	43.8	256	195.3	60.2	89.6
WP_003716324.1	gnl|META|MONOMER-17286	3.2e-52	43.6	236	201.4	63.6	88.5
WP_003716324.1	gnl|META|CARBOXYL-TRANSFERASE-ALPHA-MONOMER	2.1e-51	42.0	257	198.7	60.3	96.6
WP_003716324.1	gnl|META|AT2G38040-MONOMER	7.4e-49	40.9	237	190.3	61.6	88.9
WP_003716329.1	gnl|META|EG10997-MONOMER	1.8e-66	34.3	467	249.6	57.2	99.4
WP_003716330.1	gnl|META|EG10375-MONOMER	1.2e-169	49.1	621	592.8	68.4	98.3
WP_003716331.1	gnl|META|MONOMER-15487	1.5e-133	55.3	409	472.2	75.8	97.1
WP_003716332.1	gnl|META|MONOMER-15525	2.2e-211	55.9	622	731.5	73.3	97.8
WP_003716333.1	gnl|META|MONOMER-16146	3.5e-42	32.7	441	169.1	49.9	83.8
WP_003716334.1	gnl|META|EG10530-MONOMER	1.3e-08	23.6	242	56.2	39.7	84.1
WP_003716336.1	gnl|META|BRNQ-MONOMER	5.6e-52	32.0	435	201.4	52.4	96.0
WP_003716337.1	gnl|META|G6660-MONOMER	4.3e-18	30.7	163	87.4	52.1	97.0
WP_003716340.1	gnl|META|YIIP-MONOMER	1.0e-02	19.3	223	37.4	46.6	65.3
WP_003716341.1	gnl|META|EG10564-MONOMER	2.5e-61	32.7	391	232.3	53.5	99.2
WP_003716341.1	gnl|META|MONOMER-10303	3.1e-59	32.6	389	225.3	51.9	99.2
WP_003716343.1	gnl|META|MONOMER-8681	4.9e-44	34.4	311	174.5	55.3	97.4
WP_003716343.1	gnl|META|MONOMER-601	4.6e-42	31.5	311	167.9	53.1	99.7
WP_003716344.1	gnl|META|RIBOKIN-MONOMER	6.7e-57	42.9	301	217.2	59.8	98.4
WP_003716348.1	gnl|META|G6529-MONOMER	4.9e-45	30.8	416	178.3	49.8	92.5
WP_003716350.1	gnl|META|EG11643-MONOMER	3.0e-16	34.3	166	82.4	47.0	45.9
WP_003716352.1	gnl|META|ASNS-MONOMER	6.7e-71	35.6	449	264.2	54.8	95.6
WP_003716353.1	gnl|META|ASNSYNA-MONOMER	1.4e-76	49.0	310	282.7	62.9	89.3
WP_003716356.1	gnl|META|SGCC-MONOMER	1.2e-23	23.0	387	107.5	45.5	80.8
WP_003716357.1	gnl|META|THLCLOS-MONOMER	2.3e-110	53.3	390	395.2	69.7	99.2
WP_003716357.1	gnl|META|ACETYL-COA-ACETYLTRANSFER-MONOMER	1.6e-108	53.8	394	389.0	67.8	100.0
WP_003716357.1	gnl|META|MONOMER-13468	8.1e-108	52.3	392	386.7	68.6	99.2
WP_003716357.1	gnl|META|MONOMER-13086	4.6e-103	51.7	387	370.9	68.0	98.2
WP_003716357.1	gnl|META|MONOMER-20831	2.8e-100	50.6	391	361.7	66.5	99.2
WP_003716358.1	gnl|META|GALACTOACETYLTRAN-MONOMER	1.5e-41	45.5	200	165.6	66.0	97.1
WP_003716359.1	gnl|META|G3O-32155-MONOMER	5.3e-03	27.4	62	37.7	53.2	27.4
WP_003716359.1	gnl|META|MONOMER-13606	1.6e-02	32.0	75	36.2	48.0	30.1
WP_003716359.1	gnl|META|MONOMER-13638	2.6e-02	27.2	125	35.4	43.2	47.8
WP_003716359.1	gnl|META|AT4G35420-MONOMER	4.5e-02	28.5	123	34.7	50.4	46.5
WP_003716362.1	gnl|META|EG10442-MONOMER	5.4e-01	31.5	54	29.3	59.3	84.4
WP_003716363.1	gnl|META|MONOMER-14596	3.1e-06	28.4	109	48.5	50.5	45.7
WP_003716367.1	gnl|META|MONOMER-18065	3.3e-02	26.7	116	35.0	47.4	49.5
WP_003716367.1	gnl|META|MONOMER-19340	1.3e-01	21.5	93	33.1	50.5	41.3
WP_003716367.1	gnl|META|MONOMER-19058	1.3e-01	27.6	58	33.1	53.4	26.6
WP_003716376.1	gnl|META|CPXR-MONOMER	3.9e-12	26.5	249	68.2	42.6	98.7
WP_003716378.1	gnl|META|PSTC-MONOMER	3.6e-23	28.9	304	105.1	51.0	93.0
WP_003716379.1	gnl|META|PSTA-MONOMER	3.1e-27	37.2	231	118.6	54.1	78.2
WP_003716380.1	gnl|META|PSTB-MONOMER	1.4e-68	49.4	247	255.8	73.3	97.6
WP_003716382.1	gnl|META|B1296-MONOMER	1.8e-13	24.9	438	73.6	43.2	91.7
WP_003716383.1	gnl|META|HS06258-MONOMER	9.5e-09	27.4	117	57.8	47.9	24.9
WP_003716386.1	gnl|META|PD00230	1.3e-04	37.7	61	42.0	47.5	59.8
WP_003716387.1	gnl|META|GLPF-MONOMER	1.6e-26	34.7	242	115.9	48.8	93.6
WP_003716388.1	gnl|META|THRS-MONOMER	4.9e-104	37.6	595	374.8	56.3	98.0
WP_003716391.1	gnl|META|MONOMER-18911	2.5e-49	33.9	327	192.2	55.0	93.2
WP_003716394.1	gnl|META|MACB	4.1e-35	39.1	225	144.4	58.2	97.8
WP_003716394.1	gnl|META|GLTL-MONOMER	5.5e-32	38.0	221	134.0	61.1	95.2
WP_003716395.1	gnl|META|MACB	1.5e-58	31.1	679	223.8	47.7	99.5
WP_003716398.1	gnl|META|EG10246-MONOMER	8.7e-06	33.0	115	48.5	60.0	17.6
WP_003716403.1	gnl|META|HISS-MONOMER	3.5e-88	41.5	402	321.6	61.9	93.9
WP_003716404.1	gnl|META|MONOMER-13061	3.5e-112	60.2	329	401.0	76.9	98.8
WP_003716405.1	gnl|META|EG11758-MONOMER	4.7e-17	31.3	195	84.3	49.2	90.6
WP_003716415.1	gnl|META|G6550-MONOMER	6.1e-44	50.3	171	173.3	67.8	98.8
WP_003716418.1	gnl|META|BSU02750-MONOMER	3.8e-25	31.1	206	111.7	55.3	65.4
WP_003716418.1	gnl|META|YHBG-MONOMER	2.7e-23	31.9	213	105.5	54.5	68.1
WP_003716418.1	gnl|META|GLTL-MONOMER	5.1e-22	29.8	225	101.3	53.8	71.2
WP_003716420.1	gnl|META|MACB	1.8e-47	44.7	219	185.7	64.8	87.3
WP_003716421.1	gnl|META|ARCB-MONOMER	5.5e-09	28.7	150	58.2	50.0	43.9
WP_003716422.1	gnl|META|CPXR-MONOMER	4.1e-19	30.9	233	91.3	54.5	98.2
WP_003716426.1	gnl|META|AT4G35830-MONOMER	6.9e-01	43.3	30	29.6	63.3	27.8
WP_003716431.1	gnl|META|MONOMER-505	4.4e-69	38.0	374	258.1	58.6	94.1
WP_003716433.1	gnl|META|PD00219	1.8e-03	32.6	92	38.9	51.1	53.8
WP_003716434.1	gnl|META|HS07681-MONOMER	2.4e-07	38.4	86	53.1	50.0	18.7
WP_003716434.1	gnl|META|G3O-29201-MONOMER	4.1e-07	33.8	68	52.4	52.9	15.3
WP_003716434.1	gnl|META|MONOMER-6742	2.0e-06	29.3	123	50.1	45.5	27.7
WP_003716437.1	gnl|META|MONOMER-15822	5.0e-52	28.0	542	201.8	47.2	98.9
WP_003716440.1	gnl|META|G6759-MONOMER	2.8e-09	25.5	149	58.2	45.0	87.9
WP_003716443.1	gnl|META|MELB-MONOMER	1.2e-34	24.6	443	144.4	49.0	66.8
WP_003716459.1	gnl|META|MONOMER-5981	1.4e-22	26.8	310	103.2	45.8	96.0
WP_003716462.1	gnl|META|YEHZ-MONOMER	1.1e-22	30.1	299	103.6	47.2	93.4
WP_003716463.1	gnl|META|YEHY-MONOMER	8.0e-20	37.0	200	93.6	56.0	82.4
WP_003716463.1	gnl|META|YEHW-MONOMER	3.0e-19	33.5	191	91.7	56.5	82.4
WP_003716464.1	gnl|META|YEHX-MONOMER	1.5e-62	48.3	238	235.7	69.3	93.0
WP_003716465.1	gnl|META|YEHY-MONOMER	1.6e-17	33.0	203	85.9	50.2	88.6
WP_003716465.1	gnl|META|YEHW-MONOMER	5.1e-16	35.4	144	80.9	57.6	67.8
WP_003716466.1	gnl|META|EG10529-MONOMER	2.7e-15	31.8	151	80.1	53.6	22.6
WP_003716470.1	gnl|META|YDEA-MONOMER	3.1e-27	26.6	379	119.0	47.2	97.7
WP_003716477.1	gnl|META|G12WB-160-MONOMER	6.3e-01	21.8	248	30.8	39.9	97.7
WP_003716478.1	gnl|META|YEJF-MONOMER	4.4e-28	24.3	522	122.1	44.8	98.1
WP_003716480.1	gnl|META|G6358-MONOMER	4.1e-41	31.2	308	164.9	54.2	96.2
WP_003716480.1	gnl|META|EG12030-MONOMER	5.0e-39	32.6	304	157.9	50.7	95.3
WP_003716480.1	gnl|META|AT2G36310-MONOMER	5.5e-38	32.9	258	154.5	55.0	80.8
WP_003716481.1	gnl|META|MONOMER-13562	1.0e-50	37.8	328	196.8	54.3	98.2
WP_003716482.1	gnl|META|G185E-4233-MONOMER	6.6e-03	26.2	126	37.4	42.9	53.0
WP_003716483.1	gnl|META|MONOMER-15473	6.0e-21	27.8	295	98.2	46.8	70.6
WP_003716487.1	gnl|META|YKL152C-MONOMER	7.4e-10	29.2	195	60.5	45.6	83.4
WP_003716487.1	gnl|META|GPMA-MONOMER	1.3e-09	36.6	101	59.7	53.5	45.2
WP_003716487.1	gnl|META|HS09121-MONOMER	3.7e-09	24.6	207	58.2	42.0	85.7
WP_003716487.1	gnl|META|HS10286-MONOMER	8.2e-09	31.7	101	57.0	51.5	45.2
WP_003716489.1	gnl|META|MONOMER-11821	5.9e-23	27.2	338	104.8	42.0	83.9
WP_003716489.1	gnl|META|MONOMER-13947	2.1e-20	27.4	299	96.3	43.8	74.3
WP_003716491.1	gnl|META|NARL-MONOMER	4.1e-02	27.7	83	33.5	54.2	91.2
WP_003716491.1	gnl|META|ARCB-MONOMER	5.3e-02	27.5	69	33.1	62.3	75.8
WP_003716492.1	gnl|META|DCUS-MONOMER	9.1e-12	38.7	106	67.8	56.6	24.8
WP_003716496.1	gnl|META|YJDE-MONOMER	1.9e-26	27.7	440	116.7	46.4	90.1
WP_003716497.1	gnl|META|MONOMER-14628	1.2e-170	89.7	311	595.1	96.5	100.0
WP_003716499.1	gnl|META|HISS-MONOMER	5.7e-86	39.8	397	314.3	62.7	91.0
WP_003716501.1	gnl|META|PD00232	1.1e-06	21.0	214	50.4	45.8	65.5
WP_003716503.1	gnl|META|METHYLENETHFREDUCT-MONOMER	2.1e-33	31.0	271	139.0	49.4	96.4
WP_003716510.1	gnl|META|EG12098-MONOMER	3.7e-28	31.3	297	121.7	49.2	88.7
WP_003716512.1	gnl|META|RED-THIOREDOXIN2-MONOMER	1.4e-19	34.3	99	91.7	66.7	95.2
WP_003716512.1	gnl|META|RED-THIOREDOXIN-MONOMER	3.5e-18	38.6	101	87.0	58.4	96.2
WP_003716516.1	gnl|META|SFUC-MONOMER	4.1e-20	34.0	203	94.7	51.7	79.5
WP_003716516.1	gnl|META|POTA-MONOMER	1.0e-18	31.6	212	90.1	51.4	82.7
WP_003716516.1	gnl|META|PROV-MONOMER	3.0e-18	30.5	210	88.6	48.6	81.1
WP_003716516.1	gnl|META|YCBE-MONOMER	3.9e-18	31.9	213	88.2	49.3	83.9
WP_003716517.1	gnl|META|YDEY-MONOMER	4.3e-08	26.1	226	55.1	46.5	74.9
WP_003716517.1	gnl|META|YTFT-MONOMER	1.4e-06	24.3	288	50.1	46.2	95.3
WP_003716522.1	gnl|META|BRNQ-MONOMER	1.1e-52	33.3	436	203.8	53.2	95.0
WP_003716525.1	gnl|META|GPH-MONOMER	1.5e-10	31.9	135	62.8	49.6	58.8
WP_003716525.1	gnl|META|MONOMER-20723	5.6e-10	29.9	154	60.8	49.4	68.5
WP_003716525.1	gnl|META|G1G01-1865-MONOMER	8.1e-09	24.1	216	57.0	47.2	95.8
WP_003716526.1	gnl|META|MONOMER-15016	2.1e-23	28.8	271	105.9	46.9	87.6
WP_003716527.1	gnl|META|MONOMER-15371	1.3e-03	50.0	42	41.6	57.1	5.2
WP_003716529.1	gnl|META|POTA-MONOMER	1.9e-79	51.2	289	292.4	70.9	77.7
WP_003716530.1	gnl|META|POTB-MONOMER	1.4e-34	33.8	260	142.9	58.1	93.3
WP_003716530.1	gnl|META|POTH-MONOMER	6.5e-32	31.1	273	134.0	53.1	93.7
WP_003716531.1	gnl|META|POTC-MONOMER	5.9e-33	32.0	244	137.5	58.2	90.0
WP_003716532.1	gnl|META|POTD-MONOMER	5.5e-63	38.5	322	237.7	57.8	89.6
WP_003716534.1	gnl|META|MONOMER-14610	4.1e-107	30.4	977	385.6	51.2	98.5
WP_003716534.1	gnl|META|MONOMER-14600	2.3e-97	28.5	1002	353.2	48.1	96.6
WP_003716534.1	gnl|META|MONOMER-14597	3.8e-97	28.2	1035	352.4	47.7	99.0
WP_003716535.1	gnl|META|MHPT-MONOMER	4.3e-09	24.1	411	58.9	41.6	89.5
WP_003716536.1	gnl|META|ENSG00000103257-MONOMER	4.0e-21	26.6	448	99.0	46.4	92.2
WP_003716536.1	gnl|META|ENSG00000092068-MONOMER	5.8e-20	25.5	440	95.1	46.8	91.4
WP_003716536.1	gnl|META|YEEF-MONOMER	1.4e-18	24.9	446	90.5	45.1	91.6
WP_003716536.1	gnl|META|ENSG00000151012-MONOMER	1.9e-18	25.9	432	90.1	44.0	89.9
WP_003716536.1	gnl|META|B0260-MONOMER	2.4e-18	21.7	461	89.7	43.4	91.6
WP_003716537.1	gnl|META|G6580-MONOMER	3.8e-04	28.1	114	40.8	43.9	82.5
WP_003716537.1	gnl|META|MONOMER-8321	1.5e-03	29.5	105	38.9	47.6	67.9
WP_003716538.1	gnl|META|AT2G41880-MONOMER	1.7e-10	32.0	153	62.4	47.7	77.2
WP_003716544.1	gnl|META|MONOMER-16176	5.6e-27	27.8	360	118.2	46.1	87.1
WP_003716548.1	gnl|META|EG10437-MONOMER	7.1e-57	35.1	404	217.6	55.4	94.1
WP_003716549.1	gnl|META|GPMA-MONOMER	8.8e-11	33.6	125	63.5	50.4	55.3
WP_003716549.1	gnl|META|MONOMER-13213	1.1e-10	28.7	178	63.2	45.5	81.3
WP_003716549.1	gnl|META|RIBAZOLEPHOSPHAT-MONOMER	4.4e-10	38.5	91	61.2	57.1	41.1
WP_003716549.1	gnl|META|HS09121-MONOMER	1.7e-09	47.6	63	59.3	68.3	27.9
WP_003716555.1	gnl|META|MONOMER-20004	8.3e-156	44.4	631	547.0	62.8	90.5
WP_003716557.1	gnl|META|GMP-SYN-MONOMER	1.2e-159	51.2	518	559.3	71.8	98.1
WP_003716557.1	gnl|META|YMR217W-MONOMER	1.4e-155	54.5	517	545.8	70.0	98.5
WP_003716559.1	gnl|META|G7845-MONOMER	5.0e-14	27.4	201	74.7	46.8	67.0
WP_003716562.1	gnl|META|G6261-MONOMER	6.7e-49	37.7	292	190.7	59.9	94.8
WP_003716562.1	gnl|META|G6810-MONOMER	6.5e-44	34.6	292	174.1	60.6	94.5
WP_003716565.1	gnl|META|PHET-MONOMER	3.7e-02	29.2	89	35.0	49.4	37.2
WP_003716566.1	gnl|META|GLYOHMETRANS-MONOMER	1.6e-138	59.0	412	488.8	76.0	99.5
WP_003716566.1	gnl|META|MONOMER-8567	2.9e-132	57.5	414	468.0	74.4	98.8
WP_003716570.1	gnl|META|MONOMER-14503	3.3e-106	41.3	639	382.1	59.6	92.4
WP_003716576.1	gnl|META|TRKG-MONOMER	1.5e-01	23.5	429	33.9	40.3	91.1
WP_003716578.1	gnl|META|MONOMER-15090	2.6e-06	32.6	86	48.5	53.5	43.7
WP_003716578.1	gnl|META|MONOMER-20135	3.4e-06	27.6	134	48.1	46.3	67.0
WP_003716582.1	gnl|META|G7266-MONOMER	1.2e-21	26.8	298	100.1	47.0	93.0
WP_003716585.1	gnl|META|HS06563-MONOMER	1.5e-29	28.0	289	126.3	49.8	94.6
WP_003716585.1	gnl|META|MONOMER-16803	1.7e-28	29.8	282	122.9	50.4	94.6
WP_003716587.1	gnl|META|MONOMER-18710	2.3e-104	40.9	491	375.6	59.9	99.2
WP_003716587.1	gnl|META|MONOMER-20515	1.8e-101	40.3	457	365.9	61.1	94.0
WP_003716588.1	gnl|META|GALP-MONOMER	4.0e-01	25.5	110	32.3	44.5	27.2
WP_003716589.1	gnl|META|GLUTATHIONE-REDUCT-NADPH-MONOMER	1.2e-43	28.0	447	173.7	48.1	98.4
WP_003716589.1	gnl|META|MONOMER-585	3.9e-42	27.1	447	168.7	46.5	98.4
WP_003716590.1	gnl|META|BSU33400-MONOMER	1.6e-70	49.2	262	262.3	69.1	93.6
WP_003716590.1	gnl|META|MONOMER0-148	7.4e-63	43.9	269	236.9	67.3	94.6
WP_003716593.1	gnl|META|EG10203-MONOMER	1.1e-25	29.1	395	114.0	45.3	91.3
WP_003716594.1	gnl|META|MONOMER-6141	4.9e-48	34.9	347	188.0	52.2	98.3
WP_003716597.1	gnl|META|G18NG-12424-MONOMER	2.6e-41	32.7	318	165.6	47.8	88.8
WP_003716597.1	gnl|META|MONOMER-17184	8.7e-37	30.8	328	150.6	43.3	91.9
WP_003716598.1	gnl|META|HS09452-MONOMER	4.3e-33	43.5	200	137.5	55.5	93.4
WP_003716600.1	gnl|META|MONOMER-17916	8.8e-69	35.0	457	257.3	53.8	96.1
WP_003716601.1	gnl|META|B0612-MONOMER	4.7e-78	34.9	487	288.1	55.6	98.1
WP_003716601.1	gnl|META|YGJE-MONOMER	4.7e-78	36.4	461	288.1	56.0	93.2
WP_003716607.1	gnl|META|EG10924-MONOMER	1.2e-11	27.5	258	67.4	44.2	53.1
WP_003716608.1	gnl|META|MONOMER-13966	2.1e-16	28.7	181	82.8	46.4	55.2
WP_003716609.1	gnl|META|HMP-KIN-MONOMER	4.2e-17	32.6	175	84.3	52.0	86.8
WP_003716611.1	gnl|META|MONOMER-17245	3.8e-71	44.2	321	264.6	66.4	99.1
WP_003716612.1	gnl|META|MONOMER-7721	4.0e-75	25.4	857	279.3	46.2	96.2
WP_003716613.1	gnl|META|EG12098-MONOMER	4.6e-31	34.9	241	131.3	53.1	77.7
WP_003716615.1	gnl|META|EMRB-MONOMER	1.9e-37	26.2	412	153.3	50.7	81.6
WP_003716615.1	gnl|META|EMRY-MONOMER	3.8e-33	26.3	414	139.0	49.3	80.8
WP_003716618.1	gnl|META|GLYOXII-MONOMER	2.8e-01	38.7	31	33.5	61.3	5.0
WP_003716620.1	gnl|META|G7037-MONOMER	4.9e-30	37.1	205	127.5	62.0	94.5
WP_003716621.1	gnl|META|G7037-MONOMER	5.5e-26	35.5	200	114.0	55.5	94.3
WP_003716621.1	gnl|META|GLTK-MONOMER	4.4e-23	31.1	209	104.4	56.5	94.8
WP_003716621.1	gnl|META|GLNP-MONOMER	9.7e-23	32.2	202	103.2	53.5	94.3
WP_003716622.1	gnl|META|GLNH-MONOMER	2.6e-10	33.9	121	61.2	51.2	90.8
WP_003716623.1	gnl|META|G6359-MONOMER	3.2e-09	34.5	84	57.8	56.0	57.5
WP_003716623.1	gnl|META|ARTJ-MONOMER	1.2e-08	35.0	100	55.8	55.0	67.8
WP_003716623.1	gnl|META|GLNH-MONOMER	4.6e-08	31.4	102	53.9	53.9	69.2
WP_003716624.1	gnl|META|GLTL-MONOMER	2.5e-70	55.2	241	261.5	75.9	98.0
WP_003716625.1	gnl|META|METHYLMALONYL-COA-MUT-MONOMER	2.0e-01	33.3	51	32.0	52.9	31.6
WP_003716628.1	gnl|META|B0752-MONOMER	8.3e-44	38.2	283	173.7	58.3	93.3
WP_003716632.1	gnl|META|MONOMER-20008	1.3e-06	26.5	196	49.7	49.0	82.6
WP_003716634.1	gnl|META|LYSP-MONOMER	2.6e-151	54.8	476	531.6	74.8	95.9
WP_003716635.1	gnl|META|BSU00140-MONOMER	1.4e-24	35.1	205	109.4	54.6	95.3
WP_003716636.1	gnl|META|MONOMER-19973	2.6e-09	26.3	255	59.3	40.8	70.5
WP_003716637.1	gnl|META|ADHP-MONOMER	1.7e-117	61.0	336	418.7	75.9	98.8
WP_003716639.1	gnl|META|SYNPCC7942_0260-MONOMER	2.0e-233	53.5	818	805.1	71.8	98.2
WP_003716646.1	gnl|META|EG10906-MONOMER	1.1e-47	55.8	156	185.7	75.0	100.0
WP_003716647.1	gnl|META|EG10529-MONOMER	7.8e-21	38.2	152	98.6	57.9	21.2
WP_003716647.1	gnl|META|EG10529-MONOMER	4.2e-06	24.3	239	49.7	41.4	32.9
WP_003716647.1	gnl|META|EG10529-MONOMER	4.0e-01	23.4	77	33.1	49.4	11.0
WP_003716648.1	gnl|META|MONOMER-18459	9.3e-76	38.2	448	280.4	57.1	98.2
WP_003716649.1	gnl|META|YGFO-MONOMER	1.5e-30	27.8	449	130.2	47.0	98.0
WP_003716649.1	gnl|META|YGFU-MONOMER	2.1e-27	26.5	434	119.8	48.4	95.7
WP_003716651.1	gnl|META|EG10909-MONOMER	3.8e-33	63.7	102	136.7	84.3	100.0
WP_003716652.1	gnl|META|EG10866-MONOMER	1.7e-41	45.2	208	165.6	64.4	93.2
WP_003716653.1	gnl|META|EG10867-MONOMER	3.8e-32	41.8	184	134.4	63.6	88.9
WP_003716654.1	gnl|META|EG10883-MONOMER	3.8e-06	35.7	84	47.0	54.8	85.6
WP_003716656.1	gnl|META|EG10918-MONOMER	1.3e-29	64.8	91	124.8	78.0	100.0
WP_003716657.1	gnl|META|EG10882-MONOMER	4.5e-22	55.7	106	100.1	70.8	92.2
WP_003716658.1	gnl|META|EG10902-MONOMER	2.1e-60	51.9	208	228.4	71.2	94.5
WP_003716659.1	gnl|META|EG10877-MONOMER	3.5e-32	53.0	134	134.0	69.4	93.1
WP_003716660.1	gnl|META|EG10887-MONOMER	4.5e-06	45.6	57	46.2	66.7	83.8
WP_003716661.1	gnl|META|EG10916-MONOMER	2.5e-17	54.5	77	84.0	70.1	87.5
WP_003716662.1	gnl|META|EG10875-MONOMER	1.2e-38	63.4	123	155.2	79.7	100.0
WP_003716663.1	gnl|META|EG10884-MONOMER	1.0e-22	54.0	100	102.1	72.0	97.1
WP_003716664.1	gnl|META|EG10868-MONOMER	5.8e-61	59.3	177	229.9	79.7	98.3
WP_003716665.1	gnl|META|EG10913-MONOMER	1.0e-09	59.1	44	58.2	72.7	72.1
WP_003716667.1	gnl|META|EG10869-MONOMER	8.7e-33	40.6	175	136.3	59.4	98.3
WP_003716669.1	gnl|META|EG10904-MONOMER	1.9e-37	48.4	155	151.8	70.3	91.7
WP_003716670.1	gnl|META|EG10888-MONOMER	1.8e-03	34.5	55	37.4	52.7	91.7
WP_003716671.1	gnl|META|EG10876-MONOMER	1.9e-14	45.1	144	75.1	57.6	98.6
WP_003716673.1	gnl|META|ADENYL-KIN-MONOMER	7.8e-44	41.7	218	173.3	62.8	97.7
WP_003716673.1	gnl|META|YDR226W-MONOMER	1.9e-42	40.3	211	168.7	61.1	96.3
WP_003716675.1	gnl|META|EG10912-MONOMER	3.8e-32	57.7	111	133.7	80.2	91.7
WP_003716676.1	gnl|META|EG10910-MONOMER	2.0e-39	62.8	121	157.9	78.5	93.8
WP_003716677.1	gnl|META|EG10893-MONOMER	3.4e-64	42.6	310	241.5	65.8	97.8
WP_003716678.1	gnl|META|EG10878-MONOMER	1.1e-16	40.5	126	82.4	55.6	99.2
WP_003716679.1	gnl|META|G12WB-158-MONOMER	2.0e-60	42.6	272	228.8	66.2	97.8
WP_003716680.1	gnl|META|G12WB-159-MONOMER	8.2e-49	38.9	270	190.3	62.2	93.0
WP_003716682.1	gnl|META|EG10454-MONOMER	2.5e-41	38.2	249	165.2	56.6	97.3
WP_003716684.1	gnl|META|EG10908-MONOMER	7.2e-14	46.1	76	72.4	61.8	91.6
WP_003716685.1	gnl|META|EG10908-MONOMER	5.9e-08	57.1	49	52.0	69.4	100.0
WP_003716686.1	gnl|META|MONOMER-8762	2.0e-83	60.4	255	305.1	74.5	99.2
WP_003716690.1	gnl|META|EG11064-MONOMER	2.6e-150	41.3	750	528.9	59.9	98.6
WP_003716691.1	gnl|META|EG10534-MONOMER	3.1e-147	41.8	662	518.5	61.6	96.6
WP_003716693.1	gnl|META|MONOMER-13957	1.5e-16	48.5	97	81.6	66.0	92.4
WP_003716694.1	gnl|META|MONOMER-13955	8.5e-155	56.9	489	543.1	75.3	99.2
WP_003716695.1	gnl|META|MONOMER-13956	9.0e-170	61.1	476	592.8	77.1	100.0
WP_003716696.1	gnl|META|MONOMER-20007	1.2e-83	49.5	309	306.2	70.9	91.2
WP_003716697.1	gnl|META|EG11247-MONOMER	1.1e-36	26.7	446	150.6	46.6	95.9
WP_003716698.1	gnl|META|MONOMER-16615	1.9e-01	25.6	117	33.5	42.7	25.4
WP_003716707.1	gnl|META|EG10746-MONOMER	1.7e-09	29.5	129	60.8	51.2	20.0
WP_003716709.1	gnl|META|MONOMER-13569	4.4e-02	31.7	60	35.4	48.3	15.8
WP_003716717.1	gnl|META|EG12045-MONOMER	4.6e-01	31.7	82	33.5	50.0	7.8
WP_003716721.1	gnl|META|NICOTINAMID-MONOMER	2.5e-09	28.6	210	58.5	43.8	93.7
WP_003716723.1	gnl|META|G1G01-5484-MONOMER	3.3e-87	35.4	568	318.9	58.6	90.0
WP_003716724.1	gnl|META|YHHO-MONOMER	3.5e-07	38.2	68	50.1	61.8	88.3
WP_003716727.1	gnl|META|HS12771-MONOMER	5.6e-01	37.1	35	30.8	54.3	17.9
WP_003716728.1	gnl|META|EG11157-MONOMER	1.6e-15	26.0	215	79.3	49.8	95.5
WP_003716733.1	gnl|META|STM2437-MONOMER	4.7e-20	34.4	183	94.4	47.5	76.6
WP_003716734.1	gnl|META|GLUTCYSLIG-MONOMER	1.8e-22	24.8	440	103.6	42.3	75.8
WP_003716735.1	gnl|META|MONOMER-8681	4.1e-22	25.3	316	101.7	48.7	99.7
WP_003716735.1	gnl|META|MONOMER-13096	3.5e-21	27.4	307	98.6	48.2	95.1
WP_003716735.1	gnl|META|MONOMER-11604	4.5e-21	24.6	309	98.2	46.9	94.5
WP_003716736.1	gnl|META|MONOMER-15646	2.4e-28	40.8	152	121.7	55.9	80.0
WP_003716738.1	gnl|META|BSU33530-MONOMER	7.0e-07	23.1	238	51.2	42.0	69.0
WP_003716738.1	gnl|META|MONOMER-13277	2.0e-06	25.9	185	49.7	42.2	51.0
WP_003716738.1	gnl|META|MONOMER-14758	7.7e-06	27.8	97	47.8	47.4	28.6
WP_003716739.1	gnl|META|EG10210-MONOMER	1.8e-36	33.5	319	149.8	49.8	72.8
WP_003716741.1	gnl|META|BSU35660-MONOMER	2.6e-87	45.1	364	318.5	65.9	97.1
WP_003716741.1	gnl|META|MONOMER-19982	2.6e-87	43.5	368	318.5	68.2	98.1
WP_003716741.1	gnl|META|MONOMER-19966	8.4e-86	44.5	364	313.5	64.8	97.1
WP_003716744.1	gnl|META|MONOMER-14290	1.2e-06	34.7	98	49.3	52.0	61.1
WP_003716744.1	gnl|META|MONOMER-14302	2.6e-06	28.0	143	48.1	46.9	91.3
WP_003716744.1	gnl|META|MONOMER-18499	7.6e-06	28.7	143	46.6	44.8	91.3
WP_003716745.1	gnl|META|EG10570-MONOMER	1.8e-48	38.5	265	189.1	55.5	92.3
WP_003716748.1	gnl|META|EG11249-MONOMER	6.9e-10	32.3	96	59.7	55.2	80.7
WP_003716753.1	gnl|META|MONOMER-16196	3.4e-47	47.5	202	184.5	64.9	91.2
WP_003716755.1	gnl|META|MONOMER-20009	1.8e-62	37.8	304	235.7	63.5	98.4
WP_003716755.1	gnl|META|G7220-MONOMER	1.5e-61	41.4	307	232.6	64.2	99.4
WP_003716758.1	gnl|META|EG11983-MONOMER	1.1e-33	31.4	277	140.2	53.1	81.0
WP_003716760.1	gnl|META|GALPMUT-MONOMER	1.9e-135	60.2	364	478.4	79.1	97.8
WP_003716761.1	gnl|META|MONOMER-20019	7.9e-25	24.0	470	111.3	44.7	96.2
WP_003716763.1	gnl|META|MONOMER-18962	4.8e-27	32.2	273	117.9	51.3	98.5
WP_003716763.1	gnl|META|MONOMER-20017	1.4e-26	30.4	276	116.3	51.4	99.3
WP_003716764.1	gnl|META|MONOMER-19379	1.9e-13	25.8	240	73.2	45.4	61.8
WP_003716770.1	gnl|META|EG11983-MONOMER	1.2e-35	29.3	341	146.7	50.4	97.0
WP_003716772.1	gnl|META|MONOMER-20238	1.0e-114	38.2	591	410.2	58.0	98.8
WP_003716773.1	gnl|META|MONOMER-20025	1.0e-36	37.4	227	149.8	58.1	95.8
WP_003716773.1	gnl|META|MONOMER-20238	2.9e-36	38.3	227	148.3	57.7	95.8
WP_003716774.1	gnl|META|BETT-MONOMER	1.9e-37	27.4	493	153.3	48.5	95.8
WP_003716774.1	gnl|META|CAIT-MONOMER	4.7e-36	27.4	497	148.7	49.1	97.0
WP_003716782.1	gnl|META|EG10529-MONOMER	8.5e-20	27.8	198	94.7	52.5	36.6
WP_003716783.1	gnl|META|MONOMER-15985	7.4e-06	24.5	331	47.8	43.5	95.4
WP_003716787.1	gnl|META|G6892-MONOMER	1.9e-09	33.6	116	60.1	51.7	25.1
WP_003716790.1	gnl|META|MONOMER-19997	4.1e-48	38.9	288	188.7	56.2	56.9
WP_003716790.1	gnl|META|BSU35650-MONOMER	7.7e-47	37.7	289	184.5	56.1	57.3
WP_003716790.1	gnl|META|MONOMER-20031	1.3e-46	37.9	269	183.7	60.6	52.2
WP_003716804.1	gnl|META|PYRROLINECARBREDUCT-MONOMER	9.1e-31	32.8	262	130.2	50.4	98.5
WP_003716804.1	gnl|META|MONOMER-7803	6.5e-29	32.5	252	124.0	51.6	95.0
WP_003716804.1	gnl|META|PROCST-MONOMER	4.7e-27	31.3	259	117.9	49.4	97.3
WP_003716808.1	gnl|META|PTSH-MONOMER	2.7e-11	37.0	81	63.9	67.9	92.0
WP_003716808.1	gnl|META|FRUB-MONOMER	3.9e-10	38.8	80	60.1	63.8	87.5
WP_003716809.1	gnl|META|PTSI-MONOMER	6.1e-128	42.5	570	454.1	64.9	98.6
WP_003716811.1	gnl|META|MONOMER-20029	1.2e-104	53.7	337	375.9	71.5	98.5
WP_003716820.1	gnl|META|MONOMER0-541	1.2e-14	28.6	234	76.6	44.9	84.5
WP_003716821.1	gnl|META|EG12098-MONOMER	3.1e-35	36.2	240	145.2	53.8	74.5
WP_003716823.1	gnl|META|6PGLUCONOLACT-MONOMER	1.7e-24	28.6	262	109.8	47.7	75.7
WP_003716824.1	gnl|META|G185E-7206-MONOMER	4.3e-05	34.1	85	45.1	48.2	27.8
WP_003716824.1	gnl|META|MONOMER-19635	4.3e-05	34.1	85	45.1	48.2	27.8
WP_003716824.1	gnl|META|MONOMER-15145	2.1e-04	33.7	101	42.7	48.5	30.2
WP_003716825.1	gnl|META|EG11888-MONOMER	1.1e-29	43.8	153	125.9	63.4	89.9
WP_003716830.1	gnl|META|EG11085-MONOMER	9.9e-64	45.5	319	240.0	61.4	99.1
WP_003716832.1	gnl|META|MONOMER-15471	1.1e-113	35.8	699	407.1	54.9	95.8
WP_003716834.1	gnl|META|MONOMER-12256	3.7e-104	47.3	446	374.8	64.8	97.4
WP_003716835.1	gnl|META|G185E-6361-MONOMER	1.0e-35	28.3	364	147.1	47.8	96.4
WP_003716835.1	gnl|META|MONOMER-12258	6.8e-32	28.8	340	134.4	50.3	90.7
WP_003716843.1	gnl|META|ILES-MONOMER	2.6e-205	40.9	938	711.8	59.7	98.2
WP_003716845.1	gnl|META|G185E-5891-MONOMER	1.5e-11	28.6	168	65.9	48.2	91.8
WP_003716848.1	gnl|META|HS01304-MONOMER	9.9e-66	39.6	386	246.9	55.7	97.9
WP_003716848.1	gnl|META|MONOMER-20127	1.4e-64	39.0	390	243.0	56.4	98.2
WP_003716848.1	gnl|META|G3O-29283-MONOMER	3.5e-63	39.5	385	238.4	55.6	97.9
WP_003716848.1	gnl|META|G7325-MONOMER	2.5e-61	38.8	387	232.3	56.3	97.9
WP_003716850.1	gnl|META|EG11344-MONOMER	1.0e-115	54.3	361	412.9	72.0	95.2
WP_003716851.1	gnl|META|SYNPCC7942_0485-MONOMER	8.5e-14	26.6	222	73.6	46.4	97.2
WP_003716854.1	gnl|META|PRPPSYN-MONOMER	9.8e-67	44.1	315	250.0	67.6	96.6
WP_003716854.1	gnl|META|HS11931-MONOMER	5.2e-60	39.2	319	227.6	63.3	97.5
WP_003716854.1	gnl|META|HS02317-MONOMER	1.5e-59	39.8	319	226.1	62.4	97.5
WP_003716856.1	gnl|META|G7147-MONOMER	6.5e-10	34.4	90	61.6	54.4	21.2
WP_003716859.1	gnl|META|MONOMER-20007	3.5e-13	28.3	293	72.0	46.1	92.0
WP_003716864.1	gnl|META|MONOMER-11684	4.4e-75	42.8	327	277.7	63.0	100.0
WP_003716865.1	gnl|META|MONOMER-12007	5.0e-45	29.6	456	178.3	46.9	99.1
WP_003716865.1	gnl|META|MONOMER-11686	3.3e-41	28.8	437	165.6	48.1	96.6
WP_003716865.1	gnl|META|E2P-MONOMER	3.3e-41	34.9	435	165.6	54.5	96.9
WP_003716866.1	gnl|META|MONOMER-11687	8.6e-128	50.1	471	453.4	66.7	98.9
WP_003716868.1	gnl|META|EG10983-MONOMER	2.2e-24	30.6	222	109.0	49.5	82.4
WP_003716868.1	gnl|META|MONOMER-5063	3.1e-23	31.0	213	105.1	52.6	80.8
WP_003716868.1	gnl|META|HS06822-MONOMER	1.6e-22	31.3	233	102.8	46.8	86.2
WP_003716869.1	gnl|META|EG10529-MONOMER	3.9e-40	27.7	505	162.5	45.3	76.7
WP_003716872.1	gnl|META|EG10343-MONOMER	3.4e-16	26.8	183	81.3	48.6	98.9
WP_003716873.1	gnl|META|PANTEPADENYLYLTRAN-MONOMER	3.8e-33	41.0	156	137.5	65.4	90.2
WP_003716874.1	gnl|META|EG10542-MONOMER	2.7e-06	29.3	99	49.3	46.5	28.4
WP_003716876.1	gnl|META|YHR144C-MONOMER	1.3e-22	39.4	142	102.4	55.6	84.5
WP_003716879.1	gnl|META|EG10919-MONOMER	7.3e-06	44.7	85	45.8	54.1	100.0
WP_003716881.1	gnl|META|G6475-MONOMER	1.8e-02	25.8	124	37.4	41.9	18.9
WP_003716883.1	gnl|META|EG10942-MONOMER	4.8e-31	30.5	334	131.7	47.0	83.6
WP_003716885.1	gnl|META|EG10159-MONOMER	3.0e-137	61.2	412	484.6	77.4	97.4
WP_003716885.1	gnl|META|SYNPCC7942_2526-MONOMER	5.0e-132	57.1	424	467.2	73.3	94.0
WP_003716889.1	gnl|META|EG11063-MONOMER	1.1e-87	34.8	610	320.5	53.8	96.5
WP_003716891.1	gnl|META|G7175-MONOMER	1.6e-82	49.3	306	302.4	66.3	98.7
WP_003716892.1	gnl|META|MONOMER-13489	1.3e-30	38.3	188	129.8	55.9	67.9
WP_003716893.1	gnl|META|EG10830-MONOMER	2.3e-77	34.6	590	286.6	53.2	71.7
WP_003716894.1	gnl|META|ADENPRIBOSYLTRAN-MONOMER	9.9e-42	51.9	154	166.0	69.5	89.5
WP_003716894.1	gnl|META|MONOMER-19925	5.4e-40	44.4	171	160.2	65.5	98.3
WP_003716896.1	gnl|META|MONOMER-6421	1.3e-30	27.4	380	130.2	47.4	98.1
WP_003716897.1	gnl|META|G7039-MONOMER	3.7e-33	33.1	239	138.3	55.6	81.7
WP_003716898.1	gnl|META|MONOMER-8608	2.1e-01	34.2	38	34.7	63.2	3.7
WP_003716902.1	gnl|META|G7170-MONOMER	6.0e-01	29.6	54	29.6	55.6	57.4
WP_003716905.1	gnl|META|MONOMER-8740	8.2e-56	46.1	258	213.4	63.6	97.7
WP_003716905.1	gnl|META|MONOMER-8762	5.3e-55	45.9	257	210.7	59.5	98.1
WP_003716907.1	gnl|META|MONOMER-14379	6.3e-50	43.3	261	193.7	60.5	98.0
WP_003716907.1	gnl|META|MONOMER-16923	5.9e-48	40.5	242	187.2	61.2	96.3
WP_003716907.1	gnl|META|MONOMER-19127	2.5e-46	39.1	253	181.8	62.1	98.8
WP_003716908.1	gnl|META|MONOMER-6421	7.6e-26	28.5	393	114.4	47.3	97.7
WP_003716912.1	gnl|META|MONOMER-14405	1.8e-37	30.9	311	152.9	55.0	87.5
WP_003716913.1	gnl|META|EG10860-MONOMER	2.5e-16	34.0	162	82.0	50.6	69.5
WP_003716914.1	gnl|META|MONOMER-18245	2.5e-85	47.2	360	312.0	61.9	92.5
WP_003716915.1	gnl|META|MONOMER-16458	1.2e-01	50.0	32	33.1	68.8	15.2
WP_003716915.1	gnl|META|YGL256W-MONOMER	6.1e-01	38.1	42	30.8	54.8	20.0
WP_003716920.1	gnl|META|EG10901-MONOMER	3.2e-68	52.3	235	254.6	72.3	89.7
WP_003716922.1	gnl|META|UMPKI-MONOMER	2.0e-56	45.7	232	215.3	69.0	96.7
WP_003716926.1	gnl|META|EG12436-MONOMER	1.3e-37	29.1	474	153.7	44.1	98.1
WP_003716927.1	gnl|META|PROS-MONOMER	7.0e-132	43.9	578	467.2	62.6	98.8
WP_003716928.1	gnl|META|EG10243-MONOMER	6.0e-07	25.9	174	53.5	45.4	11.4
WP_003716933.1	gnl|META|EG10529-MONOMER	2.8e-16	28.6	238	83.6	47.5	28.1
WP_003716935.1	gnl|META|EG11177-MONOMER	8.2e-44	37.4	254	173.7	55.9	81.9
WP_003716939.1	gnl|META|EG10416-MONOMER	3.4e-11	30.4	138	64.7	52.2	70.7
WP_003716940.1	gnl|META|EG10241-MONOMER	2.1e-174	54.9	603	608.6	72.5	92.1
WP_003716941.1	gnl|META|EG10240-MONOMER	7.3e-53	37.7	398	204.1	51.5	99.7
WP_003716946.1	gnl|META|EG11195-MONOMER	4.5e-17	27.5	276	84.7	47.5	97.4
WP_003716947.1	gnl|META|G7008-MONOMER	2.2e-40	26.5	471	162.9	43.3	98.9
WP_003716950.1	gnl|META|NARL-MONOMER	2.8e-02	21.7	161	35.4	44.7	65.1
WP_003716950.1	gnl|META|ARCB-MONOMER	2.4e-01	30.7	88	32.3	53.4	34.0
WP_003716953.1	gnl|META|MONOMER-8681	1.5e-96	55.0	313	349.0	74.1	96.6
WP_003716953.1	gnl|META|MONOMER-13096	5.7e-91	53.8	316	330.5	70.9	96.9
WP_003716954.1	gnl|META|EG12115-MONOMER	6.5e-25	30.5	223	110.5	52.5	97.4
WP_003716957.1	gnl|META|AT2G38700-MONOMER	1.1e-33	31.2	327	140.2	51.4	93.8
WP_003716957.1	gnl|META|MONOMER-18695	3.5e-32	27.6	322	135.2	50.6	99.4
WP_003716957.1	gnl|META|MONOMER-653	3.0e-31	30.7	323	132.1	47.4	92.9
WP_003716957.1	gnl|META|ENSG00000167508-MONOMER	3.9e-31	31.2	308	131.7	48.4	88.2
WP_003716958.1	gnl|META|MONOMER-18243	1.5e-19	30.6	278	93.2	49.6	86.1
WP_003716959.1	gnl|META|EG11357-MONOMER	2.5e-25	22.6	725	114.0	40.8	70.8
WP_003716964.1	gnl|META|EG12347-MONOMER	5.0e-63	50.2	241	237.3	70.1	96.4
WP_003716964.1	gnl|META|GLNQ-MONOMER	2.0e-56	47.7	239	215.3	68.2	96.8
WP_003716966.1	gnl|META|G7037-MONOMER	2.4e-22	32.7	220	102.1	54.1	94.8
WP_003716968.1	gnl|META|MONOMER-8681	5.8e-112	62.9	313	400.2	81.5	98.1
WP_003716971.1	gnl|META|EG11497-MONOMER	3.3e-30	30.3	317	128.6	48.3	98.1
WP_003716972.1	gnl|META|EG12366-MONOMER	1.1e-17	29.9	221	86.7	47.1	88.0
WP_003716975.1	gnl|META|EG11852-MONOMER	1.0e-31	43.6	140	132.5	64.3	96.6
WP_003716976.1	gnl|META|ENSG00000141560-MONOMER	4.3e-26	27.4	299	114.8	44.8	94.7
WP_003716978.1	gnl|META|ASPS-MONOMER	2.0e-150	48.0	590	528.9	66.1	97.8
WP_003716978.1	gnl|META|MONOMER-14053	5.1e-146	46.3	585	514.2	64.6	98.2
WP_003716979.1	gnl|META|GLTL-MONOMER	5.9e-64	53.9	243	240.4	72.0	98.0
WP_003716979.1	gnl|META|GLNQ-MONOMER	1.3e-63	50.8	242	239.2	72.3	97.6
WP_003716979.1	gnl|META|EG12347-MONOMER	3.3e-59	51.4	247	224.6	64.8	97.6
WP_003716980.1	gnl|META|G7037-MONOMER	1.6e-28	38.8	201	123.6	57.7	40.1
WP_003716980.1	gnl|META|GLNP-MONOMER	6.9e-27	36.8	201	118.2	57.7	39.7
WP_003716981.1	gnl|META|EG10920-MONOMER	1.1e-06	53.7	54	48.1	68.5	87.1
WP_003716985.1	gnl|META|ARGSUCCINLYA-MONOMER	2.2e-94	47.3	376	342.0	64.6	98.7
WP_003716985.1	gnl|META|HS10034-MONOMER	5.5e-93	45.5	376	337.4	64.9	98.9
WP_003716987.1	gnl|META|MONOMER-17487	2.0e-01	45.5	33	33.1	66.7	9.6
WP_003716990.1	gnl|META|EG10270-MONOMER	5.5e-56	37.9	290	214.2	59.7	95.7
WP_003716992.1	gnl|META|GLYQ-MONOMER	3.0e-103	59.9	299	371.3	74.2	88.5
WP_003716993.1	gnl|META|GLYS-MONOMER	1.2e-93	32.0	688	340.5	50.0	96.8
WP_003716995.1	gnl|META|RPOD-MONOMER	1.1e-90	69.7	238	329.7	83.2	62.6
WP_003716995.1	gnl|META|RPOD-MONOMER	4.2e-08	29.4	126	55.5	57.1	31.8
WP_003716996.1	gnl|META|MONOMER-18938	7.0e-51	35.1	359	197.6	55.2	90.4
WP_003716996.1	gnl|META|MONOMER-11821	1.8e-46	32.8	369	183.0	53.7	90.4
WP_003716999.1	gnl|META|EG11549-MONOMER	5.0e-100	48.3	406	360.9	66.3	97.6
WP_003717001.1	gnl|META|ZNUC-MONOMER	1.1e-24	32.1	190	109.8	56.3	85.1
WP_003717002.1	gnl|META|ZNUB-MONOMER	4.6e-06	23.0	256	48.1	44.5	95.1
WP_003717004.1	gnl|META|EG10238-MONOMER	1.9e-170	32.9	1175	596.3	54.1	99.5
WP_003717011.1	gnl|META|EG12044-MONOMER	7.6e-32	36.8	234	133.7	57.3	95.8
WP_003717014.1	gnl|META|EG10833-MONOMER	6.0e-68	43.2	338	254.6	60.1	68.0
WP_003717016.1	gnl|META|CMPKI-MONOMER	2.8e-36	39.1	207	148.3	61.4	90.8
WP_003717017.1	gnl|META|EG10900-MONOMER	7.8e-61	36.6	355	230.7	61.1	85.4
WP_003717018.1	gnl|META|G7319-MONOMER	4.0e-87	38.7	457	318.2	59.7	97.9
WP_003717022.1	gnl|META|EG10690-MONOMER	8.0e-26	36.0	214	114.4	51.4	49.6
WP_003717023.1	gnl|META|MONOMER-17076	1.9e-53	30.1	528	206.8	50.9	77.0
WP_003717024.1	gnl|META|THYMIDYLATESYN-MONOMER	5.8e-88	51.8	313	320.5	62.6	97.8
WP_003717024.1	gnl|META|G185E-7013-MONOMER	1.0e-84	52.7	311	309.7	63.0	97.2
WP_003717025.1	gnl|META|DIHYDROFOLATEREDUCT-MONOMER	7.4e-23	36.9	149	103.2	55.7	92.0
WP_003717027.1	gnl|META|G1I0R-1336-MONOMER	6.8e-40	31.5	276	160.6	59.1	98.6
WP_003717028.1	gnl|META|THIOESTERI-MONOMER	3.0e-01	26.9	134	32.3	43.3	39.1
WP_003717031.1	gnl|META|G3O-32728-MONOMER	6.2e-04	23.1	169	41.2	49.1	56.2
WP_003717031.1	gnl|META|G7319-MONOMER	1.8e-03	39.0	59	39.7	59.3	19.3
WP_003717033.1	gnl|META|G185E-6342-MONOMER	2.2e-01	35.4	48	32.7	58.3	16.7
WP_003717034.1	gnl|META|EG11013-MONOMER	1.7e-124	38.4	669	443.0	56.5	86.3
WP_003717036.1	gnl|META|MONOMER-14087	4.0e-37	44.6	202	151.0	61.4	92.8
WP_003717037.1	gnl|META|EG10424-MONOMER	1.8e-139	39.6	801	492.7	52.6	93.0
WP_003717038.1	gnl|META|EG10423-MONOMER	5.6e-135	34.1	859	478.0	54.6	99.5
WP_003717039.1	gnl|META|G1I0R-14-MONOMER	7.1e-06	26.4	163	47.8	43.6	47.9
WP_003717043.1	gnl|META|MONOMER-18938	4.9e-52	34.3	359	201.4	55.4	90.6
WP_003717044.1	gnl|META|G12WB-500-MONOMER	7.9e-56	38.3	332	213.8	59.0	99.4
WP_003717044.1	gnl|META|MONOMER-8683	1.4e-52	37.3	314	203.0	59.2	94.2
WP_003717045.1	gnl|META|EG11433-MONOMER	5.7e-37	47.4	156	150.2	60.9	87.5
WP_003717046.1	gnl|META|MONOMER-16928	2.4e-15	30.3	231	79.0	46.8	84.0
WP_003717047.1	gnl|META|MONOMER-6727	4.7e-79	39.3	394	291.2	58.4	98.7
WP_003717048.1	gnl|META|MONOMER-13051	5.6e-57	42.5	247	217.2	66.0	96.1
WP_003717048.1	gnl|META|MONOMER-13055	1.2e-51	39.8	246	199.5	61.0	95.7
WP_003717057.1	gnl|META|E2P-MONOMER	3.3e-01	37.1	35	30.8	57.1	30.2
WP_003717058.1	gnl|META|MONOMER-17111	2.7e-67	41.4	338	251.9	58.3	98.8
WP_003717058.1	gnl|META|BSU10250-MONOMER	2.3e-66	39.3	338	248.8	58.3	98.8
WP_003717059.1	gnl|META|BSU38290-MONOMER	3.2e-29	30.9	207	124.8	60.9	95.8
WP_003717060.1	gnl|META|BSU11710-MONOMER	3.6e-54	42.9	266	208.0	62.0	97.1
WP_003717060.1	gnl|META|AT1G22940-MONOMER	1.4e-53	44.2	269	206.1	60.2	96.7
WP_003717063.1	gnl|META|PD00232	2.1e-15	24.6	297	79.3	44.8	98.0
WP_003717071.1	gnl|META|MONOMER-18140	1.3e-02	40.0	30	34.3	70.0	60.0
WP_003717071.1	gnl|META|MONOMER-19023	5.0e-02	46.7	30	32.3	73.3	60.0
WP_003717073.1	gnl|META|THRESYN-MONOMER	1.7e-49	32.8	442	193.4	49.5	87.8
WP_003717074.1	gnl|META|ASPKINIHOMOSERDEHYDROGI-MONOMER	8.7e-15	23.0	356	77.8	44.9	73.6
WP_003717075.1	gnl|META|HOMOSERKIN-MONOMER	2.1e-20	28.6	280	95.9	49.3	89.5
WP_003717076.1	gnl|META|AT1G71750-MONOMER	1.5e-37	42.2	185	152.1	63.8	98.9
WP_003717076.1	gnl|META|HYPOXANPRIBOSYLTRAN-MONOMER	2.9e-36	41.6	166	147.9	67.5	91.6
WP_003717078.1	gnl|META|G7490-MONOMER	5.9e-66	39.5	387	247.7	55.8	96.7
WP_003717088.1	gnl|META|MONOMER-43	1.4e-38	35.2	318	156.4	50.6	94.8
WP_003717088.1	gnl|META|MONOMER-17245	5.9e-37	36.9	271	151.0	52.8	83.5
WP_003717088.1	gnl|META|MONOMER-3821	8.5e-36	36.1	299	147.1	53.5	93.2
WP_003717098.1	gnl|META|G6759-MONOMER	8.1e-01	28.8	52	30.0	53.8	31.5
WP_003717106.1	gnl|META|MONOMER-19081	7.8e-01	29.6	81	31.2	46.9	20.8
WP_003717110.1	gnl|META|MONOMER-17111	5.1e-45	32.6	319	177.9	55.8	91.1
WP_003717110.1	gnl|META|BSU10250-MONOMER	9.0e-42	31.9	323	167.2	52.3	92.2
WP_003717111.1	gnl|META|MONOMER-18070	8.5e-41	29.8	383	164.1	48.6	96.9
WP_003717111.1	gnl|META|GALACTONATE-DEHYDRATASE-MONOMER	1.1e-40	31.2	381	163.7	46.2	95.6
WP_003717118.1	gnl|META|EMRB-MONOMER	1.0e-24	24.0	404	110.9	46.0	85.3
WP_003717127.1	gnl|META|BSU24270-MONOMER	4.4e-97	33.0	618	351.7	54.0	97.0
WP_003717127.1	gnl|META|AT4G15560-MONOMER	5.7e-89	32.2	594	324.7	53.9	91.7
WP_003717127.1	gnl|META|MONOMER-16158	9.7e-89	32.9	595	323.9	53.8	91.7
WP_003717131.1	gnl|META|EG12209-MONOMER	6.7e-07	29.3	116	49.7	47.4	100.0
WP_003717133.1	gnl|META|MONOMER-20622	2.9e-17	37.0	127	84.3	55.9	97.7
WP_003717135.1	gnl|META|ENSG00000123815-MONOMER	1.2e-19	27.1	258	94.4	45.7	43.7
WP_003717142.1	gnl|META|EG11353-MONOMER	1.8e-13	22.6	252	72.8	44.4	89.5
WP_003717142.1	gnl|META|EG11352-MONOMER	1.0e-11	29.0	193	67.0	45.6	67.3
WP_003717147.1	gnl|META|BSU15520-MONOMER	4.8e-102	32.8	625	368.6	56.0	75.4
WP_003717148.1	gnl|META|BSU15510-MONOMER	6.5e-96	48.5	357	347.1	68.9	98.6
WP_003717149.1	gnl|META|EG12098-MONOMER	1.7e-60	41.4	309	229.2	62.1	96.1
WP_003717150.1	gnl|META|EG10548-MONOMER	1.9e-09	28.7	143	58.5	51.7	90.7
WP_003717153.1	gnl|META|MONOMER-9982	2.9e-86	29.4	793	316.2	48.3	88.6
WP_003717155.1	gnl|META|MONOMER-18938	3.4e-45	33.1	359	178.7	51.8	90.4
WP_003717155.1	gnl|META|MONOMER-11821	2.4e-43	30.3	366	172.6	50.3	90.4
WP_003717155.1	gnl|META|G7242-MONOMER	5.4e-43	29.6	378	171.4	49.2	93.1
WP_003717156.1	gnl|META|MONOMER-6568	2.3e-58	45.8	264	221.9	64.8	98.8
WP_003717158.1	gnl|META|MONOMER-20145	2.9e-49	32.0	372	192.2	50.0	94.8
WP_003717158.1	gnl|META|MONOMER-20392	6.4e-49	31.6	376	191.0	49.5	96.9
WP_003717158.1	gnl|META|MONOMER-4142	1.4e-48	31.8	359	189.9	50.7	92.7
WP_003717159.1	gnl|META|SERINE-O-ACETTRAN-MONOMER	1.8e-01	48.4	31	32.7	61.3	13.1
WP_003717163.1	gnl|META|DIAMINOPIMEPIM-MONOMER	6.5e-18	29.1	237	87.8	44.3	70.2
WP_003717164.1	gnl|META|G6488-MONOMER	1.8e-40	30.5	371	162.9	49.6	95.2
WP_003717170.1	gnl|META|MONOMER-15456	1.5e-81	31.7	630	300.4	51.0	80.1
WP_003717173.1	gnl|META|MONOMER-17109	2.1e-121	48.6	481	432.2	64.7	97.2
WP_003717174.1	gnl|META|G7037-MONOMER	7.6e-26	34.6	208	113.6	57.7	90.2
WP_003717175.1	gnl|META|G7039-MONOMER	5.4e-21	31.2	237	97.8	50.6	83.3
WP_003717181.1	gnl|META|MONOMER-18135	7.3e-50	39.2	288	193.7	58.3	96.1
WP_003717181.1	gnl|META|MONOMER-17551	1.6e-49	39.1	297	192.6	55.6	98.2
WP_003717185.1	gnl|META|EG10680-MONOMER	1.9e-01	23.9	88	32.0	39.8	57.9
WP_003717186.1	gnl|META|MONOMER-17111	1.7e-90	49.2	327	328.9	67.6	97.0
WP_003717186.1	gnl|META|BSU10250-MONOMER	8.6e-90	47.8	324	326.6	67.6	96.1
WP_003717186.1	gnl|META|MONOMER-17110	4.6e-83	45.6	327	304.3	65.4	97.0
WP_003717188.1	gnl|META|MONOMER-19438	9.1e-02	29.5	44	32.0	59.1	62.9
WP_003717189.1	gnl|META|MONOMER-17596	3.0e-09	36.8	87	57.4	58.6	84.5
WP_003717189.1	gnl|META|MONOMER-13194	8.6e-09	41.6	77	55.8	61.0	71.8
WP_003717189.1	gnl|META|MONOMER-18624	2.5e-08	35.2	91	54.3	57.1	84.5
WP_003717189.1	gnl|META|MONOMER-15878	2.5e-08	36.4	88	54.3	55.7	83.5
WP_003717189.1	gnl|META|MONOMER-7722	3.3e-08	34.1	88	53.9	58.0	85.4
WP_003717189.1	gnl|META|MONOMER-19127	3.3e-08	33.3	90	53.9	60.0	84.5
WP_003717190.1	gnl|META|MONOMER-2967	5.8e-76	39.2	365	280.8	63.0	99.2
WP_003717190.1	gnl|META|MONOMER-17740	2.8e-70	37.4	366	261.9	58.7	99.7
WP_003717191.1	gnl|META|MONOMER-14918	9.1e-01	27.6	87	29.6	41.4	60.3
WP_003717201.1	gnl|META|MONOMER-20013	5.3e-20	29.7	222	94.7	49.5	68.0
WP_003717201.1	gnl|META|MONOMER-19974	1.3e-18	39.1	128	90.1	59.4	38.2
WP_003717201.1	gnl|META|BSU35550-MONOMER	2.9e-18	38.3	128	89.0	57.0	39.1
WP_003717201.1	gnl|META|BSU35680-MONOMER	6.5e-18	24.8	306	87.8	47.7	92.3
WP_003717201.1	gnl|META|EG11266-MONOMER	8.4e-18	36.2	116	87.4	60.3	35.7
WP_003717205.1	gnl|META|RIBONUCLEOSIDE-TRIP-REDUCT-MONOMER	7.4e-203	49.6	709	703.4	66.6	94.1
WP_003717206.1	gnl|META|RNTRACTIV-MONOMER	8.9e-31	44.2	147	129.8	67.3	73.3
WP_003717212.1	gnl|META|YHBG-MONOMER	4.9e-16	26.7	240	81.3	50.4	89.1
WP_003717214.1	gnl|META|G6906-MONOMER	4.0e-105	47.6	395	377.9	65.8	95.9
WP_003717215.1	gnl|META|G7324-MONOMER	2.7e-03	27.9	86	38.1	50.0	55.0
WP_003717215.1	gnl|META|G3O-34034-MONOMER	1.4e-02	27.8	90	35.8	50.0	56.3
WP_003717218.1	gnl|META|G6967-MONOMER	1.3e-70	45.7	276	262.7	63.4	97.9
WP_003717223.1	gnl|META|CYCA-MONOMER	1.7e-101	44.0	448	365.9	66.1	99.8
WP_003717226.1	gnl|META|EG10986-MONOMER	1.4e-35	43.5	168	145.6	61.3	93.8
WP_003717231.1	gnl|META|EG11758-MONOMER	1.9e-21	31.8	242	99.4	47.1	83.5
WP_003717233.1	gnl|META|MONOMER-2861	4.8e-01	33.8	80	30.8	45.0	48.5
WP_003717238.1	gnl|META|BSU00140-MONOMER	7.9e-25	35.2	213	110.2	54.0	97.6
WP_003717243.1	gnl|META|SGAT-MONOMER	6.4e-01	31.1	45	30.0	57.8	34.4
WP_003717247.1	gnl|META|MONOMER-8681	1.3e-79	47.7	306	292.7	69.6	97.4
WP_003717247.1	gnl|META|MONOMER-13096	1.1e-75	45.9	307	279.6	67.4	97.4
WP_003717249.1	gnl|META|ARGS-MONOMER	4.8e-69	31.3	584	258.5	50.5	100.0
WP_003717250.1	gnl|META|MONOMER-15456	1.0e-63	31.3	566	241.1	48.4	75.0
WP_003717252.1	gnl|META|EG11094-MONOMER	3.3e-03	25.3	95	39.3	46.3	23.4
WP_003717252.1	gnl|META|EG11094-MONOMER	3.0e-01	40.0	50	32.7	58.0	12.2
WP_003717256.1	gnl|META|EG12172-MONOMER	2.6e-11	35.8	106	64.7	53.8	71.0
WP_003717257.1	gnl|META|BSU02750-MONOMER	2.9e-31	32.4	225	131.7	57.8	91.0
WP_003717257.1	gnl|META|YBHF-MONOMER	2.5e-30	29.7	246	128.6	52.0	99.2
WP_003717257.1	gnl|META|YHBG-MONOMER	6.1e-29	30.8	237	124.0	56.1	95.5
WP_003717259.1	gnl|META|EG11779-MONOMER	1.3e-14	33.9	121	76.3	50.4	55.0
WP_003717263.1	gnl|META|PHET-MONOMER	2.4e-13	38.1	97	72.0	57.7	44.9
WP_003717264.1	gnl|META|MONOMER-15459	6.4e-138	54.4	428	486.9	73.4	98.4
WP_003717267.1	gnl|META|EG10746-MONOMER	1.9e-152	37.6	933	536.2	55.8	99.0
WP_003717268.1	gnl|META|EG10329-MONOMER	8.8e-40	36.0	272	160.2	52.2	97.1
WP_003717269.1	gnl|META|EG12312-MONOMER	7.0e-23	34.4	192	103.6	55.2	95.5
WP_003717272.1	gnl|META|SYNPCC7942_2315-MONOMER	1.8e-01	25.4	71	33.1	47.9	22.2
WP_003717274.1	gnl|META|EG10881-MONOMER	2.6e-30	57.4	115	127.5	79.1	98.3
WP_003717276.1	gnl|META|G7319-MONOMER	2.1e-04	46.6	58	43.1	60.3	14.7
WP_003717279.1	gnl|META|HS10491-MONOMER	1.6e-01	31.0	84	32.7	48.8	39.5
WP_003717281.1	gnl|META|MONOMER-8542	5.4e-09	23.8	240	57.8	43.8	94.3
WP_003717285.1	gnl|META|CPXR-MONOMER	6.5e-33	34.6	231	137.1	58.0	100.0
WP_003717286.1	gnl|META|PHOR-MONOMER	6.0e-31	31.9	257	131.7	54.1	49.4
WP_003717290.1	gnl|META|AT2G28800-MONOMER	4.0e-04	29.2	130	42.0	50.0	40.1
WP_003717291.1	gnl|META|G6502-MONOMER	2.4e-10	40.5	84	60.8	58.3	92.3
WP_003717292.1	gnl|META|MONOMER-16328	6.5e-21	27.7	264	97.4	50.0	97.3
WP_003717295.1	gnl|META|PHES-MONOMER	9.5e-84	45.9	338	306.6	66.6	97.1
WP_003717296.1	gnl|META|PHET-MONOMER	1.9e-127	35.0	819	453.0	53.4	100.0
WP_003717301.1	gnl|META|MONOMER-15472	1.7e-84	33.7	701	310.1	50.9	98.0
WP_003717302.1	gnl|META|EG10891-MONOMER	6.3e-02	42.4	33	32.0	69.7	67.3
WP_003717303.1	gnl|META|EG11158-MONOMER	2.4e-09	33.3	138	58.5	45.7	69.2
WP_003717306.1	gnl|META|MONOMER-6081	1.9e-118	61.7	321	421.8	80.7	100.0
WP_003717307.1	gnl|META|EG10780-MONOMER	2.8e-02	32.3	62	34.7	51.6	42.3
WP_003717309.1	gnl|META|EG10595-MONOMER	2.9e-44	35.4	311	175.3	54.0	98.7
WP_003717310.1	gnl|META|MONOMER-502	4.1e-132	51.1	438	467.6	71.0	98.0
WP_003717311.1	gnl|META|MONOMER-13959	3.1e-120	46.3	488	428.3	66.4	97.4
WP_003717312.1	gnl|META|MONOMER-18938	7.0e-51	34.3	364	197.6	51.9	92.3
WP_003717312.1	gnl|META|MONOMER-11821	4.0e-46	33.4	368	181.8	51.9	91.0
WP_003717320.1	gnl|META|EG50001-MONOMER	3.8e-17	41.7	103	83.6	64.1	100.0
WP_003717322.1	gnl|META|EG50002-MONOMER	2.3e-16	57.1	77	80.9	64.9	82.8
WP_003717323.1	gnl|META|G7248-MONOMER	4.7e-46	32.4	370	181.4	52.7	99.2
WP_003717327.1	gnl|META|CYCLODEHYCLTH-MONOMER	7.5e-71	52.2	276	263.5	68.5	96.8
WP_003717327.1	gnl|META|MONOMER-20274	1.3e-67	48.0	275	252.7	65.1	96.5
WP_003717328.1	gnl|META|EG11072-MONOMER	3.4e-62	47.1	278	235.3	63.7	62.0
WP_003717329.1	gnl|META|EG11098-MONOMER	1.2e-09	49.2	61	58.5	73.8	63.5
WP_003717330.1	gnl|META|MONOMER-11666	2.4e-48	43.8	265	188.7	59.2	89.7
WP_003717330.1	gnl|META|MONOMER-12171	1.2e-47	41.0	261	186.4	59.0	88.6
WP_003717330.1	gnl|META|AT2G18640-MONOMER	2.7e-47	38.8	260	185.3	61.2	88.6
WP_003717330.1	gnl|META|AT2G23800-MONOMER	7.7e-47	39.5	261	183.7	59.8	88.6
WP_003717330.1	gnl|META|FPPSYN-MONOMER	1.0e-46	38.1	289	183.3	56.7	97.9
WP_003717330.1	gnl|META|AT4G36810-MONOMER	5.0e-46	40.9	254	181.0	59.1	84.8
WP_003717330.1	gnl|META|MONOMER-16157	5.0e-46	44.7	244	181.0	58.6	82.8
WP_003717330.1	gnl|META|AT3G14550-MONOMER	4.2e-45	38.6	264	177.9	57.2	88.6
WP_003717330.1	gnl|META|MONOMER-11994	3.6e-44	39.6	255	174.9	58.0	86.2
WP_003717331.1	gnl|META|G185E-5885-MONOMER	2.1e-38	39.1	248	155.6	55.6	88.6
WP_003717337.1	gnl|META|EG10004-MONOMER	1.6e-63	43.3	365	239.6	59.2	90.8
WP_003717340.1	gnl|META|EG12163-MONOMER	1.7e-37	29.2	448	153.3	49.1	97.8
WP_003717342.1	gnl|META|HS08155-MONOMER	7.4e-18	32.4	148	88.6	54.1	22.4
WP_003717342.1	gnl|META|HS09136-MONOMER	2.8e-17	27.7	202	86.7	48.0	31.0
WP_003717342.1	gnl|META|HS02256-MONOMER	1.4e-16	26.2	267	84.3	46.8	40.6
WP_003717342.1	gnl|META|MONOMER-4461	2.4e-16	26.3	213	83.6	46.9	32.7
WP_003717343.1	gnl|META|G7841-MONOMER	1.4e-32	32.3	291	136.3	51.9	91.5
WP_003717344.1	gnl|META|RIBULP3EPIM-MONOMER	3.2e-45	42.2	211	177.9	64.0	96.8
WP_003717347.1	gnl|META|G1I0R-1119-MONOMER	2.6e-139	45.9	566	491.9	66.8	99.6
WP_003717349.1	gnl|META|MONOMER-14086	2.5e-97	57.0	330	351.7	72.7	98.5
WP_003717350.1	gnl|META|EG50003-MONOMER	1.4e-09	40.0	75	58.2	62.7	89.3
WP_003717352.1	gnl|META|EG10927-MONOMER	2.3e-04	25.7	183	44.7	44.3	14.3
WP_003717353.1	gnl|META|AT1G80380-MONOMER	3.5e-01	35.7	56	32.7	46.4	12.3
WP_003717360.1	gnl|META|EG10915-MONOMER	6.0e-14	48.7	76	72.8	68.4	81.3
WP_003717363.1	gnl|META|EG11023-MONOMER	4.5e-59	46.7	246	224.2	64.6	97.2
WP_003717364.1	gnl|META|B0260-MONOMER	5.8e-15	24.8	452	78.6	41.8	90.8
WP_003717364.1	gnl|META|YHFM-MONOMER	2.9e-14	24.8	411	76.3	45.0	84.9
WP_003717385.1	gnl|META|MONOMER-20672	8.1e-01	36.6	41	30.8	61.0	14.5
WP_003717399.1	gnl|META|MONOMER-16110	9.1e-01	37.5	32	30.4	56.2	13.2
WP_003717418.1	gnl|META|MONOMER-16485	1.6e-02	34.4	61	37.4	49.2	11.5
WP_003717418.1	gnl|META|MONOMER-14389	1.1e-01	32.9	85	34.7	45.9	12.8
WP_003717433.1	gnl|META|EG11073-MONOMER	2.5e-15	28.5	288	79.0	42.7	97.8
WP_003717434.1	gnl|META|HS01565-MONOMER	8.0e-02	28.6	70	33.9	55.7	28.1
WP_003717437.1	gnl|META|BSU15490-MONOMER	1.9e-75	47.7	302	278.9	67.5	95.0
WP_003717438.1	gnl|META|BSU15500-MONOMER	1.5e-118	52.2	425	422.5	69.2	98.4
WP_003717439.1	gnl|META|MONOMER-14471	7.0e-99	58.9	299	356.7	76.6	98.0
WP_003717439.1	gnl|META|BSU15540-MONOMER	5.4e-91	57.9	297	330.5	75.4	97.4
WP_003717440.1	gnl|META|ADHP-MONOMER	8.3e-117	62.5	336	416.4	75.6	98.5
WP_003717441.1	gnl|META|MONOMER-14552	2.0e-05	26.0	231	45.8	41.1	81.9
WP_003717441.1	gnl|META|MONOMER-14555	3.3e-05	25.9	232	45.1	41.8	81.9
WP_003717441.1	gnl|META|MONOMER-14553	1.3e-04	22.6	235	43.1	39.6	81.9
WP_003717442.1	gnl|META|MONOMER-13829	1.2e-32	32.3	319	136.7	51.1	96.0
WP_003717442.1	gnl|META|MONOMER-13770	3.5e-32	29.0	307	135.2	51.8	93.8
WP_003717442.1	gnl|META|MONOMER-13766	3.5e-32	31.8	308	135.2	51.9	93.8
WP_003717442.1	gnl|META|MONOMER-14627	2.8e-29	30.4	299	125.6	51.5	89.2
WP_003717444.1	gnl|META|MONOMER-13830	1.2e-50	43.6	236	196.1	61.4	99.6
WP_003717444.1	gnl|META|MONOMER-13809	2.5e-48	44.3	228	188.3	61.0	95.7
WP_003717445.1	gnl|META|YCEE-MONOMER	1.8e-86	42.1	382	315.8	65.2	94.8
WP_003717446.1	gnl|META|EMRY-MONOMER	5.5e-18	21.2	416	88.6	44.2	86.6
WP_003717448.1	gnl|META|EG10913-MONOMER	2.6e-14	44.6	101	73.9	58.4	100.0
WP_003717450.1	gnl|META|THIOREDOXIN-REDUCT-NADPH-MONOMER	1.5e-46	36.4	313	183.7	54.3	54.9
WP_003717450.1	gnl|META|MONOMER-543	1.4e-44	36.0	303	177.2	54.5	53.4
WP_003717450.1	gnl|META|EG11385-MONOMER	2.9e-42	31.9	313	169.5	54.3	56.0
WP_003717454.1	gnl|META|MONOMER-20013	3.6e-20	43.1	116	95.9	58.6	23.2
WP_003717454.1	gnl|META|EG11266-MONOMER	1.4e-19	29.2	233	94.0	48.9	45.3
WP_003717456.1	gnl|META|BSU35730-MONOMER	5.4e-19	26.6	259	92.0	49.4	49.9
WP_003717459.1	gnl|META|GLNP-MONOMER	3.6e-28	31.8	214	121.3	57.9	96.8
WP_003717460.1	gnl|META|GLNP-MONOMER	5.5e-16	33.3	174	80.9	52.9	76.9
WP_003717461.1	gnl|META|GLTL-MONOMER	2.8e-66	49.2	240	248.1	76.2	97.6
WP_003717462.1	gnl|META|G7039-MONOMER	2.2e-22	30.4	240	102.4	48.8	83.5
WP_003717465.1	gnl|META|KEFC-MONOMER	2.1e-09	20.7	527	60.5	42.7	82.6
WP_003717466.1	gnl|META|BSU37540-MONOMER	1.4e-11	51.7	60	64.3	68.3	98.4
WP_003717478.1	gnl|META|G7105-MONOMER	3.5e-01	24.5	98	32.0	48.0	36.0
WP_003717479.1	gnl|META|EG11826-MONOMER	2.7e-27	32.3	232	118.6	51.7	90.5
WP_003717479.1	gnl|META|G7105-MONOMER	2.3e-26	31.9	216	115.5	52.8	85.4
WP_003717481.1	gnl|META|MONOMER-13183	1.0e-44	31.7	328	176.8	54.6	98.4
WP_003717483.1	gnl|META|GLNH-MONOMER	5.0e-16	30.1	196	81.3	45.9	71.3
WP_003717483.1	gnl|META|G7039-MONOMER	1.1e-15	29.5	244	80.1	50.4	87.3
WP_003717483.1	gnl|META|ARTJ-MONOMER	1.9e-15	27.1	225	79.3	45.8	82.1
WP_003717485.1	gnl|META|GLNQ-MONOMER	3.2e-62	49.2	244	234.6	69.7	98.8
WP_003717485.1	gnl|META|EG12347-MONOMER	3.2e-62	49.8	245	234.6	70.2	98.8
WP_003717485.1	gnl|META|GLTL-MONOMER	2.8e-58	47.7	243	221.5	68.3	99.6
WP_003717487.1	gnl|META|G7726-MONOMER	1.5e-18	26.8	269	89.7	46.8	93.4
WP_003717488.1	gnl|META|STM14_RS23790-MONOMER	1.0e-18	25.5	318	90.5	40.9	96.0
WP_003717490.1	gnl|META|B1634-MONOMER	2.3e-43	23.7	497	172.9	45.7	96.8
WP_003717490.1	gnl|META|YJDL-MONOMER	8.9e-43	27.7	426	171.0	46.9	83.5
WP_003717494.1	gnl|META|MONOMER-15488	6.5e-68	50.4	236	253.4	74.6	99.6
WP_003717497.1	gnl|META|NAD-SYNTH-MONOMER	1.1e-87	60.9	274	319.3	74.1	99.3
WP_003717500.1	gnl|META|BETAGALACTOSID-MONOMER	2.1e-92	31.8	658	336.3	50.0	97.8
WP_003717501.1	gnl|META|BETAGALACTOSID-MONOMER	6.6e-07	23.4	312	51.2	37.2	93.4
WP_003717502.1	gnl|META|GPMA-MONOMER	7.5e-61	46.5	228	229.9	69.7	95.7
WP_003717503.1	gnl|META|MONOMER-19843	1.6e-07	31.1	103	53.1	47.6	34.6
WP_003717504.1	gnl|META|HP0106-MONOMER	1.2e-129	58.3	379	459.1	75.2	99.7
WP_003717505.1	gnl|META|G7037-MONOMER	2.5e-48	48.4	225	188.3	67.1	97.4
WP_003717506.1	gnl|META|EG12347-MONOMER	1.4e-57	45.2	248	219.2	66.5	98.8
WP_003717506.1	gnl|META|GLNQ-MONOMER	2.1e-56	46.7	240	215.3	67.5	96.4
WP_003717506.1	gnl|META|ARTP-MONOMER	2.8e-53	44.4	241	204.9	64.3	96.8
WP_003717507.1	gnl|META|G7039-MONOMER	1.3e-32	34.7	259	136.3	56.8	96.2
WP_003717509.1	gnl|META|MONOMER-19375	2.7e-202	62.1	541	701.0	79.5	100.0
WP_003717510.1	gnl|META|PD00232	3.5e-10	23.6	259	62.0	41.3	83.1
WP_003717511.1	gnl|META|RIB5PISOMA-MONOMER	4.0e-38	40.1	227	154.5	60.4	97.4
WP_003717512.1	gnl|META|MONOMER-20391	3.7e-01	24.1	58	30.4	51.7	59.8
WP_003717512.1	gnl|META|G6759-MONOMER	6.2e-01	39.3	28	29.6	71.4	28.9
WP_003717513.1	gnl|META|DUTP-PYROP-MONOMER	3.5e-10	26.4	174	61.2	44.3	94.9
WP_003717516.1	gnl|META|MONOMER-13114	7.0e-190	58.8	553	659.8	75.8	99.6
WP_003717516.1	gnl|META|FORMYLSYNTHCLTH-MONOMER	1.2e-186	57.4	554	649.0	76.4	99.8
WP_003717516.1	gnl|META|MONOMER-3942	1.7e-175	54.6	557	612.1	73.1	99.8
WP_003717517.1	gnl|META|YJCX-MONOMER	2.2e-01	25.6	86	32.3	46.5	37.6
WP_003717518.1	gnl|META|CYSS-MONOMER	2.1e-110	45.8	480	395.6	59.8	99.4
WP_003717520.1	gnl|META|AT5G26570-MONOMER	4.0e-01	28.8	52	30.8	55.8	38.0
WP_003717521.1	gnl|META|G7845-MONOMER	1.0e-39	37.7	244	159.8	59.4	96.8
WP_003717526.1	gnl|META|EG10872-MONOMER	8.4e-47	66.2	142	182.6	80.3	100.0
WP_003717528.1	gnl|META|MONOMER-20008	2.5e-05	27.6	181	45.4	48.6	80.7
WP_003717529.1	gnl|META|YFEP-MONOMER	1.7e-45	31.5	403	179.9	52.9	92.9
WP_003717530.1	gnl|META|PROTOHEME-FERROCHELAT-MONOMER	1.6e-58	37.9	309	222.6	57.3	96.8
WP_003717531.1	gnl|META|EG10871-MONOMER	1.4e-24	39.2	158	109.0	61.4	94.6
WP_003717532.1	gnl|META|EG10873-MONOMER	4.1e-18	43.0	121	87.0	60.3	100.0
WP_003717534.1	gnl|META|EG11180-MONOMER	1.1e-13	34.8	132	72.4	49.2	99.2
WP_003717538.1	gnl|META|PD00232	2.4e-08	23.1	299	55.8	40.8	89.7
WP_003717539.1	gnl|META|HS07681-MONOMER	2.1e-35	27.2	389	146.4	45.0	83.8
WP_003717541.1	gnl|META|MONOMER-13796	1.6e-94	45.0	360	342.4	68.3	97.8
WP_003717542.1	gnl|META|ADHE-MONOMER	1.1e-216	48.1	861	749.6	65.4	96.7
WP_003717542.1	gnl|META|MONOMER-15847	3.3e-210	46.0	866	728.0	66.1	97.0
WP_003717542.1	gnl|META|GIO2-535-MONOMER	1.1e-205	46.3	860	713.0	65.0	96.5
WP_003717542.1	gnl|META|AADCLOS-MONOMER	2.7e-196	44.7	864	681.8	63.7	96.8
WP_003717543.1	gnl|META|NRDF-MONOMER	6.4e-85	48.4	318	310.5	66.7	93.5
WP_003717543.1	gnl|META|MONOMER-13836	5.4e-84	47.8	318	307.4	66.0	93.5
WP_003717544.1	gnl|META|NRDE-MONOMER	3.7e-207	50.8	721	717.6	68.9	99.0
WP_003717544.1	gnl|META|MONOMER-13835	4.5e-205	50.7	714	710.7	68.1	98.3
WP_003717545.1	gnl|META|G18NG-12136-MONOMER	1.3e-06	33.8	77	48.1	63.6	97.4
WP_003717546.1	gnl|META|EG11372-MONOMER	3.3e-29	41.7	156	124.4	64.7	90.2
WP_003717547.1	gnl|META|EG11500-MONOMER	4.9e-11	30.6	134	65.9	46.3	21.5
WP_003717549.1	gnl|META|EG10834-MONOMER	1.7e-32	37.6	197	135.6	58.9	98.5
WP_003717551.1	gnl|META|DTMPKI-MONOMER	5.5e-26	32.7	208	114.0	56.2	96.2
WP_003717553.1	gnl|META|EG11500-MONOMER	1.1e-12	31.7	142	70.5	47.2	41.9
WP_003717555.1	gnl|META|G7641-MONOMER	1.7e-49	42.5	287	192.6	58.5	98.6
WP_003717556.1	gnl|META|MONOMER-13531	3.2e-09	24.0	183	58.5	43.7	66.9
WP_003717556.1	gnl|META|AT3G25110-MONOMER	1.6e-08	20.7	241	56.2	39.4	87.3
WP_003717556.1	gnl|META|AT1G08510-MONOMER	8.0e-08	24.7	166	53.9	44.0	64.1
WP_003717557.1	gnl|META|PPX-MONOMER	6.5e-09	25.8	198	58.5	46.0	38.2
WP_003717558.1	gnl|META|PPK-MONOMER	1.5e-102	34.0	683	370.2	54.0	89.6
WP_003717559.1	gnl|META|PPX-MONOMER	1.5e-27	29.3	304	119.8	50.7	93.8
WP_003717560.1	gnl|META|MONOMER-6142	2.5e-134	69.6	332	474.6	82.5	99.7
WP_003717562.1	gnl|META|EG10850-MONOMER	4.4e-11	30.9	149	64.3	46.3	79.0
WP_003717563.1	gnl|META|EG11171-MONOMER	7.1e-68	41.9	329	253.8	62.6	95.9
WP_003717564.1	gnl|META|GLUTSEMIALDEHYDROG-MONOMER	1.8e-102	46.7	415	369.0	65.1	99.0
WP_003717566.1	gnl|META|MONOMER-17076	4.3e-53	30.0	524	205.7	47.9	76.6
WP_003717569.1	gnl|META|EG10599-MONOMER	1.4e-166	58.8	524	582.4	76.7	96.1
WP_003717570.1	gnl|META|MONOMER-19980	8.1e-20	19.5	508	94.7	41.1	96.8
WP_003717572.1	gnl|META|ENSG00000092068-MONOMER	1.1e-14	24.4	495	77.8	44.6	90.0
WP_003717572.1	gnl|META|YHFM-MONOMER	1.9e-14	23.6	470	77.0	41.7	84.9
WP_003717573.1	gnl|META|YEEF-MONOMER	4.1e-13	26.7	404	72.8	41.3	60.6
WP_003717577.1	gnl|META|YMR300C-MONOMER	8.5e-01	22.2	135	30.4	43.0	56.0
WP_003717581.1	gnl|META|EG12354-MONOMER	1.3e-03	31.7	101	40.4	46.5	21.6
WP_003717585.1	gnl|META|EG12128-MONOMER	7.6e-20	28.2	284	94.0	47.5	93.4
WP_003717586.1	gnl|META|MONOMER-17188	7.6e-70	40.4	332	260.4	63.6	98.2
WP_003717586.1	gnl|META|GLYC3PDEHYDROGBIOSYN-MONOMER	3.4e-62	39.9	328	235.0	61.6	96.7
WP_003717587.1	gnl|META|MONOMER-20001	1.9e-88	56.4	291	322.0	74.2	96.7
WP_003717587.1	gnl|META|BSU35670-MONOMER	3.5e-87	55.3	295	317.8	74.9	98.0
WP_003717588.1	gnl|META|MONOMER-543	2.7e-53	37.4	294	205.3	58.8	93.9
WP_003717588.1	gnl|META|THIOREDOXIN-REDUCT-NADPH-MONOMER	2.3e-49	34.2	313	192.2	58.8	96.8
WP_003717590.1	gnl|META|EG11353-MONOMER	3.0e-05	27.8	169	45.8	46.7	42.2
WP_003717592.1	gnl|META|MONOMER-20004	3.8e-05	26.4	144	47.0	45.1	14.3
WP_003717593.1	gnl|META|EG11062-MONOMER	1.9e-213	57.1	665	738.4	74.7	96.6
WP_003717594.1	gnl|META|EG11061-MONOMER	0.0e+00	56.8	940	1086.2	75.1	98.4
WP_003717596.1	gnl|META|MONOMER-12181	6.3e-05	24.3	243	44.7	44.0	65.5
WP_003717598.1	gnl|META|EG10158-MONOMER	7.0e-68	63.9	194	253.1	83.5	98.5
WP_003717598.1	gnl|META|SYNPCC7942_1554-MONOMER	2.6e-62	56.8	192	234.6	79.2	97.5
WP_003717600.1	gnl|META|MONOMER-13052	2.0e-131	71.3	341	464.9	81.2	100.0
WP_003717601.1	gnl|META|MONOMER-13053	1.8e-158	71.2	406	555.1	82.8	100.0
WP_003717603.1	gnl|META|MONOMER-13054	1.2e-197	78.3	442	685.3	86.9	100.0
WP_003717608.1	gnl|META|EG11259-MONOMER	2.7e-118	34.4	749	422.5	54.6	92.3
WP_003717611.1	gnl|META|EG11058-MONOMER	9.2e-59	51.9	214	223.0	65.0	91.4
WP_003717612.1	gnl|META|MONOMER-13062	1.9e-110	60.2	324	395.2	76.2	100.0
WP_003717613.1	gnl|META|EG11757-MONOMER	2.7e-19	39.2	120	91.3	58.3	79.3
WP_003717616.1	gnl|META|EG10243-MONOMER	2.8e-07	30.6	144	51.6	47.9	77.5
WP_003717617.1	gnl|META|MONOMER-12254	3.4e-90	55.0	289	327.8	73.4	97.0
WP_003717621.1	gnl|META|PHOSGLUCOSAMINEMUT-MONOMER	5.3e-95	43.7	446	344.4	61.2	98.0
WP_003717626.1	gnl|META|EG11195-MONOMER	3.2e-31	30.2	265	131.7	52.5	97.8
WP_003717628.1	gnl|META|CPXR-MONOMER	1.7e-28	35.9	231	122.5	55.0	96.2
WP_003717629.1	gnl|META|BAES-MONOMER	1.9e-34	29.2	295	143.3	53.6	60.5
WP_003717635.1	gnl|META|CPXR-MONOMER	1.3e-06	31.0	113	50.1	54.9	40.4
WP_003717637.1	gnl|META|MONOMER-663	6.5e-60	44.8	315	227.3	58.7	99.0
WP_003717637.1	gnl|META|MONOMER-11204	4.4e-56	43.7	311	214.5	60.1	98.1
WP_003717646.1	gnl|META|EG10613-MONOMER	2.3e-77	30.7	592	286.2	53.0	96.7
WP_003717648.1	gnl|META|MONOMER-507	9.2e-46	29.7	414	180.6	50.7	98.5
WP_003717650.1	gnl|META|YJDE-MONOMER	5.7e-23	26.6	369	105.1	45.0	77.8
WP_003717651.1	gnl|META|YJDE-MONOMER	8.1e-22	26.2	332	101.3	45.5	70.9
WP_003717651.1	gnl|META|YHFM-MONOMER	2.9e-19	25.1	338	92.8	50.0	71.3
WP_003717652.1	gnl|META|G1I0R-1994-MONOMER	3.7e-39	42.5	214	157.9	58.4	91.1
WP_003717653.1	gnl|META|G1I0R-1995-MONOMER	5.9e-62	35.1	419	234.6	52.0	91.9
WP_003717655.1	gnl|META|EG12354-MONOMER	1.9e-02	30.0	90	36.6	47.8	18.2
WP_003717656.1	gnl|META|EG12449-MONOMER	1.8e-24	34.3	207	109.4	52.2	71.0
WP_003717658.1	gnl|META|URACIL-PRIBOSYLTRANS-MONOMER	1.6e-57	49.3	209	218.8	71.3	99.1
WP_003717659.1	gnl|META|PTSI-MONOMER	5.5e-129	41.4	573	457.6	64.2	99.3
WP_003717663.1	gnl|META|SYNPCC7942_0331-MONOMER	2.1e-18	34.3	166	89.0	54.2	68.9
WP_003717663.1	gnl|META|ATPB-MONOMER	8.0e-18	33.6	241	87.0	52.3	94.5
WP_003717665.1	gnl|META|SYNPCC7942_0335-MONOMER	7.7e-13	29.3	164	70.1	48.8	90.6
WP_003717665.1	gnl|META|ATPH-MONOMER	1.3e-12	25.6	172	69.3	52.9	95.6
WP_003717666.1	gnl|META|SYNPCC7942_0336-MONOMER	5.7e-170	59.5	499	593.6	78.0	97.3
WP_003717667.1	gnl|META|ATPG-MONOMER	1.1e-35	31.6	307	146.7	54.1	98.7
WP_003717667.1	gnl|META|SYNPCC7942_0337-MONOMER	1.2e-34	28.3	318	143.3	53.1	98.7
WP_003717668.1	gnl|META|MONOMER-539	1.8e-178	67.7	468	621.7	80.8	98.7
WP_003717668.1	gnl|META|ATPD-MONOMER	5.8e-177	66.8	464	616.7	83.2	97.9
WP_003717668.1	gnl|META|SYNPCC7942_2315-MONOMER	4.9e-176	68.4	478	613.6	78.9	98.1
WP_003717669.1	gnl|META|ATPC-MONOMER	9.1e-09	33.0	112	56.2	55.4	78.9
WP_003717669.1	gnl|META|SYNPCC7942_2316-MONOMER	1.6e-08	33.1	130	55.5	55.4	91.5
WP_003717671.1	gnl|META|MONOMER-15460	1.9e-126	56.0	420	448.7	71.9	95.7
WP_003717672.1	gnl|META|EG12130-MONOMER	6.9e-07	22.8	355	51.2	40.8	93.1
WP_003717672.1	gnl|META|G3O-32438-MONOMER	4.5e-06	24.3	288	48.5	43.1	80.5
WP_003717675.1	gnl|META|EG10344-MONOMER	2.0e-21	26.3	338	99.8	44.7	83.2
WP_003717676.1	gnl|META|MONOMER-907	5.9e-15	37.9	95	76.3	63.2	96.0
WP_003717676.1	gnl|META|GCVH-MONOMER	1.7e-14	36.1	97	74.7	59.8	98.0
WP_003717676.1	gnl|META|AT2G35370-MONOMER	2.5e-13	36.2	94	70.9	61.7	94.9
WP_003717677.1	gnl|META|ABC-MONOMER	1.4e-74	45.6	349	276.2	65.0	98.9
WP_003717679.1	gnl|META|METQ-MONOMER	7.5e-44	39.6	268	173.7	55.6	97.1
WP_003717680.1	gnl|META|YCEE-MONOMER	8.9e-102	50.4	387	366.7	67.4	96.3
WP_003717685.1	gnl|META|BSU33400-MONOMER	2.0e-68	48.3	263	255.4	67.3	94.3
WP_003717685.1	gnl|META|MONOMER0-148	8.2e-62	43.6	273	233.4	64.8	96.4
WP_003717694.1	gnl|META|G7005-MONOMER	2.2e-29	43.8	146	124.8	67.8	96.1
WP_003717697.1	gnl|META|BSU29590-MONOMER	1.8e-88	44.6	383	322.4	64.5	100.0
WP_003717699.1	gnl|META|VALS-MONOMER	3.4e-210	40.7	933	728.0	58.5	96.9
WP_003717701.1	gnl|META|BSU38750-MONOMER	3.1e-79	47.1	331	291.6	68.0	97.6
WP_003717702.1	gnl|META|CYDD-MONOMER	8.6e-66	31.7	558	247.7	53.4	95.3
WP_003717703.1	gnl|META|CYDC-MONOMER	6.0e-59	28.5	575	224.9	49.0	96.9
WP_003717704.1	gnl|META|BSU12290-MONOMER	5.7e-56	32.7	397	214.5	52.4	97.3
WP_003717711.1	gnl|META|GLNQ-MONOMER	1.1e-50	46.9	213	196.1	70.4	96.7
WP_003717711.1	gnl|META|EG12347-MONOMER	3.0e-48	45.2	221	188.0	66.1	99.1
WP_003717711.1	gnl|META|GLTL-MONOMER	2.8e-46	43.5	216	181.4	67.1	99.5
WP_003717712.1	gnl|META|G7039-MONOMER	2.1e-25	28.0	239	112.5	52.3	84.6
WP_003717712.1	gnl|META|ARTJ-MONOMER	1.4e-24	28.4	232	109.8	50.4	81.4
WP_003717717.1	gnl|META|GLPT-MONOMER	3.3e-60	34.0	420	228.8	53.6	91.4
WP_003717718.1	gnl|META|G7409-MONOMER	1.8e-17	35.7	154	86.7	52.6	37.0
WP_003717719.1	gnl|META|EG10823-MONOMER	1.7e-115	61.5	322	412.1	81.4	89.4
WP_003717721.1	gnl|META|EG10625-MONOMER	1.6e-156	37.7	876	549.7	59.0	98.7
WP_003717724.1	gnl|META|EG10923-MONOMER	3.6e-27	34.2	199	117.9	59.3	96.5
WP_003717725.1	gnl|META|EG10924-MONOMER	2.5e-105	55.6	331	378.3	73.1	97.9
WP_003717729.1	gnl|META|MONOMER-6842	3.2e-43	37.0	289	171.8	54.7	90.7
WP_003717729.1	gnl|META|6PGLUCONDEHYDROG-MONOMER	3.1e-38	33.3	294	155.2	54.8	92.0
WP_003717730.1	gnl|META|G1I0R-1684-MONOMER	9.0e-65	42.4	311	243.4	57.2	97.8
WP_003717732.1	gnl|META|ALAS-MONOMER	1.9e-184	40.9	892	642.5	58.4	99.1
WP_003717734.1	gnl|META|G7525-MONOMER	2.8e-13	33.1	136	71.2	52.2	92.5
WP_003717740.1	gnl|META|MONOMER-15462	2.0e-41	38.3	240	165.6	58.3	88.7
WP_003717741.1	gnl|META|G7530-MONOMER	1.5e-38	44.8	192	155.6	58.9	95.5
WP_003717750.1	gnl|META|G7704-MONOMER	2.2e-34	33.5	266	142.5	54.5	80.3
WP_003717752.1	gnl|META|G7706-MONOMER	4.5e-02	31.1	74	33.5	54.1	71.0
WP_003717758.1	gnl|META|MONOMER-428	1.6e-111	51.9	397	399.1	71.0	98.2
WP_003717758.1	gnl|META|MONOMER-13473	4.5e-106	48.1	395	380.9	68.4	98.2
WP_003717758.1	gnl|META|MONOMER-20612	1.1e-104	47.7	394	376.3	68.0	98.2
WP_003717758.1	gnl|META|ACKCLOS-MONOMER	1.6e-103	47.3	393	372.5	69.0	97.2
WP_003717758.1	gnl|META|STM2057-MONOMER	2.6e-101	45.7	392	365.2	68.9	98.2
WP_003717761.1	gnl|META|EG10634-MONOMER	6.0e-35	33.9	236	144.1	55.5	91.5
WP_003717762.1	gnl|META|MONOMER-20222	4.6e-09	29.7	175	57.8	50.9	79.8
WP_003717764.1	gnl|META|EG10850-MONOMER	1.8e-06	42.3	52	48.9	59.6	29.9
WP_003717767.1	gnl|META|EG10459-MONOMER	1.3e-18	26.4	387	91.7	40.8	33.8
WP_003717768.1	gnl|META|MONOMER-17085	5.2e-20	26.9	324	94.7	42.0	96.2
WP_003717769.1	gnl|META|G6439-MONOMER	7.4e-02	24.3	148	33.5	45.3	84.3
WP_003717769.1	gnl|META|MONOMER-20008	1.6e-01	29.0	69	32.3	58.0	39.8
WP_003717771.1	gnl|META|MACB	9.6e-27	27.3	428	117.5	47.0	98.8
WP_003717774.1	gnl|META|PD00219	9.1e-28	25.1	323	120.6	47.1	96.0
WP_003717776.1	gnl|META|MONOMER-13042	1.3e-147	82.8	291	518.5	93.1	99.7
WP_003717777.1	gnl|META|MONOMER-15965	6.7e-01	35.2	54	30.0	53.7	39.7
WP_003717778.1	gnl|META|MONOMER-18911	5.7e-49	35.8	299	191.0	55.5	86.4
WP_003717784.1	gnl|META|GALACTONATE-DEHYDRATASE-MONOMER	1.1e-40	30.6	386	163.7	46.6	96.4
WP_003717784.1	gnl|META|MONOMER-18070	4.0e-38	33.6	289	155.2	53.3	73.6
WP_003717785.1	gnl|META|EG10662-MONOMER	2.6e-36	38.5	195	148.3	57.4	91.5
WP_003717790.1	gnl|META|HP0106-MONOMER	7.9e-100	48.0	377	360.1	67.4	98.7
WP_003717791.1	gnl|META|HP0106-MONOMER	1.3e-78	42.0	364	289.7	60.7	93.0
WP_003717791.1	gnl|META|MONOMER-8584	1.8e-72	40.6	367	269.2	58.6	93.6
WP_003717791.1	gnl|META|HS04050-MONOMER	6.8e-72	40.1	367	267.3	59.4	93.6
WP_003717792.1	gnl|META|YADQ-MONOMER	4.4e-33	29.0	442	138.7	46.6	92.9
WP_003717797.1	gnl|META|HS04463-MONOMER	7.9e-32	47.1	138	132.9	65.9	94.5
WP_003717797.1	gnl|META|ENSG00000011052-MONOMER	6.7e-31	46.4	138	129.8	65.2	94.5
WP_003717797.1	gnl|META|YKL067W-MONOMER	4.3e-30	43.5	138	127.1	66.7	94.5
WP_003717797.1	gnl|META|AT4G09320-MONOMER	3.1e-28	41.9	136	120.9	61.0	93.2
WP_003717799.1	gnl|META|MONOMER-18513	3.0e-167	41.1	716	585.1	60.1	96.1
WP_003717801.1	gnl|META|MONOMER-18049	7.4e-49	30.3	426	191.0	50.2	94.8
WP_003717802.1	gnl|META|EG11498-MONOMER	2.7e-32	33.1	251	135.6	52.2	77.3
WP_003717804.1	gnl|META|TRPS-MONOMER	3.1e-39	32.8	332	158.7	53.0	96.2
WP_003717805.1	gnl|META|PPX-MONOMER	2.2e-23	25.8	314	105.9	47.1	99.1
WP_003717806.1	gnl|META|MONOMER-17205	1.9e-78	42.3	418	289.3	59.3	96.4
WP_003717806.1	gnl|META|MONOMER-18244	9.4e-78	39.9	414	287.0	64.5	96.9
WP_003717806.1	gnl|META|MONOMER-11829	1.0e-76	40.4	418	283.5	58.9	96.4
WP_003717808.1	gnl|META|G6577-MONOMER	5.8e-21	35.2	213	97.4	49.3	87.1
WP_003717811.1	gnl|META|METG-MONOMER	7.2e-72	27.9	692	268.1	46.8	97.5
WP_003717812.1	gnl|META|EG11481-MONOMER	3.4e-28	32.8	259	121.7	48.6	92.6
WP_003717813.1	gnl|META|MONOMER-19585	7.0e-01	41.0	39	30.4	56.4	21.0
WP_003717814.1	gnl|META|EG10523-MONOMER	5.5e-32	32.1	271	134.4	50.2	90.2
WP_003717816.1	gnl|META|EG11294-MONOMER	7.6e-23	30.7	267	104.0	48.7	91.9
WP_003717816.1	gnl|META|MONOMER-11959	3.5e-20	27.8	259	95.1	46.3	89.8
WP_003717818.1	gnl|META|NAG1P-URIDYLTRANS-MONOMER	4.0e-82	39.4	449	301.6	58.1	98.5
WP_003717822.1	gnl|META|EG11195-MONOMER	2.6e-52	42.8	276	201.8	64.1	99.6
WP_003717828.1	gnl|META|MONOMER-15461	3.9e-116	51.9	412	414.5	70.1	97.2
WP_003717829.1	gnl|META|EG10889-MONOMER	1.6e-05	33.8	80	44.7	50.0	98.8
WP_003717834.1	gnl|META|G7106-MONOMER	1.6e-06	27.5	153	48.9	43.1	96.2
WP_003717836.1	gnl|META|EG11291-MONOMER	7.1e-03	23.2	194	37.7	37.1	63.2
WP_003717837.1	gnl|META|MONOMER-12255	1.3e-85	40.4	441	313.2	61.5	95.4
WP_003717838.1	gnl|META|EG10210-MONOMER	1.3e-70	39.9	368	263.5	57.9	73.1
WP_003717838.1	gnl|META|EG10844-MONOMER	3.1e-67	39.1	350	252.3	60.6	67.9
WP_003717839.1	gnl|META|MONOMER-20022	4.9e-90	41.4	413	327.8	60.8	94.7
WP_003717840.1	gnl|META|MONOMER-19972	1.0e-09	36.8	76	58.5	69.7	96.2
WP_003717840.1	gnl|META|BSU38520-MONOMER	1.0e-09	36.8	76	58.5	69.7	96.2
WP_003717841.1	gnl|META|MONOMER-20021	2.3e-118	50.7	412	421.8	69.9	99.8
WP_003717844.1	gnl|META|G1G01-5627-MONOMER	1.1e-37	33.7	371	153.7	51.8	98.1
WP_003717844.1	gnl|META|ALARACECAT-MONOMER	1.8e-35	35.2	375	146.4	52.8	96.8
WP_003717844.1	gnl|META|ALARACEBIOSYN-MONOMER	5.1e-35	31.2	369	144.8	50.7	97.3
WP_003717846.1	gnl|META|CYTDEAM-MONOMER	4.4e-128	54.4	412	454.1	72.3	99.5
WP_003717846.1	gnl|META|MONOMER-19104	3.8e-124	53.3	409	441.0	69.7	99.0
WP_003717848.1	gnl|META|EG10785-MONOMER	1.6e-29	40.2	174	125.6	55.2	92.5
WP_003717849.1	gnl|META|EG11062-MONOMER	7.2e-19	24.2	306	92.8	46.1	24.3
WP_003717849.1	gnl|META|EG11062-MONOMER	1.0e-01	25.7	74	35.8	52.7	6.0
WP_003717852.1	gnl|META|EG10743-MONOMER	9.5e-13	48.1	77	69.7	67.5	45.6
WP_003717854.1	gnl|META|AT1G71750-MONOMER	6.3e-39	43.2	185	156.8	64.9	98.3
WP_003717854.1	gnl|META|HYPOXANPRIBOSYLTRAN-MONOMER	2.6e-37	41.3	172	151.4	68.6	94.4
WP_003717857.1	gnl|META|EG11311-MONOMER	8.9e-55	36.8	321	210.3	56.7	95.2
WP_003717858.1	gnl|META|LYSU-MONOMER	2.2e-137	50.9	491	485.3	67.8	96.4
WP_003717858.1	gnl|META|LYSS-MONOMER	1.9e-133	50.3	491	472.2	66.8	96.4
WP_003717881.1	gnl|META|G7147-MONOMER	2.0e-07	28.4	81	53.9	54.3	13.1
WP_003717892.1	gnl|META|EG10246-MONOMER	1.2e-04	33.3	87	43.9	50.6	21.4
WP_003717908.1	gnl|META|EG12045-MONOMER	8.4e-24	28.5	358	107.8	46.1	70.3
WP_003717909.1	gnl|META|AT1G65880-MONOMER	1.9e-01	31.7	41	32.3	48.8	21.4
WP_003717930.1	gnl|META|YCEE-MONOMER	1.2e-06	24.1	311	50.4	40.8	89.0
WP_003717933.1	gnl|META|EG12318-MONOMER	2.2e-65	32.8	488	246.1	45.9	82.6
WP_003717941.1	gnl|META|MONOMER-13858	1.6e-86	40.6	488	316.2	55.3	97.9
WP_003717941.1	gnl|META|MONOMER-13811	2.0e-84	37.0	470	309.3	55.1	96.6
WP_003717942.1	gnl|META|MONOMER-13812	9.3e-111	68.0	269	396.0	82.9	98.5
WP_003717943.1	gnl|META|G6912-MONOMER	2.4e-13	32.1	106	71.2	61.3	84.8
WP_003717947.1	gnl|META|ADENPRIBOSYLTRAN-MONOMER	5.3e-07	29.2	130	50.4	46.2	86.7
WP_003717948.1	gnl|META|MONOMER-14618	2.7e-09	21.2	217	59.3	43.3	59.7
WP_003717952.1	gnl|META|EG11351-MONOMER	1.4e-01	28.8	104	32.0	44.2	94.3
WP_003717958.1	gnl|META|MONOMER-18798	4.8e-73	38.2	380	271.2	61.6	97.1
WP_003717960.1	gnl|META|G6131-MONOMER	6.7e-01	26.9	52	31.2	50.0	17.0
WP_003717962.1	gnl|META|MONOMER-18064	7.7e-37	46.2	173	149.8	65.3	93.9
WP_003717962.1	gnl|META|MONOMER-20033	7.2e-35	58.5	123	143.3	75.6	68.0
WP_003717963.1	gnl|META|MONOMER-20063	1.1e-02	42.5	40	35.4	70.0	43.5
WP_003717967.1	gnl|META|EG11351-MONOMER	9.2e-43	39.8	236	169.9	60.6	97.8
WP_003717970.1	gnl|META|BSU35550-MONOMER	1.1e-08	34.4	93	55.5	58.1	91.1
WP_003717983.1	gnl|META|G6131-MONOMER	1.4e-07	29.3	116	52.0	48.3	99.1
WP_003718024.1	gnl|META|EG11061-MONOMER	1.6e-20	61.0	77	94.4	75.3	100.0
WP_003718030.1	gnl|META|EG10825-MONOMER	6.9e-37	100.0	73	148.7	100.0	100.0
WP_003718049.1	gnl|META|ATOS-MONOMER	3.7e-32	100.0	68	132.9	100.0	100.0
WP_040530546.1	gnl|META|GLYCRIBONUCSYN-MONOMER	3.3e-83	43.0	433	305.1	57.7	98.6
WP_040530546.1	gnl|META|HS08358-MONOMER	1.0e-76	38.6	422	283.5	55.9	98.1
WP_040530549.1	gnl|META|YOR128C-MONOMER	4.6e-52	34.1	370	201.4	54.3	94.4
WP_040530553.1	gnl|META|EG10376-MONOMER	5.5e-22	32.5	209	100.9	49.8	86.7
WP_040530556.1	gnl|META|G6958-MONOMER	5.5e-41	33.8	314	164.5	52.9	91.7
WP_040530556.1	gnl|META|MONOMERMETA-16871	6.7e-39	33.1	305	157.5	50.2	92.7
WP_040530564.1	gnl|META|MONOMER-17535	6.4e-18	29.5	183	87.0	50.3	96.3
WP_040530578.1	gnl|META|AT1G71880-MONOMER	6.0e-14	21.8	472	75.1	38.6	92.6
WP_040530578.1	gnl|META|AT1G22710-MONOMER	1.9e-12	22.4	478	70.1	36.8	92.6
WP_040530582.1	gnl|META|AT1G68760-MONOMER	4.1e-07	27.7	112	50.8	50.0	71.9
WP_040530585.1	gnl|META|CARDIOLIPSYN-MONOMER	7.3e-37	22.8	486	151.4	44.2	96.8
WP_040530588.1	gnl|META|MONOMER-17535	1.2e-08	32.3	133	56.2	49.6	68.7
WP_040530588.1	gnl|META|G1G01-4405-MONOMER	2.6e-08	35.1	131	55.1	48.9	68.1
WP_040530588.1	gnl|META|MONOMER-17150	2.9e-07	27.8	144	51.6	46.5	74.7
WP_040530594.1	gnl|META|CPXR-MONOMER	3.2e-51	45.0	229	198.0	66.8	97.0
WP_040530596.1	gnl|META|EG10870-MONOMER	1.5e-09	29.7	148	58.9	51.4	98.0
WP_040530605.1	gnl|META|MONOMER-19311	1.1e-49	68.3	139	192.2	77.0	93.9
WP_040530608.1	gnl|META|MONOMER-11921	6.6e-125	49.2	443	443.7	70.9	95.9
WP_040530608.1	gnl|META|BIOTIN-CARBOXYL-MONOMER	4.3e-124	49.7	445	441.0	69.7	96.1
WP_040530608.1	gnl|META|AT5G35360-MONOMER	4.7e-123	50.1	441	437.6	67.1	95.5
WP_040530608.1	gnl|META|MONOMER-14537	8.1e-123	48.6	444	436.8	69.8	96.1
WP_040530608.1	gnl|META|MONOMER-16073	1.4e-119	48.3	445	426.0	67.9	96.3
WP_040530608.1	gnl|META|MONOMER-16075	3.2e-119	47.6	441	424.9	67.1	95.5
WP_040530608.1	gnl|META|MONOMER-13589	7.3e-116	44.9	450	413.7	67.3	96.5
WP_040530608.1	gnl|META|ENSG00000175198-MONOMER	6.2e-115	45.5	446	410.6	66.8	96.3
WP_040530608.1	gnl|META|ENSG00000078070-MONOMER	6.2e-115	47.7	440	410.6	65.7	95.2
WP_040530608.1	gnl|META|MONOMER-17289	1.1e-114	47.1	444	409.8	66.4	96.1
WP_040530608.1	gnl|META|MONOMER-8606	1.8e-114	45.1	446	409.1	67.5	96.3
WP_040530633.1	gnl|META|YFEP-MONOMER	3.5e-53	31.6	450	205.7	53.3	84.5
WP_040530638.1	gnl|META|EG12235-MONOMER	8.4e-04	31.7	82	39.3	52.4	78.6
WP_040530641.1	gnl|META|PD00219	2.4e-30	27.0	326	129.0	48.8	97.1
WP_040530655.1	gnl|META|EG10442-MONOMER	6.4e-03	42.9	35	37.4	74.3	16.8
WP_040530662.1	gnl|META|GLTP-MONOMER	7.2e-110	49.6	415	393.7	72.5	95.8
WP_040530667.1	gnl|META|6PGLUCONDEHYDROG-MONOMER	5.0e-176	64.4	472	613.6	80.3	98.7
WP_040530667.1	gnl|META|MONOMER-6842	1.6e-169	61.9	470	592.0	78.7	98.3
WP_040530670.1	gnl|META|MONOMER-13060	4.4e-151	52.4	490	530.8	68.4	99.2
WP_040530678.1	gnl|META|MONOMER-13056	5.3e-271	54.6	822	929.9	70.9	99.6
WP_040530684.1	gnl|META|MONOMER-17111	1.7e-82	46.0	324	302.4	68.2	96.1
WP_040530684.1	gnl|META|MONOMER-17110	4.3e-81	46.6	324	297.7	64.5	95.8
WP_040530684.1	gnl|META|BSU10250-MONOMER	4.7e-80	45.4	324	294.3	64.5	96.1
WP_040530699.1	gnl|META|MONOMER-15681	2.5e-38	29.1	333	155.6	49.2	99.7
WP_040530702.1	gnl|META|MONOMER-17076	4.4e-45	27.0	508	178.7	46.1	93.4
WP_040530710.1	gnl|META|YHFM-MONOMER	1.8e-39	30.5	443	159.8	49.7	96.2
WP_040530710.1	gnl|META|ENSG00000092068-MONOMER	2.6e-38	31.0	439	156.0	49.0	95.9
WP_040530716.1	gnl|META|G12WB-500-MONOMER	1.7e-61	38.3	332	232.6	60.2	99.4
WP_040530716.1	gnl|META|MONOMER-8683	8.8e-55	38.9	337	210.3	54.6	100.0
WP_040530720.1	gnl|META|EG10837-MONOMER	4.6e-06	28.4	148	49.7	47.3	18.4
WP_040530723.1	gnl|META|PANTOTHENATE-KIN-MONOMER	4.4e-77	45.6	305	284.3	67.9	97.7
WP_040530730.1	gnl|META|MONOMER-19812	7.8e-38	31.8	355	154.1	45.4	99.7
WP_040530730.1	gnl|META|MONOMER-13734	3.6e-35	34.1	340	145.2	48.2	92.5
WP_040530735.1	gnl|META|EG12099-MONOMER	4.8e-26	33.5	179	114.0	54.7	96.8
WP_040530744.1	gnl|META|MONOMER-20863	3.1e-01	35.0	60	32.0	50.0	24.2
WP_040530744.1	gnl|META|MONOMER-19843	8.9e-01	28.4	116	30.4	39.7	46.6
WP_040530747.1	gnl|META|HS06563-MONOMER	1.5e-37	30.0	287	152.9	51.2	94.6
WP_040530751.1	gnl|META|BSU33400-MONOMER	1.0e-70	49.3	270	263.1	69.6	90.9
WP_040530758.1	gnl|META|MONOMER-18278	4.1e-119	49.5	457	424.5	67.4	97.0
WP_040530758.1	gnl|META|HP1325-MONOMER	1.2e-118	49.3	460	422.9	67.8	98.1
WP_040530758.1	gnl|META|ENSG00000091483-MONOMER	8.6e-117	49.6	462	416.8	66.0	97.4
WP_040530758.1	gnl|META|FUMC-MONOMER	2.5e-116	49.2	457	415.2	66.5	97.4
WP_040530758.1	gnl|META|AT5G50950-MONOMER	4.6e-110	46.7	454	394.4	63.4	96.5
WP_040530765.1	gnl|META|EMRB-MONOMER	4.7e-20	25.6	312	95.5	45.8	62.6
WP_040530765.1	gnl|META|EMRY-MONOMER	2.3e-19	23.0	465	93.2	42.6	88.8
WP_040530768.1	gnl|META|EG11724-MONOMER	1.8e-87	43.4	431	319.3	65.4	97.9
WP_040530768.1	gnl|META|EG11691-MONOMER	7.4e-86	41.2	434	313.9	64.5	98.2
WP_040530775.1	gnl|META|MONOMER-20502	6.4e-01	33.3	60	30.8	46.7	26.7
WP_040530782.1	gnl|META|RPOB-MONOMER	1.4e-307	44.9	1358	1052.0	59.9	94.0
WP_040530786.1	gnl|META|RPOC-MONOMER	0.0e+00	44.4	1385	1115.5	59.6	97.4
WP_040530789.1	gnl|META|EG10911-MONOMER	2.6e-40	64.7	136	161.0	70.6	97.8
WP_040530795.1	gnl|META|EG10865-MONOMER	9.1e-77	57.1	254	283.1	70.5	90.4
WP_040530800.1	gnl|META|EG10907-MONOMER	1.3e-30	50.4	131	128.6	68.7	99.2
WP_040530802.1	gnl|META|EG10879-MONOMER	2.1e-11	38.5	117	64.7	53.8	95.8
WP_040530814.1	gnl|META|G12WB-160-MONOMER	3.3e-44	35.5	251	174.9	61.4	94.4
WP_040530816.1	gnl|META|EG10874-MONOMER	2.5e-41	55.0	140	164.5	72.1	95.2
WP_040530823.1	gnl|META|EG10573-MONOMER	1.0e-03	50.0	30	39.3	63.3	24.0
WP_040530831.1	gnl|META|EG10458-MONOMER	2.3e-25	22.6	381	113.2	44.1	71.2
WP_040530834.1	gnl|META|GDPMANMANHYDRO-MONOMER	2.1e-02	34.7	49	35.8	61.2	20.6
WP_040530852.1	gnl|META|XASA-MONOMER	7.2e-16	21.1	473	81.6	40.6	91.3
WP_040530875.1	gnl|META|G6859-MONOMER	2.7e-04	21.7	318	42.7	44.7	84.9
WP_040530878.1	gnl|META|TAUB-MONOMER	2.3e-19	32.4	210	92.4	51.9	70.9
WP_040530878.1	gnl|META|BSU02750-MONOMER	2.6e-18	31.6	206	89.0	51.0	68.2
WP_040530878.1	gnl|META|YBHF-MONOMER	2.9e-17	26.8	235	85.5	49.4	78.9
WP_040530878.1	gnl|META|YEHX-MONOMER	3.7e-17	27.6	225	85.1	48.4	74.4
WP_040530883.1	gnl|META|SYNPCC7942_0260-MONOMER	4.8e-170	50.6	624	594.3	69.7	82.2
WP_040530885.1	gnl|META|MONOMER-20028	7.9e-90	45.3	382	327.0	64.9	93.6
WP_040530893.1	gnl|META|EG11723-MONOMER	2.7e-13	26.9	186	72.8	49.5	43.5
WP_040530893.1	gnl|META|G1G01-4405-MONOMER	3.0e-12	28.1	160	69.3	46.9	37.9
WP_040530893.1	gnl|META|MONOMER-17535	6.8e-12	25.1	179	68.2	46.4	42.8
WP_040530893.1	gnl|META|MONOMER-17150	2.0e-11	27.2	173	66.6	45.1	41.3
WP_040530896.1	gnl|META|CPXR-MONOMER	5.0e-22	35.7	185	100.9	57.3	79.6
WP_040530899.1	gnl|META|EG11254-MONOMER	1.6e-17	30.8	159	85.5	54.1	100.0
WP_040530923.1	gnl|META|YJDE-MONOMER	1.2e-28	27.6	413	124.0	45.8	86.0
WP_040530926.1	gnl|META|HOMOCYSMET-MONOMER	4.0e-188	46.3	763	654.4	63.0	99.2
WP_040530926.1	gnl|META|AT3G03780-MONOMER	9.3e-185	46.0	763	643.3	62.3	98.8
WP_040530926.1	gnl|META|MONOMER-14559	1.1e-182	46.5	766	636.3	62.7	99.2
WP_040530926.1	gnl|META|YER091C-MONOMER	7.6e-179	44.6	769	623.6	61.4	98.8
WP_040530935.1	gnl|META|EG10204-MONOMER	1.3e-35	33.1	269	146.4	51.7	93.0
WP_040531043.1	gnl|META|MONOMER-12257	2.7e-72	48.9	321	268.5	62.9	96.0
WP_040531053.1	gnl|META|EG11090-MONOMER	1.0e-49	46.7	229	193.0	61.1	99.1
WP_040531053.1	gnl|META|MONOMER-14562	1.2e-45	44.2	226	179.5	62.4	97.4
WP_040531057.1	gnl|META|EG10826-MONOMER	1.0e-27	27.2	486	121.7	43.0	50.8
WP_040531063.1	gnl|META|EG11440-MONOMER	1.5e-11	31.4	156	65.9	51.9	83.4
WP_040531066.1	gnl|META|MONOMER-586	1.4e-45	33.0	345	179.9	54.5	92.9
WP_040531066.1	gnl|META|MONOMER-12005	1.5e-42	33.1	320	169.9	48.8	84.0
WP_040531070.1	gnl|META|EG10914-MONOMER	4.2e-20	51.7	89	93.2	68.5	100.0
WP_040531073.1	gnl|META|EG11003-MONOMER	2.0e-46	30.6	422	183.0	51.7	94.7
WP_040531076.1	gnl|META|G7319-MONOMER	1.7e-05	30.0	130	45.8	46.2	64.1
WP_040531078.1	gnl|META|EG11404-MONOMER	4.9e-13	28.4	215	72.0	44.7	41.2
WP_040531084.1	gnl|META|MONOMER-14088	6.9e-45	46.4	196	176.8	64.3	91.5
WP_040531090.1	gnl|META|UPPSYN-MONOMER	5.5e-57	47.6	229	217.2	66.8	89.8
WP_040531093.1	gnl|META|MONOMER-20006	2.9e-53	41.5	258	204.9	65.9	98.9
WP_040531100.1	gnl|META|MONOMER-14605	3.7e-66	42.5	308	248.1	61.4	95.0
WP_040531108.1	gnl|META|MHPT-MONOMER	3.9e-20	28.0	361	95.5	45.2	88.0
WP_040531108.1	gnl|META|NANT-MONOMER	1.4e-17	22.2	424	87.0	42.5	91.0
WP_040531110.1	gnl|META|G7243-MONOMER	3.8e-69	31.3	578	258.8	52.9	96.9
WP_040531112.1	gnl|META|MONOMER-14625	1.4e-39	32.0	353	159.8	53.3	97.7
WP_040531114.1	gnl|META|MONOMER-14622	6.9e-16	27.0	315	81.3	43.8	84.9
WP_040531122.1	gnl|META|G7037-MONOMER	1.2e-23	36.2	199	106.3	55.3	89.6
WP_040531136.1	gnl|META|SPOT-MONOMER	3.2e-145	37.2	734	511.9	59.4	98.4
WP_040531136.1	gnl|META|RELA-MONOMER	1.7e-135	37.2	707	479.6	58.8	92.3
WP_040531140.1	gnl|META|MONOMER-15681	6.5e-49	34.3	300	190.7	53.7	100.0
WP_040531140.1	gnl|META|MONOMER-15684	1.3e-44	35.5	287	176.4	54.0	95.3
WP_040531143.1	gnl|META|HS05425-MONOMER	7.3e-91	42.5	409	330.5	62.6	95.9
WP_040531147.1	gnl|META|EG10239-MONOMER	5.7e-71	39.8	364	265.0	58.0	57.4
WP_040531149.1	gnl|META|BSU25180-MONOMER	7.5e-45	41.8	237	176.8	60.3	100.0
WP_040531153.1	gnl|META|MONOMER-13043	4.7e-126	49.2	500	447.6	65.6	99.6
WP_040531163.1	gnl|META|EG10861-MONOMER	4.9e-37	45.4	185	151.0	60.5	72.0
WP_040531175.1	gnl|META|YNFJ-MONOMER	4.9e-18	25.8	391	88.6	45.0	90.4
WP_040531179.1	gnl|META|MONOMER-17373	3.2e-01	28.3	53	32.3	45.3	16.2
WP_040531182.1	gnl|META|MONOMER-19625	2.1e-01	35.4	48	32.0	58.3	28.7
WP_040531182.1	gnl|META|MONOMER-19624	8.1e-01	35.4	48	30.0	58.3	28.7
WP_040531189.1	gnl|META|BRNQ-MONOMER	9.9e-57	34.3	431	217.2	53.4	94.7
WP_040531191.1	gnl|META|AMTB-MONOMER	4.9e-63	37.9	396	238.0	55.6	95.1
WP_040531199.1	gnl|META|EG12394-MONOMER	1.2e-29	47.2	125	125.6	64.8	90.6
WP_040531202.1	gnl|META|G6442-MONOMER	2.9e-24	28.5	267	108.6	51.7	96.7
WP_040531211.1	gnl|META|MONOMER-13879	1.8e-02	41.5	53	37.4	58.5	9.0
WP_040531211.1	gnl|META|BSU10140-MONOMER	2.4e-02	37.0	54	37.0	59.3	8.6
WP_040531211.1	gnl|META|MONOMER-14927	1.5e-01	31.3	99	34.3	45.5	15.7
WP_040531214.1	gnl|META|PHEP-MONOMER	1.9e-84	39.0	449	309.3	60.1	97.8
WP_040531214.1	gnl|META|CYCA-MONOMER	9.6e-84	38.5	444	307.0	61.7	95.9
WP_040531214.1	gnl|META|AROP-MONOMER	8.4e-80	36.8	443	293.9	59.6	96.5
WP_040531228.1	gnl|META|EMRB-MONOMER	9.0e-26	25.4	409	114.4	48.2	88.1
WP_040531228.1	gnl|META|EMRY-MONOMER	2.5e-23	24.9	417	106.3	47.5	90.3
WP_040531231.1	gnl|META|G1I0R-1336-MONOMER	7.8e-39	34.8	287	157.1	56.1	96.9
WP_040531239.1	gnl|META|MONOMER-20453	4.6e-65	40.7	356	244.6	58.4	97.3
WP_040531241.1	gnl|META|MONOMER-6565	1.1e-62	40.1	284	236.5	63.4	92.8
WP_040531241.1	gnl|META|BSU16770-MONOMER	1.7e-60	41.6	281	229.2	61.9	91.5
WP_040531243.1	gnl|META|MONOMER-6601	4.4e-139	55.3	425	490.7	74.1	97.5
WP_040531245.1	gnl|META|MONOMER-6563	1.4e-106	44.5	454	382.9	62.6	99.6
WP_040531276.1	gnl|META|EG10529-MONOMER	1.5e-193	54.8	597	672.2	74.7	97.7
WP_040531282.1	gnl|META|EG10156-MONOMER	6.7e-01	42.4	33	30.4	69.7	18.4
WP_040531294.1	gnl|META|EG11061-MONOMER	3.1e-141	33.3	944	498.8	51.2	98.1
WP_040531337.1	gnl|META|HS03227-MONOMER	4.0e-01	29.6	81	31.2	46.9	41.2
WP_040531340.1	gnl|META|HS01875-MONOMER	4.1e-08	26.7	146	54.3	49.3	84.1
WP_040531350.1	gnl|META|EMRB-MONOMER	2.3e-19	22.7	418	93.2	44.5	85.0
WP_040531353.1	gnl|META|MONOMER-14558	1.6e-148	65.5	391	521.9	81.1	98.5
WP_040531356.1	gnl|META|LEUS-MONOMER	1.9e-183	41.0	864	639.0	56.9	99.5
WP_040531358.1	gnl|META|MONOMER0-1981	2.4e-10	31.1	119	63.2	47.9	24.7
WP_040531358.1	gnl|META|HS07681-MONOMER	3.5e-09	36.4	88	59.3	50.0	18.5
WP_040531360.1	gnl|META|GLPT-MONOMER	1.4e-52	31.5	416	203.4	51.0	93.1
WP_040531373.1	gnl|META|BSU11710-MONOMER	3.4e-44	38.0	263	174.9	57.0	95.3
WP_040531373.1	gnl|META|AT1G22940-MONOMER	6.6e-40	36.5	263	160.6	57.0	93.8
WP_040531383.1	gnl|META|EG10634-MONOMER	2.4e-03	46.7	45	38.5	60.0	25.6
WP_040531383.1	gnl|META|AT5G36790-MONOMER	5.4e-03	37.8	45	37.4	62.2	25.6
WP_040531383.1	gnl|META|AT5G36700-MONOMER	5.4e-03	37.8	45	37.4	62.2	25.6
WP_040531401.1	gnl|META|GUANYL-KIN-MONOMER	3.8e-40	43.6	195	161.0	61.5	94.2
WP_040531404.1	gnl|META|EG10763-MONOMER	2.9e-107	41.0	519	386.0	58.2	63.8
WP_040531406.1	gnl|META|EG11268-MONOMER	1.1e-57	38.5	304	219.9	58.6	95.9
WP_040531409.1	gnl|META|BSU15800-MONOMER	2.3e-35	40.0	215	145.2	58.1	97.2
WP_040531420.1	gnl|META|EG11062-MONOMER	2.5e-03	26.4	125	40.4	48.0	18.3
WP_040531420.1	gnl|META|EG10844-MONOMER	4.2e-03	19.4	288	39.7	41.7	40.7
WP_040531423.1	gnl|META|EG10880-MONOMER	2.2e-25	52.5	99	110.9	69.7	97.1
WP_040531455.1	gnl|META|MONOMER-19446	7.5e-09	22.9	218	57.8	44.0	59.1
WP_040531462.1	gnl|META|MONOMER-13813	2.0e-18	27.9	265	89.4	48.7	87.0
WP_040531474.1	gnl|META|GLYCEROL-KIN-MONOMER	4.4e-175	57.9	494	610.5	75.5	98.6
WP_040531476.1	gnl|META|BSU35650-MONOMER	6.3e-45	34.2	281	177.6	57.7	84.6
WP_040531476.1	gnl|META|MONOMER-19997	1.4e-44	34.5	281	176.4	57.3	84.6
WP_040531476.1	gnl|META|MONOMER-20031	4.2e-41	34.9	295	164.9	59.0	84.9
WP_040531496.1	gnl|META|EG10857-MONOMER	9.0e-30	34.4	227	126.7	54.2	96.1
WP_040531529.1	gnl|META|EG11384-MONOMER	1.7e-55	51.3	187	211.8	68.4	100.0
WP_040531553.1	gnl|META|G7037-MONOMER	1.8e-24	31.6	215	109.0	55.8	98.2
WP_040531553.1	gnl|META|GLTK-MONOMER	5.3e-24	34.9	218	107.5	59.2	96.3
WP_040531553.1	gnl|META|GLNP-MONOMER	9.1e-24	32.2	214	106.7	54.2	97.3
WP_040531553.1	gnl|META|ARTQ-MONOMER	2.5e-21	28.3	230	98.6	53.0	94.5
WP_040531556.1	gnl|META|EG10900-MONOMER	1.6e-08	45.7	70	57.8	64.3	9.2
WP_040531567.1	gnl|META|EG10864-MONOMER	2.5e-56	48.6	220	214.9	71.4	95.7
WP_040531576.1	gnl|META|G6991-MONOMER	2.8e-10	26.7	165	62.0	50.3	67.6
WP_040531580.1	gnl|META|EG10600-MONOMER	4.8e-14	41.5	94	73.2	63.8	98.9
WP_040531586.1	gnl|META|EG10763-MONOMER	2.1e-03	21.4	243	40.0	38.7	51.7
WP_040531594.1	gnl|META|MONOMER-6122	9.3e-153	44.7	577	536.6	65.5	100.0
WP_040531596.1	gnl|META|MONOMER-13051	9.8e-75	52.0	248	276.2	72.2	99.6
WP_040531596.1	gnl|META|MONOMER-13055	4.7e-69	49.6	246	257.3	69.1	98.8
WP_040531598.1	gnl|META|CYCA-MONOMER	1.0e-85	40.3	447	313.5	62.9	96.1
WP_040531598.1	gnl|META|PHEP-MONOMER	8.1e-83	40.6	441	303.9	60.5	95.7
WP_040531598.1	gnl|META|AROP-MONOMER	7.9e-78	37.4	447	287.3	60.0	96.7
WP_040531601.1	gnl|META|YADQ-MONOMER	6.6e-41	32.4	417	164.9	50.1	78.4
WP_040531610.1	gnl|META|L-GLN-FRUCT-6-P-AMINOTRANS-MONOMER	4.5e-113	39.7	620	404.8	58.4	100.0
WP_040531616.1	gnl|META|CHAINF-MONOMER	1.5e-99	55.4	332	359.0	71.4	98.5
WP_040531616.1	gnl|META|CHAINI-MONOMER	5.9e-99	55.0	329	357.1	71.4	97.6
WP_040531618.1	gnl|META|EG11902-MONOMER	4.7e-02	30.0	50	35.0	58.0	16.4
WP_040531624.1	gnl|META|G7265-MONOMER	1.5e-20	26.6	398	96.7	43.5	96.2
WP_040531627.1	gnl|META|TDK-MONOMER	1.2e-48	50.3	187	189.1	73.3	94.4
WP_040531629.1	gnl|META|G7698-MONOMER	3.5e-14	31.1	148	75.5	50.0	43.1
WP_040531632.1	gnl|META|URAA-MONOMER	9.9e-99	45.2	407	356.7	68.8	93.8
WP_040531638.1	gnl|META|DALADALALIGA-MONOMER	1.6e-81	41.0	363	299.3	63.4	94.4
WP_040531641.1	gnl|META|EG10903-MONOMER	3.6e-43	47.6	208	171.0	64.9	100.0
WP_040531647.1	gnl|META|BSU29580-MONOMER	7.1e-107	48.4	405	383.6	69.1	99.8
WP_040531652.1	gnl|META|BSU38760-MONOMER	4.1e-130	50.3	471	461.1	67.5	100.0
WP_040531655.1	gnl|META|MONOMER-4801	5.4e-52	32.3	439	201.4	49.7	94.3
WP_040531655.1	gnl|META|AT5G41480-MONOMER	1.6e-48	33.0	455	189.9	51.0	94.7
WP_040531657.1	gnl|META|EG12130-MONOMER	1.1e-07	21.9	361	53.9	40.7	93.1
WP_040531661.1	gnl|META|G7037-MONOMER	1.2e-28	36.9	187	122.9	55.6	87.0
WP_040531667.1	gnl|META|MONOMER-20005	8.9e-39	49.7	191	156.4	68.1	97.4
WP_040531673.1	gnl|META|EG10210-MONOMER	1.3e-53	35.0	343	206.8	53.9	74.9
WP_040531673.1	gnl|META|EG10844-MONOMER	4.8e-51	34.7	352	198.4	53.7	74.9
WP_040531679.1	gnl|META|EG10625-MONOMER	6.0e-25	26.2	305	112.5	47.2	37.8
WP_040531681.1	gnl|META|RED-THIOREDOXIN-MONOMER	2.2e-15	40.2	97	77.8	61.9	89.5
WP_040531685.1	gnl|META|PD00219	9.6e-25	26.0	334	110.5	46.4	98.2
WP_040531705.1	gnl|META|YIDT-MONOMER	3.9e-33	26.0	415	138.7	49.2	97.2
WP_040531705.1	gnl|META|YHAU-MONOMER	1.1e-30	28.3	424	130.6	45.5	96.7
WP_040531705.1	gnl|META|B2789-MONOMER	6.8e-30	27.7	422	127.9	48.1	96.7
WP_040531723.1	gnl|META|EG10613-MONOMER	2.0e-38	23.7	558	156.8	47.7	95.2
WP_040531729.1	gnl|META|EG10924-MONOMER	6.1e-08	31.1	119	55.1	52.1	27.3
WP_040531763.1	gnl|META|GLPT-MONOMER	8.8e-53	31.9	420	204.1	50.0	89.0
WP_040531770.1	gnl|META|GLPT-MONOMER	1.9e-68	35.4	426	256.1	56.3	94.1
WP_040531773.1	gnl|META|YHFM-MONOMER	4.5e-20	26.6	462	95.5	43.9	94.7
WP_040531776.1	gnl|META|MONOMER-15032	9.7e-65	35.7	406	243.8	52.2	90.2
WP_040531776.1	gnl|META|G6646-MONOMER	8.2e-64	34.2	401	240.7	52.9	89.1
WP_040531776.1	gnl|META|MONOMER-11537	1.2e-62	31.8	431	236.9	52.7	95.5
WP_040531776.1	gnl|META|MONOMER-15074	5.0e-61	32.8	433	231.5	51.5	96.0
WP_040531779.1	gnl|META|EMRB-MONOMER	3.2e-23	24.4	439	105.9	43.5	89.6
WP_040531779.1	gnl|META|EMRY-MONOMER	5.2e-21	24.5	444	98.6	42.3	89.6
WP_040531785.1	gnl|META|KEFB-MONOMER	8.8e-14	23.1	381	74.3	44.4	95.6
WP_040531797.1	gnl|META|MONOMER-19925	5.2e-08	24.8	137	54.7	45.3	49.5
WP_040531800.1	gnl|META|PRPPSYN-MONOMER	2.0e-88	52.9	314	322.0	73.6	95.1
WP_040531803.1	gnl|META|MONOMER-17112	1.8e-37	37.2	215	152.5	57.7	77.4
WP_040531803.1	gnl|META|BSU37640-MONOMER	2.7e-33	38.2	191	138.7	59.7	68.2
WP_040531806.1	gnl|META|BSU37150-MONOMER	1.1e-219	68.0	535	758.8	82.4	99.8
WP_040531810.1	gnl|META|MONOMER-20020	1.5e-141	47.3	510	499.2	69.2	99.4
WP_040531812.1	gnl|META|HOLO-ACP-SYNTH-MONOMER	2.5e-07	32.2	87	51.2	62.1	71.7
WP_040531814.1	gnl|META|CODB-MONOMER	7.7e-09	26.2	400	58.2	44.5	86.7
WP_040531817.1	gnl|META|EG11506-MONOMER	5.2e-145	56.7	460	511.1	76.1	63.2
WP_040531824.1	gnl|META|MACB	2.0e-44	47.2	197	175.3	64.0	92.9
WP_040531926.1	gnl|META|YJDE-MONOMER	3.2e-15	21.5	427	79.3	41.2	91.8
WP_040531928.1	gnl|META|HS11616-MONOMER	8.4e-06	32.7	101	47.4	47.5	32.2
WP_040531952.1	gnl|META|EG11703-MONOMER	1.3e-01	26.0	73	33.5	53.4	23.8
WP_050754856.1	gnl|META|BSU38300-MONOMER	8.2e-32	31.1	251	133.7	56.6	95.0
WP_050754861.1	gnl|META|BSU33400-MONOMER	1.2e-70	51.4	249	262.7	71.9	89.9
WP_050754874.1	gnl|META|EG10996-MONOMER	1.9e-28	27.4	350	122.9	44.9	98.8
WP_050754876.1	gnl|META|HS01565-MONOMER	2.0e-01	36.2	58	32.3	53.4	26.7
WP_050754877.1	gnl|META|YCEE-MONOMER	8.3e-17	28.7	373	84.3	44.2	95.2
WP_050754879.1	gnl|META|G6096-MONOMER	2.9e-19	29.4	252	92.8	48.8	52.8
WP_050754880.1	gnl|META|MONOMER-13041	2.0e-01	35.4	65	34.3	61.5	8.2
WP_081446170.1	gnl|META|MONOMER-5821	1.4e-16	24.9	217	82.8	47.9	96.7
WP_081446170.1	gnl|META|G6655-MONOMER	2.0e-15	25.6	219	79.0	46.6	97.2
WP_081446171.1	gnl|META|BIOTINLIG-MONOMER	1.5e-08	27.8	151	55.8	53.0	82.9
WP_081446175.1	gnl|META|BSU34450-MONOMER	5.6e-73	37.3	466	271.9	56.9	59.2
WP_081446176.1	gnl|META|YDR001C-MONOMER	9.8e-01	35.9	39	29.6	59.0	25.7
WP_081446180.1	gnl|META|EG10344-MONOMER	4.7e-44	33.2	370	174.9	53.0	96.6
WP_081446181.1	gnl|META|G7649-MONOMER	9.1e-10	43.4	76	58.9	61.8	82.6
WP_081446183.1	gnl|META|EMRB-MONOMER	6.4e-23	28.6	301	104.4	48.8	93.9
WP_081446184.1	gnl|META|DIENOYLCOAREDUCT-MONOMER	3.1e-25	26.5	340	112.5	48.2	80.2
WP_081446184.1	gnl|META|MONOMER-12186	5.4e-22	28.5	347	101.7	41.8	78.3
WP_081446186.1	gnl|META|CODB-MONOMER	1.5e-05	23.8	349	47.0	44.4	85.1
WP_081446194.1	gnl|META|GLUTKIN-MONOMER	4.3e-36	38.2	259	147.9	54.8	97.3
WP_081446197.1	gnl|META|MONOMER-15681	8.2e-28	35.1	191	120.6	52.9	62.7
WP_143469709.1	gnl|META|NICONUCADENYLYLTRAN-MONOMER	4.2e-23	32.5	209	104.4	45.0	90.2
WP_152378518.1	gnl|META|EG11691-MONOMER	7.7e-83	39.2	426	303.9	62.2	97.5
WP_152378518.1	gnl|META|EG11724-MONOMER	2.2e-82	39.3	427	302.4	62.3	97.7
WP_152378556.1	gnl|META|G7868-MONOMER	6.5e-22	28.7	272	100.9	46.3	92.7
WP_152378557.1	gnl|META|ENOYL-ACP-REDUCT-NADH-MONOMER	9.4e-57	45.4	251	216.5	69.3	97.6
WP_152378559.1	gnl|META|EMRY-MONOMER	2.2e-16	23.7	427	83.2	43.3	88.6
WP_152378560.1	gnl|META|METI-MONOMER	6.0e-25	44.4	142	110.5	68.3	67.9
WP_152378562.1	gnl|META|MONOMER-20508	8.6e-52	34.7	300	200.3	60.7	95.8
WP_152378562.1	gnl|META|MONOMER-13727	6.2e-50	39.1	238	194.1	65.5	75.7
WP_152378571.1	gnl|META|G7220-MONOMER	2.5e-54	37.5	312	208.8	62.5	95.3
WP_152378571.1	gnl|META|MONOMER-20009	2.7e-48	35.4	314	188.7	58.9	96.0
WP_152378572.1	gnl|META|YGFU-MONOMER	2.7e-77	39.9	406	285.4	62.6	98.0
WP_154645771.1	gnl|META|MONOMER-20063	6.1e-13	37.2	86	69.7	64.0	78.7
WP_154645772.1	gnl|META|YBDE-MONOMER	1.8e-38	100.0	80	154.1	100.0	100.0
WP_154645773.1	gnl|META|EG10529-MONOMER	8.5e-12	41.6	77	65.5	61.0	96.2
WP_154645775.1	gnl|META|HOMOCYSMETB12-MONOMER	6.2e-41	100.0	75	162.2	100.0	100.0
WP_154645776.1	gnl|META|YJCW-MONOMER	1.0e-27	98.3	58	117.9	98.3	100.0
