WP_003646917.1	gnl|META|EG11231-MONOMER	1.4e-07	54.5	55	51.2	61.8	83.3
WP_003646918.1	gnl|META|EG10881-MONOMER	1.1e-28	54.7	117	122.1	74.4	99.2
WP_003646937.1	gnl|META|EG10891-MONOMER	9.8e-03	48.5	33	34.7	69.7	67.3
WP_003647009.1	gnl|META|EG10158-MONOMER	1.5e-65	63.9	191	245.4	82.2	97.9
WP_003647009.1	gnl|META|SYNPCC7942_2525-MONOMER	2.4e-60	59.6	188	228.0	79.3	96.4
WP_003647009.1	gnl|META|SYNPCC7942_1554-MONOMER	5.9e-59	58.0	188	223.4	77.1	96.4
WP_003647012.1	gnl|META|MONOMER-13052	3.2e-169	87.9	338	590.5	93.2	100.0
WP_003647084.1	gnl|META|EG10903-MONOMER	1.9e-39	44.5	209	158.7	64.6	99.0
WP_003647180.1	gnl|META|EG10920-MONOMER	5.4e-08	55.8	52	52.4	75.0	89.7
WP_003647502.1	gnl|META|EG10880-MONOMER	1.1e-28	54.9	113	122.1	72.6	97.4
WP_003647505.1	gnl|META|EG10915-MONOMER	7.0e-15	47.4	76	75.9	72.4	82.2
WP_003647542.1	gnl|META|EG50002-MONOMER	8.8e-19	59.3	81	89.0	69.1	80.8
WP_003647543.1	gnl|META|EG50001-MONOMER	1.3e-17	41.7	103	85.1	67.0	100.0
WP_003647727.1	gnl|META|EG10600-MONOMER	1.5e-15	43.6	94	78.2	66.0	98.9
WP_003647769.1	gnl|META|EG10873-MONOMER	1.1e-23	51.2	121	105.5	68.6	100.0
WP_003647813.1	gnl|META|EG10910-MONOMER	3.1e-40	62.8	129	160.6	77.5	100.0
WP_003647814.1	gnl|META|EG10912-MONOMER	2.1e-32	57.9	114	134.4	79.8	99.1
WP_003647815.1	gnl|META|EG11232-MONOMER	1.3e-10	71.1	38	60.5	81.6	100.0
WP_003647820.1	gnl|META|EG10904-MONOMER	1.9e-32	45.7	151	135.2	67.5	86.8
WP_003647824.1	gnl|META|EG10913-MONOMER	5.1e-09	54.5	44	55.8	72.7	72.1
WP_003647826.1	gnl|META|EG10875-MONOMER	5.2e-37	61.8	123	149.8	76.4	100.0
WP_003647827.1	gnl|META|EG10916-MONOMER	9.6e-17	52.0	75	82.0	70.7	85.2
WP_003647828.1	gnl|META|EG10887-MONOMER	3.0e-07	43.3	60	50.1	71.7	92.3
WP_003647831.1	gnl|META|EG10918-MONOMER	2.4e-29	62.9	89	124.0	79.8	93.7
WP_003647838.1	gnl|META|EG10911-MONOMER	2.5e-40	64.9	134	161.0	70.9	99.3
WP_003647909.1	gnl|META|CELC-MONOMER	2.7e-13	39.6	96	70.9	65.6	88.9
WP_003648141.1	gnl|META|EG10892-MONOMER	1.0e-06	64.3	42	47.8	73.8	91.3
WP_003648566.1	gnl|META|SYNPCC7942_0336-MONOMER	4.8e-169	59.4	493	590.5	78.5	97.0
WP_003649454.1	gnl|META|EG10878-MONOMER	4.0e-16	43.2	125	80.5	57.6	97.6
WP_003649460.1	gnl|META|EG10876-MONOMER	8.4e-18	38.2	144	86.3	59.0	98.6
WP_003649465.1	gnl|META|EG10882-MONOMER	1.6e-22	52.8	106	101.7	73.6	90.6
WP_003649728.1	gnl|META|EG10917-MONOMER	1.5e-13	55.4	65	71.2	69.2	83.3
WP_003649950.1	gnl|META|CPXR-MONOMER	1.6e-39	37.9	227	159.1	63.4	97.8
WP_003651632.1	gnl|META|EG10870-MONOMER	1.8e-10	30.5	151	62.0	53.0	99.3
WP_004893367.1	gnl|META|CYCA-MONOMER	6.4e-88	38.9	450	320.9	64.2	97.2
WP_004893369.1	gnl|META|ADHE-MONOMER	9.0e-208	46.0	863	719.9	65.0	97.4
WP_004893369.1	gnl|META|MONOMER-15847	1.0e-203	45.5	846	706.4	65.4	95.9
WP_004893369.1	gnl|META|GIO2-535-MONOMER	3.2e-197	45.0	852	684.9	63.1	96.5
WP_004893369.1	gnl|META|AADCLOS-MONOMER	9.6e-194	44.4	853	673.3	63.7	96.7
WP_004893382.1	gnl|META|EG10210-MONOMER	1.9e-04	24.8	141	44.3	41.1	19.1
WP_004893395.1	gnl|META|MONOMER-6142	9.2e-113	59.0	332	402.9	76.5	100.0
WP_004893403.1	gnl|META|MONOMER-11687	7.1e-52	29.8	449	201.1	50.1	97.1
WP_004893403.1	gnl|META|MONOMER-12931	2.1e-51	29.9	461	199.5	49.2	97.7
WP_004893403.1	gnl|META|HS01727-MONOMER	6.0e-51	30.3	465	198.0	48.8	97.7
WP_004893403.1	gnl|META|MONOMER-585	3.0e-50	28.6	458	195.7	49.8	98.6
WP_004893403.1	gnl|META|E3-MONOMER	1.1e-47	29.5	451	187.2	49.0	97.3
WP_004893403.1	gnl|META|MONOMER-14178	3.1e-47	27.7	455	185.7	48.4	98.0
WP_004893403.1	gnl|META|MONOMER-18303	4.1e-47	28.2	457	185.3	49.0	98.0
WP_004893426.1	gnl|META|MONOMER-16620	8.2e-21	31.7	221	97.4	51.1	66.2
WP_004893429.1	gnl|META|MONOMER-20591	2.7e-04	26.5	132	42.4	48.5	46.6
WP_004893429.1	gnl|META|STM14_RS23790-MONOMER	3.0e-03	28.4	74	38.9	50.0	25.1
WP_004893431.1	gnl|META|MONOMER-8681	8.9e-38	30.7	306	153.7	52.3	97.7
WP_004893433.1	gnl|META|MONOMER-19177	3.4e-10	33.7	95	60.5	51.6	92.0
WP_004893441.1	gnl|META|BSU35740-MONOMER	6.9e-48	67.7	127	186.0	84.3	99.2
WP_004893441.1	gnl|META|MONOMER-19985	9.0e-48	66.9	127	185.7	85.0	99.2
WP_004893442.1	gnl|META|MONOMER-19961	1.4e-52	44.2	240	202.6	64.2	97.2
WP_004893442.1	gnl|META|BSU35750-MONOMER	2.8e-50	42.2	244	194.9	63.5	98.8
WP_004893445.1	gnl|META|BSU22460-MONOMER	1.3e-17	28.1	267	87.0	45.7	69.3
WP_004893452.1	gnl|META|NAD-SYNTH-MONOMER	2.8e-94	61.9	273	341.3	78.0	98.6
WP_004893467.1	gnl|META|G3O-29111-MONOMER	1.8e-06	27.3	143	49.3	46.9	56.7
WP_004893467.1	gnl|META|MONOMER3O-703	6.9e-06	28.9	142	47.4	43.7	57.5
WP_004893467.1	gnl|META|HS05171-MONOMER	3.4e-05	37.5	72	45.1	55.6	29.2
WP_004893477.1	gnl|META|EG10534-MONOMER	5.6e-133	39.8	661	471.1	59.6	97.8
WP_004893485.1	gnl|META|MONOMER-13955	4.1e-146	54.9	483	514.2	72.5	99.0
WP_004893490.1	gnl|META|MONOMER-13956	6.9e-170	61.6	476	593.2	76.9	100.0
WP_004893493.1	gnl|META|MONOMER-20007	3.1e-75	45.7	300	278.1	67.3	99.3
WP_004893498.1	gnl|META|EG11195-MONOMER	3.4e-36	33.2	274	148.3	54.0	100.0
WP_004893507.1	gnl|META|YEJF-MONOMER	3.6e-32	23.5	571	136.0	43.8	93.5
WP_004893507.1	gnl|META|YLIA-MONOMER	4.7e-32	24.5	542	135.6	45.8	90.1
WP_004893511.1	gnl|META|MONOMER-15879	5.7e-23	26.8	269	104.4	47.2	95.7
WP_004893511.1	gnl|META|MONOMER-20362	2.8e-22	30.0	277	102.1	47.7	98.2
WP_004893515.1	gnl|META|BSU02750-MONOMER	3.7e-31	32.8	241	131.3	58.9	95.3
WP_004893519.1	gnl|META|EG11247-MONOMER	3.3e-36	26.1	444	149.1	46.2	97.8
WP_004893529.1	gnl|META|NICOTINAMID-MONOMER	2.5e-09	28.6	210	58.5	43.8	93.7
WP_004893558.1	gnl|META|HS12771-MONOMER	3.3e-01	37.1	35	31.6	54.3	17.9
WP_004893561.1	gnl|META|EG11157-MONOMER	1.4e-10	29.1	134	62.0	46.3	94.0
WP_004893574.1	gnl|META|MONOMER-19973	3.5e-14	24.8	315	75.5	41.6	88.9
WP_004893575.1	gnl|META|MONOMER-17935	2.3e-13	27.3	205	72.4	45.4	73.9
WP_004893588.1	gnl|META|EG11094-MONOMER	1.7e-07	22.9	341	53.5	37.2	71.3
WP_004893591.1	gnl|META|MONOMER-16557	1.1e-04	25.6	176	43.9	44.9	52.3
WP_004893596.1	gnl|META|EG12352-MONOMER	4.0e-06	37.2	86	48.5	57.0	28.9
WP_004893603.1	gnl|META|EG12172-MONOMER	1.3e-10	34.3	108	62.4	49.1	75.0
WP_004893604.1	gnl|META|BSU02750-MONOMER	3.1e-28	31.7	208	121.7	58.7	83.1
WP_004893607.1	gnl|META|HS15665-MONOMER	6.8e-01	31.9	47	31.6	57.4	11.7
WP_004893609.1	gnl|META|EG11779-MONOMER	5.1e-19	31.6	171	90.9	49.1	75.2
WP_004893618.1	gnl|META|PHET-MONOMER	2.0e-15	41.6	113	79.0	54.0	52.1
WP_004893625.1	gnl|META|HS07681-MONOMER	8.4e-13	32.3	133	71.2	48.1	27.2
WP_004893627.1	gnl|META|HS00528-MONOMER	1.3e-34	33.4	299	143.3	47.2	84.5
WP_004893627.1	gnl|META|HS08648-MONOMER	8.5e-31	33.3	258	130.6	55.4	79.2
WP_004893630.1	gnl|META|CELB-MONOMER	4.0e-39	28.0	450	158.7	48.4	97.3
WP_004893632.1	gnl|META|MONOMER-19567	8.1e-01	28.3	60	30.4	46.7	28.0
WP_004893636.1	gnl|META|MONOMER-15459	9.3e-121	49.3	424	429.9	68.2	97.0
WP_004893647.1	gnl|META|EG10746-MONOMER	8.7e-158	36.6	932	553.9	56.3	99.7
WP_004893650.1	gnl|META|EG10329-MONOMER	1.0e-40	34.9	272	163.3	54.4	98.6
WP_004893652.1	gnl|META|MONOMER3O-504	5.1e-34	38.6	197	140.6	61.9	97.0
WP_004893661.1	gnl|META|SYNPCC7942_0260-MONOMER	3.9e-01	28.7	108	32.0	43.5	32.4
WP_004893666.1	gnl|META|THRS-MONOMER	6.2e-121	36.8	641	431.0	57.7	98.9
WP_004893701.1	gnl|META|G1G01-1865-MONOMER	1.2e-02	39.4	66	36.2	50.0	38.4
WP_004893701.1	gnl|META|EG10634-MONOMER	1.2e-02	42.2	45	36.2	57.8	26.2
WP_004893702.1	gnl|META|G7319-MONOMER	1.0e-03	30.0	90	40.8	50.0	23.6
WP_004893706.1	gnl|META|NICONUCADENYLYLTRAN-MONOMER	4.6e-25	32.2	208	110.9	46.2	88.0
WP_004893720.1	gnl|META|CPXR-MONOMER	3.1e-33	34.3	230	138.3	57.4	94.6
WP_004893723.1	gnl|META|PHOR-MONOMER	3.0e-25	31.1	225	112.8	54.2	43.4
WP_004893723.1	gnl|META|BAES-MONOMER	3.9e-25	26.7	307	112.5	48.9	58.6
WP_004893723.1	gnl|META|CPXA-MONOMER	1.1e-24	27.6	304	110.9	52.3	58.2
WP_004893729.1	gnl|META|G6502-MONOMER	3.1e-10	48.5	66	60.5	66.7	72.5
WP_004893733.1	gnl|META|MONOMER-16328	1.4e-15	33.3	144	79.7	54.2	54.9
WP_004893736.1	gnl|META|PHES-MONOMER	2.6e-81	44.8	328	298.5	64.9	94.0
WP_004893738.1	gnl|META|PHET-MONOMER	3.6e-110	31.4	812	395.6	52.0	100.0
WP_004893739.1	gnl|META|EG11494-MONOMER	7.7e-20	26.0	300	94.4	46.3	80.5
WP_004893751.1	gnl|META|EG11158-MONOMER	4.7e-13	32.0	147	70.9	52.4	74.1
WP_004893756.1	gnl|META|EG10395-MONOMER	2.4e-03	24.7	85	38.1	49.4	64.4
WP_004893765.1	gnl|META|MONOMER-502	1.3e-117	47.2	439	419.5	65.6	98.7
WP_004893770.1	gnl|META|G6442-MONOMER	3.1e-34	30.9	262	141.7	55.0	97.0
WP_004893770.1	gnl|META|G6425-MONOMER	1.6e-33	31.2	263	139.4	51.3	97.4
WP_004893782.1	gnl|META|MONOMER-18244	6.4e-63	37.8	429	237.7	56.6	99.3
WP_004893785.1	gnl|META|MONOMER-18245	1.6e-92	43.3	386	335.9	65.3	99.5
WP_004893799.1	gnl|META|EG10529-MONOMER	3.8e-20	27.8	252	95.9	49.6	46.2
WP_004893809.1	gnl|META|SYNPCC7942_0260-MONOMER	4.9e-175	52.5	625	610.9	70.7	83.1
WP_004893814.1	gnl|META|FRUB-MONOMER	2.4e-12	46.0	87	67.4	64.4	95.5
WP_004893814.1	gnl|META|PTSH-MONOMER	1.6e-11	40.7	81	64.7	63.0	92.0
WP_004893816.1	gnl|META|PTSI-MONOMER	2.0e-147	48.7	575	518.8	66.4	99.0
WP_004893818.1	gnl|META|GRXC-MONOMER	3.5e-02	34.9	43	34.3	58.1	32.3
WP_004893830.1	gnl|META|MONOMER0-541	2.5e-15	31.2	176	79.0	51.1	64.1
WP_004893831.1	gnl|META|EG12098-MONOMER	3.4e-29	31.7	252	125.2	50.0	78.6
WP_004893841.1	gnl|META|6PGLUCONOLACT-MONOMER	7.2e-20	27.3	249	94.4	44.2	69.1
WP_004893849.1	gnl|META|EG11888-MONOMER	3.0e-28	41.2	153	121.3	61.4	82.2
WP_004893859.1	gnl|META|G3O-32293-MONOMER	9.1e-09	22.0	286	57.8	39.2	66.7
WP_004893861.1	gnl|META|3-OXOACYL-ACP-REDUCT-MONOMER	1.1e-27	33.2	241	119.8	53.5	98.3
WP_004893865.1	gnl|META|MONOMER-20005	1.2e-37	48.7	191	152.5	67.5	98.4
WP_004893867.1	gnl|META|EG10823-MONOMER	3.6e-110	57.5	322	394.4	80.4	88.7
WP_004893869.1	gnl|META|MONOMER-14369	3.1e-01	31.4	70	33.1	41.4	12.2
WP_004893871.1	gnl|META|MONOMER-19979	6.0e-63	43.7	355	237.7	65.4	92.4
WP_004893871.1	gnl|META|MONOMER-19967	5.2e-59	36.9	358	224.6	59.2	92.7
WP_004893871.1	gnl|META|BSU35530-MONOMER	8.9e-59	36.9	358	223.8	59.2	92.7
WP_004893874.1	gnl|META|EG10763-MONOMER	1.9e-03	25.2	210	40.0	41.0	49.4
WP_004893893.1	gnl|META|EG12128-MONOMER	1.1e-18	29.2	274	90.1	46.0	90.6
WP_004893895.1	gnl|META|MONOMER-17188	9.9e-70	42.9	336	260.0	63.1	99.1
WP_004893896.1	gnl|META|THIOREDOXIN-REDUCT-NADPH-MONOMER	4.1e-54	37.5	320	208.0	57.2	99.7
WP_004893896.1	gnl|META|MONOMER-543	1.2e-53	37.9	293	206.5	58.7	93.6
WP_004893899.1	gnl|META|MONOMER-6142	3.3e-110	57.8	332	394.4	75.9	100.0
WP_004893903.1	gnl|META|BETAGALACTOSID-MONOMER	1.1e-101	34.5	634	367.1	53.2	97.8
WP_004893907.1	gnl|META|MELB-MONOMER	8.4e-25	24.5	466	111.7	45.9	69.6
WP_004893909.1	gnl|META|MONOMER-16777	4.4e-05	25.2	159	46.2	40.9	23.2
WP_004893912.1	gnl|META|MONOMER-505	4.5e-66	38.3	366	248.1	59.3	94.1
WP_004893912.1	gnl|META|GALACTOKIN-MONOMER	1.3e-60	34.0	379	229.9	53.8	96.7
WP_004893915.1	gnl|META|ALDOSE1EPIM-MONOMER	6.1e-40	33.8	308	161.0	51.3	88.7
WP_004893918.1	gnl|META|MONOMER-6122	1.3e-133	41.9	561	473.0	61.3	97.6
WP_004893919.1	gnl|META|EG11062-MONOMER	2.8e-209	56.0	666	724.5	73.7	98.1
WP_004893921.1	gnl|META|EG11061-MONOMER	1.5e-309	55.7	939	1058.1	74.7	98.0
WP_004893945.1	gnl|META|XASA-MONOMER	3.1e-08	21.7	457	56.2	42.2	90.9
WP_004893954.1	gnl|META|MONOMER-13053	4.8e-204	87.6	403	706.4	93.5	100.0
WP_004893957.1	gnl|META|MONOMER-13051	2.6e-123	84.8	250	437.6	92.8	99.6
WP_004893959.1	gnl|META|MONOMER-13054	1.8e-196	78.9	431	681.4	89.1	99.1
WP_004893965.1	gnl|META|EG11259-MONOMER	7.8e-102	32.1	729	367.9	52.9	92.3
WP_004893969.1	gnl|META|MONOMER-13983	5.3e-04	29.2	65	40.8	50.8	34.4
WP_004893969.1	gnl|META|MONOMER-15932	6.9e-04	38.2	55	40.4	56.4	29.1
WP_004893969.1	gnl|META|G6759-MONOMER	3.4e-03	30.5	59	38.1	52.5	31.2
WP_004893972.1	gnl|META|MONOMER-12744	7.1e-01	57.1	28	30.4	71.4	13.2
WP_004893976.1	gnl|META|BSU04040-MONOMER	2.1e-28	31.8	283	122.5	49.5	99.0
WP_004893980.1	gnl|META|MONOMER-13062	4.8e-98	54.7	327	354.0	71.9	100.0
WP_004893981.1	gnl|META|EG11757-MONOMER	1.6e-17	34.8	155	85.5	52.9	96.8
WP_004893984.1	gnl|META|EG10243-MONOMER	6.9e-06	27.6	163	47.0	42.3	88.1
WP_004893987.1	gnl|META|MONOMER-12254	1.4e-75	50.7	286	279.3	66.8	95.0
WP_004893990.1	gnl|META|POTA-MONOMER	5.4e-82	53.8	292	300.8	73.6	78.8
WP_004893994.1	gnl|META|POTH-MONOMER	3.6e-30	33.0	264	128.3	51.9	89.3
WP_004893994.1	gnl|META|POTB-MONOMER	4.7e-30	32.7	248	127.9	56.0	87.8
WP_004893996.1	gnl|META|POTC-MONOMER	1.7e-37	35.5	248	152.5	61.7	93.6
WP_004893998.1	gnl|META|POTD-MONOMER	2.3e-69	40.2	323	258.8	56.7	89.9
WP_004894005.1	gnl|META|PHOSGLUCOSAMINEMUT-MONOMER	3.6e-91	43.2	447	331.6	59.5	98.2
WP_004894009.1	gnl|META|EG11195-MONOMER	2.6e-49	37.6	271	191.8	57.9	99.6
WP_004894011.1	gnl|META|EG12209-MONOMER	1.2e-04	29.3	116	42.4	45.7	83.3
WP_004894019.1	gnl|META|MONOMER-20221	1.0e-05	33.7	101	47.0	46.5	38.8
WP_004894024.1	gnl|META|EG10004-MONOMER	1.2e-66	43.2	361	250.0	57.9	89.6
WP_004894034.1	gnl|META|G7704-MONOMER	3.4e-35	35.3	269	145.2	57.6	79.4
WP_004894040.1	gnl|META|G7706-MONOMER	1.3e-01	48.5	33	32.0	72.7	33.7
WP_004894055.1	gnl|META|MONOMER-428	1.9e-104	47.8	400	375.6	69.8	98.0
WP_004894055.1	gnl|META|MONOMER-20612	6.8e-102	45.5	396	367.1	68.4	97.8
WP_004894055.1	gnl|META|ACKCLOS-MONOMER	2.4e-99	46.2	394	358.6	69.5	96.5
WP_004894055.1	gnl|META|STM2057-MONOMER	5.4e-99	45.5	393	357.5	67.9	97.8
WP_004894055.1	gnl|META|MONOMER-13473	5.1e-97	44.1	392	350.9	67.3	96.5
WP_004894057.1	gnl|META|BSU34450-MONOMER	1.0e-72	38.0	466	271.2	57.1	56.9
WP_004894069.1	gnl|META|MANNPISOM-MONOMER	1.3e-02	28.8	104	37.0	43.3	29.9
WP_004894075.1	gnl|META|CPXR-MONOMER	1.7e-36	39.0	231	149.1	59.3	97.0
WP_004894077.1	gnl|META|BAES-MONOMER	5.8e-31	30.2	275	131.7	55.6	56.7
WP_004894077.1	gnl|META|PHOR-MONOMER	3.9e-27	30.5	226	119.0	52.7	46.6
WP_004894079.1	gnl|META|MONOMER-20004	1.4e-129	39.4	658	459.9	59.4	89.9
WP_004894083.1	gnl|META|MONOMER-13041	4.2e-177	67.9	443	617.1	80.6	98.4
WP_004894083.1	gnl|META|MONOMER-13046	4.4e-166	63.4	445	580.5	79.6	98.9
WP_004894092.1	gnl|META|G7265-MONOMER	3.1e-23	28.5	344	105.5	42.7	86.1
WP_004894101.1	gnl|META|PSTS-MONOMER	2.6e-05	24.9	229	45.8	39.3	68.8
WP_004894102.1	gnl|META|PSTC-MONOMER	1.4e-22	35.0	180	103.2	51.7	53.3
WP_004894106.1	gnl|META|PSTA-MONOMER	2.0e-18	27.4	215	89.4	51.2	70.8
WP_004894114.1	gnl|META|CPXR-MONOMER	9.6e-29	33.9	230	123.2	55.2	97.3
WP_004894115.1	gnl|META|PHOR-MONOMER	1.3e-29	27.9	359	127.5	47.4	62.5
WP_004894135.1	gnl|META|G1I0R-1995-MONOMER	3.2e-60	36.0	392	228.8	53.3	86.7
WP_004894139.1	gnl|META|EG12354-MONOMER	6.5e-03	31.7	82	38.1	48.8	16.0
WP_004894142.1	gnl|META|EG12424-MONOMER	5.2e-11	28.4	208	64.7	47.6	72.1
WP_004894147.1	gnl|META|URACIL-PRIBOSYLTRANS-MONOMER	7.5e-60	51.7	207	226.5	73.4	99.0
WP_004894150.1	gnl|META|SYNPCC7942_0331-MONOMER	1.7e-15	32.3	164	79.3	52.4	66.0
WP_004894150.1	gnl|META|ATPB-MONOMER	4.1e-14	30.5	226	74.7	51.3	86.6
WP_004894153.1	gnl|META|ATPE-MONOMER	8.5e-08	43.3	67	52.0	68.7	95.7
WP_004894156.1	gnl|META|ATPH-MONOMER	1.1e-14	28.7	171	76.3	53.8	94.0
WP_004894156.1	gnl|META|SYNPCC7942_0335-MONOMER	4.1e-14	26.7	172	74.3	50.6	94.0
WP_004894163.1	gnl|META|SYNPCC7942_0337-MONOMER	2.0e-35	30.1	339	146.0	49.6	98.7
WP_004894163.1	gnl|META|ATPG-MONOMER	2.8e-34	28.3	314	142.1	50.6	97.8
WP_004894166.1	gnl|META|MONOMER-539	2.5e-159	63.1	461	558.1	75.3	96.0
WP_004894166.1	gnl|META|ATPD-MONOMER	6.8e-157	62.7	464	550.1	75.2	96.7
WP_004894166.1	gnl|META|SYNPCC7942_2315-MONOMER	1.6e-153	61.7	473	538.9	72.3	96.0
WP_004894168.1	gnl|META|SYNPCC7942_2316-MONOMER	5.5e-09	32.8	131	57.0	54.2	89.7
WP_004894168.1	gnl|META|ATPC-MONOMER	7.9e-08	26.3	133	53.1	53.4	91.1
WP_004894172.1	gnl|META|G3O-32438-MONOMER	1.8e-04	24.8	161	43.1	46.0	46.8
WP_004894172.1	gnl|META|EG12130-MONOMER	9.2e-04	26.9	104	40.8	44.2	30.1
WP_004894182.1	gnl|META|EG10344-MONOMER	5.5e-27	25.5	385	118.2	46.5	94.2
WP_004894189.1	gnl|META|EG10924-MONOMER	1.1e-07	29.4	119	54.3	52.1	26.9
WP_004894202.1	gnl|META|BSU29590-MONOMER	8.6e-78	42.3	381	287.0	62.2	99.0
WP_004894203.1	gnl|META|BSU29580-MONOMER	8.4e-116	51.4	399	413.3	69.7	98.5
WP_004894205.1	gnl|META|EG12044-MONOMER	1.3e-33	37.2	234	139.4	56.0	99.6
WP_004894210.1	gnl|META|MONOMER-14610	1.6e-119	34.1	979	426.8	52.4	99.8
WP_004894210.1	gnl|META|MONOMER-14597	1.3e-116	33.5	1037	417.2	51.0	99.1
WP_004894210.1	gnl|META|MONOMER-14601	1.4e-115	33.5	1025	413.7	50.8	97.9
WP_004894210.1	gnl|META|MONOMER-14600	1.0e-110	32.7	998	397.5	50.9	97.0
WP_004894212.1	gnl|META|VALS-MONOMER	4.6e-212	42.4	944	734.2	60.8	98.3
WP_004894214.1	gnl|META|FOLC-MONOMER	9.2e-41	28.1	370	164.1	49.2	86.7
WP_004894214.1	gnl|META|AT5G41480-MONOMER	2.8e-37	30.5	456	152.5	46.7	92.2
WP_004894216.1	gnl|META|G6932-MONOMER	1.7e-12	28.3	187	69.3	51.3	81.9
WP_004894216.1	gnl|META|AT4G21470-MONOMER	9.1e-11	27.2	195	63.5	45.6	85.8
WP_004894219.1	gnl|META|EG12130-MONOMER	2.2e-05	27.9	122	46.2	50.8	35.1
WP_004894237.1	gnl|META|MONOMER-15471	3.4e-128	38.9	702	455.3	57.0	96.8
WP_004894241.1	gnl|META|MONOMER-12256	1.3e-96	42.2	445	349.7	62.2	96.7
WP_004894244.1	gnl|META|G185E-6361-MONOMER	5.4e-37	28.3	367	151.4	48.8	96.5
WP_004894244.1	gnl|META|NACGLCTRANS-MONOMER	1.0e-35	29.2	359	147.1	48.7	96.8
WP_004894246.1	gnl|META|MONOMER-14592	9.1e-02	26.7	131	34.7	45.8	28.3
WP_004894261.1	gnl|META|G185E-5891-MONOMER	1.2e-19	29.1	165	92.8	52.1	88.2
WP_004894273.1	gnl|META|EG11090-MONOMER	6.7e-33	38.8	227	137.1	53.7	97.4
WP_004894273.1	gnl|META|MONOMER-1290	3.1e-30	32.8	229	128.3	50.7	97.9
WP_004894275.1	gnl|META|G3O-29283-MONOMER	2.7e-71	42.1	390	265.4	59.5	98.4
WP_004894275.1	gnl|META|HS01304-MONOMER	1.3e-65	38.9	383	246.5	57.2	98.2
WP_004894281.1	gnl|META|SYNPCC7942_0485-MONOMER	2.4e-16	31.1	177	82.0	49.7	77.6
WP_004894284.1	gnl|META|EG10826-MONOMER	6.4e-35	27.7	527	145.6	45.7	57.5
WP_004894288.1	gnl|META|GLYOXII-MONOMER	7.0e-04	43.2	37	42.0	70.3	6.6
WP_004894291.1	gnl|META|EG11440-MONOMER	3.9e-12	31.6	155	67.8	51.0	84.2
WP_004894295.1	gnl|META|EG10529-MONOMER	3.1e-45	29.7	509	179.5	47.9	76.4
WP_004894299.1	gnl|META|EG10343-MONOMER	5.1e-20	31.1	183	94.0	55.7	100.0
WP_004894300.1	gnl|META|PANTEPADENYLYLTRAN-MONOMER	2.3e-27	41.0	156	118.2	62.8	94.0
WP_004894302.1	gnl|META|G7682-MONOMER	6.7e-02	35.5	62	34.7	61.3	17.9
WP_004894312.1	gnl|META|EG10919-MONOMER	9.0e-04	37.5	80	38.9	52.5	92.9
WP_004894315.1	gnl|META|EG10914-MONOMER	3.2e-20	51.7	89	93.6	69.7	100.0
WP_004894317.1	gnl|META|MONOMER-1823	5.9e-01	25.9	54	32.3	51.9	9.1
WP_004894320.1	gnl|META|EG10942-MONOMER	6.2e-31	31.0	336	131.3	48.2	84.1
WP_004894321.1	gnl|META|EG11003-MONOMER	2.4e-39	29.5	413	159.5	45.3	90.2
WP_004894324.1	gnl|META|EG10159-MONOMER	8.7e-132	58.7	409	466.5	77.8	96.2
WP_004894324.1	gnl|META|SYNPCC7942_2526-MONOMER	9.9e-128	56.9	429	453.0	70.6	94.1
WP_004894326.1	gnl|META|G7319-MONOMER	1.5e-06	23.6	182	49.3	44.0	91.8
WP_004894327.1	gnl|META|G6503-MONOMER	1.8e-05	23.6	140	45.4	40.7	88.0
WP_004894347.1	gnl|META|MONOMER-20031	9.5e-41	36.1	263	163.7	59.3	75.1
WP_004894347.1	gnl|META|BSU35650-MONOMER	2.6e-38	34.2	257	155.6	54.1	76.6
WP_004894347.1	gnl|META|MONOMER-19997	1.3e-37	33.6	256	153.3	52.3	76.3
WP_004894347.1	gnl|META|MONOMER-19994	2.9e-37	34.7	277	152.1	52.7	80.5
WP_004894352.1	gnl|META|G7105-MONOMER	2.7e-24	29.8	208	108.6	50.0	82.9
WP_004894352.1	gnl|META|EG11826-MONOMER	6.1e-24	30.7	205	107.5	52.2	81.7
WP_004894356.1	gnl|META|MONOMER-16196	1.7e-46	48.3	201	182.2	64.7	90.0
WP_004894358.1	gnl|META|MONOMER3O-23	4.9e-05	43.2	37	43.9	75.7	24.8
WP_004894362.1	gnl|META|HS00333-MONOMER	6.3e-01	43.3	30	30.4	63.3	18.1
WP_004894365.1	gnl|META|HS05171-MONOMER	3.1e-01	30.8	52	32.0	57.7	17.4
WP_004894367.1	gnl|META|MONOMER-20013	3.6e-07	27.4	117	52.0	50.4	38.5
WP_004894370.1	gnl|META|EG11266-MONOMER	2.6e-17	28.8	260	85.9	49.6	71.2
WP_004894372.1	gnl|META|MONOMER-20013	6.6e-21	24.7	283	97.8	44.5	80.1
WP_004894379.1	gnl|META|MONOMER-20019	1.8e-32	25.5	479	136.7	47.4	97.1
WP_004894417.1	gnl|META|EG11291-MONOMER	1.0e-04	30.2	169	43.9	45.0	53.8
WP_004894427.1	gnl|META|BSU30630-MONOMER	2.4e-04	44.7	38	41.6	63.2	26.0
WP_004894427.1	gnl|META|MONOMER-19526	4.1e-04	29.6	81	40.8	50.6	53.4
WP_004894427.1	gnl|META|AT1G68760-MONOMER	5.3e-04	48.6	35	40.4	71.4	24.0
WP_004894436.1	gnl|META|ENSG00000103257-MONOMER	1.3e-05	21.3	422	47.4	43.1	90.7
WP_004894445.1	gnl|META|AT2G36310-MONOMER	1.4e-14	24.8	306	76.6	46.4	90.6
WP_004894449.1	gnl|META|EG11063-MONOMER	1.2e-86	34.3	613	317.0	53.0	98.5
WP_004894451.1	gnl|META|EG11404-MONOMER	8.0e-16	35.3	153	81.3	49.7	30.4
WP_004894456.1	gnl|META|G7175-MONOMER	4.8e-71	44.8	306	264.2	61.4	98.7
WP_004894457.1	gnl|META|G6269-MONOMER	4.0e-26	30.5	249	114.8	51.4	92.0
WP_004894457.1	gnl|META|AT5G50600-MONOMER	4.9e-24	36.7	188	107.8	54.3	70.8
WP_004894457.1	gnl|META|MONOMER-13489	6.4e-24	35.4	192	107.5	52.1	72.7
WP_004894464.1	gnl|META|CPDB-MONOMER	2.3e-41	26.3	544	166.4	45.2	91.7
WP_004894468.1	gnl|META|EG10238-MONOMER	4.4e-153	33.1	1059	538.5	53.5	98.0
WP_004894473.1	gnl|META|MONOMER-13044	9.5e-107	63.1	298	382.9	78.5	93.1
WP_004894478.1	gnl|META|SYNPCC7942_0098-MONOMER	5.8e-134	44.4	583	474.2	65.4	99.0
WP_004894478.1	gnl|META|MONOMER-13043	6.0e-123	48.1	503	437.6	65.4	80.6
WP_004894498.1	gnl|META|CMPKI-MONOMER	3.6e-39	40.7	216	157.9	60.6	93.9
WP_004894499.1	gnl|META|EG10900-MONOMER	1.8e-54	34.9	395	209.5	56.2	97.2
WP_004894502.1	gnl|META|G7319-MONOMER	3.4e-91	38.8	456	331.6	61.0	98.2
WP_004894513.1	gnl|META|EG10458-MONOMER	4.9e-28	29.1	323	122.1	51.1	59.0
WP_004894520.1	gnl|META|EG10459-MONOMER	1.6e-39	25.1	738	161.4	41.3	57.2
WP_004894537.1	gnl|META|G6954-MONOMER	8.7e-12	34.6	130	66.2	52.3	88.7
WP_004894539.1	gnl|META|EG12045-MONOMER	1.5e-17	24.9	382	88.2	44.0	36.3
WP_004894541.1	gnl|META|MONOMER-13813	2.0e-08	24.6	236	56.2	47.0	76.4
WP_004894549.1	gnl|META|G1I0R-1336-MONOMER	5.3e-32	33.1	284	134.4	56.0	96.5
WP_004894554.1	gnl|META|EG10760-MONOMER	3.4e-23	30.7	313	105.9	48.6	59.0
WP_004894556.1	gnl|META|G7319-MONOMER	5.2e-08	26.7	180	54.7	46.1	54.1
WP_004894559.1	gnl|META|EG10861-MONOMER	3.5e-40	49.7	181	161.4	66.3	72.0
WP_004894564.1	gnl|META|EG11013-MONOMER	6.9e-126	40.6	640	447.6	58.0	85.9
WP_004894568.1	gnl|META|EG10375-MONOMER	2.7e-11	35.3	133	66.2	50.4	29.5
WP_004894570.1	gnl|META|FLAVODOXIN1-MONOMER	8.0e-02	25.0	60	34.3	55.0	19.5
WP_004894570.1	gnl|META|MONOMER-13232	8.0e-02	25.0	60	34.3	55.0	19.5
WP_004894572.1	gnl|META|EG11676-MONOMER	1.2e-39	48.9	174	159.1	71.3	100.0
WP_004894575.1	gnl|META|EG11881-MONOMER	4.5e-113	47.7	463	404.4	68.7	98.9
WP_004894636.1	gnl|META|BSU33400-MONOMER	2.7e-21	38.2	131	98.2	61.8	71.0
WP_004894636.1	gnl|META|MONOMER-17139	6.6e-20	37.6	149	93.6	55.0	77.6
WP_004894636.1	gnl|META|HS15341-MONOMER	1.6e-18	33.6	149	89.0	53.7	77.6
WP_004894642.1	gnl|META|AT1G68760-MONOMER	5.2e-05	25.0	120	44.3	44.2	55.1
WP_004894644.1	gnl|META|CPXR-MONOMER	6.8e-30	36.6	227	127.1	54.2	95.2
WP_004894647.1	gnl|META|CPXA-MONOMER	6.4e-24	26.7	326	108.2	49.4	70.9
WP_004894647.1	gnl|META|PHOR-MONOMER	1.9e-23	27.3	282	106.7	48.9	60.9
WP_004894647.1	gnl|META|BAES-MONOMER	7.1e-23	27.1	251	104.8	53.0	54.4
WP_004894664.1	gnl|META|DIAMINOPIMEPIM-MONOMER	1.2e-19	26.1	264	93.6	47.7	78.4
WP_004894666.1	gnl|META|MONOMER-6563	7.6e-110	44.4	450	393.7	66.0	100.0
WP_004894667.1	gnl|META|MONOMER-6601	6.8e-140	56.2	425	493.4	75.1	97.7
WP_004894673.1	gnl|META|MONOMER-4142	5.2e-51	33.4	359	198.0	52.4	92.4
WP_004894673.1	gnl|META|MONOMER-20392	9.8e-50	31.7	385	193.7	50.1	98.7
WP_004894673.1	gnl|META|MONOMER-20145	8.3e-49	32.1	374	190.7	49.5	94.5
WP_004894674.1	gnl|META|MONOMER-6565	1.6e-66	44.3	280	249.2	63.6	89.4
WP_004894674.1	gnl|META|BSU16770-MONOMER	2.0e-61	43.2	278	232.3	61.9	88.5
WP_004894675.1	gnl|META|MONOMER-6568	1.1e-57	44.9	263	219.5	63.9	99.6
WP_004894677.1	gnl|META|MONOMER-18938	1.2e-42	33.1	363	170.2	51.5	91.6
WP_004894677.1	gnl|META|MONOMER-11821	1.3e-41	31.7	375	166.8	52.8	91.3
WP_004894679.1	gnl|META|MONOMER-6564	4.6e-110	54.8	352	394.0	73.6	100.0
WP_004894681.1	gnl|META|YHBG-MONOMER	9.3e-15	27.5	244	77.0	50.0	89.4
WP_004894692.1	gnl|META|G6906-MONOMER	4.7e-114	49.2	398	407.5	70.1	96.4
WP_004894695.1	gnl|META|HS02784-MONOMER	2.1e-01	38.2	34	33.5	61.8	7.3
WP_004894710.1	gnl|META|MONOMER-15681	8.2e-22	34.2	184	99.8	49.5	100.0
WP_004894720.1	gnl|META|EG11061-MONOMER	6.8e-144	33.6	943	507.7	51.2	97.7
WP_004894722.1	gnl|META|MONOMER-18323	1.2e-12	27.3	183	70.5	48.6	49.4
WP_004894722.1	gnl|META|LUXAVIBFI-MONOMER	2.2e-11	27.6	196	66.2	46.9	51.9
WP_004894730.1	gnl|META|YDEY-MONOMER	3.0e-04	27.2	180	42.4	43.3	54.4
WP_004894733.1	gnl|META|YTFT-MONOMER	2.7e-07	22.6	292	52.8	44.2	74.0
WP_004894735.1	gnl|META|XYLG-MONOMER	5.8e-82	36.4	483	301.2	59.2	93.7
WP_004894735.1	gnl|META|MGLA-MONOMER	4.2e-80	33.3	490	295.0	58.0	96.5
WP_004894735.1	gnl|META|RBSA-MONOMER	2.0e-74	35.1	484	276.2	56.8	94.3
WP_004894735.1	gnl|META|YJCW-MONOMER	1.3e-73	35.0	486	273.5	56.4	93.5
WP_004894738.1	gnl|META|HS01113-MONOMER	1.8e-17	30.1	186	85.9	53.2	76.9
WP_004894738.1	gnl|META|MONOMER-19698	1.8e-17	32.1	193	85.9	49.7	78.6
WP_004894738.1	gnl|META|HS08579-MONOMER	3.1e-17	31.4	185	85.1	50.8	74.8
WP_004894738.1	gnl|META|MONOMER-13489	8.9e-17	33.8	130	83.6	54.6	54.6
WP_004894738.1	gnl|META|HS01358-MONOMER	3.4e-16	31.4	188	81.6	50.5	76.5
WP_004894738.1	gnl|META|MONOMER-19584	7.6e-16	31.1	164	80.5	51.2	67.6
WP_004894738.1	gnl|META|MONOMER-20560	9.9e-16	26.8	224	80.1	46.4	89.9
WP_004894738.1	gnl|META|EG12133-MONOMER	1.3e-15	34.0	144	79.7	54.9	60.1
WP_004894738.1	gnl|META|MONOMER-19696	1.3e-15	34.1	123	79.7	56.9	51.7
WP_004894738.1	gnl|META|MONOMER-16689	2.9e-15	32.2	177	78.6	52.0	71.0
WP_004894749.1	gnl|META|G6660-MONOMER	3.9e-19	31.9	163	90.9	52.8	97.0
WP_004894762.1	gnl|META|EG10613-MONOMER	9.4e-68	30.7	567	254.2	50.8	94.7
WP_004894763.1	gnl|META|BSU33400-MONOMER	2.2e-59	46.1	267	225.3	67.0	96.0
WP_004894764.1	gnl|META|PD00232	1.0e-09	27.9	154	59.7	50.6	80.4
WP_004894768.1	gnl|META|EG10924-MONOMER	2.0e-11	34.7	118	66.6	57.6	27.0
WP_004894779.1	gnl|META|MONOMER-16862	2.5e-01	31.0	58	34.7	55.2	4.0
WP_004894783.1	gnl|META|SYNPCC7942_0260-MONOMER	1.3e-02	36.5	63	38.9	57.1	4.9
WP_004894807.1	gnl|META|FECE-MONOMER	2.3e-19	30.3	218	92.4	50.5	72.0
WP_004894807.1	gnl|META|BSU02750-MONOMER	4.0e-19	24.6	195	91.7	52.8	66.1
WP_004894813.1	gnl|META|GALACTOACETYLTRAN-MONOMER	2.4e-26	39.2	194	115.2	56.2	95.1
WP_004894813.1	gnl|META|MALTACETYLTRAN-MONOMER	5.8e-25	37.3	193	110.5	51.8	94.6
WP_004894815.1	gnl|META|MONOMER-14087	3.8e-38	45.6	204	154.5	63.7	89.0
WP_004894818.1	gnl|META|EG10423-MONOMER	6.9e-125	33.2	865	444.5	53.1	99.9
WP_004894829.1	gnl|META|BSU12290-MONOMER	3.6e-02	36.9	65	35.4	52.3	19.0
WP_004894831.1	gnl|META|EG10833-MONOMER	3.8e-117	39.6	593	418.3	59.4	98.3
WP_004894833.1	gnl|META|HS09452-MONOMER	4.0e-31	43.5	193	131.0	54.9	92.3
WP_004894844.1	gnl|META|PD00232	3.4e-18	28.6	196	88.6	51.0	65.9
WP_004894848.1	gnl|META|G1I0R-1336-MONOMER	3.5e-31	31.7	281	131.7	53.7	94.9
WP_004894854.1	gnl|META|BSU15520-MONOMER	6.5e-144	29.5	1058	508.1	52.5	99.3
WP_004894856.1	gnl|META|BSU15510-MONOMER	7.4e-52	32.4	355	200.7	53.2	100.0
WP_004894858.1	gnl|META|EG12098-MONOMER	6.4e-60	41.4	304	227.3	61.2	95.4
WP_004894860.1	gnl|META|EG10548-MONOMER	8.9e-10	32.4	145	59.7	52.4	89.0
WP_004894878.1	gnl|META|G6488-MONOMER	4.3e-42	30.5	367	168.3	50.4	95.5
WP_004894886.1	gnl|META|MONOMER-15456	1.3e-96	36.4	626	350.5	55.6	75.6
WP_004894888.1	gnl|META|EG10662-MONOMER	1.4e-34	41.0	183	142.5	61.2	87.6
WP_004894894.1	gnl|META|ASNS-MONOMER	1.6e-77	37.5	448	286.2	54.5	95.4
WP_004894898.1	gnl|META|EG11357-MONOMER	6.9e-12	22.5	701	69.3	39.5	69.9
WP_004894901.1	gnl|META|EG11064-MONOMER	3.6e-21	23.1	542	100.5	40.4	43.4
WP_004894901.1	gnl|META|EG11064-MONOMER	1.2e-03	28.1	135	42.4	44.4	11.0
WP_004894905.1	gnl|META|MONOMER-18243	3.2e-19	25.9	294	92.0	46.9	92.8
WP_004894908.1	gnl|META|AT2G38700-MONOMER	5.2e-36	34.3	329	147.9	51.4	93.8
WP_004894908.1	gnl|META|ENSG00000167508-MONOMER	5.4e-33	33.8	320	137.9	50.6	92.5
WP_004894908.1	gnl|META|MONOMER-653	1.0e-31	33.3	321	133.7	49.2	93.8
WP_004894923.1	gnl|META|MONOMER-18402	3.9e-29	30.3	234	124.8	50.9	86.2
WP_004894932.1	gnl|META|MONOMER-20274	1.5e-74	51.6	277	275.8	67.5	97.9
WP_004894932.1	gnl|META|CYCLODEHYCLTH-MONOMER	1.7e-67	47.8	276	252.3	65.2	97.5
WP_004894934.1	gnl|META|MONOMER-13213	4.1e-07	42.6	68	51.2	61.8	34.3
WP_004894934.1	gnl|META|GPMA-MONOMER	1.6e-06	35.9	103	49.3	50.5	50.0
WP_004894934.1	gnl|META|YKL152C-MONOMER	1.0e-05	35.9	64	46.6	60.9	31.8
WP_004894939.1	gnl|META|MONOMER-16356	1.2e-03	22.7	163	40.0	37.4	58.5
WP_004894947.1	gnl|META|AT1G68760-MONOMER	2.9e-08	30.9	110	54.7	51.8	68.8
WP_004894965.1	gnl|META|EG10851-MONOMER	3.6e-01	32.8	64	31.2	50.0	38.2
WP_004894976.1	gnl|META|G3O-29733-MONOMER	3.7e-15	22.5	435	79.3	41.4	78.2
WP_004894979.1	gnl|META|ENSG00000103222-MONOMER	8.1e-18	31.0	197	88.2	53.3	36.5
WP_004894979.1	gnl|META|POTA-MONOMER	5.2e-17	27.7	253	85.5	49.0	44.6
WP_004894979.1	gnl|META|G3O-29733-MONOMER	3.4e-16	23.4	423	82.8	45.6	75.6
WP_004894981.1	gnl|META|EG10435-MONOMER	3.7e-01	19.2	239	32.0	41.4	64.9
WP_004894985.1	gnl|META|GKI-MONOMER	1.0e-107	52.4	372	386.3	69.6	98.9
WP_004894985.1	gnl|META|GLY3KIN-MONOMER	2.3e-99	47.6	368	358.6	69.0	97.9
WP_004895013.1	gnl|META|AT3G14940-MONOMER	4.8e-111	29.2	968	398.7	47.8	99.1
WP_004895013.1	gnl|META|MONOMER-3824	5.3e-102	31.6	816	368.6	50.0	86.4
WP_004895018.1	gnl|META|NICOTINAMID-MONOMER	8.9e-09	26.6	184	56.6	46.2	84.6
WP_004895018.1	gnl|META|YGL037C-MONOMER	1.7e-07	24.0	183	52.4	42.6	82.4
WP_004895022.1	gnl|META|HS09275-MONOMER	1.0e-04	35.1	74	43.1	59.5	41.0
WP_004895022.1	gnl|META|MONOMER-15863	1.7e-04	35.5	62	42.4	62.9	34.3
WP_004895022.1	gnl|META|AT1G71750-MONOMER	1.1e-03	39.0	59	39.7	62.7	33.1
WP_004895023.1	gnl|META|BSU15520-MONOMER	0.0e+00	63.2	1061	1341.3	80.0	99.9
WP_004895025.1	gnl|META|BSU15510-MONOMER	3.4e-116	53.4	358	414.5	72.9	98.9
WP_004895027.1	gnl|META|BSU15500-MONOMER	4.7e-109	48.8	426	391.0	65.7	99.5
WP_004895031.1	gnl|META|BSU15490-MONOMER	5.6e-75	47.4	302	277.3	67.5	95.0
WP_004895035.1	gnl|META|MONOMER-14471	1.9e-88	51.5	299	322.0	72.2	97.4
WP_004895035.1	gnl|META|BSU15540-MONOMER	1.0e-81	50.7	298	299.7	71.8	97.1
WP_004895039.1	gnl|META|BSU15550-MONOMER	1.7e-52	49.1	230	202.2	66.5	97.4
WP_004895042.1	gnl|META|BSU15560-MONOMER	2.6e-52	50.0	216	201.4	66.7	98.6
WP_004895048.1	gnl|META|EG11195-MONOMER	8.2e-51	41.6	267	196.8	62.2	98.1
WP_004895054.1	gnl|META|G7008-MONOMER	1.5e-39	28.4	457	160.2	45.3	94.8
WP_004895071.1	gnl|META|XYLG-MONOMER	6.1e-18	28.2	234	87.4	51.7	91.1
WP_004895071.1	gnl|META|YHBG-MONOMER	6.7e-17	28.8	236	84.0	48.3	89.4
WP_004895071.1	gnl|META|BSU02750-MONOMER	1.5e-16	27.5	207	82.8	52.2	82.1
WP_004895076.1	gnl|META|EG11549-MONOMER	4.1e-94	44.4	408	341.3	64.7	97.8
WP_004895080.1	gnl|META|BSU25180-MONOMER	4.4e-32	34.9	235	134.4	57.4	96.2
WP_004895083.1	gnl|META|G7039-MONOMER	2.2e-22	29.4	214	102.4	47.7	74.6
WP_004895083.1	gnl|META|ARTJ-MONOMER	4.9e-22	28.3	212	101.3	49.5	73.2
WP_004895084.1	gnl|META|GLTL-MONOMER	1.5e-62	48.5	237	235.7	74.3	96.3
WP_004895084.1	gnl|META|GLNQ-MONOMER	2.0e-59	45.8	238	225.3	73.9	96.7
WP_004895084.1	gnl|META|EG12347-MONOMER	1.2e-56	48.0	244	216.1	68.4	96.3
WP_004895086.1	gnl|META|GLNP-MONOMER	2.7e-15	31.6	177	78.6	50.3	78.2
WP_004895089.1	gnl|META|GLNP-MONOMER	2.3e-27	30.5	213	118.6	56.8	96.3
WP_004895091.1	gnl|META|RPOD-MONOMER	3.8e-91	64.7	269	331.3	78.4	71.5
WP_004895093.1	gnl|META|EG10239-MONOMER	5.0e-72	36.4	428	268.5	53.5	69.8
WP_004895094.1	gnl|META|GLYS-MONOMER	3.1e-102	33.0	693	369.0	53.0	99.3
WP_004895097.1	gnl|META|GLYQ-MONOMER	1.6e-90	56.4	289	328.9	70.6	92.8
WP_004895100.1	gnl|META|EG10270-MONOMER	3.4e-61	39.8	289	231.5	64.4	94.7
WP_004895117.1	gnl|META|MONOMER-8569	3.5e-31	36.1	249	131.7	53.0	82.9
WP_004895117.1	gnl|META|LSERINEDEAM2-MONOMER	5.1e-30	34.8	282	127.9	52.1	93.9
WP_004895117.1	gnl|META|LSERINEDEAM3-MONOMER	8.7e-30	36.2	235	127.1	53.2	78.5
WP_004895117.1	gnl|META|LSERINEDEAM1-MONOMER	1.1e-29	34.5	275	126.7	53.1	92.2
WP_004895124.1	gnl|META|EG12394-MONOMER	1.2e-29	47.7	128	125.6	65.6	88.7
WP_004895125.1	gnl|META|MONOMER-18938	2.1e-47	34.8	359	186.0	52.6	90.1
WP_004895125.1	gnl|META|MONOMER-13008	1.6e-42	31.6	377	169.9	53.6	92.9
WP_004895130.1	gnl|META|HISS-MONOMER	3.2e-81	40.3	409	298.5	58.2	94.6
WP_004895131.1	gnl|META|EG11852-MONOMER	4.4e-27	40.0	145	117.1	62.1	100.0
WP_004895132.1	gnl|META|SPOT-MONOMER	2.0e-155	40.3	734	545.8	59.9	97.6
WP_004895132.1	gnl|META|RELA-MONOMER	1.4e-148	38.8	696	523.1	61.8	91.6
WP_004895136.1	gnl|META|EG11497-MONOMER	3.7e-26	31.1	296	115.2	48.3	90.5
WP_004895141.1	gnl|META|MONOMER-14998	3.0e-42	34.2	336	168.7	52.7	95.6
WP_004895141.1	gnl|META|ANSA-MONOMER	8.7e-42	33.2	337	167.2	51.6	97.0
WP_004895145.1	gnl|META|MONOMER-8681	2.3e-81	50.0	304	298.5	71.4	97.4
WP_004895147.1	gnl|META|MONOMER-17916	1.2e-75	35.8	453	280.0	55.6	95.6
WP_004895150.1	gnl|META|METI-MONOMER	1.4e-19	48.5	103	92.8	69.9	44.2
WP_004895151.1	gnl|META|ABC-MONOMER	2.4e-63	41.3	344	238.8	60.8	96.6
WP_004895152.1	gnl|META|METQ-MONOMER	2.4e-40	40.2	254	162.2	61.0	86.3
WP_004895158.1	gnl|META|MONOMER-15681	5.1e-63	38.6	329	237.7	59.3	100.0
WP_004895159.1	gnl|META|MONOMER-17076	7.6e-40	25.8	527	161.4	45.5	92.6
WP_004895162.1	gnl|META|MONOMER-13054	1.0e-116	53.4	416	416.4	68.8	95.6
WP_004895162.1	gnl|META|MONOMER-13099	4.3e-110	50.1	419	394.4	68.3	96.0
WP_004895162.1	gnl|META|SYNPCC7942_0639-MONOMER	4.0e-108	54.3	411	387.9	65.7	95.6
WP_004895162.1	gnl|META|MONOMER-11818	9.8e-107	51.6	426	383.3	64.1	97.2
WP_004895163.1	gnl|META|MONOMER-20008	2.3e-07	29.9	194	52.0	47.9	94.8
WP_004895202.1	gnl|META|MONOMER-15470	6.4e-01	54.2	24	29.3	62.5	31.6
WP_004895226.1	gnl|META|SYNPCC7942_0335-MONOMER	2.6e-01	30.4	69	32.3	55.1	23.4
WP_004895228.1	gnl|META|MONOMER-20463	7.8e-01	56.5	23	29.6	78.3	18.0
WP_004895236.1	gnl|META|AT4G30190-MONOMER	1.5e-62	25.2	786	237.3	48.7	94.3
WP_004895236.1	gnl|META|G3O-30531-MONOMER	6.0e-59	25.9	776	225.3	48.1	94.3
WP_004895237.1	gnl|META|MONOMER-18241	2.1e-11	23.1	433	66.6	41.6	85.2
WP_004895238.1	gnl|META|DIHYDROFOLATEREDUCT-MONOMER	1.6e-17	36.0	161	85.5	50.3	96.4
WP_004895238.1	gnl|META|MONOMER-9367	2.2e-17	33.7	175	85.1	51.4	96.4
WP_004895239.1	gnl|META|G185E-7013-MONOMER	2.3e-76	47.8	312	282.0	57.4	98.1
WP_004895239.1	gnl|META|THYMIDYLATESYN-MONOMER	4.8e-74	44.7	311	274.2	59.2	97.8
WP_004895239.1	gnl|META|HS11096-MONOMER	6.0e-69	43.5	322	257.3	56.2	98.7
WP_004895239.1	gnl|META|MONOMER-9361	7.9e-69	44.4	322	256.9	55.9	98.7
WP_004895239.1	gnl|META|MONOMER-9367	2.3e-68	42.9	322	255.4	57.8	98.7
WP_004895242.1	gnl|META|ADENPRIBOSYLTRAN-MONOMER	3.6e-47	54.4	171	184.1	67.8	96.6
WP_004895243.1	gnl|META|EG10830-MONOMER	5.4e-68	30.9	534	255.4	53.0	66.8
WP_004895245.1	gnl|META|EG10529-MONOMER	5.0e-189	52.3	598	657.1	73.9	97.7
WP_004895246.1	gnl|META|EG10240-MONOMER	1.8e-51	40.8	387	199.5	54.3	98.5
WP_004895247.1	gnl|META|EG10241-MONOMER	9.1e-178	57.1	569	619.8	75.7	86.5
WP_004895248.1	gnl|META|EG10416-MONOMER	5.3e-12	31.4	153	67.4	56.2	78.1
WP_004895254.1	gnl|META|MONOMER-14605	3.6e-66	41.2	296	248.1	64.5	93.9
WP_004895255.1	gnl|META|EG11177-MONOMER	9.4e-40	31.9	270	160.2	55.2	87.2
WP_004895257.1	gnl|META|EG10942-MONOMER	1.3e-15	33.2	211	81.6	48.3	23.3
WP_004895262.1	gnl|META|FORMYLSYNTHCLTH-MONOMER	1.3e-01	34.1	88	35.8	48.9	5.9
WP_004895262.1	gnl|META|MONOMER-15303	2.2e-01	34.0	53	35.0	56.6	3.7
WP_004895263.1	gnl|META|PROS-MONOMER	1.7e-122	42.3	572	436.0	60.0	99.8
WP_004895264.1	gnl|META|EG12436-MONOMER	1.3e-26	25.7	451	117.1	42.6	97.6
WP_004895265.1	gnl|META|MONOMER-20006	2.8e-48	42.4	257	188.3	61.9	97.7
WP_004895266.1	gnl|META|UPPSYN-MONOMER	2.2e-55	47.4	228	211.8	62.3	95.4
WP_004895268.1	gnl|META|UMPKI-MONOMER	1.5e-59	48.3	232	225.7	69.4	96.3
WP_004895270.1	gnl|META|EG10901-MONOMER	7.6e-70	52.9	240	260.0	71.2	92.0
WP_004895271.1	gnl|META|G7649-MONOMER	3.8e-05	29.5	78	45.4	51.3	22.9
WP_004895272.1	gnl|META|MONOMER-14088	2.8e-51	46.9	196	198.0	67.9	95.1
WP_004895273.1	gnl|META|MONOMER-19407	4.7e-55	36.0	375	211.5	53.1	89.5
WP_004895273.1	gnl|META|CFA-MONOMER	4.0e-54	36.0	353	208.4	53.5	87.8
WP_004895273.1	gnl|META|G185E-4787-MONOMER	2.4e-51	39.0	282	199.1	54.3	67.9
WP_004895275.1	gnl|META|EG10613-MONOMER	5.8e-49	25.9	603	191.8	46.8	99.7
WP_004895277.1	gnl|META|EG10613-MONOMER	2.9e-61	30.1	534	232.6	53.2	90.1
WP_004895286.1	gnl|META|EG11057-MONOMER	1.1e-05	30.0	120	46.6	48.3	54.6
WP_004895290.1	gnl|META|G6580-MONOMER	1.0e-04	47.6	42	42.7	66.7	28.8
WP_004895296.1	gnl|META|EG11023-MONOMER	1.4e-54	42.8	243	209.1	63.4	98.8
WP_004895308.1	gnl|META|MONOMER-16461	7.5e-01	45.2	31	31.6	61.3	7.0
WP_004895309.1	gnl|META|EG10828-MONOMER	5.3e-01	34.0	53	33.5	60.4	4.5
WP_004895312.1	gnl|META|EG10857-MONOMER	6.3e-28	36.5	222	120.6	57.7	95.1
WP_004895319.1	gnl|META|OPPC-MONOMER	3.4e-21	27.0	311	98.6	44.7	99.3
WP_004895321.1	gnl|META|YLIC-MONOMER	3.1e-49	35.0	320	191.8	54.4	100.0
WP_004895324.1	gnl|META|OPPF-MONOMER	7.5e-67	46.5	271	250.4	70.1	82.9
WP_004895324.1	gnl|META|YLIA-MONOMER	2.4e-65	41.5	313	245.4	63.9	96.0
WP_004895324.1	gnl|META|DPPF-MONOMER	7.2e-62	41.5	265	233.8	68.7	82.3
WP_004895326.1	gnl|META|EG50003-MONOMER	5.9e-13	44.6	74	69.3	68.9	92.5
WP_004895326.1	gnl|META|MONOMER-19598	3.8e-12	42.3	78	66.6	66.7	97.5
WP_004895328.1	gnl|META|MONOMER-14086	2.0e-91	53.2	331	332.0	69.5	99.1
WP_004895330.1	gnl|META|EG10763-MONOMER	3.7e-07	33.0	115	53.1	48.7	16.9
WP_004895332.1	gnl|META|G1I0R-1119-MONOMER	5.6e-147	47.8	565	517.3	68.7	99.8
WP_004895337.1	gnl|META|EG10886-MONOMER	3.2e-03	39.2	51	36.6	62.7	80.3
WP_004895340.1	gnl|META|BSU15800-MONOMER	3.1e-19	29.8	215	91.7	50.2	95.9
WP_004895342.1	gnl|META|RIBULP3EPIM-MONOMER	6.2e-41	35.5	214	163.7	59.8	99.1
WP_004895344.1	gnl|META|G7841-MONOMER	1.0e-30	30.1	302	130.2	51.3	95.3
WP_004895346.1	gnl|META|HS08155-MONOMER	5.3e-19	24.2	252	92.4	47.2	35.6
WP_004895346.1	gnl|META|HS09136-MONOMER	2.7e-18	25.8	264	90.1	45.8	37.3
WP_004895346.1	gnl|META|MONOMER-4461	5.0e-17	29.6	199	85.9	48.7	29.5
WP_004895346.1	gnl|META|HS02256-MONOMER	1.9e-16	27.1	229	84.0	50.7	33.4
WP_004895350.1	gnl|META|EG12163-MONOMER	3.8e-37	29.0	441	152.1	49.7	99.3
WP_004895351.1	gnl|META|EG11268-MONOMER	2.7e-61	40.0	310	231.9	60.3	98.4
WP_004895352.1	gnl|META|EG10763-MONOMER	1.4e-106	33.5	765	383.6	52.4	94.9
WP_004895355.1	gnl|META|GUANYL-KIN-MONOMER	5.8e-41	44.2	190	163.7	64.2	92.6
WP_004895360.1	gnl|META|G185E-5885-MONOMER	1.7e-43	38.7	266	172.6	53.0	98.5
WP_004895362.1	gnl|META|AT2G18640-MONOMER	7.9e-44	36.1	255	173.7	61.2	86.1
WP_004895362.1	gnl|META|MONOMER-12171	3.9e-43	38.4	245	171.4	57.6	83.0
WP_004895362.1	gnl|META|AT4G36810-MONOMER	8.8e-43	36.8	253	170.2	56.9	85.1
WP_004895362.1	gnl|META|AT3G14550-MONOMER	1.7e-41	36.6	257	166.0	55.3	86.8
WP_004895362.1	gnl|META|MONOMER-11666	1.8e-40	35.6	275	162.5	56.4	92.4
WP_004895362.1	gnl|META|AT2G23800-MONOMER	9.1e-40	34.7	248	160.2	57.3	84.7
WP_004895362.1	gnl|META|MONOMER-16157	1.2e-39	36.5	260	159.8	57.3	88.2
WP_004895363.1	gnl|META|EG11098-MONOMER	1.4e-09	47.9	73	58.2	72.6	85.2
WP_004895364.1	gnl|META|EG11072-MONOMER	1.4e-58	32.1	442	223.4	50.5	97.6
WP_004895365.1	gnl|META|CYCLODEHYCLTH-MONOMER	1.4e-72	49.8	277	269.2	70.4	97.9
WP_004895365.1	gnl|META|MONOMER-20274	2.5e-66	45.1	277	248.4	66.4	97.9
WP_004895367.1	gnl|META|MONOMER-10602	2.5e-01	36.6	41	31.6	56.1	28.1
WP_004895368.1	gnl|META|EG12099-MONOMER	1.2e-35	41.7	180	146.0	59.4	95.2
WP_004895369.1	gnl|META|G7248-MONOMER	2.1e-41	31.2	353	166.0	52.1	93.8
WP_004895374.1	gnl|META|BSU37540-MONOMER	7.1e-08	41.1	56	52.0	67.9	94.9
WP_004895374.1	gnl|META|MONOMER-12750	7.1e-08	39.3	56	52.0	66.1	94.9
WP_004895374.1	gnl|META|MONOMER-14712	7.9e-07	38.2	55	48.5	65.5	93.2
WP_004895376.1	gnl|META|MONOMER3O-81	2.2e-06	26.1	207	49.3	45.9	69.6
WP_004895376.1	gnl|META|MONOMER3O-77	2.2e-06	28.0	157	49.3	49.0	53.6
WP_004895380.1	gnl|META|AT5G15860-MONOMER	4.4e-13	29.2	137	71.6	51.1	44.8
WP_004895388.1	gnl|META|EMRB-MONOMER	2.5e-37	25.4	448	152.9	49.1	89.2
WP_004895388.1	gnl|META|EMRY-MONOMER	7.4e-34	24.6	406	141.4	49.0	82.2
WP_004895391.1	gnl|META|MONOMER-18710	2.5e-01	40.6	32	32.0	68.8	16.4
WP_004895393.1	gnl|META|L-GLN-FRUCT-6-P-AMINOTRANS-MONOMER	3.5e-110	37.7	613	395.2	58.6	100.0
WP_004895393.1	gnl|META|MONOMER-20591	2.4e-106	38.6	612	382.5	57.2	100.0
WP_004895395.1	gnl|META|EG11239-MONOMER	8.1e-16	26.6	263	80.5	45.2	95.3
WP_004895395.1	gnl|META|BSU04040-MONOMER	5.3e-15	26.4	261	77.8	44.1	99.2
WP_004895395.1	gnl|META|G6425-MONOMER	4.5e-14	26.0	258	74.7	46.5	96.5
WP_004895396.1	gnl|META|MONOMER-9982	3.9e-83	28.6	812	305.8	47.4	90.4
WP_004895397.1	gnl|META|MONOMER-15371	3.1e-05	29.6	98	47.0	45.9	12.3
WP_004895398.1	gnl|META|BAES-MONOMER	1.9e-14	27.4	208	76.6	48.6	48.1
WP_004895399.1	gnl|META|CPXR-MONOMER	2.5e-21	35.6	208	98.6	55.3	90.0
WP_004895404.1	gnl|META|YEHW-MONOMER	2.5e-24	36.5	197	109.8	61.9	36.9
WP_004895405.1	gnl|META|PROV-MONOMER	2.7e-53	44.2	231	205.3	69.7	70.9
WP_004895405.1	gnl|META|YEHX-MONOMER	1.1e-49	40.4	245	193.4	62.4	76.6
WP_004895406.1	gnl|META|BSU35670-MONOMER	1.8e-91	57.4	289	332.0	75.8	96.0
WP_004895406.1	gnl|META|MONOMER-20001	5.0e-89	57.6	283	323.9	74.9	94.0
WP_004895408.1	gnl|META|EG10570-MONOMER	3.6e-46	36.0	258	181.4	58.9	93.8
WP_004895409.1	gnl|META|MONOMER-14290	6.6e-10	37.8	98	60.1	52.0	61.5
WP_004895409.1	gnl|META|MONOMER-14302	4.3e-09	36.7	98	57.4	52.0	61.5
WP_004895411.1	gnl|META|BSU35660-MONOMER	5.2e-128	59.6	374	453.8	76.7	98.4
WP_004895411.1	gnl|META|MONOMER-19966	9.9e-127	59.1	374	449.5	77.3	97.9
WP_004895411.1	gnl|META|MONOMER-19982	2.8e-121	56.0	375	431.4	75.7	98.7
WP_004895413.1	gnl|META|CELB-MONOMER	1.0e-42	30.4	448	170.6	49.6	96.4
WP_004895416.1	gnl|META|ENSG00000103257-MONOMER	2.2e-37	28.8	438	152.9	49.8	97.9
WP_004895416.1	gnl|META|ENSG00000151012-MONOMER	1.9e-36	27.6	410	149.8	49.8	92.9
WP_004895416.1	gnl|META|ENSG00000103064-MONOMER	1.3e-34	27.0	433	143.7	48.5	97.7
WP_004895417.1	gnl|META|HYPOXANPRIBOSYLTRAN-MONOMER	6.8e-36	43.0	165	146.7	67.3	86.2
WP_004895417.1	gnl|META|AT1G71750-MONOMER	1.6e-32	39.9	183	135.6	60.7	92.6
WP_004895421.1	gnl|META|MONOMER-2123	4.9e-22	32.5	212	100.9	49.1	93.6
WP_004895422.1	gnl|META|MONOMER-13056	3.8e-277	56.4	819	950.3	72.6	99.6
WP_004895426.1	gnl|META|EG11082-MONOMER	4.5e-61	38.6	303	231.1	61.1	97.4
WP_004895427.1	gnl|META|RIB5PISOMA-MONOMER	1.3e-31	38.2	220	132.9	57.7	94.4
WP_004895428.1	gnl|META|RIBOKIN-MONOMER	2.8e-55	38.0	305	211.8	61.6	99.0
WP_004895434.1	gnl|META|PSTB-MONOMER	1.2e-62	48.8	240	236.1	69.6	89.5
WP_004895435.1	gnl|META|PSTA-MONOMER	2.0e-26	32.9	283	115.9	50.2	94.6
WP_004895436.1	gnl|META|PSTC-MONOMER	4.1e-20	29.4	248	95.1	50.0	68.8
WP_004895442.1	gnl|META|HS02790-MONOMER	2.1e-130	33.7	979	463.0	51.1	96.2
WP_004895442.1	gnl|META|MONOMER-14600	4.2e-118	31.0	1015	422.2	51.6	95.3
WP_004895442.1	gnl|META|MONOMER-14597	1.3e-116	31.9	1059	417.2	50.0	97.0
WP_004895458.1	gnl|META|G7037-MONOMER	5.2e-24	36.3	204	107.5	57.8	94.4
WP_004895459.1	gnl|META|G7037-MONOMER	3.4e-28	38.2	199	121.3	56.3	93.9
WP_004895462.1	gnl|META|GLNH-MONOMER	1.9e-26	34.2	222	115.9	51.4	80.2
WP_004895463.1	gnl|META|EG10613-MONOMER	8.0e-67	32.2	515	251.1	52.8	86.9
WP_004895469.1	gnl|META|NANT-MONOMER	1.6e-21	22.2	446	100.1	45.5	95.4
WP_004895473.1	gnl|META|YJDL-MONOMER	1.1e-45	28.8	496	180.6	47.2	95.4
WP_004895474.1	gnl|META|PD00219	2.3e-15	25.7	315	79.3	48.3	92.9
WP_004895476.1	gnl|META|STM14_RS23765-MONOMER	3.7e-18	32.1	140	87.4	57.9	97.2
WP_004895477.1	gnl|META|STM14_RS23780-MONOMER	1.9e-34	32.6	279	142.5	54.8	98.6
WP_004895477.1	gnl|META|MANZ-MONOMER	3.0e-32	33.6	283	135.2	54.4	98.2
WP_004895478.1	gnl|META|STM14_RS23775-MONOMER	6.5e-08	23.8	260	54.3	40.0	96.2
WP_004895478.1	gnl|META|MONOMER-18276	4.2e-07	27.4	135	51.6	46.7	50.9
WP_004895479.1	gnl|META|MONOMER-18277	3.6e-17	31.1	151	84.3	53.6	90.9
WP_004895479.1	gnl|META|MANX-MONOMER	2.3e-16	31.2	138	81.6	50.0	84.1
WP_004895479.1	gnl|META|MONOMER-18127	6.8e-16	27.4	157	80.1	49.0	95.7
WP_004895496.1	gnl|META|POTG-MONOMER	7.3e-26	36.9	198	113.6	59.1	88.9
WP_004895496.1	gnl|META|POTA-MONOMER	1.8e-24	37.6	197	109.0	61.4	88.9
WP_004895496.1	gnl|META|CYSA-MONOMER	2.6e-23	37.6	218	105.1	56.4	96.3
WP_004895528.1	gnl|META|MONOMER-20008	1.2e-06	29.1	134	49.7	47.0	62.1
WP_004895528.1	gnl|META|G6439-MONOMER	1.6e-06	30.4	158	49.3	44.9	70.4
WP_004895535.1	gnl|META|CELB-MONOMER	2.4e-23	24.4	435	106.7	44.4	70.3
WP_004895537.1	gnl|META|CELC-MONOMER	5.6e-12	32.7	113	66.6	57.5	92.4
WP_004895543.1	gnl|META|SGCC-MONOMER	1.6e-30	24.2	392	130.2	47.7	82.6
WP_004895547.1	gnl|META|MTLA-MONOMER	1.6e-01	29.6	54	32.3	57.4	33.1
WP_004895550.1	gnl|META|MONOMER-2782	2.9e-50	55.3	170	194.5	72.9	89.0
WP_004895552.1	gnl|META|MONOMER-2781	1.9e-30	43.3	141	128.3	67.4	99.3
WP_004895557.1	gnl|META|URAA-MONOMER	8.1e-96	44.2	407	347.1	70.3	91.0
WP_004895571.1	gnl|META|G6442-MONOMER	2.6e-49	40.6	261	191.8	60.5	99.2
WP_004895571.1	gnl|META|G6425-MONOMER	4.8e-48	39.8	256	187.6	58.6	97.3
WP_004895576.1	gnl|META|EMRY-MONOMER	1.6e-23	26.9	334	107.1	48.5	65.7
WP_004895576.1	gnl|META|EMRB-MONOMER	6.5e-22	26.0	338	101.7	47.6	66.5
WP_004895578.1	gnl|META|GLPF-MONOMER	7.4e-22	31.5	251	100.5	48.6	94.0
WP_004895586.1	gnl|META|EG10986-MONOMER	7.7e-40	46.2	182	159.8	61.0	94.1
WP_004895592.1	gnl|META|G7005-MONOMER	1.5e-33	49.3	138	138.7	66.7	90.8
WP_004895596.1	gnl|META|STM2437-MONOMER	2.6e-18	31.7	183	88.6	45.4	76.2
WP_004895597.1	gnl|META|AT1G71750-MONOMER	6.6e-33	38.9	185	136.7	62.2	98.9
WP_004895615.1	gnl|META|MONOMER-546	8.3e-76	48.9	284	280.0	68.0	92.5
WP_004895617.1	gnl|META|ARGS-MONOMER	3.5e-64	30.6	546	242.3	52.0	94.3
WP_004895619.1	gnl|META|EG10203-MONOMER	8.8e-25	32.5	268	110.5	51.1	86.0
WP_004895622.1	gnl|META|EG11758-MONOMER	6.0e-28	34.7	262	120.9	51.1	92.2
WP_004895632.1	gnl|META|LEUS-MONOMER	9.2e-183	40.6	862	636.7	56.5	99.6
WP_004895634.1	gnl|META|MONOMER-20008	1.2e-10	29.1	158	63.2	50.6	67.2
WP_004895635.1	gnl|META|EMRY-MONOMER	1.6e-33	29.5	438	140.2	48.9	85.8
WP_004895635.1	gnl|META|EMRB-MONOMER	8.1e-33	28.7	429	137.9	50.6	86.2
WP_004895648.1	gnl|META|EG10900-MONOMER	2.3e-08	41.2	68	54.7	60.3	54.5
WP_004895649.1	gnl|META|MONOMER-13562	1.6e-50	36.1	324	196.1	54.0	99.4
WP_004895652.1	gnl|META|EG10634-MONOMER	6.7e-34	30.7	251	140.6	51.4	96.5
WP_004895654.1	gnl|META|HS05981-MONOMER	2.0e-17	23.6	394	86.7	39.6	72.3
WP_004895656.1	gnl|META|G3O-34097-MONOMER	1.8e-10	28.3	106	63.5	57.5	22.6
WP_004895657.1	gnl|META|G3O-29201-MONOMER	3.2e-10	27.8	151	62.8	47.0	29.5
WP_004895657.1	gnl|META|HS07681-MONOMER	4.2e-10	40.3	77	62.4	57.1	16.1
WP_004895657.1	gnl|META|ACETYLORNDEACET-MONOMER	4.6e-09	34.7	118	58.9	50.0	24.5
WP_004895658.1	gnl|META|MONOMER-15456	2.8e-53	28.7	693	206.8	46.0	70.6
WP_004895660.1	gnl|META|G7248-MONOMER	1.0e-35	37.3	220	147.1	56.8	58.4
WP_004895664.1	gnl|META|MONOMER-428	7.4e-101	50.2	400	363.6	68.8	99.5
WP_004895664.1	gnl|META|MONOMER-20612	2.1e-100	46.8	395	362.1	67.6	99.2
WP_004895664.1	gnl|META|MONOMER-13473	6.9e-99	46.3	397	357.1	68.8	99.5
WP_004895664.1	gnl|META|ACKCLOS-MONOMER	9.3e-96	46.4	392	346.7	67.1	98.0
WP_004895664.1	gnl|META|STM2057-MONOMER	4.5e-90	43.0	391	327.8	67.0	99.0
WP_004895665.1	gnl|META|G7530-MONOMER	1.2e-41	47.2	197	166.0	59.4	95.2
WP_004895666.1	gnl|META|MONOMER-15462	5.4e-47	36.0	258	184.1	58.5	96.2
WP_004895668.1	gnl|META|RED-THIOREDOXIN-MONOMER	2.7e-18	39.8	98	87.4	66.3	92.2
WP_004895669.1	gnl|META|EG10625-MONOMER	8.9e-21	25.0	328	98.6	45.7	40.9
WP_004895672.1	gnl|META|G7525-MONOMER	2.3e-15	32.6	135	78.2	57.8	94.4
WP_004895674.1	gnl|META|EG10210-MONOMER	9.7e-52	36.4	343	200.7	54.8	74.0
WP_004895674.1	gnl|META|EG10844-MONOMER	1.3e-51	31.2	369	200.3	54.5	78.1
WP_004895675.1	gnl|META|G1I0R-1684-MONOMER	2.7e-53	37.4	305	205.3	56.7	94.1
WP_004895676.1	gnl|META|G6115-MONOMER	5.1e-51	35.7	347	198.0	57.3	92.5
WP_004895677.1	gnl|META|MONOMER-13060	1.0e-107	41.7	489	386.7	60.5	100.0
WP_004895679.1	gnl|META|EG10924-MONOMER	2.0e-107	55.1	332	385.2	77.1	97.9
WP_004895680.1	gnl|META|EG10923-MONOMER	1.7e-26	31.9	204	115.5	56.4	99.0
WP_004895681.1	gnl|META|EG11281-MONOMER	3.5e-60	42.5	332	229.2	60.2	51.4
WP_004895682.1	gnl|META|EG10625-MONOMER	3.0e-155	38.0	853	545.4	57.8	98.0
WP_004895684.1	gnl|META|CYDC-MONOMER	8.9e-34	33.6	235	141.4	54.9	39.9
WP_004895684.1	gnl|META|G3O-32147-MONOMER	2.9e-32	30.1	339	136.3	50.7	53.7
WP_004895687.1	gnl|META|EG10599-MONOMER	2.7e-170	58.6	527	594.7	77.6	96.9
WP_004895702.1	gnl|META|MONOMER-15646	9.8e-27	40.3	139	116.3	57.6	73.9
WP_004895705.1	gnl|META|MONOMER-17076	9.0e-56	28.8	535	214.5	47.1	78.9
WP_004895710.1	gnl|META|G7234-MONOMER	2.5e-69	50.6	255	258.5	67.5	85.2
WP_004895710.1	gnl|META|MONOMER-15201	2.7e-63	45.7	254	238.4	66.5	84.9
WP_004895717.1	gnl|META|MONOMER-18798	3.0e-79	40.4	416	292.0	62.7	94.4
WP_004895718.1	gnl|META|ADENYLOSUCCINATE-SYN-MONOMER	4.6e-104	41.9	427	374.4	62.1	99.1
WP_004895718.1	gnl|META|AT3G57610-MONOMER	3.4e-99	44.2	419	358.2	61.8	97.0
WP_004895718.1	gnl|META|YNL220W-MONOMER	3.9e-95	42.4	427	344.7	61.8	97.0
WP_004895720.1	gnl|META|YADQ-MONOMER	5.4e-31	26.5	385	131.7	45.7	83.8
WP_004895725.1	gnl|META|EG11171-MONOMER	2.1e-62	39.1	343	235.7	60.1	97.1
WP_004895726.1	gnl|META|EG10850-MONOMER	5.8e-13	37.0	119	70.5	51.3	65.7
WP_004895727.1	gnl|META|G6991-MONOMER	3.0e-12	34.1	129	68.6	55.8	51.9
WP_004895729.1	gnl|META|MONOMER-13531	1.1e-14	25.1	219	76.6	47.0	82.4
WP_004895729.1	gnl|META|AT3G25110-MONOMER	2.8e-13	25.9	212	72.0	47.2	80.3
WP_004895732.1	gnl|META|EG11500-MONOMER	3.0e-11	37.1	105	65.5	54.3	36.5
WP_004895737.1	gnl|META|EG10834-MONOMER	4.8e-32	36.5	197	134.0	58.4	98.5
WP_004895739.1	gnl|META|EG11500-MONOMER	5.8e-12	24.0	279	68.9	43.0	45.5
WP_004895740.1	gnl|META|EG11372-MONOMER	9.5e-31	45.1	153	129.4	66.0	95.6
WP_004895744.1	gnl|META|EG12449-MONOMER	2.6e-09	32.3	124	58.5	50.8	48.3
WP_004895746.1	gnl|META|KCH-MONOMER	7.7e-02	35.8	67	34.3	55.2	22.8
WP_004895746.1	gnl|META|MONOMER-14554	5.0e-01	28.7	87	31.6	49.4	28.9
WP_004895747.1	gnl|META|EG10871-MONOMER	2.6e-15	31.6	158	78.2	54.4	94.6
WP_004895748.1	gnl|META|ARTJ-MONOMER	3.4e-25	30.8	224	111.7	52.7	83.7
WP_004895748.1	gnl|META|G7039-MONOMER	2.9e-24	29.3	259	108.6	49.8	95.4
WP_004895749.1	gnl|META|GLNQ-MONOMER	9.1e-45	42.9	210	176.4	67.1	95.8
WP_004895749.1	gnl|META|GLTL-MONOMER	1.5e-42	40.4	208	169.1	66.3	94.4
WP_004895749.1	gnl|META|EG12347-MONOMER	2.8e-41	43.2	213	164.9	63.4	94.0
WP_004895749.1	gnl|META|ARTP-MONOMER	6.1e-41	41.3	213	163.7	62.9	95.3
WP_004895751.1	gnl|META|EG10864-MONOMER	2.7e-63	51.5	229	238.0	72.1	99.6
WP_004895752.1	gnl|META|EG10872-MONOMER	5.1e-44	65.5	142	173.3	78.2	100.0
WP_004895753.1	gnl|META|MONOMER-19697	2.4e-01	40.0	40	32.0	57.5	21.9
WP_004895757.1	gnl|META|MONOMER-13770	3.1e-42	31.1	318	168.7	56.6	90.0
WP_004895757.1	gnl|META|MONOMER-13829	1.3e-37	31.0	319	153.3	52.0	89.7
WP_004895760.1	gnl|META|BSU24270-MONOMER	5.5e-84	31.7	574	308.1	51.4	90.8
WP_004895760.1	gnl|META|AT4G15560-MONOMER	6.1e-83	31.4	644	304.7	49.4	99.7
WP_004895760.1	gnl|META|MONOMER-16158	3.9e-82	33.3	586	302.0	50.9	91.0
WP_004895760.1	gnl|META|DXS-MONOMER	1.1e-81	32.6	570	300.4	51.1	91.3
WP_004895763.1	gnl|META|XYLULOKIN-MONOMER	1.9e-45	26.8	493	179.9	48.3	95.4
WP_004895769.1	gnl|META|G7845-MONOMER	6.1e-40	37.4	246	160.6	57.7	96.0
WP_004895775.1	gnl|META|CYSS-MONOMER	7.7e-113	46.9	478	403.7	61.3	99.6
WP_004895777.1	gnl|META|MONOMER-13959	2.4e-157	55.8	477	551.6	75.5	95.6
WP_004895779.1	gnl|META|EG10823-MONOMER	4.9e-03	25.9	189	38.9	47.1	38.8
WP_004895781.1	gnl|META|DUTP-PYROP-MONOMER	5.3e-09	33.6	107	57.4	53.3	55.7
WP_004895812.1	gnl|META|B0752-MONOMER	3.5e-31	36.2	243	131.7	58.0	79.3
WP_004895816.1	gnl|META|GPMA-MONOMER	3.2e-11	27.5	200	65.1	46.5	83.0
WP_004895818.1	gnl|META|ENSG00000116288-MONOMER	1.9e-17	31.0	171	85.5	53.2	86.6
WP_004895822.1	gnl|META|EG10908-MONOMER	1.2e-28	52.8	125	122.1	65.6	95.4
WP_004895826.1	gnl|META|EG10454-MONOMER	5.0e-37	36.3	256	151.0	53.9	96.6
WP_004895828.1	gnl|META|G12WB-160-MONOMER	6.8e-50	41.3	247	193.7	67.2	93.2
WP_004895833.1	gnl|META|G12WB-159-MONOMER	1.1e-66	45.8	288	249.6	64.6	99.3
WP_004895835.1	gnl|META|G12WB-158-MONOMER	8.8e-64	41.7	278	240.0	68.3	97.9
WP_004895837.1	gnl|META|EG10893-MONOMER	1.0e-65	42.4	311	246.5	66.2	98.1
WP_004895847.1	gnl|META|YDR226W-MONOMER	1.3e-43	41.5	217	172.6	59.9	99.5
WP_004895852.1	gnl|META|EG10879-MONOMER	1.1e-12	42.4	118	68.9	55.9	95.8
WP_004895854.1	gnl|META|EG10869-MONOMER	4.7e-39	49.1	175	157.1	64.0	98.3
WP_004895856.1	gnl|META|EG10907-MONOMER	2.3e-30	48.9	131	127.9	70.2	99.2
WP_004895859.1	gnl|META|EG10868-MONOMER	9.0e-62	59.1	176	232.6	81.8	97.8
WP_004895865.1	gnl|META|EG10877-MONOMER	4.9e-34	54.1	135	140.2	72.6	93.1
WP_004895867.1	gnl|META|EG10902-MONOMER	1.4e-64	53.8	225	242.3	73.8	98.6
WP_004895870.1	gnl|META|EG10865-MONOMER	9.6e-87	58.0	274	316.2	74.1	98.6
WP_004895873.1	gnl|META|EG10883-MONOMER	5.9e-07	34.9	83	49.7	60.2	83.7
WP_004895875.1	gnl|META|EG10867-MONOMER	1.9e-36	40.4	203	148.7	65.0	98.5
WP_004895877.1	gnl|META|EG10866-MONOMER	4.6e-41	46.9	209	164.1	63.2	97.6
WP_004895879.1	gnl|META|EG10909-MONOMER	7.7e-34	61.8	102	139.0	86.3	100.0
WP_004895883.1	gnl|META|EG10529-MONOMER	3.8e-23	25.2	497	106.3	39.4	68.6
WP_004895884.1	gnl|META|EG10906-MONOMER	3.2e-47	57.1	156	184.1	74.4	100.0
WP_004895890.1	gnl|META|RPOC-MONOMER	0.0e+00	43.7	1384	1098.6	58.7	96.4
WP_004895892.1	gnl|META|RPOB-MONOMER	1.0e-302	44.1	1365	1035.8	58.6	93.4
WP_004895895.1	gnl|META|LYSS-MONOMER	7.8e-135	49.2	494	476.9	67.0	95.7
WP_004895895.1	gnl|META|LYSU-MONOMER	9.6e-133	48.6	494	469.9	66.2	95.7
WP_004895896.1	gnl|META|EG11311-MONOMER	6.2e-56	36.1	321	214.2	58.3	95.5
WP_004895905.1	gnl|META|EG11506-MONOMER	7.5e-136	44.3	621	480.7	62.5	86.6
WP_004895911.1	gnl|META|EG10900-MONOMER	5.6e-04	32.9	76	40.0	51.3	61.0
WP_004895919.1	gnl|META|EG11062-MONOMER	6.5e-12	19.6	443	69.7	41.5	34.8
WP_004895919.1	gnl|META|EG11062-MONOMER	6.5e-04	30.7	88	43.1	51.1	7.3
WP_004895921.1	gnl|META|EG10785-MONOMER	5.6e-35	45.5	165	143.7	64.8	87.6
WP_004895924.1	gnl|META|MONOMER-8681	7.6e-128	67.2	323	453.0	86.4	100.0
WP_004895927.1	gnl|META|YGR155W-MONOMER	2.9e-01	35.3	34	32.0	67.6	15.0
WP_004895928.1	gnl|META|MONOMER-15476	7.4e-34	29.1	371	141.0	49.9	96.0
WP_004895928.1	gnl|META|ALARACEBIOSYN-MONOMER	5.0e-30	31.8	318	128.3	47.2	84.0
WP_004895931.1	gnl|META|EG10210-MONOMER	4.3e-74	40.8	370	275.0	57.3	76.0
WP_004895931.1	gnl|META|EG10844-MONOMER	3.6e-73	41.3	349	271.9	61.9	70.2
WP_004895932.1	gnl|META|MONOMER-12255	8.3e-88	42.2	438	320.5	61.4	94.9
WP_004895935.1	gnl|META|EG10889-MONOMER	1.7e-07	31.6	79	51.2	54.4	95.2
WP_004895936.1	gnl|META|ENSG00000092068-MONOMER	1.2e-13	23.2	448	74.3	43.3	82.3
WP_004895937.1	gnl|META|SFUC-MONOMER	1.2e-24	34.7	202	109.8	55.0	79.5
WP_004895937.1	gnl|META|MACB	2.8e-24	31.5	248	108.6	52.8	94.5
WP_004895938.1	gnl|META|YDEY-MONOMER	6.2e-07	28.4	155	51.2	48.4	48.8
WP_004895940.1	gnl|META|GLYOHMETRANS-MONOMER	2.7e-138	59.0	412	488.0	74.8	99.8
WP_004895940.1	gnl|META|MONOMER-8567	1.8e-134	58.4	413	475.3	74.1	98.8
WP_004895940.1	gnl|META|MONOMER-4244	3.3e-128	57.5	412	454.5	72.3	98.8
WP_004895941.1	gnl|META|MONOMER-18710	1.6e-110	43.0	495	396.0	61.2	100.0
WP_004895941.1	gnl|META|MONOMER-20515	8.2e-102	42.9	431	367.1	61.9	89.6
WP_004895942.1	gnl|META|MONOMER-18513	5.6e-187	45.5	726	650.6	63.5	98.9
WP_004895943.1	gnl|META|MELB-MONOMER	8.6e-38	26.8	451	154.8	49.2	67.5
WP_004895945.1	gnl|META|YPR184W-MONOMER	2.1e-01	33.9	59	33.5	55.9	12.1
WP_004895946.1	gnl|META|MONOMER-16933	4.1e-28	30.5	223	121.3	54.3	88.1
WP_004895954.1	gnl|META|G7236-MONOMER	2.1e-160	50.5	562	562.0	69.9	96.7
WP_004895954.1	gnl|META|MONOMER-16180	1.3e-157	49.6	560	552.7	69.1	96.4
WP_004895955.1	gnl|META|G7237-MONOMER	6.3e-120	52.4	410	427.2	66.8	90.7
WP_004895957.1	gnl|META|ADENYL-KIN-MONOMER	4.9e-01	39.5	43	30.8	58.1	24.6
WP_004895958.1	gnl|META|EG10668-MONOMER	9.4e-23	49.0	102	102.8	70.6	64.3
WP_004895958.1	gnl|META|PD00230	5.7e-20	42.4	118	93.6	59.3	75.2
WP_004895961.1	gnl|META|ENSG00000122390-MONOMER	6.7e-03	29.1	148	37.0	41.9	83.1
WP_004895967.1	gnl|META|GMP-SYN-MONOMER	1.2e-159	51.0	518	559.3	71.8	98.1
WP_004895967.1	gnl|META|YMR217W-MONOMER	1.6e-156	53.7	521	548.9	71.0	98.8
WP_004895970.1	gnl|META|MONOMER-15479	1.1e-01	34.2	38	33.1	55.3	19.8
WP_004895971.1	gnl|META|YGFU-MONOMER	3.4e-78	39.8	417	288.5	61.2	93.4
WP_004895972.1	gnl|META|MONOMER-15461	8.1e-114	50.1	411	406.8	71.0	97.6
WP_004895978.1	gnl|META|MALG-MONOMER	3.2e-29	29.7	296	125.2	52.4	97.5
WP_004895979.1	gnl|META|MALF-MONOMER	3.0e-29	30.7	267	125.9	53.2	57.9
WP_004895980.1	gnl|META|MALE-MONOMER	2.6e-16	25.4	366	82.8	41.5	85.7
WP_004895981.1	gnl|META|MALK-MONOMER	2.5e-82	45.7	368	302.0	62.2	98.9
WP_004895981.1	gnl|META|UGPC-MONOMER	2.3e-80	46.2	364	295.4	62.6	98.6
WP_004895982.1	gnl|META|MONOMER-5821	7.4e-42	41.2	221	166.8	60.6	100.0
WP_004895984.1	gnl|META|MONOMER-16314	1.6e-128	43.6	534	456.1	59.7	88.2
WP_004895985.1	gnl|META|MONOMER-5946	6.3e-98	36.9	512	354.4	58.0	91.1
WP_004895985.1	gnl|META|TRE6PHYDRO-MONOMER	1.4e-92	36.0	559	336.7	53.3	98.9
WP_004895986.1	gnl|META|PD00219	7.4e-19	24.6	337	90.9	44.5	99.0
WP_004895988.1	gnl|META|NAG1P-URIDYLTRANS-MONOMER	6.3e-59	35.5	409	224.6	51.3	88.3
WP_004895989.1	gnl|META|MONOMER-19925	4.5e-12	28.9	142	68.2	52.8	50.7
WP_004895991.1	gnl|META|EG10523-MONOMER	6.4e-33	33.9	271	137.5	51.7	91.8
WP_004895993.1	gnl|META|EG11481-MONOMER	1.6e-27	28.2	259	119.4	50.2	98.4
WP_004895995.1	gnl|META|MONOMER-14601	1.4e-15	27.8	266	80.1	47.7	72.0
WP_004895995.1	gnl|META|AT4G30190-MONOMER	1.0e-13	26.7	330	73.9	45.2	95.6
WP_004895995.1	gnl|META|MONOMER-14597	2.3e-13	25.9	305	72.8	45.6	81.3
WP_004895997.1	gnl|META|YHR144C-MONOMER	3.2e-18	33.3	144	87.8	51.4	84.0
WP_004895998.1	gnl|META|TRPS-MONOMER	1.8e-39	32.3	337	159.5	52.8	97.4
WP_004896002.1	gnl|META|EG10114-MONOMER	1.2e-86	35.9	465	316.6	55.5	98.0
WP_004896002.1	gnl|META|G495-MONOMER	2.0e-81	34.7	484	299.3	53.3	100.0
WP_004896002.1	gnl|META|EG10085-MONOMER	1.7e-80	35.4	477	296.2	53.5	98.7
WP_004896007.1	gnl|META|CELA-MONOMER	1.3e-07	39.0	100	52.0	57.0	93.5
WP_004896014.1	gnl|META|CELB-MONOMER	5.8e-33	34.4	276	138.3	55.8	57.6
WP_004896018.1	gnl|META|MONOMER-8684	7.5e-01	34.0	47	30.0	57.4	30.7
WP_004896025.1	gnl|META|TYRS-MONOMER	1.4e-113	48.6	424	406.0	67.2	99.3
WP_004896027.1	gnl|META|MONOMER-14087	3.0e-13	31.4	191	71.6	50.8	84.5
WP_004896028.1	gnl|META|MONOMER-20031	1.4e-48	37.4	294	189.9	57.1	77.0
WP_004896028.1	gnl|META|BSU35650-MONOMER	8.9e-48	36.1	277	187.2	57.0	75.1
WP_004896028.1	gnl|META|MONOMER-19997	4.4e-47	35.7	277	184.9	56.0	75.1
WP_004896030.1	gnl|META|EG12713-MONOMER	4.9e-01	28.1	128	31.6	42.2	44.3
WP_004896036.1	gnl|META|G7220-MONOMER	1.0e-65	42.9	308	246.5	64.9	99.4
WP_004896036.1	gnl|META|MONOMER-20009	5.7e-64	39.7	305	240.7	64.3	98.4
WP_004896038.1	gnl|META|EG10913-MONOMER	1.1e-12	40.6	101	68.6	57.4	100.0
WP_004896047.1	gnl|META|GPMA-MONOMER	1.1e-75	58.7	218	279.3	76.1	94.8
WP_004896047.1	gnl|META|YKL152C-MONOMER	1.8e-70	55.5	220	261.9	75.0	95.7
WP_004896047.1	gnl|META|HS09121-MONOMER	1.4e-67	52.3	220	252.3	71.4	94.8
WP_004896051.1	gnl|META|BSU33530-MONOMER	1.5e-14	24.3	263	76.6	45.6	78.4
WP_004896052.1	gnl|META|KEFC-MONOMER	2.5e-07	20.4	589	53.5	39.9	87.0
WP_004896053.1	gnl|META|1-PFK-MONOMER	5.3e-21	29.1	258	97.8	49.2	85.1
WP_004896062.1	gnl|META|KUP-MONOMER	5.0e-65	33.9	557	245.4	53.0	80.5
WP_004896062.1	gnl|META|MONOMER-14582	1.9e-61	32.2	497	233.4	55.5	66.2
WP_004896062.1	gnl|META|MONOMER-14581	4.8e-60	33.2	482	228.8	54.4	65.4
WP_004896062.1	gnl|META|MONOMER-14583	7.7e-58	31.4	503	221.5	52.1	68.4
WP_004896064.1	gnl|META|KUP-MONOMER	2.6e-69	36.5	446	259.6	57.8	63.4
WP_004896064.1	gnl|META|MONOMER-14581	6.9e-62	33.1	489	235.0	53.4	63.8
WP_004896074.1	gnl|META|1-PFK-MONOMER	2.7e-29	31.5	295	125.6	53.6	94.5
WP_004896074.1	gnl|META|MONOMER-2745	5.0e-28	29.3	314	121.3	47.8	99.7
WP_004896080.1	gnl|META|MONOMER-2744	3.3e-94	53.8	327	341.3	70.9	98.5
WP_004896086.1	gnl|META|MONOMER-19358	5.7e-01	28.4	74	30.8	47.3	32.1
WP_004896087.1	gnl|META|RNTRACTIV-MONOMER	6.8e-33	45.6	147	137.1	67.3	60.3
WP_004896090.1	gnl|META|RIBONUCLEOSIDE-TRIP-REDUCT-MONOMER	3.2e-206	50.2	709	714.5	67.8	95.1
WP_004896091.1	gnl|META|MONOMER-15487	7.4e-150	60.8	418	526.6	76.6	93.0
WP_004896094.1	gnl|META|MONOMER-15525	1.4e-194	51.6	628	675.6	71.2	96.6
WP_004896101.1	gnl|META|SAPC-MONOMER	5.8e-04	22.2	194	41.2	42.8	70.0
WP_004896101.1	gnl|META|POTI-MONOMER	1.3e-03	23.2	185	40.0	43.2	64.8
WP_004896102.1	gnl|META|METI-MONOMER	1.6e-01	26.8	127	33.1	47.2	45.3
WP_004896102.1	gnl|META|SAPC-MONOMER	2.0e-01	24.7	158	32.7	42.4	58.8
WP_004896102.1	gnl|META|PROW-MONOMER	2.6e-01	21.3	122	32.3	45.1	45.7
WP_004896104.1	gnl|META|PHNC-MONOMER	1.3e-48	43.7	261	189.5	61.7	98.1
WP_004896107.1	gnl|META|ARTJ-MONOMER	1.8e-01	25.5	141	33.1	44.7	44.3
WP_004896119.1	gnl|META|MANX-MONOMER	3.4e-10	30.8	107	60.8	56.1	76.5
WP_004896119.1	gnl|META|STM14_RS23765-MONOMER	4.5e-10	31.3	134	60.5	48.5	97.7
WP_004896120.1	gnl|META|MANZ-MONOMER	1.2e-33	36.7	248	139.8	54.8	87.1
WP_004896120.1	gnl|META|STM14_RS23780-MONOMER	4.7e-30	31.0	248	127.9	54.8	89.0
WP_004896121.1	gnl|META|MONOMER-18128	1.3e-12	28.8	208	70.1	43.8	67.9
WP_004896121.1	gnl|META|STM14_RS23775-MONOMER	4.2e-11	23.4	209	65.1	44.5	68.5
WP_004896122.1	gnl|META|MANX-MONOMER	6.5e-19	31.8	154	90.1	52.6	95.1
WP_004896124.1	gnl|META|MONOMER-13103	1.2e-100	49.2	384	362.8	64.8	99.5
WP_004896125.1	gnl|META|MONOMER-17512	7.9e-71	39.3	382	263.8	61.0	98.2
WP_004896125.1	gnl|META|MONOMER-18272	1.3e-70	40.4	371	263.1	58.5	94.8
WP_004896127.1	gnl|META|MONOMER-16613	3.2e-23	30.7	257	107.1	49.8	23.4
WP_004896127.1	gnl|META|MONOMER-16613	5.9e-01	39.4	33	33.1	63.6	3.2
WP_004896128.1	gnl|META|MONOMER-20863	1.1e-07	29.6	98	53.5	54.1	36.0
WP_004896144.1	gnl|META|CYCA-MONOMER	9.6e-105	44.7	450	376.7	68.0	99.1
WP_004896145.1	gnl|META|PRPPSYN-MONOMER	9.3e-57	40.7	317	216.9	61.2	94.2
WP_004896145.1	gnl|META|HS02317-MONOMER	2.5e-54	39.3	305	208.8	61.3	91.5
WP_004896145.1	gnl|META|HS07410-MONOMER	8.2e-53	37.4	313	203.8	59.7	93.9
WP_004896145.1	gnl|META|HS11931-MONOMER	9.0e-52	36.7	313	200.3	59.7	93.9
WP_004896148.1	gnl|META|G1G01-4208-MONOMER	4.4e-10	32.5	126	61.2	48.4	55.9
WP_004896148.1	gnl|META|MONOMER-15937	3.7e-09	28.2	117	58.2	52.1	50.5
WP_004896148.1	gnl|META|MONOMER-11393	6.3e-09	28.3	120	57.4	52.5	51.4
WP_004896148.1	gnl|META|MONOMER-20510	6.3e-09	22.8	162	57.4	45.7	71.4
WP_004896148.1	gnl|META|MONOMER-15764	6.3e-09	31.1	119	57.4	50.4	51.8
WP_004896150.1	gnl|META|MONOMER-20013	2.7e-17	25.3	217	85.5	48.4	78.6
WP_004896150.1	gnl|META|BSU35680-MONOMER	6.7e-16	35.7	140	80.9	55.0	48.2
WP_004896150.1	gnl|META|MONOMER-17340	1.5e-15	26.8	235	79.7	48.1	81.5
WP_004896161.1	gnl|META|CARDIOLIPSYN-MONOMER	6.3e-41	24.4	483	164.9	45.3	94.7
WP_004896167.1	gnl|META|MONOMER3O-4152	1.7e-15	25.8	252	79.3	39.3	85.2
WP_004896173.1	gnl|META|PD00230	6.4e-12	31.1	161	67.0	46.6	84.1
WP_004896177.1	gnl|META|G7037-MONOMER	1.1e-30	38.9	211	131.0	58.8	39.3
WP_004896177.1	gnl|META|GLNP-MONOMER	8.7e-28	34.6	214	121.3	60.3	39.7
WP_004896178.1	gnl|META|EG12347-MONOMER	1.6e-61	52.2	245	232.3	69.0	94.4
WP_004896178.1	gnl|META|GLNQ-MONOMER	3.1e-60	49.6	238	228.0	69.3	94.4
WP_004896178.1	gnl|META|GLTL-MONOMER	4.2e-57	47.0	236	217.6	66.5	93.7
WP_004896188.1	gnl|META|MONOMER-16413	1.4e-11	25.8	298	67.0	41.9	77.3
WP_004896189.1	gnl|META|G6529-MONOMER	2.1e-19	26.5	358	93.2	47.2	80.0
WP_004896217.1	gnl|META|YEJF-MONOMER	6.0e-22	22.8	504	101.7	43.1	98.2
WP_004896217.1	gnl|META|YDEX-MONOMER	6.0e-22	23.1	464	101.7	44.0	94.0
WP_004896217.1	gnl|META|MALK-MONOMER	1.5e-20	27.8	216	97.1	52.3	46.9
WP_004896217.1	gnl|META|TAUB-MONOMER	7.3e-20	31.4	188	94.7	51.6	41.3
WP_004896221.1	gnl|META|EG11254-MONOMER	4.0e-13	27.7	159	70.9	52.2	100.0
WP_004896223.1	gnl|META|EG10463-MONOMER	2.1e-42	39.9	286	169.5	57.3	70.2
WP_004896223.1	gnl|META|G7682-MONOMER	9.2e-38	36.5	285	154.1	56.5	70.2
WP_004896231.1	gnl|META|CPXR-MONOMER	7.4e-48	42.9	231	186.8	66.2	97.9
WP_004896233.1	gnl|META|EG11353-MONOMER	5.3e-05	22.9	280	44.7	40.7	93.4
WP_004896234.1	gnl|META|EG11353-MONOMER	8.2e-10	23.5	285	60.8	46.3	83.5
WP_004896235.1	gnl|META|MONOMER-12682	2.4e-01	28.6	119	32.7	42.0	32.9
WP_004896244.1	gnl|META|YHAU-MONOMER	2.4e-02	25.0	164	36.6	40.9	35.3
WP_004896245.1	gnl|META|MONOMER-15684	3.4e-72	44.6	316	268.1	59.8	99.7
WP_004896247.1	gnl|META|MONOMER-15016	3.1e-22	27.9	297	102.1	44.1	95.1
WP_004896253.1	gnl|META|BRNQ-MONOMER	1.1e-55	33.6	446	213.8	54.3	98.2
WP_004896255.1	gnl|META|MONOMER-17916	1.1e-74	32.1	614	277.3	48.5	97.9
WP_004896257.1	gnl|META|PD00232	1.8e-14	19.3	295	76.3	43.1	95.5
WP_004896261.1	gnl|META|XASA-MONOMER	1.6e-81	35.0	460	299.7	58.0	96.6
WP_004896265.1	gnl|META|MONOMER-13061	2.0e-115	63.6	324	411.8	78.1	96.1
WP_004896274.1	gnl|META|IMP-DEHYDROG-MONOMER	1.4e-99	43.3	485	359.4	56.7	97.1
WP_004896275.1	gnl|META|GLUTATHIONE-REDUCT-NADPH-MONOMER	6.5e-45	29.4	449	177.9	45.4	98.4
WP_004896275.1	gnl|META|G18NG-11595-MONOMER	7.4e-41	29.3	461	164.5	47.1	99.8
WP_004896275.1	gnl|META|HS02602-MONOMER	1.1e-39	27.9	458	160.6	46.1	98.2
WP_004896288.1	gnl|META|EG12045-MONOMER	2.6e-19	25.5	364	94.0	45.3	34.9
WP_004896290.1	gnl|META|EG11073-MONOMER	4.5e-12	24.8	286	68.2	42.0	97.8
WP_004896304.1	gnl|META|EG10529-MONOMER	3.5e-15	33.1	145	79.7	54.5	21.9
WP_004896310.1	gnl|META|G1I0R-1336-MONOMER	6.6e-19	30.9	204	90.9	53.4	71.7
WP_004896312.1	gnl|META|EG12115-MONOMER	9.7e-24	29.8	228	106.7	48.2	96.6
WP_004896314.1	gnl|META|MONOMER-14545	3.6e-01	30.9	81	31.6	49.4	34.0
WP_004896314.1	gnl|META|MONOMER-18156	8.1e-01	31.3	99	30.4	51.5	45.1
WP_004896318.1	gnl|META|YHFM-MONOMER	1.6e-38	29.3	451	156.8	49.0	96.0
WP_004896318.1	gnl|META|ENSG00000092068-MONOMER	7.8e-38	30.2	444	154.5	48.0	95.6
WP_004896322.1	gnl|META|MONOMER-13042	1.2e-66	44.4	288	249.6	64.2	96.6
WP_004896324.1	gnl|META|EG10236-MONOMER	2.6e-97	44.0	448	352.1	65.0	96.3
WP_004896328.1	gnl|META|G1I0R-14-MONOMER	1.3e-134	41.5	602	476.5	65.3	89.6
WP_004896330.1	gnl|META|EG10976-MONOMER	3.1e-11	35.0	100	64.7	59.0	56.4
WP_004896333.1	gnl|META|EG10423-MONOMER	4.1e-210	45.9	846	727.6	63.9	97.8
WP_004896334.1	gnl|META|EG10424-MONOMER	3.5e-164	41.4	806	574.7	56.5	96.9
WP_004896335.1	gnl|META|EG10828-MONOMER	1.7e-22	24.9	374	103.2	45.5	98.9
WP_004896336.1	gnl|META|EG10242-MONOMER	8.8e-35	27.7	350	144.1	50.9	92.8
WP_004896343.1	gnl|META|EG10862-MONOMER	7.6e-04	31.2	93	39.7	48.4	75.4
WP_004896344.1	gnl|META|AT2G28800-MONOMER	8.1e-20	29.9	221	94.0	48.0	63.9
WP_004896344.1	gnl|META|MONOMER-16600	8.1e-20	29.4	218	94.0	44.5	65.3
WP_004896347.1	gnl|META|PYRUVOXID-MONOMER	5.1e-69	30.3	521	258.5	50.5	86.2
WP_004896347.1	gnl|META|MONOMER-11900	4.2e-63	29.6	557	238.8	49.6	88.0
WP_004896348.1	gnl|META|MONOMER-6842	4.4e-129	51.1	466	457.6	68.0	98.9
WP_004896348.1	gnl|META|6PGLUCONDEHYDROG-MONOMER	1.0e-125	48.3	466	446.4	67.2	99.4
WP_004896350.1	gnl|META|YADQ-MONOMER	2.6e-45	30.6	447	179.5	51.2	82.4
WP_004896358.1	gnl|META|ADENODEAMIN-MONOMER	5.0e-29	27.6	323	124.8	47.7	92.0
WP_004896368.1	gnl|META|ORNDECARBOX-BIO-MONOMER	1.6e-162	42.0	714	569.3	60.9	99.7
WP_004896368.1	gnl|META|ORNDECARBOXDEG-MONOMER	1.1e-160	42.2	722	563.1	59.3	99.7
WP_004896371.1	gnl|META|XASA-MONOMER	1.6e-07	20.8	448	53.9	39.3	88.4
WP_004896372.1	gnl|META|MONOMER-14503	8.6e-115	40.0	690	410.6	58.7	99.1
WP_004896372.1	gnl|META|MONOMER-14493	1.3e-102	38.7	630	370.2	58.4	89.2
WP_004896374.1	gnl|META|SYNPCC7942_0970-MONOMER	4.7e-01	51.6	31	30.0	71.0	31.6
WP_004896385.1	gnl|META|EG10442-MONOMER	7.9e-01	26.9	52	30.0	55.8	32.3
WP_004896391.1	gnl|META|EG11724-MONOMER	3.7e-77	39.4	432	285.0	61.3	98.4
WP_004896391.1	gnl|META|EG11691-MONOMER	5.9e-75	36.7	433	277.7	61.7	99.1
WP_004896396.1	gnl|META|EG11691-MONOMER	1.3e-82	40.8	426	303.1	63.6	97.5
WP_004896396.1	gnl|META|EG11724-MONOMER	3.8e-82	40.9	428	301.6	63.6	97.5
WP_004896400.1	gnl|META|MONOMER-20445	2.3e-73	40.2	348	272.3	60.6	84.4
WP_004896404.1	gnl|META|BSU00140-MONOMER	4.6e-23	31.3	214	104.4	53.7	94.6
WP_004896407.1	gnl|META|MONOMER-13104	6.8e-73	56.2	233	270.0	73.4	97.5
WP_004896409.1	gnl|META|G6967-MONOMER	2.6e-68	43.3	277	255.0	65.7	97.1
WP_004896413.1	gnl|META|G7263-MONOMER	5.3e-67	46.3	298	250.8	64.1	99.0
WP_004896418.1	gnl|META|PHND-MONOMER	5.4e-14	25.9	278	74.7	43.2	88.4
WP_004896419.1	gnl|META|MONOMER-13813	4.3e-11	25.4	252	65.1	44.0	80.2
WP_004896421.1	gnl|META|CYDC-MONOMER	5.3e-55	28.5	571	211.8	48.0	95.9
WP_004896425.1	gnl|META|CYDD-MONOMER	1.4e-58	28.0	599	223.8	49.1	96.4
WP_004896428.1	gnl|META|BSU38750-MONOMER	1.1e-65	41.8	325	246.5	62.5	95.3
WP_004896433.1	gnl|META|MACB	2.4e-42	34.1	299	170.2	55.2	37.2
WP_004896433.1	gnl|META|MACB	7.2e-07	34.9	129	52.4	48.8	16.6
WP_004896433.1	gnl|META|YDCT-MONOMER	7.9e-38	43.3	201	155.2	60.7	25.5
WP_004896448.1	gnl|META|MONOMER-20361	6.5e-59	51.0	202	223.4	71.8	94.0
WP_004896455.1	gnl|META|KEFB-MONOMER	9.4e-16	22.6	376	80.9	47.1	96.6
WP_004896456.1	gnl|META|MONOMER-14495	4.1e-61	33.7	517	232.3	54.7	76.2
WP_004896456.1	gnl|META|MONOMER-16632	2.5e-58	27.9	621	223.0	51.4	96.8
WP_004896456.1	gnl|META|YHHO-MONOMER	4.2e-58	30.3	575	222.2	53.7	88.5
WP_004896456.1	gnl|META|G1G01-5484-MONOMER	1.6e-57	29.6	631	220.3	51.8	97.6
WP_004896462.1	gnl|META|MONOMER-20020	1.6e-140	49.9	511	495.7	68.5	99.4
WP_004896464.1	gnl|META|BSU38520-MONOMER	5.2e-14	43.6	78	72.8	69.2	97.5
WP_004896464.1	gnl|META|MONOMER-19972	1.5e-13	42.3	78	71.2	69.2	97.5
WP_004896465.1	gnl|META|MONOMER-20022	2.6e-83	41.2	413	305.4	57.9	94.0
WP_004896471.1	gnl|META|SYNPCC7942_0260-MONOMER	1.1e-150	45.3	651	530.0	66.2	87.1
WP_004896472.1	gnl|META|B1296-MONOMER	4.6e-17	25.2	449	85.5	43.4	92.9
WP_004896472.1	gnl|META|YEEF-MONOMER	1.3e-16	26.7	419	84.0	44.4	85.2
WP_004896473.1	gnl|META|MANX-MONOMER	6.1e-64	39.2	334	240.7	59.6	97.9
WP_004896474.1	gnl|META|MANY-MONOMER	3.6e-59	52.5	240	224.6	71.7	89.5
WP_004896475.1	gnl|META|MANZ-MONOMER	5.1e-81	49.2	307	297.4	68.7	99.0
WP_004896477.1	gnl|META|CYCA-MONOMER	1.8e-82	38.8	449	302.8	62.4	96.6
WP_004896477.1	gnl|META|AROP-MONOMER	1.5e-81	38.3	457	299.7	59.7	98.3
WP_004896477.1	gnl|META|PHEP-MONOMER	6.1e-78	38.6	446	287.7	59.9	96.1
WP_004896479.1	gnl|META|G6645-MONOMER	6.0e-21	33.0	209	97.4	49.3	82.2
WP_004896480.1	gnl|META|ENSG00000103257-MONOMER	8.1e-14	23.6	416	74.7	46.9	87.1
WP_004896481.1	gnl|META|ASNSYNA-MONOMER	6.4e-77	48.4	316	283.9	62.7	91.1
WP_004896482.1	gnl|META|AT3G06860-MONOMER	1.7e-01	29.1	110	33.1	44.5	34.7
WP_004896483.1	gnl|META|YHFM-MONOMER	4.5e-25	26.3	437	112.1	47.8	90.0
WP_004896483.1	gnl|META|B0260-MONOMER	5.9e-25	24.3	432	111.7	46.5	86.6
WP_004896485.1	gnl|META|BSU11710-MONOMER	7.0e-50	40.1	262	193.7	61.8	95.6
WP_004896487.1	gnl|META|PD00219	6.1e-40	32.2	317	161.0	52.7	93.9
WP_004896488.1	gnl|META|MONOMER-12602	1.3e-99	41.6	471	359.8	57.3	94.3
WP_004896489.1	gnl|META|MONOMER-12607	4.8e-113	49.4	445	404.8	69.0	66.5
WP_004896490.1	gnl|META|G6550-MONOMER	1.1e-40	50.9	169	162.5	65.7	98.2
WP_004896491.1	gnl|META|EG10613-MONOMER	4.0e-25	27.7	430	112.5	46.0	77.1
WP_004896493.1	gnl|META|YCEE-MONOMER	1.3e-89	42.7	382	326.2	64.4	94.6
WP_004896495.1	gnl|META|AROD-MONOMER	2.4e-09	29.0	131	58.2	52.7	86.4
WP_004896496.1	gnl|META|MONOMER-12461	1.5e-01	23.9	71	33.1	46.5	27.1
WP_004896496.1	gnl|META|MONOMER-15710	2.0e-01	32.0	75	32.7	48.0	26.0
WP_004896497.1	gnl|META|AT3G54690-MONOMER	1.6e-04	25.0	140	43.1	41.4	48.1
WP_004896500.1	gnl|META|GLYCPDIESTER-PERI-MONOMER	1.6e-03	35.9	64	40.8	51.6	11.0
WP_004896500.1	gnl|META|HS00157-MONOMER	2.1e-03	25.9	158	40.4	42.4	24.5
WP_004896505.1	gnl|META|HS01140-MONOMER	2.4e-04	26.2	126	42.4	46.0	49.4
WP_004896505.1	gnl|META|MONOMER-17301	9.1e-04	24.9	173	40.4	41.0	68.3
WP_004896506.1	gnl|META|SYNPCC7942_0485-MONOMER	9.5e-15	25.0	212	76.6	45.3	96.2
WP_004896507.1	gnl|META|SYNPCC7942_0485-MONOMER	2.2e-13	29.0	193	72.0	46.1	91.5
WP_004896510.1	gnl|META|MACB	1.6e-36	40.0	220	149.1	56.8	96.5
WP_004896516.1	gnl|META|MONOMER-17535	1.1e-16	30.5	174	82.8	51.7	94.9
WP_004896516.1	gnl|META|EG11723-MONOMER	2.4e-14	32.3	155	75.1	52.9	83.7
WP_004896517.1	gnl|META|EG11723-MONOMER	2.4e-17	27.7	188	85.1	53.2	99.5
WP_004896519.1	gnl|META|MONOMER-14537	4.5e-01	35.1	37	31.6	64.9	13.9
WP_004896520.1	gnl|META|MONOMER-18021	1.6e-21	26.0	250	99.8	44.8	79.9
WP_004896521.1	gnl|META|YNR019W-MONOMER	5.1e-01	38.1	42	30.8	57.1	23.6
WP_004896522.1	gnl|META|EG10376-MONOMER	2.6e-24	33.7	208	108.6	51.9	87.0
WP_004896524.1	gnl|META|MONOMER-16469	2.2e-05	22.8	254	45.8	42.1	93.4
WP_004896524.1	gnl|META|NIFHKLEB-MONOMER	1.4e-04	55.6	36	43.1	77.8	14.0
WP_004896524.1	gnl|META|MONOMER-19495	1.4e-04	55.6	36	43.1	77.8	14.0
WP_004896527.1	gnl|META|EG11404-MONOMER	2.0e-108	54.1	366	388.7	71.6	100.0
WP_004896529.1	gnl|META|EG10613-MONOMER	5.1e-50	26.5	555	195.3	49.9	95.3
WP_004896530.1	gnl|META|EG10613-MONOMER	8.1e-70	30.3	588	261.2	52.2	93.7
WP_004896531.1	gnl|META|G6318-MONOMER	1.3e-22	27.8	306	103.6	49.0	78.7
WP_004896531.1	gnl|META|BAES-MONOMER	1.6e-20	26.8	280	96.7	48.2	71.9
WP_004896531.1	gnl|META|BARA-MONOMER	3.7e-20	25.1	358	95.5	46.6	81.0
WP_004896533.1	gnl|META|MONOMER-15488	1.5e-62	48.9	235	235.7	68.9	94.4
WP_004896538.1	gnl|META|HS01658-MONOMER	2.3e-98	33.4	602	356.3	51.8	73.6
WP_004896538.1	gnl|META|YBR229C-MONOMER	1.9e-92	31.1	637	336.7	54.3	78.5
WP_004896540.1	gnl|META|MONOMER-2745	4.0e-30	31.0	281	128.3	48.0	90.8
WP_004896540.1	gnl|META|1-PFK-MONOMER	2.4e-27	27.2	305	119.0	48.5	98.7
WP_004896541.1	gnl|META|FRUA-MONOMER	8.1e-68	35.4	477	254.6	52.4	71.4
WP_004896543.1	gnl|META|G6425-MONOMER	1.5e-36	36.4	242	149.4	59.1	91.6
WP_004896543.1	gnl|META|G6442-MONOMER	2.1e-35	37.0	262	145.6	55.7	99.2
WP_004896546.1	gnl|META|ZNUC-MONOMER	1.7e-25	33.0	188	112.5	53.7	85.8
WP_004896548.1	gnl|META|B2975-MONOMER	2.6e-58	32.6	543	222.6	51.2	98.6
WP_004896548.1	gnl|META|LCTP-MONOMER	8.4e-57	31.4	539	217.6	50.8	99.0
WP_004896549.1	gnl|META|MONOMER-19113	6.0e-01	43.2	44	32.3	52.3	7.3
WP_004896550.1	gnl|META|MONOMER-19997	9.6e-50	40.3	290	193.7	58.3	76.5
WP_004896550.1	gnl|META|BSU35650-MONOMER	1.3e-49	39.0	292	193.4	57.9	76.5
WP_004896550.1	gnl|META|MONOMER-20031	5.5e-45	34.3	318	177.9	59.4	81.6
WP_004896553.1	gnl|META|MONOMER-17076	1.1e-48	29.0	514	190.7	48.4	93.6
WP_004896557.1	gnl|META|EG11249-MONOMER	1.6e-08	35.6	73	55.1	52.1	64.6
WP_004896559.1	gnl|META|NRDF-MONOMER	1.2e-42	31.7	290	169.9	54.5	92.7
WP_004896559.1	gnl|META|MONOMER-13836	6.2e-42	32.4	290	167.5	53.8	92.7
WP_004896566.1	gnl|META|G6892-MONOMER	4.7e-09	36.6	101	58.5	52.5	24.7
WP_004896566.1	gnl|META|G7147-MONOMER	2.0e-07	32.0	100	53.1	49.0	26.0
WP_004896569.1	gnl|META|XASA-MONOMER	1.5e-10	20.0	439	63.9	41.9	89.8
WP_004896570.1	gnl|META|MACB	8.9e-44	39.0	223	173.3	66.4	89.9
WP_004896574.1	gnl|META|GPMA-MONOMER	3.0e-11	25.1	199	65.1	43.2	81.0
WP_004896574.1	gnl|META|MONOMER-13213	5.6e-10	26.7	180	60.8	43.9	81.9
WP_004896579.1	gnl|META|NAGE-MONOMER	8.4e-108	38.1	678	387.5	54.9	97.4
WP_004896580.1	gnl|META|MONOMER-18988	2.2e-52	49.1	224	201.8	67.0	97.0
WP_004896581.1	gnl|META|MONOMER-19906	4.7e-06	24.2	120	48.1	45.0	44.1
WP_004896581.1	gnl|META|MONOMER-20591	1.4e-05	24.4	156	46.6	46.2	55.5
WP_004896581.1	gnl|META|MONOMER-17113	9.0e-05	24.0	129	43.9	44.2	46.3
WP_004896582.1	gnl|META|MONOMER-14600	6.3e-124	33.9	1028	441.4	51.5	98.3
WP_004896582.1	gnl|META|MONOMER-14610	4.5e-122	32.0	986	435.3	51.5	98.3
WP_004896582.1	gnl|META|MONOMER-14601	3.8e-121	32.6	1046	432.2	50.3	98.8
WP_004896582.1	gnl|META|MONOMER-14597	1.1e-120	32.2	1040	430.6	49.9	97.9
WP_004896587.1	gnl|META|MONOMER-20591	3.8e-01	29.7	91	31.6	42.9	39.2
WP_004896589.1	gnl|META|CELB-MONOMER	1.4e-20	24.8	459	97.1	42.9	97.3
WP_004896590.1	gnl|META|MONOMER-14544	3.2e-01	30.2	53	31.6	56.6	25.8
WP_004896591.1	gnl|META|PANTOTHENATE-KIN-MONOMER	1.2e-44	35.8	265	176.4	59.6	91.2
WP_004896592.1	gnl|META|EG12099-MONOMER	1.8e-23	32.8	180	105.5	55.0	94.7
WP_004896593.1	gnl|META|EG11902-MONOMER	5.5e-03	21.4	294	38.1	42.5	93.8
WP_004896596.1	gnl|META|MANX-MONOMER	1.2e-29	27.9	315	126.7	47.9	98.7
WP_004896597.1	gnl|META|STM14_RS23775-MONOMER	4.5e-25	31.0	229	111.3	54.1	84.4
WP_004896598.1	gnl|META|STM14_RS23780-MONOMER	8.2e-35	34.5	261	143.7	56.7	95.1
WP_004896598.1	gnl|META|MANZ-MONOMER	4.2e-31	34.9	275	131.3	56.0	95.5
WP_004896601.1	gnl|META|MONOMER-14559	3.1e-08	22.0	341	55.8	40.2	90.2
WP_004896602.1	gnl|META|G6934-MONOMER	3.8e-99	44.4	435	358.2	68.7	90.4
WP_004896604.1	gnl|META|EG11180-MONOMER	4.4e-15	36.6	131	77.0	51.1	99.2
WP_004896612.1	gnl|META|G7842-MONOMER	6.4e-02	25.5	145	34.7	41.4	40.0
WP_004896615.1	gnl|META|MONOMER0-148	1.5e-63	42.9	266	239.2	64.7	96.7
WP_004896620.1	gnl|META|MALF-MONOMER	1.2e-12	22.7	238	70.1	45.0	78.7
WP_004896621.1	gnl|META|UGPE-MONOMER	1.4e-26	28.7	275	116.3	50.5	96.4
WP_004896622.1	gnl|META|ENSG00000167114-MONOMER	1.9e-01	24.8	145	33.5	42.8	32.1
WP_004896622.1	gnl|META|DLACTDEHYDROGNAD-MONOMER	4.3e-01	28.3	53	32.3	54.7	10.4
WP_004896623.1	gnl|META|UGPB-MONOMER	1.0e-10	24.2	335	64.3	37.3	71.4
WP_004896629.1	gnl|META|MONOMER-16888	1.4e-09	27.4	263	60.1	43.3	82.4
WP_004896634.1	gnl|META|EG11470-MONOMER	1.3e-11	23.6	267	66.6	44.9	98.1
WP_004896637.1	gnl|META|MONOMER-17041	2.3e-85	38.0	447	312.4	55.3	97.8
WP_004896637.1	gnl|META|G185E-4354-MONOMER	5.6e-84	37.2	446	307.8	54.3	96.9
WP_004896637.1	gnl|META|G6811-MONOMER	8.9e-82	37.7	443	300.4	54.6	96.9
WP_004896637.1	gnl|META|MONOMER-17149	2.5e-76	36.7	447	282.3	53.2	96.9
WP_004896639.1	gnl|META|MONOMER-18483	8.5e-08	26.6	192	53.9	42.2	69.4
WP_004896639.1	gnl|META|MONOMER-19843	1.9e-07	30.2	106	52.8	48.1	39.2
WP_004896639.1	gnl|META|MONOMER-17199	7.2e-07	35.6	87	50.8	51.7	31.3
WP_004896642.1	gnl|META|SERS-MONOMER	5.5e-97	54.1	331	350.9	68.9	75.5
WP_004896648.1	gnl|META|MONOMER-20004	7.5e-149	45.3	633	523.9	62.9	91.6
WP_004896650.1	gnl|META|MONOMER-20029	9.1e-95	50.3	342	343.2	68.1	98.3
WP_004896651.1	gnl|META|MONOMER-20028	5.1e-94	44.8	382	340.9	65.4	97.2
WP_004896904.1	gnl|META|GLNH-MONOMER	2.3e-24	30.0	267	109.0	46.8	96.4
WP_004896904.1	gnl|META|ARTJ-MONOMER	8.7e-24	32.5	231	107.1	48.5	81.0
WP_004897047.1	gnl|META|YGL065C-MONOMER	2.2e-02	31.9	91	35.0	49.5	62.1
WP_004897109.1	gnl|META|EG10530-MONOMER	8.9e-08	25.2	258	53.5	36.8	93.0
WP_004897693.1	gnl|META|EG11058-MONOMER	1.2e-55	48.9	221	212.6	61.5	93.5
WP_004897863.1	gnl|META|MONOMER-13957	5.1e-14	40.4	94	73.2	61.7	94.0
WP_004897990.1	gnl|META|EG10437-MONOMER	2.1e-53	34.5	388	206.1	56.4	87.6
WP_004898223.1	gnl|META|EG11691-MONOMER	5.9e-83	39.1	414	304.3	64.3	94.7
WP_004898223.1	gnl|META|EG11724-MONOMER	2.7e-80	38.3	415	295.4	62.9	95.0
WP_004898725.1	gnl|META|MONOMER-13019	4.7e-261	60.1	742	896.7	74.5	97.5
WP_011161528.1	gnl|META|EG10874-MONOMER	5.0e-42	54.7	137	166.8	75.2	93.2
WP_011161561.1	gnl|META|G7037-MONOMER	1.1e-26	33.6	211	116.3	54.0	98.1
WP_011161841.1	gnl|META|MONOMER-12257	2.7e-77	50.2	311	285.0	69.5	96.2
WP_011162513.1	gnl|META|EG12235-MONOMER	3.5e-01	31.3	67	30.4	53.7	72.8
WP_012846136.1	gnl|META|MONOMER-14622	3.0e-08	23.2	315	55.8	41.9	88.0
WP_012846136.1	gnl|META|MONOMER-18243	2.5e-07	29.7	172	52.8	45.9	48.2
WP_012846212.1	gnl|META|MONOMER-16624	2.6e-03	30.7	101	38.9	45.5	41.1
WP_012846835.1	gnl|META|EG10375-MONOMER	9.8e-172	50.0	616	599.7	68.7	97.3
WP_023599665.1	gnl|META|EG12433-MONOMER	5.2e-33	37.8	249	137.5	57.4	100.0
WP_023599665.1	gnl|META|EG11921-MONOMER	2.0e-32	35.1	239	135.6	58.6	98.7
WP_023599665.1	gnl|META|EG12044-MONOMER	6.4e-31	36.5	233	130.6	57.1	95.4
WP_024273012.1	gnl|META|EG10888-MONOMER	8.4e-04	34.5	55	38.5	56.4	90.2
WP_034524996.1	gnl|META|BSU33400-MONOMER	1.0e-75	49.8	281	279.6	67.6	98.6
WP_034524997.1	gnl|META|BSU35680-MONOMER	5.9e-10	31.8	132	62.4	50.8	19.6
WP_034524998.1	gnl|META|MONOMER-14601	3.2e-136	34.6	1032	482.3	52.1	98.9
WP_034524998.1	gnl|META|MONOMER-14597	2.7e-135	34.9	1034	479.2	51.7	99.3
WP_034524998.1	gnl|META|MONOMER-14610	1.3e-132	34.0	976	470.3	52.9	99.2
WP_034524998.1	gnl|META|MONOMER-14600	9.1e-131	33.0	1018	464.2	52.1	98.9
WP_034524999.1	gnl|META|BSU35720-MONOMER	3.8e-17	24.4	360	85.5	42.8	88.5
WP_034524999.1	gnl|META|MONOMER-19977	7.9e-15	24.9	321	77.8	45.5	78.3
WP_034525000.1	gnl|META|MONOMER-20019	1.6e-17	21.0	377	87.0	43.8	77.1
WP_034525002.1	gnl|META|EG11064-MONOMER	3.2e-145	38.9	749	511.9	59.3	100.0
WP_034525004.1	gnl|META|G12WB-160-MONOMER	4.8e-06	23.0	269	48.1	44.2	94.6
WP_034525008.1	gnl|META|GDPMANMANHYDRO-MONOMER	2.1e-02	34.7	49	35.8	61.2	20.6
WP_034525011.1	gnl|META|G1G01-5484-MONOMER	3.5e-89	35.7	568	325.5	59.5	89.5
WP_034525013.1	gnl|META|EG12098-MONOMER	6.6e-27	36.7	218	117.5	52.3	74.1
WP_034525014.1	gnl|META|MONOMER-15456	6.5e-60	30.1	562	228.4	47.2	78.5
WP_034525021.1	gnl|META|MONOMER-15472	4.4e-96	33.0	673	348.6	53.3	95.6
WP_034525023.1	gnl|META|EG10595-MONOMER	1.2e-34	33.1	308	143.3	50.6	98.0
WP_034525033.1	gnl|META|MONOMER-14882	9.0e-01	31.5	54	31.2	55.6	11.2
WP_034525042.1	gnl|META|MONOMER-12181	1.9e-04	23.8	235	43.1	41.7	61.7
WP_034525051.1	gnl|META|TDK-MONOMER	6.5e-45	46.1	193	176.8	67.9	96.5
WP_034525052.1	gnl|META|G7698-MONOMER	1.4e-15	31.1	151	80.1	52.3	45.2
WP_034525054.1	gnl|META|ENSG00000111300-MONOMER	9.7e-01	25.0	72	31.6	51.4	12.4
WP_034525056.1	gnl|META|ILES-MONOMER	2.5e-216	43.1	935	748.4	60.9	98.3
WP_034525059.1	gnl|META|EG11344-MONOMER	2.1e-113	55.7	359	405.2	71.3	95.2
WP_034525060.1	gnl|META|AT5G51290-MONOMER	7.1e-03	25.7	74	37.7	47.3	24.5
WP_034525061.1	gnl|META|EG10344-MONOMER	1.0e-41	33.5	367	167.2	54.8	91.6
WP_034525079.1	gnl|META|EG10690-MONOMER	2.6e-29	35.9	209	125.9	55.5	49.0
WP_034525085.1	gnl|META|G7324-MONOMER	1.2e-06	36.1	83	49.3	54.2	52.0
WP_034525085.1	gnl|META|G3O-34034-MONOMER	1.0e-05	31.1	90	46.2	53.3	55.9
WP_034525094.1	gnl|META|MONOMER-14597	2.2e-60	25.0	852	230.3	45.4	81.3
WP_034525094.1	gnl|META|MONOMER-14600	2.1e-58	24.7	838	223.8	45.2	81.6
WP_034525094.1	gnl|META|G3O-30531-MONOMER	3.5e-58	25.7	740	223.0	47.3	81.8
WP_034525094.1	gnl|META|AT4G30190-MONOMER	1.3e-55	26.5	755	214.5	48.2	82.6
WP_034525098.1	gnl|META|EG10424-MONOMER	1.3e-139	38.9	800	493.0	53.2	96.3
WP_034525103.1	gnl|META|MONOMER-14625	3.7e-32	29.6	324	135.2	48.5	90.3
WP_034525105.1	gnl|META|EG10817-MONOMER	1.4e-24	44.6	139	108.6	64.0	100.0
WP_034525115.1	gnl|META|MONOMER-15863	5.9e-05	35.5	62	43.9	64.5	33.9
WP_034525116.1	gnl|META|EG10530-MONOMER	1.4e-04	35.5	76	42.7	55.3	40.2
WP_034525116.1	gnl|META|EG10530-MONOMER	2.0e-03	37.2	43	38.9	60.5	22.8
WP_034525117.1	gnl|META|G3O-30531-MONOMER	3.9e-40	25.6	622	162.9	47.6	71.8
WP_034525117.1	gnl|META|MONOMER-14610	2.2e-38	23.5	749	157.1	41.1	74.3
WP_034525117.1	gnl|META|MONOMER-14600	4.8e-38	23.4	792	156.0	41.8	78.0
WP_034525117.1	gnl|META|AT4G30190-MONOMER	4.1e-37	25.8	578	152.9	45.7	67.4
WP_034525117.1	gnl|META|KDPB-MONOMER	2.0e-36	27.8	528	150.6	47.3	62.5
WP_034525120.1	gnl|META|HP1325-MONOMER	1.5e-116	50.8	459	416.0	66.4	96.6
WP_034525120.1	gnl|META|MONOMER-18278	1.6e-115	48.9	460	412.5	65.4	96.4
WP_034525120.1	gnl|META|FUMC-MONOMER	3.0e-109	46.8	462	391.7	64.1	97.2
WP_034525120.1	gnl|META|ENSG00000091483-MONOMER	6.7e-109	47.0	464	390.6	63.1	97.2
WP_034525120.1	gnl|META|AT5G50950-MONOMER	1.4e-106	46.7	460	382.9	62.6	96.6
WP_034525130.1	gnl|META|CARDIOLIPSYN-MONOMER	1.8e-43	26.0	484	173.3	46.3	97.0
WP_034525132.1	gnl|META|MONOMER-17076	6.7e-22	24.5	546	101.7	41.2	95.0
WP_034525138.1	gnl|META|DPPA-MONOMER	8.9e-18	22.1	535	88.2	39.8	86.0
WP_034525140.1	gnl|META|DPPA-MONOMER	7.3e-12	20.2	485	68.6	39.0	79.6
WP_034525143.1	gnl|META|OPPD-MONOMER	6.4e-69	41.8	323	257.3	62.8	95.2
WP_034525143.1	gnl|META|DPPD-MONOMER	7.0e-68	41.4	314	253.8	62.1	93.5
WP_034525146.1	gnl|META|EG10844-MONOMER	3.3e-35	31.3	345	145.6	50.7	80.0
WP_034525146.1	gnl|META|EG10210-MONOMER	2.9e-31	29.2	339	132.5	49.6	81.7
WP_034525147.1	gnl|META|PSTB-MONOMER	2.7e-72	51.0	247	268.1	70.4	98.4
WP_034525150.1	gnl|META|G7037-MONOMER	3.0e-30	35.9	209	129.4	53.6	42.1
WP_034525150.1	gnl|META|GLNP-MONOMER	6.8e-27	40.5	168	118.2	61.9	33.4
WP_034525152.1	gnl|META|UDK-MONOMER	1.5e-55	51.7	205	212.2	72.2	95.3
WP_034525156.1	gnl|META|GLTL-MONOMER	2.6e-72	55.0	240	268.1	76.2	98.0
WP_034525156.1	gnl|META|GLNQ-MONOMER	2.4e-65	52.7	239	245.0	72.4	97.6
WP_034525159.1	gnl|META|MONOMER-5946	2.7e-149	45.1	557	525.0	65.0	99.1
WP_034525160.1	gnl|META|YCEE-MONOMER	9.9e-101	49.4	389	363.2	68.4	96.3
WP_034525162.1	gnl|META|MONOMER-2746	1.1e-156	54.9	466	549.3	70.4	97.9
WP_034525167.1	gnl|META|EMRB-MONOMER	4.3e-26	26.5	408	115.5	46.3	83.0
WP_034525167.1	gnl|META|EMRY-MONOMER	2.0e-23	27.4	413	106.7	47.0	81.4
WP_034525173.1	gnl|META|MONOMER-14558	1.8e-147	65.2	394	518.5	78.7	98.0
WP_034525190.1	gnl|META|PSTB-MONOMER	2.3e-84	58.1	248	308.1	76.2	98.8
WP_034525196.1	gnl|META|EG11085-MONOMER	3.3e-59	39.3	318	224.9	62.6	99.0
WP_034525197.1	gnl|META|GALPMUT-MONOMER	9.2e-138	62.6	361	486.1	79.2	98.1
WP_034525205.1	gnl|META|BRNQ-MONOMER	9.3e-55	34.1	452	210.7	52.0	97.8
WP_034525220.1	gnl|META|LSERINEDEAM2-MONOMER	2.7e-07	32.7	107	52.0	47.7	46.4
WP_034525220.1	gnl|META|LSERINEDEAM3-MONOMER	1.0e-06	33.3	105	50.1	45.7	45.0
WP_034525220.1	gnl|META|LSERINEDEAM1-MONOMER	2.9e-06	32.7	107	48.5	48.6	46.4
WP_034525221.1	gnl|META|EG11433-MONOMER	1.6e-34	47.1	153	142.1	59.5	81.1
WP_034525238.1	gnl|META|GLNQ-MONOMER	2.7e-69	55.4	242	258.1	74.8	99.6
WP_034525238.1	gnl|META|GLTL-MONOMER	2.9e-63	51.0	243	238.0	73.3	100.0
WP_034525238.1	gnl|META|EG12347-MONOMER	5.4e-62	53.0	247	233.8	68.4	99.6
WP_034525257.1	gnl|META|PD00219	3.6e-24	27.9	305	108.6	45.6	90.0
WP_034525258.1	gnl|META|ALAS-MONOMER	5.2e-187	42.2	893	651.0	59.6	99.3
WP_034525262.1	gnl|META|GMP-REDUCT-MONOMER	5.0e-42	31.0	319	167.9	52.4	91.5
WP_034525262.1	gnl|META|MONOMER-16216	1.2e-38	32.6	344	156.8	47.1	91.5
WP_034525264.1	gnl|META|DTMPKI-MONOMER	1.5e-31	39.7	199	132.5	57.8	92.0
WP_034525266.1	gnl|META|ARAE-MONOMER	4.0e-04	24.5	188	42.4	43.1	43.9
WP_034525268.1	gnl|META|GPMA-MONOMER	4.4e-50	44.1	229	194.1	65.1	99.6
WP_034525268.1	gnl|META|YKL152C-MONOMER	2.7e-47	44.3	221	184.9	64.3	96.0
WP_034525269.1	gnl|META|SYNPCC7942_0260-MONOMER	1.5e-220	50.1	820	762.3	70.5	98.9
WP_034525271.1	gnl|META|HOLO-ACP-SYNTH-MONOMER	2.5e-07	34.5	87	51.2	59.8	72.3
WP_034525274.1	gnl|META|BSU37150-MONOMER	2.0e-205	64.2	531	711.4	81.2	98.3
WP_034525277.1	gnl|META|MONOMER-5946	6.2e-159	47.5	551	557.0	64.4	99.4
WP_034525277.1	gnl|META|TRE6PHYDRO-MONOMER	2.3e-145	46.5	542	511.9	64.6	98.5
WP_034525278.1	gnl|META|PRPPSYN-MONOMER	4.4e-83	50.0	312	304.3	72.8	95.7
WP_034525278.1	gnl|META|HS07410-MONOMER	1.5e-75	47.9	311	279.3	68.8	95.7
WP_034525278.1	gnl|META|HS02317-MONOMER	7.5e-75	46.0	311	276.9	69.1	95.7
WP_034525278.1	gnl|META|HS11931-MONOMER	9.8e-75	47.6	311	276.6	68.5	95.7
WP_034525279.1	gnl|META|METG-MONOMER	4.9e-65	26.7	681	245.4	45.2	96.8
WP_034525281.1	gnl|META|EG11662-MONOMER	1.0e-05	25.0	152	46.6	44.1	71.4
WP_034525282.1	gnl|META|MONOMER-5981	2.0e-26	31.4	303	115.9	47.5	95.1
WP_034525282.1	gnl|META|MONOMER-6111	1.8e-24	27.2	268	109.4	46.3	84.3
WP_034525283.1	gnl|META|EG10085-MONOMER	3.4e-135	48.7	499	478.0	63.5	98.6
WP_034525283.1	gnl|META|G495-MONOMER	4.7e-129	45.6	507	457.6	61.7	99.8
WP_034525284.1	gnl|META|G495-MONOMER	5.9e-169	58.9	477	590.1	73.2	99.0
WP_034525291.1	gnl|META|AT4G37870-MONOMER	3.7e-05	22.4	331	46.2	39.9	57.1
WP_034525291.1	gnl|META|MONOMER-17676	6.2e-05	22.7	321	45.4	38.6	54.5
WP_034525292.1	gnl|META|FRUA-MONOMER	7.7e-63	39.4	464	238.0	58.0	71.8
WP_034525294.1	gnl|META|DALADALALIGA-MONOMER	1.3e-80	44.2	362	296.2	64.6	96.1
WP_034525294.1	gnl|META|MONOMER-15463	4.6e-73	41.9	360	271.2	62.8	99.2
WP_034525296.1	gnl|META|EG10860-MONOMER	4.2e-14	35.4	130	74.7	50.8	53.1
WP_034525301.1	gnl|META|MONOMER-14570	3.3e-04	33.8	74	42.0	54.1	26.0
WP_034525306.1	gnl|META|MONOMER-20221	1.0e-01	34.2	76	33.9	55.3	24.4
WP_034525315.1	gnl|META|EG10997-MONOMER	1.3e-64	33.3	462	243.4	56.3	98.3
WP_034525316.1	gnl|META|BSU14520-MONOMER	1.9e-68	31.3	585	256.5	52.1	97.1
WP_034525317.1	gnl|META|BSU00140-MONOMER	7.8e-28	34.6	211	120.2	54.5	96.8
WP_034525319.1	gnl|META|BSU38760-MONOMER	8.9e-130	51.1	446	459.9	70.6	96.3
WP_034525321.1	gnl|META|SGCC-MONOMER	9.0e-24	22.2	374	107.8	45.7	77.1
WP_034525327.1	gnl|META|MONOMER-20021	5.9e-101	48.0	410	364.0	65.1	98.8
WP_034525327.1	gnl|META|BSU38510-MONOMER	1.8e-94	49.9	399	342.4	66.2	96.3
WP_034525327.1	gnl|META|MONOMER-19976	1.8e-94	49.9	399	342.4	66.2	96.3
WP_034525329.1	gnl|META|MONOMER-19973	5.7e-24	28.2	308	107.8	47.7	96.8
WP_034525332.1	gnl|META|MONOMER-20222	5.3e-10	30.2	205	60.8	48.3	95.5
WP_034525341.1	gnl|META|G7641-MONOMER	1.4e-48	41.0	273	189.5	59.7	95.1
WP_034525359.1	gnl|META|PHOR-MONOMER	1.4e-37	29.5	373	154.1	50.1	59.1
WP_034525361.1	gnl|META|MONOMER-13809	3.2e-54	44.3	230	208.0	63.5	95.4
WP_034525361.1	gnl|META|MONOMER-13830	5.6e-51	42.1	228	197.2	62.3	94.6
WP_034525373.1	gnl|META|G7265-MONOMER	2.3e-21	25.5	337	99.4	43.3	82.7
WP_034525385.1	gnl|META|G1I0R-1994-MONOMER	1.2e-34	35.8	212	142.9	55.2	92.5
WP_034525396.1	gnl|META|MONOMER-16146	2.1e-42	28.3	495	169.9	47.1	91.8
WP_034525400.1	gnl|META|MONOMER3O-102	2.9e-15	32.3	186	78.2	50.0	96.8
WP_034525402.1	gnl|META|THREODEHYD-MONOMER	5.1e-23	26.3	319	104.8	44.2	92.0
WP_034525406.1	gnl|META|EG12712-MONOMER	4.0e-29	39.1	151	124.0	58.9	93.0
WP_034525406.1	gnl|META|HP0105-MONOMER	1.4e-26	38.0	142	115.5	64.1	89.9
WP_034525408.1	gnl|META|EG11549-MONOMER	9.8e-83	39.9	398	303.5	61.6	93.2
WP_034525412.1	gnl|META|MONOMER-19347	3.6e-05	23.5	153	44.7	43.1	77.2
WP_034525413.1	gnl|META|CYCA-MONOMER	1.7e-85	42.5	400	312.8	66.2	86.7
WP_080545338.1	gnl|META|MONOMER-18244	9.5e-93	46.0	385	336.7	65.7	99.2
WP_080545338.1	gnl|META|THLCLOS-MONOMER	8.6e-86	41.7	386	313.5	64.8	97.9
WP_080545338.1	gnl|META|MONOMER-13468	1.1e-85	42.1	394	313.2	65.2	99.2
WP_080545345.1	gnl|META|G6759-MONOMER	6.4e-04	31.6	76	40.4	47.4	42.6
WP_080545349.1	gnl|META|CYDD-MONOMER	9.8e-01	41.0	39	31.2	61.5	7.9
WP_080545352.1	gnl|META|HS05604-MONOMER	3.1e-01	28.6	84	30.4	47.6	95.1
WP_080545353.1	gnl|META|FORMYLSYNTHCLTH-MONOMER	9.0e-161	52.0	556	563.1	70.1	99.6
WP_080545353.1	gnl|META|MONOMER-13114	7.6e-160	51.0	557	560.1	70.7	99.8
WP_080545353.1	gnl|META|MONOMER-3942	5.9e-144	48.8	559	507.3	64.9	100.0
WP_080545358.1	gnl|META|YADQ-MONOMER	3.7e-32	30.1	365	135.6	48.2	80.9
WP_080545359.1	gnl|META|EG11724-MONOMER	5.8e-80	41.3	416	294.3	61.8	99.3
WP_080545359.1	gnl|META|EG11691-MONOMER	1.6e-77	40.4	416	286.2	61.3	99.3
WP_080545362.1	gnl|META|MONOMER-19481	4.9e-06	38.3	47	45.8	57.4	82.5
WP_098043176.1	gnl|META|EG12354-MONOMER	1.0e-03	35.6	101	40.8	46.5	20.8
WP_151375921.1	gnl|META|EG11247-MONOMER	3.0e-29	22.2	445	125.9	42.9	95.2
WP_151375928.1	gnl|META|MONOMER-17156	3.6e-01	46.4	28	32.7	71.4	6.0
WP_151376082.1	gnl|META|ASPS-MONOMER	2.0e-145	46.5	596	512.3	65.4	95.6
WP_151376082.1	gnl|META|MONOMER-14053	1.0e-144	45.8	585	510.0	64.6	95.0
WP_151376148.1	gnl|META|EG10723-MONOMER	7.5e-02	31.6	79	33.5	45.6	38.7
WP_151376148.1	gnl|META|MONOMER-17884	4.8e-01	38.6	44	30.8	54.5	26.2
WP_151376148.1	gnl|META|MONOMER-15696	4.8e-01	50.0	24	30.8	75.0	14.3
WP_151376150.1	gnl|META|HP0421-MONOMER	1.9e-37	27.1	329	152.5	49.2	96.3
