WP_000048054.1	gnl|META|EG10920-MONOMER	1.4e-08	62.0	50	54.3	74.0	86.2
WP_000068664.1	gnl|META|EG10917-MONOMER	6.4e-12	44.8	67	65.9	68.7	84.8
WP_000124830.1	gnl|META|EG10881-MONOMER	3.4e-33	61.5	117	137.1	79.5	98.3
WP_000533765.1	gnl|META|EG10918-MONOMER	1.3e-32	66.3	92	134.8	82.6	100.0
WP_000769868.1	gnl|META|G6892-MONOMER	8.6e-18	40.2	122	87.4	56.6	34.8
WP_000769868.1	gnl|META|G7147-MONOMER	1.4e-15	36.8	125	80.1	52.8	36.6
WP_001018251.1	gnl|META|EG10914-MONOMER	1.4e-20	51.7	89	94.7	71.9	100.0
WP_001118385.1	gnl|META|EG10910-MONOMER	6.2e-41	64.3	129	162.9	80.6	100.0
WP_001808836.1	gnl|META|EG11232-MONOMER	1.1e-09	63.2	38	57.4	78.9	100.0
WP_002262317.1	gnl|META|EG10912-MONOMER	3.1e-34	61.3	111	140.6	81.1	91.7
WP_002894478.1	gnl|META|EG10909-MONOMER	1.6e-31	60.8	102	131.3	83.3	100.0
WP_002989354.1	gnl|META|EG11014-MONOMER	5.2e-79	33.7	608	291.6	53.0	99.1
WP_002989474.1	gnl|META|EG10529-MONOMER	6.1e-20	22.9	436	95.5	41.5	65.4
WP_002989485.1	gnl|META|EG10613-MONOMER	8.8e-50	29.6	494	194.5	50.2	83.1
WP_003023815.1	gnl|META|FRUB-MONOMER	1.6e-11	45.1	82	64.7	65.9	90.8
WP_003023815.1	gnl|META|PTSH-MONOMER	5.0e-10	38.6	83	59.7	57.8	95.4
WP_003023869.1	gnl|META|MONOMER-17204	3.0e-07	26.6	143	51.2	48.3	94.6
WP_003023885.1	gnl|META|MONOMER-17847	2.4e-44	33.1	302	175.3	50.0	98.1
WP_003023891.1	gnl|META|CELC-MONOMER	3.8e-15	38.8	98	77.0	66.3	91.6
WP_003023895.1	gnl|META|CELA-MONOMER	4.3e-11	36.4	99	63.5	56.6	93.4
WP_003023932.1	gnl|META|EG10942-MONOMER	3.4e-29	30.1	339	125.6	46.3	83.9
WP_003024146.1	gnl|META|HS00415-MONOMER	1.3e-01	34.0	47	32.3	48.9	35.3
WP_003024225.1	gnl|META|EG10873-MONOMER	2.3e-21	49.2	122	97.8	65.6	100.0
WP_003024326.1	gnl|META|EG10880-MONOMER	1.8e-31	58.0	112	131.3	75.0	97.4
WP_003024746.1	gnl|META|EG10891-MONOMER	7.5e-03	38.8	49	35.0	61.2	100.0
WP_003024965.1	gnl|META|EG10395-MONOMER	1.1e-05	28.9	90	45.4	47.8	90.8
WP_003024967.1	gnl|META|MONOMER-18049	2.7e-56	32.3	427	216.1	52.5	77.0
WP_003024983.1	gnl|META|EG50002-MONOMER	6.0e-20	59.3	81	92.8	74.1	82.5
WP_003025048.1	gnl|META|EG11231-MONOMER	1.8e-07	50.0	62	50.8	58.1	93.9
WP_003025126.1	gnl|META|MONOMER-21008	2.8e-07	29.7	101	52.4	49.5	32.9
WP_003025280.1	gnl|META|SYNPCC7942_0331-MONOMER	1.6e-13	31.1	164	72.8	53.0	66.2
WP_003025361.1	gnl|META|HS00949-MONOMER	2.0e-01	39.4	33	33.5	72.7	7.5
WP_003025361.1	gnl|META|HS02178-MONOMER	9.7e-01	36.4	33	31.2	69.7	7.5
WP_003025400.1	gnl|META|MONOMER-13104	1.2e-106	81.6	234	382.1	89.7	99.6
WP_003025466.1	gnl|META|EG10872-MONOMER	1.6e-45	65.5	142	178.3	79.6	100.0
WP_003025639.1	gnl|META|URACIL-PRIBOSYLTRANS-MONOMER	7.2e-63	55.1	207	236.5	72.9	99.0
WP_003025909.1	gnl|META|EG10886-MONOMER	2.4e-06	46.8	47	47.0	66.0	75.8
WP_003026017.1	gnl|META|EG50003-MONOMER	2.4e-05	39.7	68	43.9	64.7	87.8
WP_003026017.1	gnl|META|MONOMER-19598	2.1e-04	39.1	64	40.8	59.4	82.4
WP_003026228.1	gnl|META|EG10908-MONOMER	2.2e-33	52.3	130	137.9	71.5	100.0
WP_003026309.1	gnl|META|EG12099-MONOMER	4.8e-26	36.7	169	114.0	55.6	90.9
WP_003026394.1	gnl|META|CELB-MONOMER	4.6e-40	29.0	442	161.8	49.8	99.0
WP_003026449.1	gnl|META|EG10906-MONOMER	5.4e-47	55.8	156	183.3	73.7	100.0
WP_003026451.1	gnl|META|EG10911-MONOMER	7.6e-45	69.3	137	176.0	74.5	100.0
WP_003026476.1	gnl|META|EG10892-MONOMER	1.1e-08	74.4	39	54.3	84.6	88.6
WP_003026542.1	gnl|META|EG10916-MONOMER	7.2e-17	55.7	79	82.4	68.4	91.9
WP_003026675.1	gnl|META|MALF-MONOMER	7.0e-44	35.5	256	174.5	60.5	58.5
WP_003026675.1	gnl|META|MALF-MONOMER	3.1e+01	35.9	39	26.2	59.0	8.6
WP_003026676.1	gnl|META|MALG-MONOMER	7.0e-29	31.9	285	124.0	54.7	95.4
WP_003026692.1	gnl|META|EG10891-MONOMER	5.5e-06	42.9	49	45.4	63.3	100.0
WP_003027217.1	gnl|META|G7106-MONOMER	2.6e-08	27.9	147	54.7	47.6	97.2
WP_003027217.1	gnl|META|G6503-MONOMER	1.0e-07	22.4	143	52.8	47.6	95.1
WP_003028182.1	gnl|META|MONOMER-663	1.2e-58	43.3	307	223.0	59.9	97.1
WP_003028184.1	gnl|META|CHAINI-MONOMER	2.6e-94	53.5	331	341.7	70.7	96.7
WP_003028184.1	gnl|META|CHAINF-MONOMER	7.5e-94	53.5	327	340.1	70.0	95.6
WP_003028259.1	gnl|META|MONOMER-14336	5.0e-01	43.8	32	29.6	62.5	41.0
WP_003028259.1	gnl|META|MONOMER-14342	8.6e-01	46.9	32	28.9	62.5	41.0
WP_003028529.1	gnl|META|MANX-MONOMER	1.8e-08	28.3	145	55.5	44.8	87.2
WP_003028530.1	gnl|META|MANY-MONOMER	4.2e-13	24.2	264	71.6	45.1	93.3
WP_003029380.1	gnl|META|EG10871-MONOMER	6.7e-19	37.7	162	90.1	57.4	97.0
WP_003029483.1	gnl|META|EG10867-MONOMER	1.4e-34	42.4	191	142.5	64.9	92.3
WP_003029484.1	gnl|META|EG10866-MONOMER	3.7e-43	49.8	207	171.0	62.8	97.6
WP_003029928.1	gnl|META|BSU02750-MONOMER	1.8e-33	37.4	222	139.0	59.5	87.3
WP_003029928.1	gnl|META|YBHF-MONOMER	9.1e-33	32.9	225	136.7	57.3	90.6
WP_003030192.1	gnl|META|MACB	2.1e-25	35.4	212	112.1	54.7	92.6
WP_003030192.1	gnl|META|ABC-MONOMER	2.0e-23	35.6	202	105.5	54.0	87.9
WP_003030503.1	gnl|META|ATPD-MONOMER	2.7e-174	67.0	466	607.8	80.5	99.6
WP_003030503.1	gnl|META|SYNPCC7942_2315-MONOMER	1.2e-171	66.7	472	599.0	77.3	98.9
WP_003030503.1	gnl|META|MONOMER-539	4.7e-171	66.1	463	597.0	79.3	98.9
WP_003030533.1	gnl|META|EG10976-MONOMER	1.2e-12	36.8	174	69.3	57.5	99.4
WP_003031209.1	gnl|META|MONOMER-20658	6.1e-08	28.3	180	53.9	43.9	87.4
WP_003031450.1	gnl|META|RPOD-MONOMER	2.5e-90	65.1	261	328.6	81.6	69.7
WP_003031767.1	gnl|META|CELC-MONOMER	5.4e-14	38.6	101	73.2	64.4	95.3
WP_003032302.1	gnl|META|G7858-MONOMER	4.5e-55	47.9	217	210.7	65.0	98.2
WP_003032305.1	gnl|META|YJFT-MONOMER	1.1e-15	44.6	92	78.6	65.2	98.9
WP_003034526.1	gnl|META|EG10570-MONOMER	3.8e-38	32.2	286	154.8	51.4	98.6
WP_003034526.1	gnl|META|HS08982-MONOMER	5.1e-35	31.5	248	144.4	50.4	87.0
WP_003034801.1	gnl|META|MONOMER-20591	5.4e-04	24.5	139	41.2	46.8	54.2
WP_003035040.1	gnl|META|EG50001-MONOMER	2.4e-14	39.2	102	74.3	60.8	97.1
WP_003035055.1	gnl|META|CPXR-MONOMER	2.1e-42	38.4	229	168.7	63.3	98.3
WP_003035431.1	gnl|META|MONOMER-19219	2.9e-128	81.9	271	454.1	91.9	100.0
WP_003035564.1	gnl|META|YJFT-MONOMER	1.7e-03	36.8	57	38.1	59.6	55.4
WP_003035570.1	gnl|META|MONOMER-18277	5.0e-27	38.4	138	117.1	67.4	83.4
WP_003035586.1	gnl|META|MANZ-MONOMER	7.8e-25	28.3	269	110.5	49.8	97.0
WP_003036126.1	gnl|META|GPMA-MONOMER	1.0e-73	55.0	229	272.7	69.9	99.6
WP_003036126.1	gnl|META|YKL152C-MONOMER	3.1e-67	52.0	229	251.1	69.9	99.1
WP_003036126.1	gnl|META|HS10286-MONOMER	1.2e-66	51.8	224	249.2	69.2	96.5
WP_003036126.1	gnl|META|HS09121-MONOMER	2.0e-66	52.2	224	248.4	68.3	96.5
WP_003036990.1	gnl|META|MONOMER-14149	1.9e-55	54.6	205	211.8	74.6	99.0
WP_003038320.1	gnl|META|RNTRACTIV-MONOMER	5.4e-31	43.8	146	130.6	66.4	70.6
WP_003040651.1	gnl|META|EG10879-MONOMER	4.7e-11	40.2	117	63.5	51.3	95.8
WP_003042302.1	gnl|META|MONOMER-15461	8.1e-114	51.8	411	406.8	68.6	98.1
WP_003062852.1	gnl|META|EG10877-MONOMER	1.8e-33	54.5	134	138.3	72.4	97.8
WP_003068151.1	gnl|META|G6502-MONOMER	1.5e-04	41.8	67	41.6	59.7	70.7
WP_003068183.1	gnl|META|G6954-MONOMER	1.4e-04	31.4	102	42.4	42.2	65.1
WP_003068183.1	gnl|META|ENSG00000173566-MONOMER	1.9e-04	38.3	60	42.0	55.0	38.3
WP_003068213.1	gnl|META|EG11098-MONOMER	1.0e-08	44.4	63	55.1	79.4	90.0
WP_003068218.1	gnl|META|G185E-5885-MONOMER	7.5e-36	38.4	242	147.1	55.0	88.9
WP_003068226.1	gnl|META|FECB-MONOMER	3.2e-09	27.0	296	58.9	44.3	87.0
WP_003068251.1	gnl|META|EG10834-MONOMER	6.9e-23	30.1	193	103.6	50.3	97.0
WP_003068407.1	gnl|META|SGCC-MONOMER	8.8e-35	25.8	469	144.4	47.3	95.1
WP_003068551.1	gnl|META|RIB5PISOMA-MONOMER	7.9e-31	35.3	221	130.2	58.4	96.9
WP_003068568.1	gnl|META|AROB-MONOMER	2.6e-60	39.7	348	228.8	55.7	95.8
WP_003068583.1	gnl|META|AROK-MONOMER	3.6e-14	34.8	158	74.3	51.9	96.8
WP_003068583.1	gnl|META|AROL-MONOMER	6.1e-14	31.9	163	73.6	50.3	99.4
WP_003068585.1	gnl|META|CHORISMUTPREPHENDEHYDRAT-MONOMER	6.9e-29	33.2	277	124.0	50.5	96.8
WP_003068685.1	gnl|META|GI40-529-MONOMER	1.5e-83	50.4	337	305.8	66.2	100.0
WP_003068781.1	gnl|META|UDK-MONOMER	8.1e-54	48.3	205	206.5	67.8	95.3
WP_003068859.1	gnl|META|THYMIDYLATESYN-MONOMER	7.5e-23	29.9	281	104.0	45.9	97.5
WP_003068859.1	gnl|META|G185E-7013-MONOMER	1.3e-22	32.7	251	103.2	47.0	87.1
WP_003068862.1	gnl|META|MONOMER-579	1.6e-20	34.4	157	95.5	54.1	87.1
WP_003068865.1	gnl|META|EG10159-MONOMER	4.5e-133	59.4	406	470.7	77.1	97.8
WP_003068865.1	gnl|META|SYNPCC7942_2526-MONOMER	1.8e-129	56.9	420	458.8	74.3	94.6
WP_003068891.1	gnl|META|MONOMER-13531	1.2e-13	22.8	254	73.2	42.9	95.9
WP_003068891.1	gnl|META|AT3G25110-MONOMER	1.1e-12	26.5	185	70.1	44.9	69.1
WP_003068892.1	gnl|META|G6954-MONOMER	2.6e-04	35.0	60	42.0	55.0	26.4
WP_003068892.1	gnl|META|ENSG00000173566-MONOMER	9.9e-04	23.9	109	40.0	48.6	48.6
WP_003068898.1	gnl|META|AT4G09320-MONOMER	1.9e-30	46.8	139	128.3	69.1	99.3
WP_003068898.1	gnl|META|HS04463-MONOMER	6.0e-29	42.9	140	123.2	64.3	100.0
WP_003068898.1	gnl|META|YKL067W-MONOMER	6.6e-28	42.9	140	119.8	64.3	99.3
WP_003068898.1	gnl|META|ENSG00000011052-MONOMER	3.3e-27	41.7	139	117.5	62.6	99.3
WP_003068909.1	gnl|META|BSU15490-MONOMER	4.4e-85	53.7	294	310.8	72.1	95.8
WP_003068917.1	gnl|META|CPXR-MONOMER	9.0e-27	34.8	233	116.7	55.4	99.6
WP_003068923.1	gnl|META|G7950-MONOMER	5.8e-22	35.1	171	100.5	52.6	84.3
WP_003069025.1	gnl|META|HS05381-MONOMER	3.4e-05	31.4	86	44.3	48.8	63.7
WP_003069025.1	gnl|META|HS04604-MONOMER	3.4e-05	31.4	86	44.3	48.8	63.7
WP_003069025.1	gnl|META|HS10696-MONOMER	2.2e-04	36.1	61	41.6	54.1	45.2
WP_003069025.1	gnl|META|G6954-MONOMER	4.9e-04	35.4	65	40.4	52.3	48.1
WP_003069027.1	gnl|META|MONOMER-13096	1.6e-157	85.1	329	551.6	92.7	100.0
WP_003069049.1	gnl|META|THLCLOS-MONOMER	4.0e-147	65.8	392	517.3	81.9	100.0
WP_003069049.1	gnl|META|MONOMER-13086	1.3e-145	65.6	392	512.3	81.1	100.0
WP_003069049.1	gnl|META|MONOMER-20831	3.2e-144	64.8	392	507.7	80.1	100.0
WP_003069049.1	gnl|META|MONOMER-13468	6.6e-142	64.2	394	500.0	81.0	100.0
WP_003069052.1	gnl|META|COATACLOS-MONOMER	1.0e-44	43.2	213	176.4	63.8	88.8
WP_003069052.1	gnl|META|ATOD-MONOMER	2.4e-41	36.9	214	165.2	63.1	89.2
WP_003069053.1	gnl|META|ATOA-MONOMER	3.0e-59	49.5	214	224.6	70.1	98.6
WP_003069053.1	gnl|META|COATBCLOS-MONOMER	5.2e-56	48.1	214	213.8	68.7	98.6
WP_003069152.1	gnl|META|DSBD-MONOMER	2.0e-08	25.2	218	55.8	45.0	89.8
WP_003069163.1	gnl|META|EG10239-MONOMER	1.1e-58	33.5	421	224.2	50.8	69.1
WP_003069168.1	gnl|META|RIBONUCLEOSIDE-TRIP-REDUCT-MONOMER	1.5e-06	35.1	97	48.5	53.6	86.6
WP_003069195.1	gnl|META|2-DEHYDROPANTOATE-REDUCT-MONOMER	6.5e-15	26.3	319	77.8	45.5	98.1
WP_003069205.1	gnl|META|IMP-DEHYDROG-MONOMER	2.8e-05	27.5	200	46.2	44.5	41.4
WP_003069208.1	gnl|META|MONOMER-14558	2.0e-138	64.6	390	488.4	76.4	98.0
WP_003069418.1	gnl|META|BSU15560-MONOMER	2.6e-60	55.4	204	228.0	73.5	97.1
WP_003069419.1	gnl|META|MONOMER-19926	2.2e-01	26.6	64	31.2	54.7	64.3
WP_003069422.1	gnl|META|BSU15550-MONOMER	2.8e-55	51.1	235	211.5	65.1	98.7
WP_003069462.1	gnl|META|MONOMER-6564	6.1e-110	57.6	347	393.7	74.9	96.6
WP_003069474.1	gnl|META|HS13735-MONOMER	8.9e-25	36.9	179	109.8	57.0	97.3
WP_003069474.1	gnl|META|EG10004-MONOMER	1.5e-24	40.6	170	109.0	56.5	92.9
WP_003069487.1	gnl|META|EG11118-MONOMER	2.9e-17	27.7	314	85.5	44.9	98.0
WP_003069506.1	gnl|META|PSTB-MONOMER	8.7e-71	49.0	247	263.1	72.5	98.0
WP_003069507.1	gnl|META|PSTB-MONOMER	1.6e-67	48.6	247	252.3	68.8	92.5
WP_003069508.1	gnl|META|PSTA-MONOMER	1.2e-23	33.6	214	106.7	56.5	72.1
WP_003069509.1	gnl|META|PSTC-MONOMER	2.4e-22	28.0	304	102.4	49.3	91.4
WP_003069538.1	gnl|META|EG10530-MONOMER	8.2e-02	40.0	35	33.5	57.1	18.9
WP_003069674.1	gnl|META|MONOMER-13044	1.7e-151	80.3	335	531.6	90.1	99.7
WP_003069711.1	gnl|META|PHES-MONOMER	4.9e-80	46.7	319	294.3	64.6	91.7
WP_003069748.1	gnl|META|SYNPCC7942_2316-MONOMER	4.0e-09	32.9	140	57.4	53.6	95.0
WP_003069751.1	gnl|META|ATPG-MONOMER	1.1e-45	36.2	290	179.9	58.6	97.6
WP_003069762.1	gnl|META|GIO2-1211-MONOMER	5.1e-14	24.1	407	75.1	40.5	92.6
WP_003069762.1	gnl|META|GIO2-230-MONOMER	6.6e-14	23.7	379	74.7	42.0	88.9
WP_003069762.1	gnl|META|GLUC1PADENYLTRANS-MONOMER	1.2e-12	22.5	374	70.5	41.2	89.4
WP_003069762.1	gnl|META|MONOMER-1822	4.7e-12	20.6	398	68.6	43.5	92.1
WP_003069789.1	gnl|META|BAES-MONOMER	2.0e-17	28.5	267	86.7	46.8	56.6
WP_003069789.1	gnl|META|PHOR-MONOMER	3.5e-17	30.0	227	85.9	46.7	46.5
WP_003069790.1	gnl|META|CPXR-MONOMER	1.2e-23	32.5	234	106.3	50.4	96.8
WP_003069805.1	gnl|META|EG11725-MONOMER	4.3e-06	25.1	179	47.8	41.9	89.8
WP_003069821.1	gnl|META|G6475-MONOMER	1.3e-22	31.4	188	102.8	52.7	87.7
WP_003069824.1	gnl|META|MONOMER-16486	8.9e-01	33.9	59	30.8	52.5	18.5
WP_003069826.1	gnl|META|ABC-MONOMER	8.6e-41	38.3	227	163.3	60.4	97.0
WP_003069826.1	gnl|META|EG12347-MONOMER	3.6e-39	37.3	228	157.9	59.6	96.5
WP_003069826.1	gnl|META|MACB	4.9e-36	36.5	222	147.5	59.5	94.8
WP_003069829.1	gnl|META|G6442-MONOMER	8.3e-01	40.0	30	27.7	60.0	88.2
WP_003069937.1	gnl|META|UMPKI-MONOMER	1.4e-60	49.8	235	229.2	70.2	95.5
WP_003069939.1	gnl|META|EG10864-MONOMER	4.6e-63	54.2	225	237.3	72.9	98.3
WP_003069995.1	gnl|META|MACB	1.8e-42	39.9	218	169.1	61.9	84.2
WP_003069999.1	gnl|META|CPXR-MONOMER	4.7e-31	32.2	227	131.0	57.3	96.5
WP_003070044.1	gnl|META|LIVF-MONOMER	8.2e-71	58.1	234	263.1	74.8	99.2
WP_003070158.1	gnl|META|EG12044-MONOMER	7.4e-27	33.9	239	117.1	50.6	96.7
WP_003070160.1	gnl|META|G185E-7476-MONOMER	7.1e-05	29.7	91	43.1	51.6	70.6
WP_003070176.1	gnl|META|PANTEPADENYLYLTRAN-MONOMER	2.3e-24	34.6	153	108.2	59.5	92.7
WP_003070210.1	gnl|META|MONOMER-19304	1.1e-70	45.4	302	263.1	68.5	95.8
WP_003070210.1	gnl|META|MONOMER-17582	4.5e-69	46.3	313	257.7	64.5	99.0
WP_003070225.1	gnl|META|NARL-MONOMER	3.0e-32	36.7	207	134.8	59.4	96.2
WP_003070235.1	gnl|META|HS08155-MONOMER	8.9e-16	28.0	189	81.6	47.1	28.2
WP_003070235.1	gnl|META|MONOMER-4461	8.9e-16	26.6	199	81.6	46.7	31.1
WP_003070235.1	gnl|META|HS03507-MONOMER	2.2e-14	28.1	210	77.0	47.6	32.5
WP_003070235.1	gnl|META|HS02256-MONOMER	4.9e-14	24.9	253	75.9	46.2	39.2
WP_003070239.1	gnl|META|EG12163-MONOMER	1.2e-43	32.3	399	173.7	52.1	89.0
WP_003070249.1	gnl|META|GUANYL-KIN-MONOMER	2.7e-41	43.6	204	164.9	62.3	97.6
WP_003070253.1	gnl|META|HP0105-MONOMER	3.4e-28	39.3	140	120.9	64.3	87.5
WP_003070253.1	gnl|META|EG12712-MONOMER	1.9e-26	36.2	149	115.2	59.1	90.6
WP_003070257.1	gnl|META|EG11384-MONOMER	2.8e-66	60.3	189	247.7	76.7	100.0
WP_003070267.1	gnl|META|MONOMER-15456	1.2e-80	32.6	641	297.4	53.4	84.8
WP_003070293.1	gnl|META|G6906-MONOMER	5.9e-109	49.6	399	390.6	65.9	96.6
WP_003070294.1	gnl|META|MONOMER-19516	2.5e-01	24.7	77	33.1	48.1	18.0
WP_003070294.1	gnl|META|SYNPCC7942_0260-MONOMER	3.2e-01	34.4	64	32.7	50.0	15.2
WP_003070301.1	gnl|META|EG11665-MONOMER	1.2e-33	36.6	276	139.8	53.6	96.8
WP_003070319.1	gnl|META|MONOMER-546	8.5e-78	47.8	291	286.6	69.4	99.3
WP_003070327.1	gnl|META|EG10442-MONOMER	9.5e-03	35.2	54	35.0	57.4	87.1
WP_003070328.1	gnl|META|TRKH-MONOMER	1.3e-08	21.7	424	57.4	40.1	91.8
WP_003070376.1	gnl|META|EG11724-MONOMER	4.4e-71	35.7	474	265.0	54.4	99.0
WP_003070376.1	gnl|META|EG11691-MONOMER	1.2e-68	35.4	474	256.9	54.0	99.0
WP_003070380.1	gnl|META|EG11195-MONOMER	8.0e-22	30.4	283	100.5	46.6	100.0
WP_003070380.1	gnl|META|EG11470-MONOMER	2.3e-21	31.9	282	99.0	45.4	98.9
WP_003070382.1	gnl|META|MANX-MONOMER	8.7e-63	41.1	326	236.9	58.0	98.8
WP_003070383.1	gnl|META|MANY-MONOMER	4.9e-56	48.0	244	214.2	71.3	90.7
WP_003070386.1	gnl|META|MANZ-MONOMER	3.6e-79	48.8	303	291.2	68.0	99.7
WP_003070400.1	gnl|META|FABZ-MONOMER	4.9e-31	48.2	139	130.2	64.7	97.1
WP_003070508.1	gnl|META|AT4G02280-MONOMER	2.0e-01	40.4	47	32.7	59.6	14.5
WP_003070508.1	gnl|META|AT5G37180-MONOMER	9.9e-01	44.8	29	30.4	75.9	11.1
WP_003070510.1	gnl|META|G7184-MONOMER	2.2e-156	61.6	404	548.1	79.5	100.0
WP_003070530.1	gnl|META|MANNPISOM-MONOMER	1.0e-04	33.0	97	43.9	48.5	29.0
WP_003070566.1	gnl|META|OPPF-MONOMER	2.9e-68	50.2	265	255.0	70.9	86.3
WP_003070587.1	gnl|META|AT1G22940-MONOMER	1.9e-33	35.4	246	139.0	58.1	92.6
WP_003070587.1	gnl|META|MONOMER-18910	6.9e-31	33.3	249	130.6	58.6	94.2
WP_003070588.1	gnl|META|EG10454-MONOMER	1.1e-36	34.0	244	149.8	54.5	97.2
WP_003070596.1	gnl|META|SGAT-MONOMER	1.7e-40	29.3	386	163.3	51.6	82.8
WP_003070607.1	gnl|META|MONOMER-18274	1.1e-17	40.2	127	85.9	59.8	86.1
WP_003070672.1	gnl|META|SERINE-O-ACETTRAN-MONOMER	8.3e-37	46.2	160	149.8	62.5	82.5
WP_003070685.1	gnl|META|EG11440-MONOMER	4.5e-09	32.3	127	57.8	51.2	62.3
WP_003070693.1	gnl|META|MONOMER-17156	1.8e-02	27.5	80	34.7	53.8	84.3
WP_003070701.1	gnl|META|FECE-MONOMER	7.3e-27	32.2	233	117.1	51.1	95.4
WP_003070701.1	gnl|META|FHUC-MONOMER	1.5e-24	31.9	235	109.4	50.6	95.0
WP_003070701.1	gnl|META|PHNC-MONOMER	1.5e-24	28.6	248	109.4	51.2	96.7
WP_003070727.1	gnl|META|EG10600-MONOMER	1.0e-08	38.3	94	55.5	59.6	98.9
WP_003070729.1	gnl|META|MANZ-MONOMER	1.9e-34	35.1	251	142.5	57.4	87.7
WP_003070729.1	gnl|META|MONOMER-18129	2.3e-32	31.2	269	135.6	58.4	96.0
WP_003070735.1	gnl|META|NARL-MONOMER	1.9e-24	27.6	210	109.0	56.7	92.5
WP_003070740.1	gnl|META|EG10976-MONOMER	2.1e-12	38.4	99	68.2	61.6	72.5
WP_003070743.1	gnl|META|PHET-MONOMER	6.0e-17	38.6	127	84.0	57.5	59.6
WP_003070759.1	gnl|META|MONOMER-20006	1.2e-46	40.9	259	183.0	63.7	95.5
WP_003070767.1	gnl|META|G7855-MONOMER	1.1e-127	56.5	363	452.6	72.5	100.0
WP_003070775.1	gnl|META|SGAT-MONOMER	1.0e-83	40.6	426	307.0	64.1	87.8
WP_003070796.1	gnl|META|MONOMER-13053	1.3e-132	60.7	405	469.2	75.1	100.0
WP_003070796.1	gnl|META|MONOMER-382	1.0e-118	56.2	404	422.9	72.3	100.0
WP_003070861.1	gnl|META|CORA-MONOMER	2.4e-01	22.3	319	32.7	38.2	97.1
WP_003070870.1	gnl|META|HS10286-MONOMER	3.8e-06	43.8	48	46.2	58.3	84.2
WP_003070870.1	gnl|META|GPMA-MONOMER	3.2e-05	40.0	50	43.1	58.0	87.7
WP_003070928.1	gnl|META|RED-THIOREDOXIN-MONOMER	2.9e-20	50.0	82	94.0	72.0	78.8
WP_003070971.1	gnl|META|EG11955-MONOMER	2.9e-02	24.4	127	36.6	44.1	20.1
WP_003070971.1	gnl|META|MONOMER-14570	2.5e-01	36.8	38	33.5	63.2	6.4
WP_003070973.1	gnl|META|MONOMER-13093	8.3e-178	93.8	337	619.0	95.8	100.0
WP_003070974.1	gnl|META|EG10529-MONOMER	1.7e-20	39.4	142	97.4	57.7	19.8
WP_003070974.1	gnl|META|EG10529-MONOMER	6.9e-01	26.3	76	32.3	48.7	10.8
WP_003070985.1	gnl|META|BSU15800-MONOMER	2.1e-22	33.2	217	102.1	49.8	99.0
WP_003071005.1	gnl|META|EG11481-MONOMER	9.3e-28	28.3	258	120.2	50.8	98.1
WP_003071021.1	gnl|META|EG10862-MONOMER	4.3e-04	30.6	98	40.4	49.0	81.5
WP_003071028.1	gnl|META|MONOMER-13046	4.3e-214	81.1	449	740.0	90.6	100.0
WP_003071147.1	gnl|META|MONOMER-14147	1.3e-221	81.0	458	765.0	92.4	98.9
WP_003071149.1	gnl|META|MONOMER-14146	3.3e-246	70.7	594	847.0	84.5	99.7
WP_003071156.1	gnl|META|MONOMER-14153	9.5e-39	61.0	146	156.0	70.5	91.8
WP_003071313.1	gnl|META|EG10878-MONOMER	5.1e-19	46.8	126	90.1	58.7	97.7
WP_003071316.1	gnl|META|EG10893-MONOMER	3.5e-69	44.7	311	258.1	66.6	98.1
WP_003071322.1	gnl|META|EG10869-MONOMER	2.1e-39	47.4	175	158.3	64.6	98.3
WP_003071323.1	gnl|META|EG10907-MONOMER	1.4e-32	48.9	131	135.2	72.5	99.2
WP_003071324.1	gnl|META|EG10868-MONOMER	3.4e-61	61.0	177	230.7	80.2	98.3
WP_003071325.1	gnl|META|EG10884-MONOMER	1.3e-17	50.0	100	85.1	65.0	97.0
WP_003071326.1	gnl|META|EG10875-MONOMER	2.8e-38	63.4	123	154.1	78.9	100.0
WP_003071328.1	gnl|META|EG10887-MONOMER	7.7e-06	50.0	56	45.4	69.6	82.4
WP_003071330.1	gnl|META|EG10902-MONOMER	8.9e-64	56.7	208	239.6	73.6	95.4
WP_003071334.1	gnl|META|EG10865-MONOMER	7.5e-84	56.2	276	306.6	72.5	99.6
WP_003071454.1	gnl|META|CARDIOLIPSYN-MONOMER	3.4e-37	25.9	499	152.5	44.9	92.9
WP_003071522.1	gnl|META|AT5G64860-MONOMER	1.2e-103	38.7	501	373.2	56.9	97.2
WP_003071522.1	gnl|META|GIO2-442-MONOMER	1.3e-102	40.3	484	369.8	56.4	93.1
WP_003071525.1	gnl|META|PD00219	4.1e-28	28.3	336	121.7	51.5	99.1
WP_003071531.1	gnl|META|EG10890-MONOMER	5.7e-05	37.0	54	42.4	66.7	88.3
WP_003071605.1	gnl|META|EG10236-MONOMER	4.8e-96	44.8	444	347.8	64.2	97.3
WP_003071606.1	gnl|META|EG10870-MONOMER	8.7e-10	31.8	148	59.7	52.0	98.0
WP_003071619.1	gnl|META|LSERINEDEAM3-MONOMER	2.2e-09	30.5	167	58.9	44.3	64.6
WP_003071619.1	gnl|META|LSERINEDEAM2-MONOMER	2.9e-09	31.1	167	58.5	46.7	64.6
WP_003071623.1	gnl|META|EG10246-MONOMER	1.5e-01	34.4	90	32.7	50.0	43.1
WP_003071624.1	gnl|META|G12WB-160-MONOMER	3.5e-46	37.3	260	181.4	66.5	98.1
WP_003071636.1	gnl|META|AT3G02090-MONOMER	4.7e-16	27.7	285	82.0	43.9	64.0
WP_003071681.1	gnl|META|EG11506-MONOMER	3.4e-151	47.7	618	531.6	66.0	93.4
WP_003071900.1	gnl|META|AT3G54690-MONOMER	4.7e-03	25.3	91	37.4	46.2	56.9
WP_003072874.1	gnl|META|MONOMER-15863	8.2e-04	32.3	62	40.0	59.7	35.3
WP_003073113.1	gnl|META|EG11355-MONOMER	1.3e-03	38.6	57	39.3	59.6	36.5
WP_003073523.1	gnl|META|EG10158-MONOMER	3.7e-61	56.2	194	230.7	78.9	99.0
WP_003076422.1	gnl|META|MONOMER-12750	2.8e-07	38.3	60	50.1	66.7	100.0
WP_003076422.1	gnl|META|BSU37540-MONOMER	2.3e-06	39.3	56	47.0	62.5	93.3
WP_003076422.1	gnl|META|MONOMER-14712	5.2e-06	41.2	51	45.8	70.6	85.0
WP_003078354.1	gnl|META|EG11779-MONOMER	2.6e-12	29.0	131	68.6	47.3	61.6
WP_006267103.1	gnl|META|HOMSUCTRAN-MONOMER	2.0e-01	44.4	27	30.0	59.3	67.5
WP_006267445.1	gnl|META|ADENPRIBOSYLTRAN-MONOMER	2.5e-45	54.1	157	177.9	73.9	92.4
WP_006267712.1	gnl|META|MONOMER-20840	5.8e-55	55.7	212	210.3	68.4	96.4
WP_006267725.1	gnl|META|TDK-MONOMER	6.8e-50	50.8	187	193.4	71.7	91.5
WP_006267865.1	gnl|META|MONOMER-15896	3.9e-02	42.3	52	33.5	57.7	59.8
WP_006267865.1	gnl|META|CHORISMUTPREPHENDEHYDROG-MONOMER	5.1e-02	35.3	51	33.1	60.8	58.6
WP_006267890.1	gnl|META|YHR144C-MONOMER	3.9e-21	40.5	126	97.4	55.6	77.4
WP_006268060.1	gnl|META|RPOB-MONOMER	6.3e-305	43.2	1370	1043.1	59.3	95.5
WP_006268068.1	gnl|META|MONOMER-13213	2.5e-10	29.3	174	62.0	44.8	80.8
WP_006268068.1	gnl|META|RIBAZOLEPHOSPHAT-MONOMER	4.7e-09	27.8	169	57.8	49.1	77.9
WP_006268109.1	gnl|META|DPPD-MONOMER	4.2e-71	45.4	313	264.6	61.0	88.2
WP_006268109.1	gnl|META|OPPD-MONOMER	2.1e-70	45.7	300	262.3	64.7	84.5
WP_006268109.1	gnl|META|YLIA-MONOMER	3.8e-64	48.7	269	241.5	65.8	74.4
WP_006268182.1	gnl|META|YLIC-MONOMER	9.0e-19	28.8	205	91.3	54.6	41.0
WP_006268182.1	gnl|META|NIKB-MONOMER	9.0e-19	29.2	202	91.3	54.5	40.4
WP_006268182.1	gnl|META|DPPB-MONOMER	1.3e-17	26.8	235	87.4	50.2	41.4
WP_006268363.1	gnl|META|MONOMER-13055	6.2e-93	67.1	252	336.7	81.0	100.0
WP_006268363.1	gnl|META|MONOMER-13051	5.8e-91	64.4	250	330.1	78.8	99.2
WP_006268480.1	gnl|META|MONOMER-20784	5.1e-39	27.2	426	158.3	48.6	97.2
WP_006268635.1	gnl|META|MONOMER-17004	7.0e-125	76.1	285	443.0	87.0	98.6
WP_006268635.1	gnl|META|DTDPGLUCOSEPP-MONOMER	7.3e-114	68.0	284	406.4	83.1	98.3
WP_006268635.1	gnl|META|MONOMER-18132	1.6e-113	68.6	283	405.2	82.7	97.9
WP_006268747.1	gnl|META|MONOMER-20028	5.7e-195	77.3	437	676.4	87.4	100.0
WP_006268813.1	gnl|META|EG10242-MONOMER	2.8e-25	22.1	353	112.5	48.7	93.4
WP_006268841.1	gnl|META|G12WB-159-MONOMER	1.4e-69	46.4	278	259.2	68.7	98.6
WP_006268861.1	gnl|META|G12WB-158-MONOMER	3.0e-59	42.6	277	224.9	66.4	93.8
WP_006269005.1	gnl|META|EG10530-MONOMER	1.5e-04	28.5	158	42.7	46.8	69.1
WP_006269097.1	gnl|META|GLPF-MONOMER	3.7e-23	33.5	233	104.8	52.4	91.1
WP_006269137.1	gnl|META|EG10904-MONOMER	4.7e-41	54.1	157	163.7	75.2	95.7
WP_006269234.1	gnl|META|GLPF-MONOMER	2.1e-17	27.1	284	85.9	43.3	96.8
WP_006269330.1	gnl|META|EG11195-MONOMER	1.1e-21	29.4	272	100.1	46.7	97.1
WP_006269331.1	gnl|META|B0752-MONOMER	2.0e-18	25.1	275	89.4	48.4	93.4
WP_006269334.1	gnl|META|B1791-MONOMER	1.6e-39	31.8	377	159.8	50.7	96.1
WP_006269335.1	gnl|META|HISS-MONOMER	2.0e-91	42.1	409	332.4	62.3	95.3
WP_006269337.1	gnl|META|MALE-MONOMER	8.6e-31	30.7	358	131.0	48.6	83.6
WP_006269339.1	gnl|META|GLYCOPHOSPHORYL-MONOMER	1.5e-147	40.3	755	519.6	59.3	95.6
WP_006269339.1	gnl|META|MONOMER-17099	7.9e-144	39.4	782	507.3	58.3	96.7
WP_006269339.1	gnl|META|MALDEXPHOSPHORYL-MONOMER	5.7e-142	39.4	751	501.1	58.7	95.6
WP_006269339.1	gnl|META|HS00949-MONOMER	3.1e-140	40.4	750	495.4	57.7	93.6
WP_006269339.1	gnl|META|HS02178-MONOMER	1.0e-138	39.6	750	490.3	58.3	93.6
WP_006269339.1	gnl|META|HS02099-MONOMER	5.1e-135	39.0	751	478.0	57.0	93.9
WP_006269340.1	gnl|META|MONOMER-2229	8.8e-57	28.8	604	218.0	44.4	70.8
WP_006269344.1	gnl|META|MONOMER-20024	4.1e-02	37.1	35	35.0	65.7	13.2
WP_006269345.1	gnl|META|MONOMER-20031	1.5e-124	69.0	332	442.2	84.3	89.2
WP_006269346.1	gnl|META|MONOMER-19310	1.8e-98	68.1	260	355.1	83.1	98.9
WP_006269347.1	gnl|META|MALONYL-COA-ACP-TRANSACYL-MONOMER	3.7e-63	43.8	308	238.0	63.6	99.0
WP_006269348.1	gnl|META|MONOMER-6563	1.4e-132	52.8	449	469.2	71.0	100.0
WP_006269349.1	gnl|META|MONOMER-14537	2.5e-137	55.3	445	485.0	74.2	97.8
WP_006269349.1	gnl|META|BIOTIN-CARBOXYL-MONOMER	4.3e-137	54.6	447	484.2	72.7	98.0
WP_006269349.1	gnl|META|MONOMER-11921	1.9e-132	52.1	443	468.8	74.0	97.4
WP_006269349.1	gnl|META|AT5G35360-MONOMER	4.6e-131	52.9	442	464.2	71.3	97.1
WP_006269350.1	gnl|META|MONOMER-19302	2.2e-119	53.4	408	425.2	69.9	98.5
WP_006269350.1	gnl|META|MONOMER-19312	4.1e-118	51.7	410	421.0	68.8	99.3
WP_006269351.1	gnl|META|SERS-MONOMER	1.4e-124	57.9	430	442.6	70.2	99.3
WP_006269353.1	gnl|META|CARBOXYL-TRANSFERASE-ALPHA-MONOMER	1.3e-66	52.2	255	249.2	69.0	98.0
WP_006269353.1	gnl|META|MONOMER-17286	1.2e-64	47.8	251	242.7	69.7	96.5
WP_006269354.1	gnl|META|MONOMER-19303	1.9e-59	48.3	242	225.3	66.5	99.6
WP_006269354.1	gnl|META|AT1G24360-MONOMER	2.0e-56	46.1	241	215.3	67.2	97.1
WP_006269354.1	gnl|META|3-OXOACYL-ACP-REDUCT-MONOMER	4.6e-53	43.7	245	204.1	65.3	100.0
WP_006269356.1	gnl|META|BCCP-MONOMER	6.4e-14	33.3	165	73.6	52.1	100.0
WP_006269356.1	gnl|META|MONOMER-17288	3.5e-12	32.7	159	67.8	52.2	97.0
WP_006269358.1	gnl|META|SPERMACTRAN-MONOMER	2.2e-04	24.1	112	42.0	44.6	61.3
WP_006269358.1	gnl|META|EG10850-MONOMER	1.4e-03	36.8	76	39.3	50.0	43.9
WP_006269359.1	gnl|META|EG12172-MONOMER	9.3e-11	35.0	100	62.8	54.0	72.1
WP_006269360.1	gnl|META|FABH-MONOMER	7.3e-62	38.6	321	233.8	61.1	98.8
WP_006269361.1	gnl|META|EG11757-MONOMER	1.6e-16	32.9	143	82.0	53.1	95.2
WP_006269364.1	gnl|META|MONOMER-17287	2.7e-60	42.5	280	228.4	62.9	95.8
WP_006269364.1	gnl|META|CARBOXYL-TRANSFERASE-BETA-MONOMER	3.3e-58	44.7	264	221.5	64.0	90.6
WP_006269364.1	gnl|META|ATCG00500-MONOMER	5.6e-58	43.9	280	220.7	63.9	95.1
WP_006269366.1	gnl|META|BSU02750-MONOMER	5.3e-33	33.8	225	137.5	57.8	91.8
WP_006269368.1	gnl|META|FOCA-MONOMER	9.6e-04	24.7	235	40.4	41.7	82.6
WP_006269370.1	gnl|META|BSU15510-MONOMER	4.7e-126	60.0	350	447.2	76.9	96.7
WP_006269371.1	gnl|META|MONOMER-13008	2.7e-63	36.2	373	238.8	58.7	93.6
WP_006269371.1	gnl|META|MONOMER-18938	4.5e-58	34.8	394	221.5	55.3	99.7
WP_006269372.1	gnl|META|PD00232	5.4e-19	32.2	208	91.3	51.0	66.9
WP_006269376.1	gnl|META|EG10548-MONOMER	2.0e-14	38.0	142	75.1	58.5	87.6
WP_006269380.1	gnl|META|YJCV-MONOMER	2.5e-07	25.6	238	52.8	44.5	66.7
WP_006269380.1	gnl|META|YTFT-MONOMER	4.3e-07	21.5	288	52.0	42.0	79.7
WP_006269381.1	gnl|META|BSU25300-MONOMER	4.2e-29	48.0	127	123.6	66.1	98.4
WP_006269381.1	gnl|META|HS08334-MONOMER	8.8e-27	50.0	122	115.9	64.8	93.8
WP_006269383.1	gnl|META|G7319-MONOMER	1.3e-05	30.6	124	46.2	46.8	63.1
WP_006269384.1	gnl|META|YNFJ-MONOMER	2.7e-13	25.7	319	72.8	45.1	74.1
WP_006269385.1	gnl|META|EG11207-MONOMER	1.4e-05	29.1	141	45.8	50.4	84.2
WP_006269387.1	gnl|META|HEMN-MONOMER	1.2e-31	24.8	383	133.7	49.1	96.3
WP_006269387.1	gnl|META|MONOMER-20152	7.2e-29	27.0	374	124.4	50.8	97.6
WP_006269389.1	gnl|META|PANTOTHENATE-KIN-MONOMER	3.0e-65	41.9	303	245.0	64.0	97.1
WP_006269390.1	gnl|META|URAA-MONOMER	7.5e-83	41.9	408	303.9	65.4	95.5
WP_006269391.1	gnl|META|MONOMER-7709	4.3e-01	41.9	31	30.8	64.5	20.9
WP_006269392.1	gnl|META|EG10919-MONOMER	5.4e-03	34.1	85	36.2	44.7	100.0
WP_006269393.1	gnl|META|EG10613-MONOMER	1.1e-47	24.9	547	187.6	48.8	94.1
WP_006269394.1	gnl|META|FUCP-MONOMER	4.0e-01	34.5	55	32.3	49.1	13.8
WP_006269396.1	gnl|META|EG10634-MONOMER	4.4e-38	31.6	253	154.5	53.8	98.4
WP_006269397.1	gnl|META|MONOMER-13099	1.1e-227	91.5	434	785.0	94.7	100.0
WP_006269400.1	gnl|META|EG12098-MONOMER	2.3e-54	40.9	301	208.8	59.5	96.0
WP_006269401.1	gnl|META|ALPHA-AMYL-CYTO-MONOMER	2.3e-112	43.1	489	402.1	58.7	99.4
WP_006269402.1	gnl|META|GLTL-MONOMER	6.5e-71	54.2	240	263.5	73.8	97.6
WP_006269402.1	gnl|META|GLNQ-MONOMER	6.1e-69	53.4	238	256.9	70.2	96.7
WP_006269404.1	gnl|META|MONOMER-20222	2.3e-16	31.2	208	82.0	50.0	98.1
WP_006269406.1	gnl|META|GLNP-MONOMER	5.6e-30	35.8	218	129.0	61.9	30.1
WP_006269408.1	gnl|META|MONOMER-17535	1.3e-15	37.9	95	79.3	57.9	51.9
WP_006269408.1	gnl|META|EG11723-MONOMER	1.7e-15	34.4	189	79.0	46.6	90.7
WP_006269410.1	gnl|META|EG10613-MONOMER	1.3e-61	30.6	520	233.8	50.8	88.3
WP_006269411.1	gnl|META|MONOMER-17881	7.9e-125	56.1	428	443.4	71.5	99.1
WP_006269412.1	gnl|META|BSU15520-MONOMER	0.0e+00	68.8	1057	1442.2	82.2	99.8
WP_006269415.1	gnl|META|XYLG-MONOMER	2.1e-79	38.0	484	292.7	57.6	93.3
WP_006269415.1	gnl|META|MGLA-MONOMER	4.6e-79	34.3	492	291.6	57.5	96.3
WP_006269415.1	gnl|META|RBSA-MONOMER	1.0e-78	35.7	504	290.4	55.0	98.4
WP_006269415.1	gnl|META|YJCW-MONOMER	1.3e-78	35.1	498	290.0	56.8	95.5
WP_006269415.1	gnl|META|YTFR-MONOMER	1.7e-73	34.8	483	273.1	54.9	93.5
WP_006269416.1	gnl|META|ASNS-MONOMER	6.1e-67	33.7	457	251.1	52.1	95.3
WP_006269417.1	gnl|META|BAES-MONOMER	3.5e-22	29.7	232	102.4	49.6	51.1
WP_006269418.1	gnl|META|EG11062-MONOMER	2.5e-210	56.0	664	728.0	74.4	98.5
WP_006269421.1	gnl|META|MONOMER-17076	3.4e-21	24.7	522	99.4	41.8	92.0
WP_006269422.1	gnl|META|MONOMER-6081	4.7e-114	62.4	319	407.1	76.8	100.0
WP_006269426.1	gnl|META|RIBULP3EPIM-MONOMER	1.7e-46	46.8	205	182.2	65.9	92.2
WP_006269428.1	gnl|META|G7841-MONOMER	8.9e-35	35.0	309	143.7	53.7	95.5
WP_006269430.1	gnl|META|GLYCEROL-KIN-MONOMER	1.6e-172	57.6	491	602.1	75.6	97.6
WP_006269431.1	gnl|META|G12WB-159-MONOMER	4.5e-09	24.4	209	57.8	45.5	89.6
WP_006269431.1	gnl|META|ZNUC-MONOMER	4.5e-09	26.0	177	57.8	44.6	84.2
WP_006269431.1	gnl|META|MONOMER-19989	1.3e-08	24.0	196	56.2	43.4	92.6
WP_006269431.1	gnl|META|BSU02750-MONOMER	2.2e-08	26.0	177	55.5	44.6	76.2
WP_006269432.1	gnl|META|EG10523-MONOMER	5.4e-32	31.2	269	134.4	50.6	92.4
WP_006269434.1	gnl|META|EG10424-MONOMER	9.4e-01	45.5	22	30.0	72.7	11.5
WP_006269437.1	gnl|META|MONOMER-16557	6.9e-09	28.9	142	57.8	50.0	43.3
WP_006269438.1	gnl|META|ADENPRIBOSYLTRAN-MONOMER	1.2e-06	29.1	127	50.1	47.2	46.7
WP_006269438.1	gnl|META|MONOMER-19925	1.6e-06	24.4	123	49.7	49.6	45.2
WP_006269439.1	gnl|META|MONOMER-16600	1.5e-15	29.5	227	79.7	43.2	72.7
WP_006269439.1	gnl|META|AT2G28800-MONOMER	5.6e-15	27.8	263	77.8	44.1	79.3
WP_006269441.1	gnl|META|MONOMER-15459	7.0e-124	50.6	427	440.3	69.8	96.4
WP_006269444.1	gnl|META|EG11888-MONOMER	3.4e-26	41.8	153	114.4	62.1	89.3
WP_006269446.1	gnl|META|G7319-MONOMER	1.6e-83	37.0	457	306.2	59.5	98.2
WP_006269448.1	gnl|META|ARCB-MONOMER	2.2e-04	36.9	65	42.4	55.4	28.4
WP_006269449.1	gnl|META|EG10668-MONOMER	2.3e-04	34.5	58	41.2	50.0	53.7
WP_006269449.1	gnl|META|PD00230	8.8e-04	33.9	59	39.3	47.5	54.6
WP_006269450.1	gnl|META|MONOMER-16328	1.7e-15	36.0	136	79.3	54.4	53.3
WP_006269450.1	gnl|META|G7845-MONOMER	1.2e-13	25.6	238	73.2	46.2	88.2
WP_006269452.1	gnl|META|G7530-MONOMER	9.7e-38	46.1	191	153.7	59.2	57.6
WP_006269453.1	gnl|META|MONOMER3O-4030	2.2e-01	33.3	57	32.0	49.1	33.1
WP_006269455.1	gnl|META|MONOMER-20008	8.7e-19	32.4	182	90.1	52.2	83.8
WP_006269456.1	gnl|META|KEFB-MONOMER	1.8e-02	24.2	99	37.0	48.5	21.8
WP_006269456.1	gnl|META|MONOMER-20171	2.4e-02	50.0	34	36.6	70.6	7.3
WP_006269457.1	gnl|META|EG11494-MONOMER	1.8e-20	26.6	316	97.1	46.2	58.2
WP_006269459.1	gnl|META|MONOMER-15462	9.5e-60	43.6	264	226.5	63.3	99.2
WP_006269460.1	gnl|META|YFL017C-MONOMER	3.3e-02	31.6	57	34.7	50.9	34.5
WP_006269462.1	gnl|META|ENSG00000173566-MONOMER	1.0e-05	26.2	122	46.2	48.4	76.0
WP_006269462.1	gnl|META|G6580-MONOMER	3.0e-05	26.8	82	44.7	51.2	53.2
WP_006269463.1	gnl|META|EG11921-MONOMER	4.3e-35	36.7	240	144.4	59.2	97.5
WP_006269463.1	gnl|META|EG12044-MONOMER	5.3e-33	35.9	237	137.5	56.5	96.3
WP_006269465.1	gnl|META|MONOMER-10303	7.8e-01	32.0	50	30.8	56.0	18.5
WP_006269467.1	gnl|META|6PGLUCONDEHYDROG-MONOMER	4.3e-188	70.6	472	653.7	81.8	99.6
WP_006269467.1	gnl|META|MONOMER-6842	2.9e-184	68.1	470	641.0	81.7	99.2
WP_006269468.1	gnl|META|MONOMER-16600	1.9e-03	23.8	269	39.7	39.8	78.0
WP_006269470.1	gnl|META|TRKG-MONOMER	6.5e-59	31.7	464	224.6	54.1	95.2
WP_006269470.1	gnl|META|TRKH-MONOMER	1.1e-58	32.1	486	223.8	56.0	99.4
WP_006269471.1	gnl|META|G6952-MONOMER	1.6e-01	51.6	31	32.7	74.2	14.3
WP_006269472.1	gnl|META|DIACYLGLYKIN-MONOMER	1.8e-06	34.3	108	48.5	53.7	79.9
WP_006269476.1	gnl|META|GMP-SYN-MONOMER	4.5e-154	51.4	525	540.8	68.2	99.2
WP_006269476.1	gnl|META|YMR217W-MONOMER	5.1e-142	51.5	518	500.7	68.1	98.1
WP_006269478.1	gnl|META|ASPKINIHOMOSERDEHYDROGI-MONOMER	1.5e-14	24.4	361	77.0	42.4	73.6
WP_006269479.1	gnl|META|MONOMER-14537	1.2e-07	25.1	255	53.9	40.8	61.7
WP_006269479.1	gnl|META|MONOMER-18696	1.6e-07	25.1	267	53.5	41.6	63.7
WP_006269480.1	gnl|META|EG11180-MONOMER	1.0e-11	35.1	134	65.9	56.0	100.0
WP_006269481.1	gnl|META|EG10108-MONOMER	3.2e-04	26.9	108	41.6	47.2	53.6
WP_006269482.1	gnl|META|MONOMER-19803	2.4e-02	28.4	95	35.8	51.6	33.0
WP_006269483.1	gnl|META|MONOMER-14471	6.2e-119	67.5	308	423.3	81.5	98.7
WP_006269483.1	gnl|META|BSU15540-MONOMER	1.9e-107	64.2	296	385.2	80.7	94.9
WP_006269485.1	gnl|META|G7698-MONOMER	1.7e-13	29.1	179	72.4	44.1	87.5
WP_006269486.1	gnl|META|MONOMER-11684	3.5e-80	48.1	322	294.7	66.1	97.0
WP_006269487.1	gnl|META|EG10613-MONOMER	1.5e-57	27.8	562	220.3	49.6	96.7
WP_006269488.1	gnl|META|EG10861-MONOMER	4.8e-40	46.0	189	161.0	64.0	72.3
WP_006269489.1	gnl|META|MONOMER-11936	2.8e-86	58.9	280	314.7	74.6	99.3
WP_006269489.1	gnl|META|MONOMER-16803	2.4e-85	58.9	280	311.6	73.6	99.3
WP_006269491.1	gnl|META|MONOMER-1961	6.3e-17	28.2	301	84.3	43.2	94.1
WP_006269491.1	gnl|META|MONOMER-14633	1.1e-16	29.1	268	83.6	47.0	88.9
WP_006269492.1	gnl|META|EG10613-MONOMER	3.0e-58	29.0	527	222.6	50.9	90.2
WP_006269496.1	gnl|META|G7005-MONOMER	4.1e-29	43.4	145	124.0	64.1	87.9
WP_006269498.1	gnl|META|YDHE-MONOMER	1.3e-61	33.0	437	233.4	53.8	96.9
WP_006269499.1	gnl|META|EG10915-MONOMER	2.7e-14	46.1	76	73.9	68.4	82.2
WP_006269502.1	gnl|META|EG10997-MONOMER	7.1e-05	30.6	85	44.3	54.1	29.0
WP_006269502.1	gnl|META|G7319-MONOMER	3.5e-04	25.4	185	42.0	41.1	54.8
WP_006269502.1	gnl|META|EG10270-MONOMER	7.9e-04	53.1	32	40.8	75.0	11.3
WP_006269504.1	gnl|META|CRTCLOS-MONOMER	7.4e-57	45.4	249	216.9	63.9	96.1
WP_006269504.1	gnl|META|MONOMER-13469	3.8e-53	42.0	257	204.5	60.7	99.2
WP_006269506.1	gnl|META|MALTACETYLTRAN-MONOMER	4.5e-32	39.7	184	134.0	52.7	98.4
WP_006269507.1	gnl|META|GALACTOKIN-MONOMER	1.2e-66	36.7	387	250.0	57.6	97.2
WP_006269507.1	gnl|META|MONOMER-505	1.4e-62	39.5	365	236.5	57.0	91.8
WP_006269512.1	gnl|META|EG10270-MONOMER	1.4e-62	44.3	291	236.1	64.9	96.7
WP_006269514.1	gnl|META|MONOMER-20007	4.2e-70	46.1	310	261.2	62.6	96.0
WP_006269515.1	gnl|META|BSU10250-MONOMER	6.2e-85	45.2	330	310.5	67.0	99.4
WP_006269515.1	gnl|META|MONOMER-17111	2.3e-79	44.1	322	292.0	67.1	97.3
WP_006269515.1	gnl|META|MONOMER-17110	1.6e-77	43.4	316	285.8	67.4	96.0
WP_006269516.1	gnl|META|EG11058-MONOMER	4.6e-60	52.6	215	227.3	68.4	97.2
WP_006269518.1	gnl|META|AT3G49680-MONOMER	2.6e-70	41.0	339	261.9	60.5	99.1
WP_006269521.1	gnl|META|EG10900-MONOMER	1.2e-53	36.0	358	206.8	57.3	88.7
WP_006269522.1	gnl|META|EG10613-MONOMER	1.1e-57	28.5	513	220.7	53.4	88.7
WP_006269523.1	gnl|META|EG10329-MONOMER	1.2e-44	40.8	272	176.4	53.3	99.3
WP_006269524.1	gnl|META|MONOMER-18049	1.5e-41	27.9	416	166.8	48.1	90.8
WP_006269526.1	gnl|META|BRNQ-MONOMER	2.1e-51	33.7	427	199.5	54.1	95.0
WP_006269529.1	gnl|META|NANT-MONOMER	3.9e-12	26.0	177	68.9	45.8	43.0
WP_006269531.1	gnl|META|MONOMER-2229	2.0e-46	26.0	745	183.7	39.9	80.0
WP_006269532.1	gnl|META|CELB-MONOMER	6.7e-10	34.4	131	61.6	48.9	29.6
WP_006269534.1	gnl|META|GLYOHMETRANS-MONOMER	2.0e-136	59.2	409	481.9	76.3	97.4
WP_006269534.1	gnl|META|MONOMER-8567	8.6e-132	57.0	421	466.5	72.2	99.0
WP_006269534.1	gnl|META|MONOMER-4244	1.5e-128	57.9	413	455.7	72.4	97.4
WP_006269540.1	gnl|META|MONOMER-20595	1.9e-26	25.4	351	116.3	46.7	93.2
WP_006269540.1	gnl|META|MONOMER-13470	7.3e-26	24.8	351	114.4	44.4	92.7
WP_006269540.1	gnl|META|HS03876-MONOMER	4.0e-24	23.8	353	108.6	46.7	92.4
WP_006269541.1	gnl|META|MONOMER-12812	3.3e-127	63.4	363	451.1	78.8	98.1
WP_006269541.1	gnl|META|MONOMER-12815	2.8e-126	60.6	371	448.0	77.6	100.0
WP_006269543.1	gnl|META|G1I0R-1336-MONOMER	2.6e-15	25.5	263	79.0	48.3	87.9
WP_006269544.1	gnl|META|MONOMER-16296	5.0e-18	26.2	195	88.2	49.7	58.8
WP_006269544.1	gnl|META|MONOMER-16620	1.6e-16	28.2	227	83.2	47.1	66.5
WP_006269544.1	gnl|META|MONOMER-13277	1.6e-16	28.3	205	83.2	50.7	59.1
WP_006269545.1	gnl|META|MONOMER-18726	1.5e-06	26.5	162	50.4	43.2	35.0
WP_006269546.1	gnl|META|BIOTINLIG-MONOMER	4.0e-25	29.9	314	111.7	48.4	96.5
WP_006269547.1	gnl|META|EG10424-MONOMER	1.6e-145	39.4	800	512.7	52.5	97.1
WP_006269550.1	gnl|META|HS02879-MONOMER	1.6e-11	28.3	145	65.5	46.2	92.9
WP_006269551.1	gnl|META|NARL-MONOMER	1.6e-13	33.6	110	72.8	59.1	45.1
WP_006269553.1	gnl|META|HS07688-MONOMER	4.2e-39	31.6	342	158.3	52.0	97.7
WP_006269553.1	gnl|META|E2P-MONOMER	2.8e-35	29.2	342	145.6	46.2	98.0
WP_006269553.1	gnl|META|MONOMER-11686	6.2e-35	30.6	340	144.4	50.6	96.8
WP_006269555.1	gnl|META|AT3G51840-MONOMER	8.4e-76	40.3	390	280.4	57.4	96.3
WP_006269559.1	gnl|META|EG12007-MONOMER	3.9e-26	34.0	194	115.9	55.2	34.0
WP_006269559.1	gnl|META|G7243-MONOMER	1.8e-23	34.4	224	107.1	55.4	37.7
WP_006269560.1	gnl|META|EG11404-MONOMER	1.3e-13	33.3	192	73.9	44.3	39.0
WP_006269561.1	gnl|META|EG10613-MONOMER	5.1e-66	29.4	572	248.4	52.3	98.3
WP_006269563.1	gnl|META|AT1G68760-MONOMER	1.4e-05	47.6	42	45.8	69.0	26.6
WP_006269563.1	gnl|META|G6580-MONOMER	8.9e-05	29.7	91	43.1	47.3	57.6
WP_006269564.1	gnl|META|EG12394-MONOMER	1.2e-25	45.2	124	113.6	62.1	33.6
WP_006269565.1	gnl|META|G6530-MONOMER	3.2e-06	22.4	255	48.9	37.6	67.7
WP_006269566.1	gnl|META|EG11259-MONOMER	4.5e-102	33.7	768	368.6	54.2	94.4
WP_006269568.1	gnl|META|EG10375-MONOMER	9.5e-12	43.5	85	67.8	58.8	19.1
WP_006269569.1	gnl|META|MONOMER-14178	4.8e-77	39.6	455	285.0	59.1	77.6
WP_006269569.1	gnl|META|HS01727-MONOMER	2.6e-75	39.6	449	279.3	57.2	75.8
WP_006269569.1	gnl|META|MONOMER-12931	6.5e-74	39.6	460	274.6	56.7	77.6
WP_006269569.1	gnl|META|E3-MONOMER	1.1e-70	38.2	440	263.8	57.0	75.1
WP_006269569.1	gnl|META|MONOMER-11687	1.3e-69	38.0	455	260.4	56.0	78.1
WP_006269569.1	gnl|META|MONOMER-18303	2.2e-69	38.5	447	259.6	55.9	75.8
WP_006269570.1	gnl|META|EG11500-MONOMER	1.0e-10	23.6	322	64.7	40.1	54.9
WP_006269571.1	gnl|META|BSU02750-MONOMER	9.6e-38	33.6	217	153.7	59.4	66.4
WP_006269573.1	gnl|META|EG12312-MONOMER	1.7e-21	34.4	180	99.0	55.0	91.4
WP_006269574.1	gnl|META|MONOMER-14087	1.8e-80	71.0	214	295.0	84.1	99.5
WP_006269577.1	gnl|META|MONOMER-14588	3.7e-07	30.3	119	52.0	50.4	39.0
WP_006269577.1	gnl|META|MONOMER-13014	1.1e-06	21.8	197	50.4	43.7	60.3
WP_006269577.1	gnl|META|MONOMER-20861	2.4e-06	21.8	197	49.3	44.2	60.3
WP_006269582.1	gnl|META|MONOMER-11687	2.3e-50	29.0	448	196.1	47.3	97.3
WP_006269582.1	gnl|META|MONOMER-585	2.5e-49	27.5	455	192.6	48.6	98.6
WP_006269582.1	gnl|META|E3-MONOMER	4.7e-48	28.3	449	188.3	48.1	97.5
WP_006269582.1	gnl|META|G18NG-11595-MONOMER	1.5e-46	30.4	450	183.3	47.8	97.5
WP_006269582.1	gnl|META|MONOMER-18551	7.6e-46	27.9	451	181.0	47.9	97.7
WP_006269583.1	gnl|META|PD00232	3.5e-10	26.2	214	62.0	47.2	67.9
WP_006269585.1	gnl|META|EG12354-MONOMER	6.1e-01	29.8	84	31.6	45.2	16.7
WP_006269587.1	gnl|META|YADQ-MONOMER	8.1e-47	37.0	357	184.5	54.6	68.0
WP_006269588.1	gnl|META|EG12133-MONOMER	5.7e-73	54.8	263	270.4	69.6	99.2
WP_006269589.1	gnl|META|EG12424-MONOMER	1.0e-16	34.1	208	83.6	51.4	74.6
WP_006269589.1	gnl|META|EG12449-MONOMER	2.3e-16	32.8	180	82.4	50.0	62.3
WP_006269592.1	gnl|META|BSU15500-MONOMER	2.3e-76	41.3	421	282.3	56.1	98.8
WP_006269594.1	gnl|META|PD00219	1.6e-19	26.2	351	93.2	47.6	99.4
WP_006269597.1	gnl|META|MONOMER-17228	8.7e-09	23.9	209	57.0	44.0	85.8
WP_006269597.1	gnl|META|MONOMER-20808	9.6e-08	23.6	237	53.5	40.9	94.0
WP_006269597.1	gnl|META|MONOMER-20807	9.6e-08	23.6	237	53.5	40.9	94.0
WP_006269597.1	gnl|META|MONOMER-18361	1.6e-07	30.4	115	52.8	53.0	49.1
WP_006269602.1	gnl|META|THRS-MONOMER	1.9e-141	40.0	642	499.2	60.1	98.5
WP_006269603.1	gnl|META|YEHX-MONOMER	1.2e-64	50.6	233	242.7	71.7	97.5
WP_006269607.1	gnl|META|MONOMER-4503	4.4e-92	49.2	356	334.3	67.1	98.3
WP_006269607.1	gnl|META|GLYCDEH-MONOMER	1.0e-88	48.2	357	323.2	63.6	98.6
WP_006269609.1	gnl|META|AROC-MONOMER	1.7e-49	37.5	365	193.0	53.4	93.8
WP_006269610.1	gnl|META|MONOMER-2781	4.5e-32	44.1	143	133.7	68.5	100.0
WP_006269612.1	gnl|META|G3O-30531-MONOMER	4.5e-33	24.3	597	139.4	41.9	70.2
WP_006269617.1	gnl|META|MONOMER-13835	1.5e-200	50.0	700	695.7	68.4	96.8
WP_006269617.1	gnl|META|NRDE-MONOMER	7.4e-200	49.3	700	693.3	68.7	96.8
WP_006269619.1	gnl|META|MONOMER-2745	2.9e-23	28.7	272	105.5	48.5	85.8
WP_006269621.1	gnl|META|DEOD-MONOMER	6.5e-60	50.2	231	226.9	69.3	97.9
WP_006269622.1	gnl|META|MONOMER-13836	5.1e-92	52.2	312	334.0	69.6	97.5
WP_006269622.1	gnl|META|NRDF-MONOMER	4.0e-89	50.3	312	324.3	67.9	97.5
WP_006269628.1	gnl|META|CELB-MONOMER	2.6e-46	31.2	429	182.6	51.5	94.7
WP_006269631.1	gnl|META|HS07681-MONOMER	3.8e-11	42.5	73	65.9	58.9	15.2
WP_006269633.1	gnl|META|MONOMER0-2121	1.7e-01	27.3	77	31.6	46.8	76.2
WP_006269634.1	gnl|META|YEHW-MONOMER	7.7e-26	36.8	204	114.8	57.4	39.2
WP_006269634.1	gnl|META|YEHY-MONOMER	5.6e-24	33.2	214	108.6	55.6	38.8
WP_006269637.1	gnl|META|EG11905-MONOMER	8.0e-36	37.5	224	146.7	56.7	100.0
WP_006269637.1	gnl|META|G6428-MONOMER	3.7e-33	37.8	222	137.9	54.5	100.0
WP_006269638.1	gnl|META|LYSU-MONOMER	2.1e-132	51.1	491	468.8	67.4	98.6
WP_006269638.1	gnl|META|LYSS-MONOMER	2.7e-132	51.0	492	468.4	66.9	99.0
WP_006269641.1	gnl|META|MONOMER-2782	1.8e-59	64.0	172	224.9	79.1	100.0
WP_006269645.1	gnl|META|G6501-MONOMER	6.9e-04	30.7	75	40.8	60.0	29.0
WP_006269645.1	gnl|META|HS05660-MONOMER	2.0e-03	26.0	96	39.3	50.0	38.7
WP_006269646.1	gnl|META|G6501-MONOMER	2.8e-36	28.0	361	149.1	49.3	91.0
WP_006269647.1	gnl|META|MONOMER-20147	1.1e-01	30.9	68	32.0	45.6	81.9
WP_006269651.1	gnl|META|EG10458-MONOMER	1.0e-22	22.9	384	104.4	44.5	72.9
WP_006269653.1	gnl|META|G7868-MONOMER	7.4e-26	31.7	268	114.0	48.9	92.6
WP_006269656.1	gnl|META|G7599-MONOMER	7.1e-01	28.2	85	30.8	44.7	34.4
WP_006269660.1	gnl|META|EG11063-MONOMER	3.0e-93	37.4	609	339.0	56.8	97.0
WP_006269661.1	gnl|META|EG10997-MONOMER	2.9e-64	33.5	460	242.3	56.3	98.7
WP_006269667.1	gnl|META|MACB	1.9e-43	45.0	218	172.2	63.3	91.4
WP_006269669.1	gnl|META|PTSI-MONOMER	6.1e-144	46.9	574	507.3	67.9	99.1
WP_006269671.1	gnl|META|AROD-MONOMER	1.6e-23	29.2	236	105.9	56.8	99.1
WP_006269672.1	gnl|META|EG10613-MONOMER	1.6e-56	28.7	512	216.9	54.1	87.3
WP_006269673.1	gnl|META|MONOMER-14108	4.6e-01	37.5	48	30.8	62.5	28.9
WP_006269675.1	gnl|META|EG10344-MONOMER	1.5e-40	32.1	377	163.3	54.1	91.2
WP_006269677.1	gnl|META|G18NG-12136-MONOMER	7.9e-09	33.8	71	55.5	63.4	98.6
WP_006269679.1	gnl|META|EG11234-MONOMER	1.9e-53	38.7	284	205.7	59.2	98.2
WP_006269682.1	gnl|META|G7649-MONOMER	5.8e-11	36.4	77	62.8	63.6	90.6
WP_006269683.1	gnl|META|HS02151-MONOMER	8.7e-61	47.8	270	229.9	64.4	96.7
WP_006269683.1	gnl|META|XANTHOSINEPHOSPHORY-MONOMER	7.6e-57	46.2	251	216.9	61.8	92.2
WP_006269684.1	gnl|META|MONOMER-20852	1.0e-152	37.8	839	537.0	55.2	97.2
WP_006269685.1	gnl|META|MONOMER-3824	5.8e-101	31.8	801	365.2	50.6	86.2
WP_006269685.1	gnl|META|AT3G14940-MONOMER	2.9e-100	29.2	952	362.8	46.2	97.8
WP_006269685.1	gnl|META|PEPCARBOX-MONOMER	7.6e-93	29.0	913	338.2	49.5	98.4
WP_006269687.1	gnl|META|MONOMER-17156	1.0e-28	31.6	335	124.4	43.6	48.9
WP_006269688.1	gnl|META|MONOMER-20032	3.3e-121	63.8	447	431.4	74.7	99.3
WP_006269691.1	gnl|META|G1I0R-1684-MONOMER	2.6e-64	43.4	304	241.9	64.1	96.5
WP_006269692.1	gnl|META|MONOMER-2123	8.9e-02	22.2	198	33.5	40.4	91.5
WP_006269692.1	gnl|META|MONOMER-18834	3.4e-01	55.0	20	31.6	80.0	10.0
WP_006269693.1	gnl|META|MONOMER-14476	3.5e-28	30.6	265	122.1	52.1	71.2
WP_006269697.1	gnl|META|MONOMER-15530	4.2e-19	44.2	104	91.3	64.4	44.4
WP_006269699.1	gnl|META|EG10901-MONOMER	8.7e-66	50.7	225	246.5	71.1	86.5
WP_006269700.1	gnl|META|EG11372-MONOMER	2.0e-33	45.6	147	138.3	68.0	94.2
WP_006269704.1	gnl|META|ADENYLOSUCCINATE-SYN-MONOMER	6.2e-117	48.0	423	417.2	66.2	97.9
WP_006269705.1	gnl|META|SYNPCC7942_0260-MONOMER	2.7e-174	42.6	827	608.6	63.0	97.9
WP_006269706.1	gnl|META|ZNUA-MONOMER	3.3e-13	22.0	254	72.8	40.2	49.4
WP_006269711.1	gnl|META|MONOMER-15456	3.3e-62	30.6	615	236.1	49.3	78.3
WP_006269712.1	gnl|META|MONOMER-802	8.5e-02	24.0	104	33.1	44.2	68.5
WP_006269712.1	gnl|META|ENSG00000110583-MONOMER	1.9e-01	28.8	59	32.0	52.5	39.7
WP_006269712.1	gnl|META|ENSG00000144035-MONOMER	4.2e-01	28.8	59	30.8	49.2	40.4
WP_006269713.1	gnl|META|MONOMER-17421	3.9e-42	36.8	266	169.5	56.0	35.5
WP_006269713.1	gnl|META|MONOMER-17423	1.1e-39	35.1	271	161.4	55.4	35.5
WP_006269714.1	gnl|META|EG11118-MONOMER	4.0e-27	31.4	283	118.2	50.9	90.7
WP_006269725.1	gnl|META|FEPC-MONOMER	2.8e-23	31.6	212	105.1	48.1	87.6
WP_006269725.1	gnl|META|FHUC-MONOMER	1.1e-22	30.1	206	103.2	49.0	85.9
WP_006269725.1	gnl|META|G12WB-159-MONOMER	3.1e-22	29.4	214	101.7	53.3	86.3
WP_006269725.1	gnl|META|FECE-MONOMER	2.6e-21	29.2	209	98.6	49.3	87.2
WP_006269725.1	gnl|META|ZNUC-MONOMER	1.3e-20	31.1	222	96.3	48.6	94.9
WP_006269726.1	gnl|META|MONOMER-14503	5.5e-121	38.2	775	431.4	58.1	99.1
WP_006269729.1	gnl|META|ZNUB-MONOMER	8.5e-16	27.6	254	80.5	53.5	94.0
WP_006269730.1	gnl|META|EG11247-MONOMER	6.2e-35	25.5	451	144.8	45.0	96.9
WP_006269731.1	gnl|META|HS09822-MONOMER	7.4e-01	37.8	37	30.8	62.2	14.3
WP_006269737.1	gnl|META|VALS-MONOMER	1.6e-207	41.9	940	719.2	59.9	96.9
WP_006269739.1	gnl|META|FECE-MONOMER	1.5e-43	38.9	252	172.6	60.7	99.2
WP_006269739.1	gnl|META|FEPC-MONOMER	1.4e-41	37.2	231	166.0	61.5	91.6
WP_006269739.1	gnl|META|FHUC-MONOMER	4.2e-41	36.6	232	164.5	62.1	92.0
WP_006269741.1	gnl|META|MONOMER-12255	5.6e-68	36.3	432	254.6	55.1	92.3
WP_006269743.1	gnl|META|SYNPCC7942_0260-MONOMER	2.6e-187	52.1	672	651.7	71.0	85.2
WP_006269745.1	gnl|META|FECD-MONOMER	3.6e-21	25.7	307	98.6	51.1	94.0
WP_006269745.1	gnl|META|BTUC-MONOMER	2.0e-19	26.6	316	92.8	48.4	95.9
WP_006269746.1	gnl|META|MONOMER-20274	7.5e-87	56.8	278	316.6	74.1	97.9
WP_006269746.1	gnl|META|CYCLODEHYCLTH-MONOMER	6.1e-81	54.7	278	297.0	72.7	97.9
WP_006269747.1	gnl|META|EG10529-MONOMER	4.4e-21	33.1	160	99.0	59.4	30.2
WP_006269749.1	gnl|META|FHUB-MONOMER	7.1e-01	21.7	322	31.2	41.9	95.9
WP_006269753.1	gnl|META|AT2G18640-MONOMER	2.9e-49	47.4	228	191.8	64.0	75.0
WP_006269753.1	gnl|META|MONOMER-12171	3.8e-49	44.4	257	191.4	61.1	84.3
WP_006269753.1	gnl|META|AT3G14550-MONOMER	5.0e-49	46.1	241	191.0	61.8	78.3
WP_006269753.1	gnl|META|AT4G36810-MONOMER	1.5e-48	45.8	236	189.5	64.8	76.3
WP_006269753.1	gnl|META|MONOMER-11666	5.5e-48	45.5	246	187.6	62.6	81.0
WP_006269753.1	gnl|META|MONOMER-16157	1.0e-46	45.5	242	183.3	64.0	79.7
WP_006269753.1	gnl|META|AT2G23800-MONOMER	6.8e-46	45.0	229	180.6	62.4	75.3
WP_006269753.1	gnl|META|MONOMER-11994	3.4e-45	43.5	239	178.3	61.5	78.7
WP_006269754.1	gnl|META|FEOB-MONOMER	1.0e-108	34.8	755	390.6	54.3	97.2
WP_006269759.1	gnl|META|MONOMER-15472	1.3e-100	33.7	682	363.6	54.7	99.1
WP_006269760.1	gnl|META|EG11758-MONOMER	1.3e-22	32.1	246	103.2	47.6	88.2
WP_006269763.1	gnl|META|G1I0R-1336-MONOMER	2.9e-35	30.3	277	145.2	55.2	98.9
WP_006269765.1	gnl|META|EG11072-MONOMER	1.8e-63	41.7	302	239.6	63.9	67.5
WP_006269771.1	gnl|META|HP0100-MONOMER	1.6e-16	28.6	189	82.8	49.7	71.0
WP_006269772.1	gnl|META|BSU00140-MONOMER	2.8e-30	35.6	205	128.3	58.0	95.8
WP_006269774.1	gnl|META|EG10986-MONOMER	2.1e-45	46.4	179	178.3	63.7	95.7
WP_006269775.1	gnl|META|EG10823-MONOMER	1.5e-111	63.1	325	399.1	77.2	85.3
WP_006269776.1	gnl|META|EG10923-MONOMER	8.7e-26	35.5	197	113.2	55.3	95.4
WP_006269777.1	gnl|META|ARGS-MONOMER	1.9e-73	33.5	555	273.1	50.8	95.4
WP_006269779.1	gnl|META|EG11281-MONOMER	6.5e-62	31.0	564	235.0	52.0	85.6
WP_006269780.1	gnl|META|EG10625-MONOMER	1.2e-153	36.8	854	540.0	58.8	98.1
WP_006269781.1	gnl|META|G7409-MONOMER	2.4e-17	35.9	156	86.3	51.9	36.7
WP_006269784.1	gnl|META|CYSA-MONOMER	1.7e-24	36.9	222	109.0	52.7	99.0
WP_006269784.1	gnl|META|ABC-MONOMER	2.3e-24	33.2	223	108.6	53.8	99.0
WP_006269784.1	gnl|META|MACB	1.5e-23	33.3	216	105.9	55.6	94.7
WP_006269787.1	gnl|META|PYRUVOXID-MONOMER	1.5e-65	27.7	555	246.9	50.6	91.8
WP_006269789.1	gnl|META|MONOMER-19263	2.0e-10	24.5	245	63.9	43.3	34.6
WP_006269795.1	gnl|META|EG11061-MONOMER	1.3e-308	56.7	943	1055.0	72.5	99.7
WP_006269797.1	gnl|META|POTA-MONOMER	3.6e-19	28.3	205	92.4	55.1	45.9
WP_006269797.1	gnl|META|CYSA-MONOMER	3.0e-18	31.4	207	89.4	52.2	45.5
WP_006269797.1	gnl|META|YEHX-MONOMER	1.2e-17	28.6	224	87.4	50.9	50.0
WP_006269797.1	gnl|META|FHUC-MONOMER	4.4e-17	33.3	210	85.5	51.4	45.7
WP_006269797.1	gnl|META|FECE-MONOMER	4.4e-17	29.6	206	85.5	50.5	45.3
WP_006269801.1	gnl|META|MONOMER-5946	5.6e-152	47.6	552	533.9	64.1	98.7
WP_006269804.1	gnl|META|MONOMER-14544	2.7e-09	28.3	198	58.5	46.5	93.3
WP_006269806.1	gnl|META|CELA-MONOMER	1.4e-09	43.1	102	58.5	57.8	94.3
WP_006269807.1	gnl|META|EG10114-MONOMER	2.1e-158	57.8	474	555.1	71.1	98.7
WP_006269807.1	gnl|META|EG10085-MONOMER	3.1e-154	54.4	480	541.2	67.7	99.4
WP_006269807.1	gnl|META|G495-MONOMER	1.1e-143	50.2	484	506.1	68.0	98.5
WP_006269810.1	gnl|META|CELC-MONOMER	1.9e-11	39.6	96	64.7	65.6	89.7
WP_006269812.1	gnl|META|MONOMER-19002	3.0e-17	22.3	309	85.9	41.4	77.3
WP_006269818.1	gnl|META|G6442-MONOMER	1.4e-34	30.1	272	142.9	54.4	97.8
WP_006269818.1	gnl|META|G6425-MONOMER	2.7e-33	30.2	275	138.7	54.5	97.8
WP_006269821.1	gnl|META|MONOMER-16979	2.6e-27	33.3	228	119.4	55.7	52.0
WP_006269827.1	gnl|META|YBHF-MONOMER	9.7e-34	35.0	226	140.2	58.4	74.0
WP_006269828.1	gnl|META|LIVM-MONOMER	6.1e-29	35.0	243	124.4	55.1	66.1
WP_006269829.1	gnl|META|LIVK-MONOMER	5.2e-22	30.3	234	101.7	52.6	59.4
WP_006269829.1	gnl|META|LIVJ-MONOMER	2.0e-21	30.2	252	99.8	49.6	64.1
WP_006269830.1	gnl|META|MONOMER-10303	4.9e-214	92.5	388	739.6	96.4	100.0
WP_006269831.1	gnl|META|HS07110-MONOMER	1.7e-01	23.9	92	32.7	50.0	39.9
WP_006269832.1	gnl|META|EG11073-MONOMER	4.1e-13	26.6	289	71.6	42.9	97.8
WP_006269834.1	gnl|META|EG11500-MONOMER	1.5e-13	28.6	196	73.2	43.9	64.3
WP_006269835.1	gnl|META|G7641-MONOMER	1.6e-49	42.9	275	192.6	62.9	94.8
WP_006269836.1	gnl|META|MONOMER-20849	1.3e-14	26.5	162	76.3	51.9	73.9
WP_006269837.1	gnl|META|MONOMER-18949	8.7e-01	30.8	52	31.2	46.2	13.2
WP_006269838.1	gnl|META|MONOMER-14601	1.4e-70	27.0	829	264.2	47.9	79.6
WP_006269838.1	gnl|META|MONOMER-14600	5.2e-70	27.3	825	262.3	47.2	81.3
WP_006269838.1	gnl|META|MONOMER-14610	7.5e-69	25.5	959	258.5	46.5	98.4
WP_006269838.1	gnl|META|MONOMER-14597	4.9e-68	27.4	826	255.8	47.5	79.6
WP_006269838.1	gnl|META|G3O-30531-MONOMER	7.3e-64	26.5	823	241.9	47.6	91.3
WP_006269840.1	gnl|META|LIVG-MONOMER	3.9e-63	48.6	249	237.7	67.9	98.0
WP_006269841.1	gnl|META|METG-MONOMER	2.2e-73	28.4	687	273.1	47.0	98.2
WP_006269842.1	gnl|META|EG10662-MONOMER	8.5e-32	36.4	195	133.3	55.4	94.2
WP_006269845.1	gnl|META|MONOMER-16146	3.4e-47	31.0	464	185.7	50.2	93.6
WP_006269846.1	gnl|META|DTMPKI-MONOMER	1.0e-27	37.3	209	119.8	57.4	96.7
WP_006269847.1	gnl|META|BARA-MONOMER	7.2e-09	24.2	248	57.8	46.8	69.6
WP_006269848.1	gnl|META|EG10668-MONOMER	3.6e-28	53.9	102	120.9	72.5	59.8
WP_006269850.1	gnl|META|MONOMER-5946	3.4e-165	49.2	551	577.8	67.2	99.1
WP_006269850.1	gnl|META|TRE6PHYDRO-MONOMER	1.6e-149	48.0	538	525.8	64.7	97.4
WP_006269851.1	gnl|META|MONOMER-17676	2.5e-06	25.2	286	50.1	40.9	49.1
WP_006269851.1	gnl|META|AT4G37870-MONOMER	4.3e-06	25.2	314	49.3	41.4	53.8
WP_006269852.1	gnl|META|YGR155W-MONOMER	8.9e-02	28.6	105	34.7	51.4	22.9
WP_006269856.1	gnl|META|G1I0R-14-MONOMER	2.5e-03	24.1	170	39.3	47.6	48.2
WP_006269861.1	gnl|META|EG12401-MONOMER	3.4e-60	37.9	356	228.4	57.9	97.5
WP_006269862.1	gnl|META|MONOMER-12104	7.0e-55	41.3	242	210.3	62.4	90.9
WP_006269872.1	gnl|META|MONOMER-13393	8.1e-01	43.5	46	30.8	54.3	15.7
WP_006269873.1	gnl|META|G6859-MONOMER	1.2e-02	21.9	311	37.4	46.9	81.3
WP_006269876.1	gnl|META|ILES-MONOMER	1.2e-202	40.8	934	703.0	59.4	98.1
WP_006269877.1	gnl|META|AT4G14880-MONOMER	4.9e-84	53.2	308	307.4	72.4	98.7
WP_006269877.1	gnl|META|AT2G43750-MONOMER	5.6e-80	52.6	302	293.9	70.2	96.8
WP_006269877.1	gnl|META|AT3G59760-MONOMER	2.4e-78	50.7	302	288.5	70.2	96.8
WP_006269877.1	gnl|META|MONOMER-18016	1.1e-75	48.0	304	279.6	66.8	98.1
WP_006269877.1	gnl|META|ACSERLYA-MONOMER	2.5e-75	50.3	316	278.5	69.0	98.7
WP_006269878.1	gnl|META|EG10529-MONOMER	8.7e-40	28.2	510	161.4	47.5	77.0
WP_006269882.1	gnl|META|MONOMER-12256	2.4e-111	47.3	448	398.7	66.5	98.9
WP_006269884.1	gnl|META|GLTL-MONOMER	1.7e-25	34.1	208	112.5	53.4	94.1
WP_006269884.1	gnl|META|MALK-MONOMER	1.4e-24	34.2	196	109.4	54.6	88.6
WP_006269884.1	gnl|META|MACB	3.1e-24	33.9	186	108.2	54.8	84.5
WP_006269884.1	gnl|META|POTA-MONOMER	1.0e-22	31.1	219	103.2	54.3	98.6
WP_006269884.1	gnl|META|YHBG-MONOMER	1.7e-22	31.3	201	102.4	52.7	88.6
WP_006269884.1	gnl|META|UGPC-MONOMER	1.7e-22	33.5	197	102.4	54.8	88.6
WP_006269885.1	gnl|META|MONOMER-12258	5.2e-69	42.8	362	257.7	61.3	98.9
WP_006269888.1	gnl|META|G6131-MONOMER	2.1e-42	35.5	324	169.1	52.2	97.4
WP_006269892.1	gnl|META|MONOMER-20544	6.7e-46	25.4	927	182.2	40.3	98.7
WP_006269893.1	gnl|META|POTC-MONOMER	1.9e-36	35.0	246	149.1	61.8	95.7
WP_006269895.1	gnl|META|BSU29590-MONOMER	7.2e-85	42.4	380	310.5	62.9	99.7
WP_006269896.1	gnl|META|BSU29580-MONOMER	2.2e-108	50.1	395	388.7	69.4	97.8
WP_006269897.1	gnl|META|EG10780-MONOMER	1.1e-08	39.4	71	55.5	59.2	66.3
WP_006269897.1	gnl|META|G185E-7476-MONOMER	2.7e-07	36.1	97	50.8	54.6	89.1
WP_006269898.1	gnl|META|POTA-MONOMER	1.5e-74	52.8	288	276.2	68.8	73.2
WP_006269899.1	gnl|META|MONOMER-37	7.1e-02	24.6	69	33.9	46.4	33.0
WP_006269900.1	gnl|META|POTB-MONOMER	8.2e-35	34.1	258	143.7	58.1	91.4
WP_006269900.1	gnl|META|POTH-MONOMER	5.5e-31	35.2	213	131.0	58.2	77.6
WP_006269901.1	gnl|META|MONOMER-12254	4.2e-88	56.3	284	320.9	71.8	94.7
WP_006269903.1	gnl|META|POTD-MONOMER	2.8e-67	39.3	321	251.9	58.6	89.6
WP_006269907.1	gnl|META|ARAH-MONOMER	9.8e-02	28.1	89	33.9	50.6	30.9
WP_006269909.1	gnl|META|SYNPCC7942_0335-MONOMER	1.1e-03	25.9	112	39.7	46.4	62.9
WP_006269910.1	gnl|META|G185E-5505-MONOMER	5.1e-136	41.8	586	481.1	58.2	90.7
WP_006269910.1	gnl|META|GLYCOGEN-BRANCH-MONOMER	4.5e-132	38.5	616	468.0	57.8	95.6
WP_006269913.1	gnl|META|EG10613-MONOMER	2.1e-75	31.8	584	279.6	51.9	98.8
WP_006269918.1	gnl|META|MONOMER-15591	6.3e-01	28.4	116	33.1	41.4	9.4
WP_006269920.1	gnl|META|POTG-MONOMER	8.8e-23	30.8	237	103.6	53.2	94.4
WP_006269920.1	gnl|META|POTA-MONOMER	4.4e-22	31.5	238	101.3	50.8	92.0
WP_006269920.1	gnl|META|FEPC-MONOMER	6.3e-21	29.7	236	97.4	50.4	92.8
WP_006269920.1	gnl|META|SFUC-MONOMER	1.4e-20	35.0	203	96.3	56.7	80.5
WP_006269920.1	gnl|META|ABC-MONOMER	1.8e-20	30.7	231	95.9	51.9	90.8
WP_006269921.1	gnl|META|EG11357-MONOMER	3.1e-08	36.0	114	57.0	49.1	13.6
WP_006269922.1	gnl|META|EG10613-MONOMER	2.9e-61	27.2	569	232.6	52.0	97.9
WP_006269924.1	gnl|META|SYNPCC7942_0336-MONOMER	1.6e-169	59.8	495	592.0	77.4	98.4
WP_006269926.1	gnl|META|MONOMER-8702	9.4e-83	61.9	239	302.8	77.4	100.0
WP_006269927.1	gnl|META|EG10424-MONOMER	1.9e-170	43.4	798	595.5	56.3	97.7
WP_006269930.1	gnl|META|HMP-KIN-MONOMER	1.3e-15	32.7	168	79.3	50.6	87.9
WP_006269931.1	gnl|META|EG11211-MONOMER	4.8e-02	32.4	74	35.4	44.6	18.1
WP_006269932.1	gnl|META|MONOMER-15460	2.5e-131	57.0	423	464.9	75.9	99.1
WP_006269933.1	gnl|META|BSU02750-MONOMER	2.2e-28	32.8	201	122.5	58.2	66.0
WP_006269933.1	gnl|META|YHBG-MONOMER	1.6e-26	30.3	221	116.3	55.7	72.1
WP_006269933.1	gnl|META|YBHF-MONOMER	5.0e-25	30.5	220	111.3	52.7	72.7
WP_006269935.1	gnl|META|EG10837-MONOMER	9.0e-20	23.8	449	95.9	41.0	36.5
WP_006269937.1	gnl|META|6PGLUCONOLACT-MONOMER	1.7e-29	30.0	327	126.3	47.4	95.0
WP_006269941.1	gnl|META|HS00949-MONOMER	1.5e-185	41.3	790	646.0	62.7	96.5
WP_006269941.1	gnl|META|MONOMER-17099	2.9e-184	42.7	793	641.7	62.3	96.5
WP_006269941.1	gnl|META|HS02178-MONOMER	1.4e-183	41.3	794	639.4	63.4	96.5
WP_006269941.1	gnl|META|HS02099-MONOMER	1.1e-178	41.4	790	623.2	60.6	96.5
WP_006269941.1	gnl|META|GLYCOPHOSPHORYL-MONOMER	7.0e-175	41.6	769	610.5	60.5	94.7
WP_006269941.1	gnl|META|MALDEXPHOSPHORYL-MONOMER	1.5e-172	42.5	750	602.8	62.0	92.5
WP_006269943.1	gnl|META|EG10344-MONOMER	2.4e-22	25.7	401	102.8	46.4	94.9
WP_006269944.1	gnl|META|GLUC1PADENYLTRANS-MONOMER	1.6e-71	44.2	337	266.2	58.8	82.4
WP_006269947.1	gnl|META|AT5G24300-MONOMER	3.1e-85	36.8	505	312.0	54.1	99.6
WP_006269947.1	gnl|META|GLYCOGENSYN-MONOMER	1.9e-79	36.7	499	292.7	52.7	99.8
WP_006269948.1	gnl|META|EG10529-MONOMER	1.0e-15	28.6	231	82.0	46.8	22.1
WP_006269948.1	gnl|META|EG10942-MONOMER	1.6e-13	30.7	251	74.7	45.0	25.2
WP_006269950.1	gnl|META|MONOMER-13103	5.4e-205	89.0	381	709.5	95.8	99.2
WP_006269954.1	gnl|META|EG11919-MONOMER	1.2e-37	25.2	500	154.1	46.6	91.7
WP_006269955.1	gnl|META|BSU33400-MONOMER	9.7e-79	50.5	277	289.7	66.4	98.6
WP_006269957.1	gnl|META|G6991-MONOMER	3.8e-09	27.1	129	58.2	54.3	55.1
WP_006269959.1	gnl|META|G7405-MONOMER	3.1e-06	28.8	233	48.5	45.9	96.1
WP_006269960.1	gnl|META|EG11171-MONOMER	6.4e-69	44.3	327	257.3	63.3	95.8
WP_006269968.1	gnl|META|ENSG00000121579-MONOMER	9.4e-01	48.4	31	29.6	67.7	21.1
WP_006269970.1	gnl|META|L-GLN-FRUCT-6-P-AMINOTRANS-MONOMER	2.3e-109	37.0	614	392.5	58.0	100.0
WP_006269970.1	gnl|META|MONOMER-20591	6.9e-106	38.4	615	380.9	58.5	100.0
WP_006269971.1	gnl|META|TRANSKETOI-MONOMER	3.9e-179	49.3	659	624.4	66.6	98.9
WP_006269971.1	gnl|META|TRANSKETOII-MONOMER	4.3e-170	49.0	653	594.3	64.9	98.0
WP_006269972.1	gnl|META|UPPSYN-MONOMER	8.6e-63	48.3	238	236.5	67.2	95.6
WP_006269972.1	gnl|META|MONOMER-15682	3.4e-59	48.9	233	224.6	63.1	93.6
WP_006269974.1	gnl|META|MONOMER-4801	2.3e-39	30.3	379	159.5	48.8	83.3
WP_006269974.1	gnl|META|HS06237-MONOMER	2.2e-37	32.4	349	152.9	50.1	72.2
WP_006269974.1	gnl|META|AT5G41480-MONOMER	4.6e-35	29.9	361	145.2	48.5	75.2
WP_006269976.1	gnl|META|G7860-MONOMER	1.4e-78	59.2	228	288.9	73.2	97.9
WP_006269976.1	gnl|META|RIBULPEPIM-MONOMER	9.2e-75	56.3	231	276.2	71.4	98.7
WP_006269976.1	gnl|META|EG12287-MONOMER	2.7e-74	55.0	231	274.6	71.4	98.7
WP_006269977.1	gnl|META|MONOMER-502	2.3e-135	53.5	445	478.4	69.2	99.3
WP_006269979.1	gnl|META|MONOMER-428	2.3e-110	52.6	397	395.2	72.5	98.0
WP_006269979.1	gnl|META|ACKCLOS-MONOMER	1.2e-109	51.0	396	392.9	71.7	98.0
WP_006269979.1	gnl|META|STM2057-MONOMER	5.4e-107	50.8	392	384.0	69.6	98.2
WP_006269979.1	gnl|META|MONOMER-13473	1.0e-105	49.8	402	379.8	70.6	99.5
WP_006269979.1	gnl|META|MONOMER-20612	1.7e-105	50.9	389	379.0	71.7	96.5
WP_006269985.1	gnl|META|G7706-MONOMER	4.7e-02	30.8	91	33.5	53.8	83.8
WP_006269986.1	gnl|META|SYNPCC7942_0260-MONOMER	6.1e-154	46.8	652	540.8	65.2	87.6
WP_006269987.1	gnl|META|PROS-MONOMER	3.2e-127	42.1	624	451.8	59.9	99.5
WP_006269990.1	gnl|META|EG10599-MONOMER	2.8e-175	62.0	526	611.3	78.9	96.7
WP_006269992.1	gnl|META|G7704-MONOMER	2.4e-30	32.8	274	129.0	51.5	85.3
WP_006269994.1	gnl|META|YJFU-MONOMER	4.8e-38	50.7	150	153.7	68.7	91.9
WP_006269996.1	gnl|META|EG12436-MONOMER	1.8e-20	24.3	473	96.7	41.9	99.3
WP_006269997.1	gnl|META|YTFQ-MONOMER	3.1e-12	28.6	210	68.9	50.5	61.0
WP_006270000.1	gnl|META|RPOC-MONOMER	0.0e+00	45.3	1404	1118.2	59.4	98.8
WP_006270002.1	gnl|META|G7859-MONOMER	1.5e-82	51.9	283	302.4	71.0	99.0
WP_006270004.1	gnl|META|RED-THIOREDOXIN-MONOMER	6.7e-09	33.3	90	56.2	53.3	84.8
WP_006270004.1	gnl|META|RED-THIOREDOXIN2-MONOMER	2.6e-08	32.5	83	54.3	55.4	78.1
WP_006270007.1	gnl|META|TYRS-MONOMER	3.4e-120	50.8	421	427.9	70.1	99.8
WP_006270008.1	gnl|META|MONOMER-15456	5.6e-44	25.7	587	175.6	45.5	72.7
WP_006270015.1	gnl|META|EG11955-MONOMER	2.5e-122	38.1	606	435.6	57.6	93.4
WP_006270020.1	gnl|META|ASCF-MONOMER	3.1e-90	39.4	431	328.9	65.9	69.0
WP_006270020.1	gnl|META|BGLF-MONOMER	4.7e-86	31.8	607	315.1	52.4	96.4
WP_006270021.1	gnl|META|EG11497-MONOMER	3.0e-28	31.0	297	122.1	49.2	93.4
WP_006270022.1	gnl|META|HS10696-MONOMER	1.7e-05	28.7	94	45.4	47.9	62.7
WP_006270022.1	gnl|META|HS04604-MONOMER	4.9e-05	31.3	99	43.9	50.5	62.7
WP_006270022.1	gnl|META|HS03602-MONOMER	1.4e-04	26.9	93	42.4	47.3	62.0
WP_006270023.1	gnl|META|EG12366-MONOMER	4.2e-17	29.1	227	84.7	46.7	90.3
WP_006270035.1	gnl|META|EG11852-MONOMER	1.0e-31	49.7	143	132.5	66.4	96.6
WP_006270041.1	gnl|META|SPOT-MONOMER	1.7e-151	40.0	718	532.7	59.6	97.2
WP_006270042.1	gnl|META|EG10114-MONOMER	1.1e-146	54.4	472	516.2	69.3	100.0
WP_006270042.1	gnl|META|EG10085-MONOMER	1.9e-143	50.6	478	505.4	66.7	99.6
WP_006270042.1	gnl|META|G495-MONOMER	6.3e-139	49.8	478	490.3	67.8	98.7
WP_006270043.1	gnl|META|EG10924-MONOMER	6.5e-10	31.8	132	61.6	56.1	29.3
WP_006270044.1	gnl|META|ZNUA-MONOMER	2.2e-07	20.8	255	52.8	40.0	76.5
WP_006270045.1	gnl|META|MONOMER-2744	1.9e-99	58.0	314	358.6	76.1	97.5
WP_006270048.1	gnl|META|NARL-MONOMER	8.5e-21	29.3	198	96.7	56.1	94.0
WP_006270051.1	gnl|META|OPPA-MONOMER	7.1e-24	22.7	573	108.6	40.5	87.4
WP_006270052.1	gnl|META|EG11268-MONOMER	1.5e-56	40.3	298	216.1	59.4	94.9
WP_006270055.1	gnl|META|YBHF-MONOMER	1.7e-25	34.4	221	112.8	51.1	73.2
WP_006270060.1	gnl|META|MONOMER-14811	8.9e-02	38.9	36	34.7	61.1	8.1
WP_006270060.1	gnl|META|EG11062-MONOMER	4.4e-01	30.9	81	32.3	44.4	18.0
WP_006270062.1	gnl|META|G1I0R-1119-MONOMER	2.1e-149	50.3	555	525.4	69.5	100.0
WP_006270063.1	gnl|META|CYCA-MONOMER	6.4e-88	39.6	455	320.9	61.8	98.0
WP_006270065.1	gnl|META|G7037-MONOMER	3.7e-31	34.8	224	132.5	54.5	43.0
WP_006270065.1	gnl|META|GLNP-MONOMER	2.0e-29	36.2	221	126.7	56.1	40.7
WP_006270067.1	gnl|META|G6488-MONOMER	6.8e-51	32.3	371	197.6	52.8	94.0
WP_006270068.1	gnl|META|YHBG-MONOMER	1.3e-16	25.1	247	83.2	49.4	96.5
WP_006270068.1	gnl|META|GLNQ-MONOMER	1.6e-16	28.6	238	82.8	48.3	91.0
WP_006270070.1	gnl|META|NAD-SYNTH-MONOMER	1.3e-99	64.6	274	359.0	78.8	100.0
WP_006270071.1	gnl|META|EG11385-MONOMER	2.0e-151	51.5	517	531.9	70.4	99.4
WP_006270073.1	gnl|META|GLTL-MONOMER	5.0e-55	49.4	241	210.7	64.7	98.0
WP_006270073.1	gnl|META|GLNQ-MONOMER	1.9e-54	47.9	238	208.8	66.4	96.7
WP_006270073.1	gnl|META|EG12347-MONOMER	1.6e-53	46.7	246	205.7	64.6	97.6
WP_006270074.1	gnl|META|MONOMER-543	2.3e-57	36.2	293	218.8	62.1	96.0
WP_006270075.1	gnl|META|EG10210-MONOMER	9.1e-47	31.9	335	184.1	51.6	74.9
WP_006270075.1	gnl|META|EG10844-MONOMER	1.3e-45	30.9	353	180.3	53.5	77.0
WP_006270077.1	gnl|META|EG10763-MONOMER	1.9e-108	33.5	799	389.8	50.2	99.5
WP_006270079.1	gnl|META|HS09452-MONOMER	5.8e-28	40.4	208	121.7	52.9	41.2
WP_006270080.1	gnl|META|G7324-MONOMER	3.0e-10	30.7	137	61.2	48.9	89.3
WP_006270080.1	gnl|META|G3O-34034-MONOMER	5.1e-10	31.5	146	60.5	46.6	94.6
WP_006270082.1	gnl|META|EG12347-MONOMER	4.1e-65	51.2	244	244.2	70.9	97.6
WP_006270084.1	gnl|META|MONOMER-14086	2.0e-155	84.5	330	544.7	92.1	99.4
WP_006270089.1	gnl|META|MONOMER-18938	6.2e-55	34.0	388	211.1	55.4	97.2
WP_006270089.1	gnl|META|MONOMER-11821	9.8e-53	34.3	367	203.8	54.0	90.1
WP_006270090.1	gnl|META|MONOMER-19598	2.3e-04	31.2	77	40.8	55.8	93.8
WP_006270090.1	gnl|META|EG50003-MONOMER	6.6e-04	34.3	67	39.3	59.7	81.5
WP_006270091.1	gnl|META|HS05157-MONOMER	4.9e-91	40.2	470	331.3	56.4	91.2
WP_006270091.1	gnl|META|PRPPAMIDOTRANS-MONOMER	8.5e-83	38.7	486	303.9	57.4	96.5
WP_006270092.1	gnl|META|YOR128C-MONOMER	1.8e-48	34.0	376	189.5	54.3	97.2
WP_006270093.1	gnl|META|PURE-MONOMER	5.9e-44	61.0	146	173.3	78.1	89.6
WP_006270095.1	gnl|META|FGAMSYN-MONOMER	4.8e-45	24.6	1153	179.9	38.2	82.7
WP_006270095.1	gnl|META|YGR061C-MONOMER	4.0e-44	25.6	1159	176.8	39.0	82.9
WP_006270098.1	gnl|META|AIRS-MONOMER	9.8e-94	52.4	336	339.7	70.5	98.2
WP_006270101.1	gnl|META|SAICARSYN-MONOMER	4.8e-47	41.9	227	184.1	62.6	96.2
WP_006270102.1	gnl|META|GLYCRIBONUCSYN-MONOMER	1.8e-100	46.6	429	362.5	63.2	99.8
WP_006270102.1	gnl|META|HS08358-MONOMER	1.9e-94	43.8	425	342.4	61.6	99.3
WP_006270104.1	gnl|META|GLYS-MONOMER	1.0e-94	33.8	686	344.0	51.2	99.0
WP_006270105.1	gnl|META|EG11085-MONOMER	8.1e-58	39.8	319	220.3	61.4	99.7
WP_006270107.1	gnl|META|GLYQ-MONOMER	9.7e-101	60.9	294	362.8	74.5	94.7
WP_006270110.1	gnl|META|YOR128C-MONOMER	2.2e-01	42.4	33	32.3	57.6	14.9
WP_006270110.1	gnl|META|MONOMER-19419	2.9e-01	27.8	72	32.0	48.6	32.6
WP_006270110.1	gnl|META|MONOMER-15042	4.9e-01	29.7	74	31.2	48.6	32.6
WP_006270110.1	gnl|META|MONOMER-13061	4.9e-01	30.8	65	31.2	46.2	29.4
WP_006270111.1	gnl|META|MONOMER-15471	3.6e-88	31.6	709	322.4	51.2	93.6
WP_006270115.1	gnl|META|MONOMER-12257	1.9e-62	44.6	327	235.7	62.7	98.2
WP_006270119.1	gnl|META|ALAS-MONOMER	4.1e-184	42.7	887	641.3	59.4	99.1
WP_006270121.1	gnl|META|SUPEROX-DISMUTMN-MONOMER	6.3e-56	50.0	208	213.4	66.8	100.0
WP_006270123.1	gnl|META|EG10758-MONOMER	5.7e-20	37.6	189	94.4	48.1	69.2
WP_006270123.1	gnl|META|MONOMER-7720	7.4e-20	35.8	179	94.0	51.4	65.4
WP_006270125.1	gnl|META|G185E-5891-MONOMER	1.1e-17	32.9	170	86.3	52.4	92.3
WP_006270127.1	gnl|META|DCUS-MONOMER	2.3e-02	27.2	191	36.6	44.5	41.6
WP_006270128.1	gnl|META|MONOMER-14601	1.3e-121	32.4	1042	433.7	49.0	98.8
WP_006270128.1	gnl|META|MONOMER-14597	1.1e-118	31.4	1041	424.1	49.5	98.8
WP_006270128.1	gnl|META|MONOMER-14600	1.7e-116	31.7	1005	416.8	48.8	96.1
WP_006270128.1	gnl|META|MONOMER-14610	6.6e-113	32.7	981	404.8	48.8	98.2
WP_006270129.1	gnl|META|BSU27360-MONOMER	2.2e-25	34.0	212	112.1	55.2	91.6
WP_006270130.1	gnl|META|EG10613-MONOMER	1.7e-47	26.8	533	187.2	51.0	73.5
WP_006270131.1	gnl|META|EG11195-MONOMER	5.4e-71	48.5	270	263.8	70.7	100.0
WP_006270134.1	gnl|META|MONOMER-17076	2.2e-52	29.8	516	203.0	50.2	94.5
WP_006270137.1	gnl|META|MONOMER-19218	6.9e-37	35.1	208	150.2	60.1	97.2
WP_006270142.1	gnl|META|G12WB-2964-MONOMER	6.4e-117	58.5	342	416.8	76.6	100.0
WP_006270147.1	gnl|META|MONOMER-507	1.6e-45	30.9	417	179.9	49.4	98.3
WP_006270154.1	gnl|META|EG10850-MONOMER	4.8e-02	29.2	65	33.9	47.7	45.8
WP_006270156.1	gnl|META|G3O-30531-MONOMER	1.8e-37	25.2	639	154.1	47.1	76.6
WP_006270156.1	gnl|META|MONOMER-14600	3.2e-34	25.0	796	143.3	40.3	80.4
WP_006270157.1	gnl|META|MONOMER-6421	5.4e-15	24.4	427	78.6	41.5	95.0
WP_006270157.1	gnl|META|MONOMER0-1981	3.8e-13	35.8	109	72.4	52.3	23.6
WP_006270163.1	gnl|META|LACY-MONOMER	8.6e-01	19.0	369	31.2	42.5	87.7
WP_006270164.1	gnl|META|NAG1P-URIDYLTRANS-MONOMER	7.4e-68	35.1	447	254.2	54.1	96.9
WP_006270165.1	gnl|META|MONOMER-15489	5.3e-102	47.0	400	367.5	66.0	98.8
WP_006270166.1	gnl|META|ENSG00000103257-MONOMER	4.3e-15	24.1	448	79.0	43.8	94.6
WP_006270166.1	gnl|META|ENSG00000092068-MONOMER	2.1e-14	24.3	457	76.6	44.4	95.5
WP_006270166.1	gnl|META|YHFM-MONOMER	6.2e-14	24.2	372	75.1	44.6	79.2
WP_006270166.1	gnl|META|ENSG00000151012-MONOMER	6.8e-13	23.9	418	71.6	44.0	86.4
WP_006270168.1	gnl|META|MONOMER-15490	3.2e-78	37.8	405	288.5	60.2	97.8
WP_006270172.1	gnl|META|MONOMER-14562	5.5e-48	43.5	230	187.2	67.0	99.6
WP_006270172.1	gnl|META|EG11090-MONOMER	6.1e-47	43.2	229	183.7	64.6	98.3
WP_006270172.1	gnl|META|MONOMER-1290	9.2e-43	40.3	231	169.9	62.8	99.6
WP_006270176.1	gnl|META|MONOMER-15473	2.5e-60	37.6	372	229.2	57.5	80.4
WP_006270180.1	gnl|META|BAIDEL6EUBSP-MONOMER	2.6e-37	28.1	402	152.5	48.0	96.9
WP_006270181.1	gnl|META|G3O-34097-MONOMER	2.1e-06	25.1	243	50.4	42.0	37.5
WP_006270185.1	gnl|META|G12WB-160-MONOMER	2.8e-06	25.0	268	48.9	43.7	93.2
WP_006270187.1	gnl|META|DEOD-MONOMER	1.4e-04	23.3	159	43.1	45.3	60.1
WP_006270188.1	gnl|META|EG12345-MONOMER	1.4e-76	56.2	249	282.3	73.1	99.6
WP_006270189.1	gnl|META|YEJF-MONOMER	1.6e-37	23.9	552	153.7	45.5	92.1
WP_006270191.1	gnl|META|MONOMER-15879	2.1e-28	29.6	270	122.5	49.6	95.7
WP_006270199.1	gnl|META|MONOMER-8381	3.5e-28	30.8	276	121.7	52.2	95.4
WP_006270201.1	gnl|META|LEUS-MONOMER	4.6e-193	43.0	866	671.0	59.1	99.5
WP_006270202.1	gnl|META|MONOMER-19218	2.3e-96	78.3	212	347.8	89.6	99.5
WP_006270203.1	gnl|META|EG11062-MONOMER	2.9e-04	26.0	123	43.5	50.4	16.2
WP_006270203.1	gnl|META|EG10844-MONOMER	1.4e-03	23.6	296	41.2	45.3	40.8
WP_006270205.1	gnl|META|MONOMER-2746	2.6e-73	34.9	479	272.3	53.0	97.8
WP_006270205.1	gnl|META|MONOMER-14082	2.6e-68	33.0	476	255.8	52.7	97.4
WP_006270205.1	gnl|META|MONOMER-14083	8.2e-67	30.7	476	250.8	53.4	97.4
WP_006270205.1	gnl|META|MONOMER-17662	1.1e-66	33.5	474	250.4	51.3	98.1
WP_006270205.1	gnl|META|MONOMER-13779	5.3e-66	33.0	452	248.1	51.8	92.5
WP_006270207.1	gnl|META|AROG-MONOMER	1.5e-49	38.3	313	193.0	55.9	87.9
WP_006270207.1	gnl|META|AROH-MONOMER	8.3e-48	36.1	319	187.2	55.2	87.9
WP_006270207.1	gnl|META|AROF-MONOMER	9.2e-47	35.0	320	183.7	52.5	89.3
WP_006270208.1	gnl|META|MONOMER-18839	9.0e-17	29.9	201	83.6	50.2	83.7
WP_006270209.1	gnl|META|BSU04040-MONOMER	9.9e-20	30.4	270	93.6	49.6	98.5
WP_006270209.1	gnl|META|EG11239-MONOMER	1.7e-19	27.8	284	92.8	46.1	98.5
WP_006270209.1	gnl|META|EG11195-MONOMER	1.9e-18	31.3	281	89.4	47.3	98.5
WP_006270210.1	gnl|META|MONOMER-15125	3.0e-17	25.6	246	85.5	43.1	72.0
WP_006270210.1	gnl|META|HS14455-MONOMER	8.2e-15	26.5	238	77.4	45.0	72.4
WP_006270213.1	gnl|META|EG10613-MONOMER	1.0e-66	31.2	577	250.8	51.0	97.8
WP_006270214.1	gnl|META|CMTB-MONOMER	1.1e-19	35.8	148	94.7	57.4	21.6
WP_006270214.1	gnl|META|YJFU-MONOMER	8.0e-18	33.1	145	88.6	55.2	21.0
WP_006270215.1	gnl|META|METQ-MONOMER	1.9e-34	35.5	273	142.5	56.0	94.7
WP_006270222.1	gnl|META|MONOMER-17899	7.4e-35	32.6	319	144.1	49.8	95.3
WP_006270223.1	gnl|META|EG10240-MONOMER	1.3e-54	43.7	382	209.9	57.9	99.7
WP_006270224.1	gnl|META|AT1G68760-MONOMER	1.1e-02	40.5	42	36.2	61.9	26.1
WP_006270224.1	gnl|META|G185E-7240-MONOMER	1.4e-02	26.1	119	35.8	41.2	68.9
WP_006270224.1	gnl|META|EG10626-MONOMER	1.4e-02	45.5	44	35.8	63.6	27.3
WP_006270224.1	gnl|META|H2NEOPTERINP3PYROPHOSPHOHYDRO-MONOMER	4.2e-02	32.7	49	34.3	57.1	30.4
WP_006270224.1	gnl|META|G6954-MONOMER	5.5e-02	23.7	114	33.9	46.5	67.7
WP_006270224.1	gnl|META|BSU30630-MONOMER	7.2e-02	60.7	28	33.5	75.0	17.4
WP_006270225.1	gnl|META|MONOMER-12602	3.2e-90	36.6	484	328.6	54.3	97.7
WP_006270226.1	gnl|META|G3O-29494-MONOMER	6.6e-01	37.3	51	30.8	47.1	21.9
WP_006270229.1	gnl|META|METI-MONOMER	2.0e-21	44.6	139	99.0	61.9	60.0
WP_006270230.1	gnl|META|HS01277-MONOMER	2.3e-09	37.1	105	58.9	51.4	45.0
WP_006270230.1	gnl|META|GPMA-MONOMER	5.1e-09	30.5	131	57.8	44.3	50.6
WP_006270230.1	gnl|META|HS10491-MONOMER	2.5e-08	32.7	98	55.5	49.0	42.4
WP_006270232.1	gnl|META|EG12044-MONOMER	4.4e-35	37.0	238	144.4	57.6	96.7
WP_006270233.1	gnl|META|EG10874-MONOMER	2.5e-41	57.1	140	164.5	72.1	94.6
WP_006270234.1	gnl|META|EG11003-MONOMER	2.2e-42	29.7	435	169.5	51.5	99.8
WP_006270235.1	gnl|META|ASPS-MONOMER	2.5e-129	42.9	588	458.8	63.3	99.7
WP_006270235.1	gnl|META|MONOMER-14053	1.8e-127	43.8	578	452.6	59.7	99.0
WP_006270237.1	gnl|META|PD00219	2.0e-35	30.3	314	146.0	51.6	94.1
WP_006270238.1	gnl|META|MONOMER-19212	3.7e-01	20.2	382	33.1	33.8	55.2
WP_006270242.1	gnl|META|OPPA-MONOMER	1.7e-20	29.4	252	97.4	48.4	37.3
WP_006270248.1	gnl|META|EG10613-MONOMER	4.3e-44	25.6	589	175.6	48.7	98.5
WP_006270248.1	gnl|META|ENSG00000103222-MONOMER	9.8e-41	27.7	530	164.5	48.3	87.2
WP_006270250.1	gnl|META|MONOMER-12186	1.5e-29	31.5	343	126.7	44.6	79.2
WP_006270250.1	gnl|META|MONOMER-1003	1.1e-27	29.4	347	120.6	45.5	81.0
WP_006270250.1	gnl|META|AT2G06050-MONOMER	1.9e-27	30.9	343	119.8	44.9	79.2
WP_006270250.1	gnl|META|MONOMER-14351	2.4e-27	29.6	368	119.4	45.9	88.9
WP_006270250.1	gnl|META|BAI3OXOEUBSP-MONOMER	4.2e-27	26.9	346	118.6	44.8	85.6
WP_006270250.1	gnl|META|MONOMER-18310	7.1e-27	28.7	335	117.9	45.7	80.0
WP_006270252.1	gnl|META|EG10416-MONOMER	3.9e-09	27.2	191	57.8	47.1	96.6
WP_006270254.1	gnl|META|EG11568-MONOMER	1.4e-27	38.1	160	119.0	50.6	94.1
WP_006270255.1	gnl|META|NICONUCADENYLYLTRAN-MONOMER	9.1e-21	29.7	209	96.7	45.9	85.4
WP_006270256.1	gnl|META|MONOMER-19222	0.0e+00	64.6	1084	1355.5	78.2	99.1
WP_006270259.1	gnl|META|EG12258-MONOMER	4.6e-04	22.5	236	42.0	43.2	61.9
WP_006270261.1	gnl|META|MONOMER-17956	2.9e-37	29.7	333	152.1	51.1	96.7
WP_006270263.1	gnl|META|OPPC-MONOMER	4.5e-29	33.4	290	124.8	55.2	93.2
WP_006270265.1	gnl|META|MONOMER-13955	2.0e-164	60.7	483	575.1	76.6	99.0
WP_006270268.1	gnl|META|EG10743-MONOMER	1.6e-170	49.1	690	595.9	64.9	94.6
WP_006270269.1	gnl|META|HS07681-MONOMER	2.9e-40	29.0	389	162.5	48.1	81.8
WP_006270274.1	gnl|META|EG10243-MONOMER	2.4e-11	27.9	147	68.2	50.3	9.4
WP_006270275.1	gnl|META|HS01277-MONOMER	1.0e-09	39.0	105	60.1	51.4	45.0
WP_006270275.1	gnl|META|GPMA-MONOMER	1.9e-08	32.0	103	55.8	49.5	44.6
WP_006270275.1	gnl|META|HS10491-MONOMER	3.3e-08	32.7	98	55.1	50.0	42.4
WP_006270278.1	gnl|META|ABC-MONOMER	6.7e-77	44.9	345	283.9	66.4	97.7
WP_006270280.1	gnl|META|EG11195-MONOMER	1.2e-20	26.4	280	97.4	45.7	59.7
WP_006270280.1	gnl|META|BSU04040-MONOMER	2.4e-18	24.5	278	89.7	44.2	59.7
WP_006270281.1	gnl|META|BSU37150-MONOMER	6.5e-225	68.6	535	776.2	84.5	99.6
WP_006270284.1	gnl|META|G1G01-5627-MONOMER	2.3e-43	34.2	366	172.6	53.0	97.8
WP_006270285.1	gnl|META|MANY-MONOMER	3.3e-09	26.5	204	58.5	49.5	77.6
WP_006270285.1	gnl|META|MONOMER-18128	2.2e-08	29.7	212	55.8	47.2	76.8
WP_006270285.1	gnl|META|STM14_RS23775-MONOMER	6.3e-08	28.8	208	54.3	47.1	76.1
WP_006270289.1	gnl|META|MONOMER-13956	3.1e-170	62.4	476	594.3	75.2	99.8
WP_006270291.1	gnl|META|OPPA-MONOMER	6.9e-19	26.2	275	92.0	46.9	41.2
WP_006270291.1	gnl|META|OPPA-MONOMER	9.4e+00	28.3	92	28.5	46.7	13.7
WP_006270292.1	gnl|META|MONOMER-13957	9.2e-16	44.7	94	79.0	62.8	94.0
WP_006270292.1	gnl|META|SYNPCC7942_2322-MONOMER	1.5e-13	41.7	96	71.6	59.4	96.0
WP_006270294.1	gnl|META|G6529-MONOMER	1.4e-15	24.8	375	80.5	45.3	83.3
WP_006270295.1	gnl|META|UGPC-MONOMER	1.6e-84	46.3	376	309.3	63.6	99.7
WP_006270295.1	gnl|META|MALK-MONOMER	3.0e-83	44.9	372	305.1	61.6	97.6
WP_006270296.1	gnl|META|MONOMER-13042	5.8e-90	53.4	290	327.0	69.7	97.0
WP_006270298.1	gnl|META|MONOMER-4906	7.5e-36	42.1	178	146.7	61.2	85.2
WP_006270304.1	gnl|META|G3O-32728-MONOMER	1.7e-03	24.6	142	40.0	47.2	35.6
WP_006270304.1	gnl|META|G7319-MONOMER	1.1e-02	41.9	62	37.4	53.2	16.0
WP_006270307.1	gnl|META|G7039-MONOMER	1.7e-19	29.4	265	92.8	48.3	91.6
WP_006270308.1	gnl|META|HOLO-ACP-SYNTH-MONOMER	5.5e-08	40.2	87	53.5	60.9	63.9
WP_006270312.1	gnl|META|CELB-MONOMER	6.0e-48	29.3	450	188.0	50.7	99.8
WP_006270313.1	gnl|META|EG10241-MONOMER	6.8e-170	57.0	572	593.6	72.0	89.3
WP_006270316.1	gnl|META|EG10375-MONOMER	2.0e-172	49.9	619	602.1	68.2	97.0
WP_006270319.1	gnl|META|EG11062-MONOMER	6.8e-09	21.0	233	59.7	46.4	18.6
WP_006270319.1	gnl|META|EG11062-MONOMER	9.4e-03	27.1	118	39.3	50.0	9.8
WP_006270320.1	gnl|META|MONOMER-20020	4.0e-264	86.0	516	906.4	93.2	100.0
WP_006270321.1	gnl|META|EG11344-MONOMER	1.5e-122	59.0	363	435.6	74.1	96.8
WP_006270323.1	gnl|META|AT1G71750-MONOMER	1.1e-43	48.1	185	172.6	65.4	98.3
WP_006270324.1	gnl|META|MONOMER-547	6.4e-12	25.6	238	67.4	48.3	96.1
WP_006270325.1	gnl|META|BSU38520-MONOMER	1.5e-16	50.0	78	81.3	74.4	97.5
WP_006270325.1	gnl|META|MONOMER-19972	4.3e-16	48.7	78	79.7	74.4	97.5
WP_006270326.1	gnl|META|MONOMER-6142	5.7e-62	41.6	322	234.2	60.9	96.4
WP_006270326.1	gnl|META|BSU38860-MONOMER	2.9e-58	37.1	329	221.9	58.1	96.7
WP_006270326.1	gnl|META|MONOMER-18724	2.1e-56	40.1	307	215.7	55.7	92.7
WP_006270326.1	gnl|META|HS04117-MONOMER	3.0e-55	35.1	336	211.8	55.4	97.0
WP_006270327.1	gnl|META|MONOMER-17076	1.8e-33	25.1	533	140.2	43.9	92.2
WP_006270329.1	gnl|META|G6096-MONOMER	4.2e-17	32.1	193	85.5	49.7	42.8
WP_006270330.1	gnl|META|MONOMER-20005	2.1e-34	49.5	190	141.7	63.2	95.5
WP_006270331.1	gnl|META|MONOMER-20021	4.8e-183	75.1	414	636.7	86.2	100.0
WP_006270334.1	gnl|META|EG10463-MONOMER	1.2e-39	36.0	300	160.2	57.7	75.5
WP_006270334.1	gnl|META|G7682-MONOMER	1.1e-38	36.3	339	157.1	52.2	82.8
WP_006270335.1	gnl|META|EG11254-MONOMER	1.9e-15	32.7	159	78.6	54.1	100.0
WP_006270337.1	gnl|META|EG10785-MONOMER	4.0e-28	35.5	166	120.9	57.2	87.3
WP_006270338.1	gnl|META|EG12656-MONOMER	7.6e-29	36.4	187	123.2	54.0	97.8
WP_006270340.1	gnl|META|BSU04040-MONOMER	7.9e-19	29.0	259	90.5	45.9	97.3
WP_006270342.1	gnl|META|MONOMER-20022	4.7e-162	64.0	422	567.0	78.0	100.0
WP_006270343.1	gnl|META|HS04268-MONOMER	3.8e-01	32.4	34	31.2	58.8	19.8
WP_006270346.1	gnl|META|TRPS-MONOMER	4.5e-38	31.9	339	154.8	52.5	98.5
WP_006270347.1	gnl|META|MONOMER-8569	4.0e-35	44.3	212	144.8	60.4	71.0
WP_006270347.1	gnl|META|LSERINEDEAM3-MONOMER	2.0e-31	36.0	286	132.5	53.8	94.5
WP_006270350.1	gnl|META|EG11404-MONOMER	4.4e-111	55.5	371	397.5	72.2	100.0
WP_006270351.1	gnl|META|HYDH-MONOMER	1.4e-03	30.3	132	40.4	47.0	33.7
WP_006270352.1	gnl|META|GPH-MONOMER	8.8e-11	23.1	238	63.5	40.8	95.9
WP_006270352.1	gnl|META|MONOMER-20723	7.4e-10	26.7	210	60.5	42.4	92.2
WP_006270353.1	gnl|META|IMP-DEHYDROG-MONOMER	2.9e-155	57.0	486	544.7	73.9	98.4
WP_006270354.1	gnl|META|EG11850-MONOMER	2.4e-05	26.2	191	45.4	43.5	85.7
WP_006270355.1	gnl|META|EG10828-MONOMER	3.0e-24	24.0	366	109.0	47.5	99.2
WP_006270358.1	gnl|META|EG10924-MONOMER	8.9e-02	31.5	73	34.7	46.6	16.3
WP_006270359.1	gnl|META|EG10903-MONOMER	1.2e-41	45.7	208	166.0	63.5	99.0
WP_006270361.1	gnl|META|EG12115-MONOMER	5.5e-15	26.5	226	77.4	43.8	97.1
WP_006270362.1	gnl|META|G3O-32293-MONOMER	7.5e-03	27.4	124	38.1	48.4	28.9
WP_006270367.1	gnl|META|G1I0R-14-MONOMER	1.2e-87	31.8	595	320.5	56.1	90.0
WP_006270369.1	gnl|META|MONOMER-18798	1.8e-87	41.1	435	319.3	61.8	98.1
WP_006270371.1	gnl|META|MONOMER-14152	4.9e-23	47.1	102	103.2	67.6	95.3
WP_006270373.1	gnl|META|MONOMER-14154	6.3e-97	34.7	668	351.3	55.8	99.4
WP_006270375.1	gnl|META|THRESYN-MONOMER	3.0e-43	31.8	472	172.6	47.9	94.7
WP_006270377.1	gnl|META|MONOMER-2744	1.1e-113	61.4	324	406.0	78.1	97.3
WP_006270384.1	gnl|META|G7408-MONOMER	1.4e-02	21.3	183	36.2	39.3	86.2
WP_006270384.1	gnl|META|IMIDPHOSPHADEHYDHISTIDPHOSPHA-MONOMER	6.9e-02	32.1	53	33.9	56.6	26.1
WP_006270385.1	gnl|META|MONOMER-6081	1.8e-30	28.6	315	129.4	47.0	96.3
WP_006270385.1	gnl|META|MONOMER-5981	4.3e-29	26.1	314	124.8	46.2	98.3
WP_006270386.1	gnl|META|MONOMER-18988	1.1e-51	51.4	216	199.5	65.3	91.9
WP_006270387.1	gnl|META|MANX-MONOMER	3.2e-11	33.0	100	64.3	57.0	72.4
WP_006270388.1	gnl|META|MONOMER-19906	3.2e-05	24.2	128	45.4	48.4	45.6
WP_006270390.1	gnl|META|YEEO-MONOMER	5.6e-30	24.4	438	128.3	47.9	98.4
WP_006270392.1	gnl|META|HS07125-MONOMER	2.8e-43	31.7	353	172.2	50.1	98.9
WP_006270392.1	gnl|META|MONOMER-6082	3.6e-43	30.9	359	171.8	53.8	97.1
WP_006270393.1	gnl|META|G6627-MONOMER	3.4e-75	41.8	352	278.1	59.9	99.7
WP_006270396.1	gnl|META|MANZ-MONOMER	8.7e-32	33.6	253	133.7	52.6	88.0
WP_006270396.1	gnl|META|STM14_RS23780-MONOMER	8.1e-30	31.8	242	127.1	53.7	85.8
WP_006270397.1	gnl|META|ENSG00000123815-MONOMER	4.1e-14	24.9	297	75.9	43.8	54.1
WP_006270399.1	gnl|META|ADHE-MONOMER	2.6e-218	47.2	867	755.0	66.0	96.8
WP_006270399.1	gnl|META|MONOMER-15847	1.7e-214	46.2	873	742.3	66.4	97.4
WP_006270399.1	gnl|META|GIO2-535-MONOMER	3.6e-212	46.9	863	734.6	64.7	96.3
WP_006270399.1	gnl|META|AADCLOS-MONOMER	1.8e-200	45.1	867	695.7	63.9	96.6
WP_006270400.1	gnl|META|MONOMER-14148	9.6e-33	28.7	331	137.1	48.6	97.9
WP_006270401.1	gnl|META|UGPE-MONOMER	6.3e-22	27.2	268	100.9	46.3	94.2
WP_006270402.1	gnl|META|MANX-MONOMER	1.7e-24	39.5	157	108.6	55.4	99.4
WP_006270403.1	gnl|META|EG10530-MONOMER	1.8e-02	46.3	41	35.8	61.0	20.6
WP_006270405.1	gnl|META|MONOMER-13102	1.9e-152	86.2	305	534.6	92.5	100.0
WP_006270411.1	gnl|META|MONOMER0-1261	8.2e-29	39.2	194	123.2	52.6	92.2
WP_006270414.1	gnl|META|G6627-MONOMER	1.3e-45	33.6	339	179.9	50.1	95.1
WP_006270414.1	gnl|META|MONOMER-15866	3.7e-45	33.1	338	178.3	53.0	99.1
WP_006270414.1	gnl|META|MONOMER-20962	2.0e-43	36.0	289	172.6	52.6	86.3
WP_006270417.1	gnl|META|MONOMER-18272	6.7e-78	44.2	373	287.3	60.1	95.1
WP_006270417.1	gnl|META|MONOMER-17512	2.4e-75	41.6	382	278.9	61.0	98.2
WP_006270428.1	gnl|META|EG11014-MONOMER	1.7e-77	33.2	612	286.6	52.3	100.0
WP_006270433.1	gnl|META|EG10737-MONOMER	8.3e-05	29.6	81	45.1	55.6	14.5
WP_006270438.1	gnl|META|EG10613-MONOMER	2.9e-48	40.9	242	189.5	62.8	40.9
WP_006270441.1	gnl|META|YEJF-MONOMER	3.6e-28	23.6	505	122.5	45.3	94.7
WP_006270446.1	gnl|META|MONOMER-8581	1.7e-19	23.5	472	93.6	36.2	75.8
WP_006270455.1	gnl|META|EG10613-MONOMER	1.1e-60	27.8	569	230.7	52.5	97.1
WP_006270458.1	gnl|META|EG10376-MONOMER	5.9e-21	35.2	176	97.4	50.6	73.4
WP_006270462.1	gnl|META|EG11291-MONOMER	1.4e-03	35.6	73	40.0	56.2	22.3
WP_006270468.1	gnl|META|YDR226W-MONOMER	2.9e-43	39.7	209	171.4	63.2	96.2
WP_006270468.1	gnl|META|ADENYL-KIN-MONOMER	1.1e-39	40.4	218	159.5	61.5	98.1
WP_006270470.1	gnl|META|EG10882-MONOMER	3.4e-22	53.8	106	100.5	70.8	93.0
WP_006270473.1	gnl|META|EG11826-MONOMER	5.4e-22	34.0	191	100.9	50.8	79.3
WP_006270473.1	gnl|META|G7105-MONOMER	1.0e-20	30.5	200	96.7	49.5	83.1
WP_006270475.1	gnl|META|RIBONUCLEOSIDE-TRIP-REDUCT-MONOMER	3.8e-215	52.2	717	744.2	68.6	96.7
WP_006270476.1	gnl|META|ARCB-MONOMER	6.8e-26	31.6	234	114.4	54.7	67.1
WP_006270478.1	gnl|META|CPXR-MONOMER	1.9e-32	36.1	227	135.6	56.4	96.9
WP_006270479.1	gnl|META|G6425-MONOMER	3.0e-10	24.5	257	62.0	46.7	94.1
WP_006270482.1	gnl|META|MALX-MONOMER	6.9e-84	35.3	552	307.8	53.6	97.5
WP_006270486.1	gnl|META|MONOMER-20025	5.3e-62	49.8	225	233.8	71.1	96.2
WP_006270492.1	gnl|META|MONOMER-18513	1.6e-01	47.2	36	32.3	66.7	20.1
WP_006270493.1	gnl|META|EG10876-MONOMER	3.6e-08	34.7	144	54.3	46.5	98.6
WP_006270497.1	gnl|META|MONOMER-20016	8.9e-45	35.9	273	176.8	55.3	99.6
WP_006270500.1	gnl|META|MONOMER-16196	1.1e-50	47.4	213	197.2	65.3	45.7
WP_006270503.1	gnl|META|MONOMER-4801	6.5e-39	31.1	380	157.9	48.7	84.8
WP_006270503.1	gnl|META|HS06237-MONOMER	7.4e-35	34.8	310	144.4	50.0	67.6
WP_006270505.1	gnl|META|G12WB-2962-MONOMER	3.5e-148	64.9	368	520.8	82.3	96.8
WP_006270507.1	gnl|META|MONOMER-17340	2.3e-13	29.3	229	72.8	48.0	61.1
WP_006270507.1	gnl|META|EG11266-MONOMER	1.6e-11	26.8	239	66.6	44.8	63.5
WP_006270510.1	gnl|META|MONOMER-20030	1.6e-76	63.4	235	283.1	81.3	48.7
WP_006270512.1	gnl|META|MONOMER-20023	1.9e-35	32.8	305	146.0	53.4	98.7
WP_006270514.1	gnl|META|EG10913-MONOMER	7.4e-08	56.4	39	52.0	69.2	63.9
WP_006270515.1	gnl|META|MONOMER-20024	2.5e-58	40.4	285	223.0	61.4	45.2
WP_006270520.1	gnl|META|MONOMER-15056	5.0e-28	36.5	167	120.6	53.9	92.8
WP_006270520.1	gnl|META|MONOMER-19771	5.5e-27	33.5	179	117.1	52.5	97.8
WP_006270522.1	gnl|META|PSTS-MONOMER	8.3e-09	26.8	250	57.4	40.8	75.7
WP_006270524.1	gnl|META|G6645-MONOMER	1.2e-21	29.4	211	99.8	50.2	84.8
WP_006270525.1	gnl|META|MONOMER-17076	9.1e-45	28.2	553	177.9	47.7	82.1
WP_006270528.1	gnl|META|MONOMER-3221	1.0e-10	35.1	111	63.9	52.3	31.5
WP_006270530.1	gnl|META|MONOMER-13562	4.0e-60	38.9	321	228.0	58.6	98.4
WP_006270531.1	gnl|META|MONOMER-10113	5.9e-03	28.7	101	37.0	48.5	68.7
WP_006270532.1	gnl|META|EG10595-MONOMER	5.6e-37	35.7	291	151.0	54.3	93.9
WP_006270533.1	gnl|META|EG11023-MONOMER	3.1e-57	48.6	243	218.0	66.3	97.1
WP_006270534.1	gnl|META|HS06822-MONOMER	2.0e-22	29.1	237	102.4	50.6	87.2
WP_006270534.1	gnl|META|HS05783-MONOMER	3.4e-22	28.0	257	101.7	47.1	95.7
WP_006270534.1	gnl|META|MONOMER-5063	1.3e-21	28.4	250	99.8	51.6	96.5
WP_006270535.1	gnl|META|H2NEOPTERINP3PYROPHOSPHOHYDRO-MONOMER	1.1e-03	24.1	137	39.3	40.1	94.0
WP_006270535.1	gnl|META|HS03602-MONOMER	3.1e-03	47.4	38	37.7	63.2	28.6
WP_006270536.1	gnl|META|EG10004-MONOMER	8.6e-09	26.6	233	57.0	43.8	97.4
WP_006270537.1	gnl|META|MONOMER-20127	1.3e-70	40.0	370	263.1	61.6	98.7
WP_006270537.1	gnl|META|G7325-MONOMER	2.0e-63	39.2	378	239.2	57.7	99.5
WP_006270538.1	gnl|META|FORMYLSYNTHCLTH-MONOMER	7.0e-198	60.3	554	686.4	77.1	99.6
WP_006270538.1	gnl|META|MONOMER-13114	1.6e-197	61.4	555	685.3	76.4	99.8
WP_006270538.1	gnl|META|MONOMER-3942	1.2e-178	56.2	557	622.5	72.4	100.0
WP_006270539.1	gnl|META|MONOMER0-541	3.4e-12	26.7	146	68.6	51.4	52.9
WP_006270539.1	gnl|META|HS00233-MONOMER	6.4e-11	26.5	204	64.3	43.1	64.7
WP_006270540.1	gnl|META|MONOMER-14605	1.9e-51	37.4	313	199.1	57.8	98.1
WP_006270542.1	gnl|META|MACB	3.7e-60	52.0	221	227.6	74.7	96.1
WP_006270543.1	gnl|META|MONOMER-13186	4.0e-05	28.5	137	44.3	46.0	87.3
WP_006270544.1	gnl|META|G7008-MONOMER	2.3e-42	32.4	386	169.5	47.7	85.0
WP_006270547.1	gnl|META|HOMSUCTRAN-MONOMER	2.4e-01	62.5	24	29.6	75.0	64.9
WP_006270550.1	gnl|META|G1I0R-1336-MONOMER	7.1e-29	27.9	283	124.0	53.0	98.6
WP_006270551.1	gnl|META|MONOMER-18909	4.2e-06	27.0	152	48.1	48.7	57.6
WP_006270552.1	gnl|META|MONOMER-9982	9.7e-82	29.5	790	301.2	48.0	89.1
WP_006270554.1	gnl|META|EG10613-MONOMER	1.2e-59	31.8	515	227.3	53.6	84.5
WP_006270559.1	gnl|META|YIIP-MONOMER	2.1e-18	27.3	286	89.7	48.6	70.9
WP_006270560.1	gnl|META|MONOMER-6122	1.2e-136	41.7	575	483.0	63.7	99.8
WP_006270561.1	gnl|META|HS01358-MONOMER	3.2e-17	30.5	190	85.1	50.5	72.9
WP_006270561.1	gnl|META|BAIA2EUBSP-MONOMER	2.1e-16	27.2	217	82.4	49.8	81.7
WP_006270561.1	gnl|META|EG12345-MONOMER	2.7e-16	30.2	199	82.0	48.2	77.7
WP_006270561.1	gnl|META|MONOMER-13913	4.0e-15	30.0	180	78.2	48.9	69.3
WP_006270561.1	gnl|META|BAIA1EUBSP-MONOMER	6.7e-15	27.1	214	77.4	47.7	80.5
WP_006270562.1	gnl|META|EG10613-MONOMER	9.8e-57	31.7	517	217.6	50.7	85.7
WP_006270565.1	gnl|META|EG10830-MONOMER	1.6e-67	33.2	551	253.8	52.5	69.9
WP_006270566.1	gnl|META|EG10850-MONOMER	1.3e-01	27.2	103	32.7	41.7	58.9
WP_006270568.1	gnl|META|EG10238-MONOMER	3.5e-118	29.6	1147	422.5	47.2	98.2
WP_006270569.1	gnl|META|MONOMER-13062	2.3e-100	56.3	325	361.7	75.1	99.1
WP_006270571.1	gnl|META|EG11064-MONOMER	2.9e-138	38.6	757	488.8	57.9	99.1
WP_006270572.1	gnl|META|YHBG-MONOMER	3.8e-20	25.9	224	94.7	49.6	92.2
WP_006270572.1	gnl|META|GLNQ-MONOMER	6.4e-20	26.0	231	94.0	49.8	89.6
WP_006270573.1	gnl|META|MONOMER-15978	1.6e-06	26.0	196	49.7	44.4	66.7
WP_006270573.1	gnl|META|RHA1_RO10136-MONOMER	2.1e-06	22.4	237	49.3	40.9	82.8
WP_006270576.1	gnl|META|1-PFK-MONOMER	2.8e-31	35.2	256	132.1	52.0	83.5
WP_006270576.1	gnl|META|MONOMER-2745	7.6e-29	32.7	275	124.0	48.4	89.1
WP_006270577.1	gnl|META|EG10437-MONOMER	8.1e-66	39.6	379	247.3	59.9	89.6
WP_006270578.1	gnl|META|G7175-MONOMER	1.5e-72	46.1	304	269.2	63.5	98.1
WP_006270579.1	gnl|META|GLUTATHIONE-REDUCT-NADPH-MONOMER	4.3e-153	59.4	446	537.3	73.8	99.3
WP_006270582.1	gnl|META|EG10627-MONOMER	4.3e-53	34.2	371	204.9	52.8	94.3
WP_006270584.1	gnl|META|ENSG00000144035-MONOMER	1.0e-01	34.5	58	32.7	51.7	40.7
WP_006270584.1	gnl|META|EG10850-MONOMER	1.7e-01	32.7	55	32.0	54.5	38.5
WP_006270585.1	gnl|META|EG10690-MONOMER	4.6e-26	33.9	221	115.2	49.3	52.6
WP_006270590.1	gnl|META|MONOMER-13043	7.2e-226	78.7	502	779.2	88.2	100.0
WP_006270591.1	gnl|META|MACB	1.0e-31	28.5	425	134.0	48.9	98.6
WP_006270592.1	gnl|META|PHET-MONOMER	2.5e-119	35.1	818	426.0	54.2	100.0
WP_006270594.1	gnl|META|FRUA-MONOMER	3.0e-75	41.7	484	279.3	59.5	73.7
WP_006270594.1	gnl|META|HRSA-MONOMER	1.3e-70	34.7	626	263.8	50.0	95.2
WP_006270595.1	gnl|META|MONOMER-6122	2.1e-157	48.4	570	552.0	67.5	99.1
WP_006270596.1	gnl|META|EG11177-MONOMER	6.4e-41	38.6	233	164.1	57.9	79.8
WP_006270599.1	gnl|META|MONOMER-13959	7.6e-156	55.8	491	546.6	73.3	99.0
WP_006270600.1	gnl|META|EG11158-MONOMER	8.6e-17	34.0	141	83.2	56.0	75.4
WP_006270601.1	gnl|META|EG12207-MONOMER	3.4e-31	33.6	256	131.7	52.3	88.3
WP_006270605.1	gnl|META|MONOMER-17188	2.9e-69	43.9	330	258.5	64.2	97.3
WP_006270607.1	gnl|META|MONOMER-20001	3.1e-91	57.3	293	331.3	76.1	97.3
WP_006270607.1	gnl|META|BSU35670-MONOMER	3.8e-89	56.3	300	324.3	75.7	99.7
WP_006270610.1	gnl|META|MONOMER-20218	5.6e-04	26.7	101	41.6	44.6	29.4
WP_006270612.1	gnl|META|DUTP-PYROP-MONOMER	8.5e-10	30.7	137	59.7	48.9	87.8
WP_006270613.1	gnl|META|EG10844-MONOMER	4.5e-66	39.8	334	248.4	60.2	63.2
WP_006270613.1	gnl|META|EG10210-MONOMER	1.0e-62	38.5	356	237.3	56.5	69.1
WP_006270617.1	gnl|META|GDHA-MONOMER	4.7e-136	54.8	438	480.7	73.1	96.9
WP_006270617.1	gnl|META|MONOMER-13461	3.4e-126	56.4	445	448.0	69.2	94.9
WP_006270617.1	gnl|META|YOR375C-MONOMER	7.8e-123	53.4	453	436.8	67.1	95.3
WP_006270617.1	gnl|META|YAL062W-MONOMER	1.7e-122	52.5	455	435.6	67.9	95.3
WP_006270618.1	gnl|META|YKL216W-MONOMER	1.9e-115	63.1	309	411.8	78.6	98.4
WP_006270620.1	gnl|META|EG12394-MONOMER	9.8e-32	49.6	131	133.7	64.9	42.1
WP_006270623.1	gnl|META|G7248-MONOMER	1.4e-53	37.4	350	206.5	56.6	96.6
WP_006270628.1	gnl|META|MONOMER-18243	3.4e-18	27.9	290	88.6	46.9	93.8
WP_006270629.1	gnl|META|G7265-MONOMER	6.2e-18	23.7	358	87.8	41.3	90.7
WP_006270630.1	gnl|META|MONOMER-18245	4.1e-104	54.4	360	374.4	71.4	91.8
WP_006270634.1	gnl|META|MONOMER-653	4.6e-29	30.4	329	124.8	50.2	96.2
WP_006270635.1	gnl|META|EG10826-MONOMER	2.1e-30	26.5	501	130.6	45.7	54.5
WP_006270639.1	gnl|META|G6115-MONOMER	3.2e-63	43.1	343	238.4	59.8	95.8
WP_006270641.1	gnl|META|MONOMER-18244	6.4e-82	44.4	419	300.8	61.6	98.1
WP_006270641.1	gnl|META|MONOMER-17205	1.6e-77	40.1	414	286.2	58.9	96.7
WP_006270641.1	gnl|META|MONOMER-11829	1.4e-76	39.7	418	283.1	58.9	97.7
WP_006270642.1	gnl|META|MONOMER-13094	0.0e+00	88.9	765	1423.3	95.4	99.2
WP_006270643.1	gnl|META|MONOMER-14622	9.3e-04	29.7	74	40.8	52.7	22.3
WP_006270643.1	gnl|META|MONOMER-18243	4.6e-03	23.2	306	38.5	40.8	91.6
WP_006270647.1	gnl|META|EG10625-MONOMER	6.3e-27	26.7	486	119.0	42.2	57.5
WP_006270648.1	gnl|META|MONOMER-14625	7.4e-33	30.8	347	137.5	50.4	96.2
WP_006270650.1	gnl|META|EG10878-MONOMER	7.6e-09	57.1	49	55.1	67.3	92.5
WP_006270651.1	gnl|META|MONOMER-19526	7.9e-06	37.7	77	46.6	53.2	47.4
WP_006270651.1	gnl|META|AT1G68760-MONOMER	3.9e-05	28.7	122	44.3	45.1	77.6
WP_006270651.1	gnl|META|EG10626-MONOMER	1.1e-04	35.6	73	42.7	52.1	46.8
WP_006270659.1	gnl|META|G7248-MONOMER	1.2e-36	35.9	245	150.2	53.1	66.4
WP_006270660.1	gnl|META|MONOMER-9361	8.6e-02	37.9	66	34.7	47.0	10.5
WP_006270661.1	gnl|META|PHOSGLUCOSAMINEMUT-MONOMER	9.7e-89	43.0	447	323.6	59.5	98.4
WP_006270663.1	gnl|META|BSU38860-MONOMER	2.2e-125	60.7	333	444.9	77.5	98.2
WP_006270663.1	gnl|META|HS04117-MONOMER	5.4e-116	57.8	344	413.7	73.5	99.4
WP_006270665.1	gnl|META|MONOMER-20861	4.4e-04	32.0	75	41.6	52.0	25.8
WP_006270665.1	gnl|META|MONOMER-13014	1.3e-03	30.7	75	40.0	52.0	25.8
WP_006270667.1	gnl|META|DTDPDEHYDRHAMEPIM-MONOMER	2.9e-13	31.4	172	71.6	48.8	83.2
WP_006270668.1	gnl|META|PSERPHOSPHA-MONOMER	4.6e-44	45.9	209	174.1	62.2	96.8
WP_006270670.1	gnl|META|BSU35700-MONOMER	1.9e-43	41.8	196	172.9	65.8	49.0
WP_006270670.1	gnl|META|MONOMER-20000	1.9e-43	41.8	196	172.9	65.8	49.0
WP_006270670.1	gnl|META|MONOMER-19989	5.5e-43	38.7	256	171.4	56.6	63.2
WP_006270673.1	gnl|META|G6442-MONOMER	1.6e-35	31.6	263	146.0	52.5	99.2
WP_006270676.1	gnl|META|CMPKI-MONOMER	3.6e-36	39.9	218	147.9	56.9	96.9
WP_006270677.1	gnl|META|GLY3KIN-MONOMER	2.3e-72	42.4	375	268.9	55.5	99.5
WP_006270677.1	gnl|META|GKI-MONOMER	2.4e-69	40.2	373	258.8	56.8	98.9
WP_006270678.1	gnl|META|DTDPGLUCDEHYDRAT2-MONOMER	3.6e-83	45.1	350	304.7	61.7	93.7
WP_006270678.1	gnl|META|MONOMER-18133	2.3e-82	45.1	359	302.0	64.1	96.3
WP_006270678.1	gnl|META|DTDPGLUCDEHYDRAT-MONOMER	7.5e-81	44.5	364	297.0	60.7	97.1
WP_006270678.1	gnl|META|MONOMER-17549	6.4e-80	46.2	333	293.9	62.5	94.0
WP_006270678.1	gnl|META|MONOMER-17087	9.2e-79	45.7	335	290.0	61.2	94.5
WP_006270678.1	gnl|META|MONOMER-18352	6.0e-78	44.9	332	287.3	60.2	93.7
WP_006270678.1	gnl|META|MONOMER-18087	2.3e-77	45.0	338	285.4	59.5	95.4
WP_006270678.1	gnl|META|MONOMER-16952	2.5e-76	43.5	333	282.0	61.6	94.0
WP_006270678.1	gnl|META|MONOMER-17068	7.3e-76	44.2	335	280.4	61.5	94.5
WP_006270678.1	gnl|META|MONOMER-19394	9.5e-76	44.1	333	280.0	62.8	94.5
WP_006270678.1	gnl|META|MONOMER-17071	4.7e-75	45.2	330	277.7	60.6	93.4
WP_006270680.1	gnl|META|MONOMER-20014	9.1e-09	32.3	127	57.8	52.0	29.7
WP_006270680.1	gnl|META|BSU35730-MONOMER	1.2e-08	28.4	197	57.4	43.7	46.1
WP_006270683.1	gnl|META|MONOMER-17065	2.0e-14	30.1	196	76.3	47.4	57.8
WP_006270684.1	gnl|META|BSU35680-MONOMER	9.5e-12	26.9	219	68.9	46.1	20.8
WP_006270684.1	gnl|META|MONOMER-20013	9.5e-12	30.1	113	68.9	56.6	11.4
WP_006270684.1	gnl|META|MONOMER-17340	1.1e-10	27.8	151	65.5	47.7	14.4
WP_006270684.1	gnl|META|BSU35550-MONOMER	3.1e-10	33.3	102	63.9	52.9	10.3
WP_006270685.1	gnl|META|MONOMER-16453	1.4e-10	34.6	153	63.2	46.4	54.4
WP_006270686.1	gnl|META|PHOR-MONOMER	3.4e-41	32.5	342	165.6	49.4	75.3
WP_006270687.1	gnl|META|EG12128-MONOMER	6.9e-23	25.8	275	104.0	48.0	96.9
WP_006270689.1	gnl|META|MONOMER-18135	4.9e-46	38.8	289	181.0	56.7	96.5
WP_006270691.1	gnl|META|G1I0R-1994-MONOMER	1.4e-39	42.0	212	159.5	56.1	81.2
WP_006270694.1	gnl|META|MONOMER-19974	1.7e-26	30.1	256	116.3	54.3	73.7
WP_006270694.1	gnl|META|EG11266-MONOMER	2.1e-24	29.3	222	109.4	50.5	63.8
WP_006270695.1	gnl|META|EG11195-MONOMER	7.7e-41	36.1	269	163.7	53.2	99.3
WP_006270696.1	gnl|META|MONOMER-18737	3.1e-01	29.4	102	32.3	49.0	28.7
WP_006270697.1	gnl|META|BCR-MONOMER	8.5e-08	21.5	186	54.7	44.1	40.7
WP_006270698.1	gnl|META|BSU11670-MONOMER	4.9e-14	22.0	363	75.1	40.2	94.2
WP_006270701.1	gnl|META|HS01565-MONOMER	2.3e-01	32.7	55	32.3	56.4	21.8
WP_006270701.1	gnl|META|ENSG00000157227-MONOMER	6.8e-01	54.5	22	30.8	77.3	9.4
WP_006270702.1	gnl|META|BSU35550-MONOMER	8.1e-10	30.8	104	60.8	54.8	33.4
WP_006270703.1	gnl|META|EG10529-MONOMER	4.3e-201	57.1	592	697.2	77.9	97.5
WP_006270704.1	gnl|META|EG11549-MONOMER	1.3e-103	50.4	399	372.9	65.4	97.3
WP_006270706.1	gnl|META|MONOMER-17076	4.4e-55	30.3	528	212.2	48.1	78.8
WP_006270708.1	gnl|META|G1I0R-1995-MONOMER	1.8e-58	36.7	398	223.0	52.5	87.9
WP_006270709.1	gnl|META|BSU25180-MONOMER	1.0e-38	37.7	239	156.4	55.6	99.6
WP_006270710.1	gnl|META|EG10857-MONOMER	7.6e-37	39.6	225	150.2	60.0	94.4
WP_006270712.1	gnl|META|MONOMER-13060	9.2e-125	46.2	472	443.4	65.7	94.9
WP_006270715.1	gnl|META|MONOMER-13874	2.7e-03	27.8	115	38.5	46.1	57.5
WP_006270715.1	gnl|META|HS05632-MONOMER	5.9e-03	28.3	113	37.4	46.9	55.4
WP_006270715.1	gnl|META|MONOMER-13249	7.8e-03	25.0	80	37.0	53.8	41.5
WP_006270715.1	gnl|META|AT4G25080-MONOMER	1.3e-02	29.5	78	36.2	52.6	39.9
WP_006270715.1	gnl|META|MONOMER-19331	1.7e-02	24.8	149	35.8	43.6	72.5
WP_006270715.1	gnl|META|MONOMER-18782	2.3e-02	27.6	134	35.4	42.5	64.2
WP_006270721.1	gnl|META|MONOMER-17340	1.3e-26	29.9	334	116.7	50.0	98.4
WP_006270724.1	gnl|META|EG10900-MONOMER	4.2e-14	49.3	75	76.3	76.0	10.6
WP_006270725.1	gnl|META|EG11195-MONOMER	1.4e-42	39.2	273	169.5	58.2	98.5
WP_020997513.1	gnl|META|PRPPSYN-MONOMER	3.0e-84	51.3	316	308.1	72.5	96.9
WP_022524495.1	gnl|META|EG11247-MONOMER	3.6e-35	26.8	459	145.6	44.9	98.7
WP_022524507.1	gnl|META|MONOMER-14088	9.0e-97	76.4	246	349.4	84.1	100.0
WP_022524530.1	gnl|META|EG10924-MONOMER	4.0e-108	60.2	314	387.5	79.3	94.6
WP_022524531.1	gnl|META|MONOMER-20547	5.8e-41	34.4	308	165.2	49.4	49.6
WP_022524531.1	gnl|META|MONOMER-20547	2.8e-03	29.7	138	40.0	40.6	20.0
WP_022524537.1	gnl|META|MACB	7.8e-43	39.9	218	170.2	62.4	85.5
WP_022524538.1	gnl|META|MONOMER-17596	4.3e-24	27.5	244	107.8	51.6	98.3
WP_022524538.1	gnl|META|MONOMER-18326	2.8e-23	31.0	245	105.1	49.0	97.8
WP_022524538.1	gnl|META|MONOMER-7722	4.8e-23	31.7	243	104.4	47.3	98.3
WP_022524538.1	gnl|META|MONOMER-16689	1.2e-21	28.5	253	99.8	50.2	98.7
WP_022524538.1	gnl|META|MONOMER-19219	3.4e-21	28.3	247	98.2	45.7	97.4
WP_022524538.1	gnl|META|MONOMER-13863	3.4e-21	29.1	247	98.2	49.0	98.7
WP_022524552.1	gnl|META|G6131-MONOMER	2.1e-34	31.2	321	142.5	51.4	97.4
WP_022524561.1	gnl|META|G1I0R-1336-MONOMER	2.7e-31	32.1	277	132.1	53.4	95.5
WP_022524563.1	gnl|META|G7845-MONOMER	9.0e-41	38.8	242	163.3	57.4	98.3
WP_022524564.1	gnl|META|CYSS-MONOMER	7.4e-97	41.5	472	350.5	56.6	99.8
WP_022524582.1	gnl|META|EG10746-MONOMER	1.0e-150	38.3	943	530.4	55.8	99.5
WP_022524629.1	gnl|META|G7247-MONOMER	1.8e-37	31.5	349	152.9	48.4	96.9
WP_022524645.1	gnl|META|MONOMER-15530	2.9e-15	38.2	102	80.9	60.8	8.4
WP_022524654.1	gnl|META|MONOMER-15473	2.3e-28	30.4	335	122.9	49.9	76.0
WP_022524654.1	gnl|META|EG10203-MONOMER	1.3e-26	28.4	402	117.1	47.0	94.9
WP_022524656.1	gnl|META|MONOMER-19979	5.3e-51	39.2	367	198.0	61.0	94.6
WP_022524662.1	gnl|META|EG10534-MONOMER	1.1e-141	42.1	662	500.0	61.9	99.2
WP_022524708.1	gnl|META|EG10743-MONOMER	2.7e-07	33.3	78	51.2	56.4	60.0
WP_022524708.1	gnl|META|EG10900-MONOMER	1.0e-06	32.0	75	49.3	62.7	57.7
WP_024053017.1	gnl|META|EG10889-MONOMER	2.8e-06	31.2	80	47.4	51.2	84.2
WP_037565463.1	gnl|META|ASPS-MONOMER	7.2e-161	49.9	597	563.5	68.5	99.7
WP_037565463.1	gnl|META|MONOMER-14053	1.5e-153	47.9	580	539.3	66.2	99.0
WP_037565509.1	gnl|META|AT4G24650-MONOMER	3.7e-01	28.8	52	31.2	55.8	30.8
WP_037565509.1	gnl|META|AT2G27760-MONOMER	4.9e-01	26.9	52	30.8	51.9	30.8
WP_037565509.1	gnl|META|MONOMER-18513	4.9e-01	63.6	22	30.8	77.3	13.0
WP_037565534.1	gnl|META|NAGE-MONOMER	4.7e-77	31.8	719	285.4	48.8	97.0
WP_037565548.1	gnl|META|EG10423-MONOMER	4.9e-131	34.3	852	464.9	54.5	98.9
WP_037565584.1	gnl|META|MONOMER-14472	2.1e-62	51.4	251	235.3	68.1	91.8
WP_037565590.1	gnl|META|YCEE-MONOMER	5.3e-83	44.7	380	304.3	65.0	96.9
WP_037565646.1	gnl|META|MONOMER-20004	5.9e-120	40.8	650	427.9	58.3	89.3
WP_037565715.1	gnl|META|SPERMACTRAN-MONOMER	3.0e-07	35.5	62	51.6	62.9	32.5
WP_037565728.1	gnl|META|MONOMER-15463	2.3e-93	48.4	351	338.6	69.8	99.4
WP_037565752.1	gnl|META|MONOMER-20445	1.7e-107	53.1	354	385.6	70.6	93.4
WP_037565780.1	gnl|META|LIVH-MONOMER	3.8e-54	41.3	300	208.0	64.3	99.7
WP_037565796.1	gnl|META|EG10343-MONOMER	5.1e-17	28.6	182	84.0	51.6	100.0
WP_037565799.1	gnl|META|EG10833-MONOMER	2.9e-05	23.9	335	46.2	41.8	72.1
WP_037565799.1	gnl|META|EG10763-MONOMER	2.4e-04	27.5	160	43.1	44.4	33.3
WP_037565804.1	gnl|META|TREB-MONOMER	3.4e-114	49.4	480	408.7	65.0	71.5
WP_037565861.1	gnl|META|G7705-MONOMER	3.8e-05	22.4	299	45.4	43.8	82.1
WP_037565883.1	gnl|META|ZNUB-MONOMER	2.2e-14	27.8	245	75.9	51.0	85.0
WP_037565897.1	gnl|META|GART-MONOMER	1.1e-30	35.8	179	129.4	57.0	93.5
WP_037565897.1	gnl|META|HS08358-MONOMER	2.7e-29	32.6	181	124.8	58.0	94.6
WP_037565900.1	gnl|META|AICARTRANSIMPCYCLO-CPLX	6.6e-134	49.2	528	473.8	65.5	99.6
WP_037565933.1	gnl|META|MONOMER-18381	6.4e-10	27.4	190	60.8	43.2	77.0
WP_037565933.1	gnl|META|MONOMER-17092	5.4e-09	36.6	101	57.8	50.5	41.4
WP_037565960.1	gnl|META|MONOMER-16268	6.8e-187	75.2	395	649.4	86.6	99.7
WP_037565964.1	gnl|META|MONOMER-19659	8.1e-08	33.3	102	53.9	50.0	40.0
WP_037565964.1	gnl|META|URPHOS-MONOMER	1.2e-06	31.2	77	50.1	53.2	30.2
WP_037566036.1	gnl|META|UGPA-MONOMER	6.3e-20	25.6	293	94.4	48.5	97.3
WP_037566115.1	gnl|META|MONOMER-17266	3.6e-02	26.7	105	34.7	44.8	57.3
WP_037566268.1	gnl|META|G7220-MONOMER	5.5e-67	43.5	308	250.8	62.3	99.7
WP_037566268.1	gnl|META|MONOMER-20009	1.4e-65	39.0	305	246.1	66.6	98.7
WP_039676482.1	gnl|META|MONOMER-17582	2.9e-159	88.6	324	557.4	93.8	100.0
WP_080572560.1	gnl|META|EG10888-MONOMER	1.6e-09	50.9	55	57.8	72.7	74.3
WP_100207677.1	gnl|META|EG10423-MONOMER	6.3e-187	42.7	841	650.6	60.6	98.1
WP_100207678.1	gnl|META|EG11013-MONOMER	2.3e-129	38.4	735	459.1	55.1	97.3
WP_100207680.1	gnl|META|EG11311-MONOMER	1.1e-52	38.4	315	203.4	58.4	94.0
WP_100207681.1	gnl|META|EG11195-MONOMER	3.9e-11	26.4	288	65.1	43.1	98.6
WP_100207684.1	gnl|META|EG12354-MONOMER	1.2e-01	27.8	97	33.9	47.4	20.1
WP_100207688.1	gnl|META|G7037-MONOMER	1.8e-34	38.6	220	142.5	58.6	82.1
WP_100207690.1	gnl|META|G495-MONOMER	1.2e-111	63.6	283	399.1	76.3	94.3
WP_100207692.1	gnl|META|PD00219	2.8e-24	27.9	315	109.0	47.9	91.2
WP_100207694.1	gnl|META|EG10634-MONOMER	5.6e-05	46.7	45	43.9	60.0	26.6
WP_100207695.1	gnl|META|EG10246-MONOMER	5.9e-01	45.5	33	30.4	66.7	21.0
WP_100207696.1	gnl|META|PRPPSYN-MONOMER	6.5e-71	45.5	314	263.8	67.8	96.9
WP_100207696.1	gnl|META|HS07410-MONOMER	1.3e-63	41.3	312	239.6	63.5	96.9
WP_100207696.1	gnl|META|HS02317-MONOMER	3.8e-63	40.6	310	238.0	64.2	96.2
WP_100207699.1	gnl|META|EG10210-MONOMER	7.3e-34	29.0	345	141.0	49.3	91.1
WP_100207699.1	gnl|META|EG10844-MONOMER	2.1e-33	33.1	338	139.4	47.9	86.5
WP_100207701.1	gnl|META|MONOMER-19263	1.1e-14	28.8	215	76.6	46.0	83.3
WP_115342910.1	gnl|META|G495-MONOMER	1.3e-04	76.2	21	40.4	81.0	58.3
WP_115342910.1	gnl|META|EG10114-MONOMER	1.4e-03	60.9	23	37.0	73.9	63.9
WP_115342912.1	gnl|META|MONOMER-8684	4.5e-229	70.0	556	790.0	83.8	100.0
WP_115342914.1	gnl|META|GMP-REDUCT-MONOMER	2.9e-42	33.5	337	168.7	51.6	96.0
WP_115342914.1	gnl|META|MONOMER-16216	1.1e-38	32.6	344	156.8	47.1	93.6
WP_115342915.1	gnl|META|MONOMER-14175	3.5e-64	41.6	320	241.5	56.9	98.4
WP_115342916.1	gnl|META|G6131-MONOMER	1.0e-36	32.7	324	150.2	51.2	97.4
WP_115342920.1	gnl|META|BSU35660-MONOMER	2.0e-135	65.0	371	478.4	80.6	97.1
WP_115342920.1	gnl|META|MONOMER-19966	1.7e-134	64.4	371	475.3	80.6	97.1
WP_115342925.1	gnl|META|AT3G57050-MONOMER	7.6e-03	45.7	35	34.7	62.9	92.1
WP_115342926.1	gnl|META|EG10850-MONOMER	7.2e-05	31.0	84	44.3	48.8	29.6
WP_125352950.1	gnl|META|G6131-MONOMER	2.1e-14	49.3	67	73.9	64.2	93.1
WP_150225461.1	gnl|META|G6131-MONOMER	1.7e-14	47.8	67	74.3	65.7	90.5
WP_150225462.1	gnl|META|G6131-MONOMER	4.4e-32	33.5	248	134.4	52.8	97.1
WP_150225467.1	gnl|META|G6131-MONOMER	2.2e-14	49.3	67	73.9	64.2	90.5
WP_150225474.1	gnl|META|MONOMER-15985	5.0e-01	23.7	219	31.2	42.9	89.4
WP_150225477.1	gnl|META|G6131-MONOMER	1.3e-31	34.2	240	132.9	52.5	96.6
