WP_001031935.1	gnl|META|MONOMER-14178	5.9e-64	32.8	466	241.5	54.7	83.2
WP_001031935.1	gnl|META|MONOMER-12931	9.4e-62	34.1	472	234.2	55.1	83.2
WP_001031935.1	gnl|META|MONOMER-11687	4.7e-61	32.8	445	231.9	52.1	80.6
WP_001031935.1	gnl|META|GLUTATHIONE-REDUCT-NADPH-MONOMER	7.9e-61	33.0	446	231.1	53.6	81.0
WP_001031935.1	gnl|META|HS01727-MONOMER	2.3e-60	34.1	472	229.6	53.4	83.2
WP_001031935.1	gnl|META|MONOMER-585	2.0e-59	33.6	452	226.5	55.1	81.0
WP_001031935.1	gnl|META|E3-MONOMER	2.2e-58	31.3	463	223.0	52.9	83.3
WP_001181005.1	gnl|META|EG10909-MONOMER	3.1e-51	98.1	103	196.8	99.0	100.0
WP_005539416.1	gnl|META|EG10918-MONOMER	3.0e-45	90.1	91	176.8	97.8	100.0
WP_005539760.1	gnl|META|EG10892-MONOMER	2.9e-14	88.4	43	72.8	95.3	97.7
WP_005542826.1	gnl|META|EG10886-MONOMER	1.2e-34	85.7	77	141.4	94.8	98.7
WP_005543325.1	gnl|META|EG10911-MONOMER	3.5e-65	93.5	124	243.4	97.6	100.0
WP_005543603.1	gnl|META|EG10910-MONOMER	2.5e-66	93.0	129	247.3	96.9	100.0
WP_005543631.1	gnl|META|EG10888-MONOMER	8.1e-20	78.0	59	91.7	86.4	100.0
WP_005544470.1	gnl|META|EG10890-MONOMER	2.5e-18	77.2	57	86.7	86.0	100.0
WP_005548279.1	gnl|META|EG10919-MONOMER	1.2e-27	74.7	87	118.2	86.2	100.0
WP_005548786.1	gnl|META|EG10875-MONOMER	8.0e-62	94.3	123	232.3	98.4	100.0
WP_005596065.1	gnl|META|EG11231-MONOMER	4.3e-22	78.5	65	99.4	86.2	100.0
WP_005596075.1	gnl|META|EG10881-MONOMER	9.0e-55	95.7	117	208.8	98.3	100.0
WP_005598105.1	gnl|META|EG10917-MONOMER	8.7e-35	93.3	75	141.7	96.0	100.0
WP_005613503.1	gnl|META|EG10891-MONOMER	2.2e-19	81.5	54	90.1	90.7	96.4
WP_005625600.1	gnl|META|PHOSPHAGLYPSYN-MONOMER	1.5e-64	67.4	181	241.9	81.2	97.8
WP_005625613.1	gnl|META|MONOMER-19906	1.1e-05	24.6	171	47.0	45.6	59.0
WP_005625613.1	gnl|META|HS09974-MONOMER	4.3e-05	25.1	243	45.1	45.7	81.6
WP_005625811.1	gnl|META|EG11666-MONOMER	3.1e-66	81.6	158	247.3	89.9	98.8
WP_005625827.1	gnl|META|GPMA-MONOMER	1.1e-69	52.7	226	259.2	71.2	99.6
WP_005625827.1	gnl|META|HS10286-MONOMER	1.6e-68	52.7	224	255.4	70.5	97.8
WP_005625827.1	gnl|META|HS09121-MONOMER	2.0e-66	52.5	219	248.4	70.3	95.6
WP_005625827.1	gnl|META|YKL152C-MONOMER	8.4e-65	50.7	227	243.0	69.6	99.6
WP_005625827.1	gnl|META|HS10491-MONOMER	1.0e-62	48.1	231	236.1	68.4	99.6
WP_005625828.1	gnl|META|EG10889-MONOMER	5.6e-28	71.4	70	119.0	85.7	100.0
WP_005625866.1	gnl|META|EG10903-MONOMER	5.1e-101	89.3	206	363.2	95.1	100.0
WP_005625867.1	gnl|META|EG10912-MONOMER	5.0e-53	88.1	118	203.0	94.1	100.0
WP_005625868.1	gnl|META|EG11232-MONOMER	7.9e-13	84.2	38	67.8	97.4	100.0
WP_005625869.1	gnl|META|HS03351-MONOMER	1.2e-01	38.9	36	34.3	72.2	8.2
WP_005625871.1	gnl|META|EG10904-MONOMER	1.0e-80	92.8	166	295.4	95.8	100.0
WP_005625873.1	gnl|META|EG10879-MONOMER	8.2e-40	73.5	117	159.1	80.3	100.0
WP_005625876.1	gnl|META|EG10869-MONOMER	5.9e-74	76.3	177	273.1	90.4	100.0
WP_005625877.1	gnl|META|EG10907-MONOMER	7.4e-58	86.9	130	219.2	90.8	100.0
WP_005625879.1	gnl|META|EG10913-MONOMER	1.0e-46	91.1	101	181.8	96.0	100.0
WP_005625886.1	gnl|META|EG10916-MONOMER	1.1e-36	85.7	84	148.3	94.0	98.8
WP_005625888.1	gnl|META|EG10887-MONOMER	3.3e-19	75.8	62	89.7	87.1	98.4
WP_005625890.1	gnl|META|EG10877-MONOMER	1.7e-65	89.7	136	244.6	95.6	100.0
WP_005625894.1	gnl|META|EG10902-MONOMER	3.6e-111	87.7	235	397.1	93.6	100.0
WP_005625897.1	gnl|META|EG10882-MONOMER	3.7e-50	91.8	110	193.4	97.3	100.0
WP_005625898.1	gnl|META|EG10865-MONOMER	1.1e-138	86.1	273	488.8	93.4	100.0
WP_005625900.1	gnl|META|EG10883-MONOMER	1.1e-32	73.2	97	135.2	83.5	98.0
WP_005625901.1	gnl|META|EG10867-MONOMER	1.5e-89	83.6	201	325.1	93.5	100.0
WP_005625977.1	gnl|META|ADENYL-KIN-MONOMER	1.6e-89	72.0	214	325.1	85.5	100.0
WP_005626073.1	gnl|META|HYCBSMALL-MONOMER	7.4e-57	51.9	189	216.5	66.1	95.0
WP_005626087.1	gnl|META|HYCF-MONOMER	9.6e-30	47.3	182	126.3	59.3	95.3
WP_005626142.1	gnl|META|MONOMER-15863	8.5e-04	33.9	62	40.0	64.5	34.1
WP_005626413.1	gnl|META|EG50002-MONOMER	5.2e-36	87.1	85	146.0	92.9	100.0
WP_005626416.1	gnl|META|EG50001-MONOMER	3.8e-41	80.6	103	163.3	86.4	100.0
WP_005626422.1	gnl|META|EG10880-MONOMER	1.3e-53	89.5	114	204.9	98.2	98.3
WP_005626429.1	gnl|META|EG10915-MONOMER	4.9e-31	74.4	82	129.4	86.6	100.0
WP_005626581.1	gnl|META|EG10906-MONOMER	4.0e-74	89.7	156	273.5	94.2	100.0
WP_005626605.1	gnl|META|EG10871-MONOMER	6.0e-65	79.4	165	243.0	87.9	99.4
WP_005626704.1	gnl|META|NAPHTHOATE-SYN-MONOMER	1.3e-150	87.6	282	528.5	95.4	98.9
WP_005626807.1	gnl|META|TRANSALDOLB-MONOMER	1.0e-140	78.9	313	495.7	90.1	98.7
WP_005626842.1	gnl|META|RPOH-MONOMER	1.3e-110	70.7	280	395.6	86.8	98.9
WP_005626929.1	gnl|META|GLYCPDIESTER-PERI-MONOMER	6.3e-139	64.7	360	490.0	80.3	98.9
WP_005626961.1	gnl|META|EG12132-MONOMER	6.8e-41	71.0	107	162.5	82.2	100.0
WP_005626962.1	gnl|META|G7324-MONOMER	3.5e-60	88.0	125	226.9	94.4	98.4
WP_005626973.1	gnl|META|EG10271-MONOMER	7.0e-19	31.2	215	90.5	53.5	91.7
WP_005627031.1	gnl|META|NAPD-MONOMER	8.9e-13	39.2	79	68.9	64.6	84.9
WP_005627042.1	gnl|META|DIACYLGLYKIN-MONOMER	3.7e-24	53.2	109	107.1	71.6	92.4
WP_005627189.1	gnl|META|YHBG-MONOMER	1.0e-105	78.0	241	379.0	90.5	100.0
WP_005627223.1	gnl|META|HS04268-MONOMER	7.1e-06	27.7	101	46.2	49.5	88.8
WP_005627271.1	gnl|META|MONOMER-11204	3.1e-54	43.1	311	208.4	57.6	96.5
WP_005627271.1	gnl|META|MONOMER-663	2.6e-53	41.5	311	205.3	57.9	97.1
WP_005627318.1	gnl|META|EG50003-MONOMER	1.2e-26	82.7	75	114.8	92.0	98.7
WP_005627362.1	gnl|META|MONOMER-15780	5.6e-01	21.7	60	30.4	56.7	39.6
WP_005627543.1	gnl|META|CPXR-MONOMER	4.4e-32	33.6	226	134.4	58.4	95.3
WP_005627591.1	gnl|META|EG11180-MONOMER	1.9e-42	69.7	132	167.9	78.8	100.0
WP_005627595.1	gnl|META|RPOE-MONOMER	1.9e-78	73.8	191	288.1	88.0	99.5
WP_005627620.1	gnl|META|EG10905-MONOMER	1.9e-50	76.8	125	194.5	87.2	99.2
WP_005627626.1	gnl|META|EG10870-MONOMER	8.3e-45	61.7	149	176.0	73.2	100.0
WP_005627632.1	gnl|META|EG10920-MONOMER	4.7e-22	71.8	71	99.4	74.6	100.0
WP_005627640.1	gnl|META|MONOMER-12693	3.8e-02	45.5	22	33.5	81.8	25.6
WP_005627854.1	gnl|META|EG10271-MONOMER	1.8e-07	36.5	85	52.0	60.0	56.7
WP_005627940.1	gnl|META|RED-THIOREDOXIN-MONOMER	1.7e-31	51.4	105	131.3	76.2	98.1
WP_005628039.1	gnl|META|EG11073-MONOMER	2.5e-116	72.3	267	414.5	83.5	100.0
WP_005628053.1	gnl|META|UMPKI-MONOMER	5.1e-105	78.3	235	376.7	90.6	99.2
WP_005628151.1	gnl|META|GLYQ-MONOMER	1.0e-163	90.6	299	572.0	94.3	99.0
WP_005628316.1	gnl|META|MGLB-MONOMER	4.3e-126	68.0	331	447.2	80.4	99.7
WP_005628385.1	gnl|META|MANY-MONOMER	2.4e-87	64.0	264	318.2	80.3	99.2
WP_005628412.1	gnl|META|EG10436-MONOMER	1.1e-06	23.8	185	50.4	49.7	59.3
WP_005628461.1	gnl|META|NRDB-MONOMER	6.4e-187	85.1	376	649.4	91.8	100.0
WP_005628717.1	gnl|META|FDNI-MONOMER	4.7e-66	53.9	206	247.3	73.3	86.6
WP_005628717.1	gnl|META|FDOI-MONOMER	1.0e-60	50.3	197	229.6	71.1	82.8
WP_005628746.1	gnl|META|PYRUVFORMLY-MONOMER	2.6e-23	80.3	61	104.4	91.8	48.0
WP_005628746.1	gnl|META|KETOBUTFORMLY-INACT-MONOMER	1.9e-21	75.4	61	98.2	90.2	48.0
WP_005628794.1	gnl|META|POTC-MONOMER	1.0e-98	71.8	252	355.9	87.3	98.4
WP_005628896.1	gnl|META|EG10874-MONOMER	6.8e-73	91.5	142	269.2	95.1	100.0
WP_005628925.1	gnl|META|EG10914-MONOMER	3.9e-34	80.9	89	139.8	86.5	100.0
WP_005628952.1	gnl|META|RED-GLUTAREDOXIN	2.2e-29	71.6	81	124.0	80.2	93.1
WP_005629124.1	gnl|META|TATA	2.3e-11	48.9	88	63.9	65.9	98.7
WP_005629232.1	gnl|META|ATPC-MONOMER	8.4e-39	59.6	136	156.0	75.7	95.8
WP_005629235.1	gnl|META|ATPD-MONOMER	5.3e-236	88.3	460	812.8	94.8	100.0
WP_005629241.1	gnl|META|ATPA-MONOMER	2.6e-255	87.1	513	877.1	94.9	100.0
WP_005629305.1	gnl|META|EG11800-MONOMER	7.3e-152	67.1	389	533.1	81.2	95.3
WP_005629395.1	gnl|META|ANGLYC3PDEHYDROGSUBUNITA-MONOMER	2.1e-221	70.4	527	764.6	82.7	93.6
WP_005629492.1	gnl|META|EG10600-MONOMER	1.8e-40	86.5	96	161.0	93.8	100.0
WP_005629627.1	gnl|META|CORA-MONOMER	1.8e-121	69.9	316	431.8	84.5	100.0
WP_005629708.1	gnl|META|FABZ-MONOMER	2.8e-53	68.6	140	204.1	85.0	93.9
WP_005630108.1	gnl|META|EG10370-MONOMER	2.7e-177	88.2	363	617.5	93.7	98.6
WP_005630160.1	gnl|META|MONOMER-19926	1.6e-23	36.3	157	105.5	54.1	88.1
WP_005630294.1	gnl|META|G6364-MONOMER	6.1e-235	82.6	472	809.3	92.4	99.6
WP_005630296.1	gnl|META|EG11058-MONOMER	1.4e-93	71.6	215	338.6	80.5	98.2
WP_005630739.1	gnl|META|EG10900-MONOMER	1.3e-249	79.0	557	858.2	87.8	100.0
WP_005631161.1	gnl|META|CCME-MONOMER	2.4e-43	57.7	149	171.4	71.8	86.1
WP_005631202.1	gnl|META|G7459-MONOMER	5.5e-73	71.8	174	270.0	84.5	87.8
WP_005631292.1	gnl|META|MONOMER-921	3.8e-18	22.9	297	88.6	41.1	86.4
WP_005631594.1	gnl|META|EG10908-MONOMER	7.4e-58	86.2	130	219.2	93.1	100.0
WP_005631615.1	gnl|META|FABA-MONOMER	1.3e-81	80.0	170	298.5	91.8	96.0
WP_005631652.1	gnl|META|PNTA-MONOMER	7.1e-205	73.8	512	709.5	83.8	99.8
WP_005631962.1	gnl|META|NUOL-MONOMER	1.8e-48	33.7	496	189.9	52.2	98.5
WP_005631962.1	gnl|META|SYNPCC7942_1977-MONOMER	7.0e-45	32.3	455	177.9	49.5	87.7
WP_005631964.1	gnl|META|HYCD-MONOMER	6.5e-79	52.5	299	290.4	72.2	93.4
WP_005632140.1	gnl|META|MONOMER-13449	3.1e-55	51.1	188	211.1	68.6	93.0
WP_005632219.1	gnl|META|ATPE-MONOMER	1.3e-15	62.7	67	78.2	79.1	79.8
WP_005632242.1	gnl|META|GPT-MONOMER	2.8e-64	73.2	153	240.7	86.9	98.7
WP_005632606.1	gnl|META|EG12132-MONOMER	2.2e-13	38.0	108	71.2	56.5	93.0
WP_005632753.1	gnl|META|EG10866-MONOMER	1.2e-97	85.2	209	352.1	91.9	100.0
WP_005632942.1	gnl|META|EG11057-MONOMER	9.2e-10	31.7	120	60.1	53.3	56.5
WP_005633049.1	gnl|META|YEIJ-MONOMER	8.4e-87	46.0	420	317.0	63.6	98.8
WP_005633053.1	gnl|META|EG10872-MONOMER	4.4e-64	86.6	142	240.0	95.1	100.0
WP_005633213.1	gnl|META|G7457-MONOMER	6.1e-89	47.5	366	323.9	65.8	97.8
WP_005633301.1	gnl|META|EG10983-MONOMER	1.8e-98	66.3	258	355.1	81.0	96.6
WP_005633361.1	gnl|META|6PFK-1-MONOMER	1.1e-137	74.4	320	485.7	84.4	99.7
WP_005633361.1	gnl|META|MONOMER-18281	1.1e-137	74.4	320	485.7	84.4	99.7
WP_005633378.1	gnl|META|MONOMER-16201	3.4e-78	76.3	198	287.3	83.8	100.0
WP_005633380.1	gnl|META|MONOMER-16200	1.5e-68	64.4	208	255.4	76.9	99.5
WP_005633382.1	gnl|META|MONOMER-16199	3.8e-69	53.9	256	257.7	68.4	97.7
WP_005633425.1	gnl|META|MGLA-MONOMER	6.8e-216	74.3	506	746.1	84.8	100.0
WP_005633520.1	gnl|META|EG10483-MONOMER	2.2e-26	46.5	114	114.4	62.3	100.0
WP_005633680.1	gnl|META|EG10885-MONOMER	5.3e-29	62.4	93	122.9	76.3	97.9
WP_005633993.1	gnl|META|CARBOXYL-TRANSFERASE-ALPHA-MONOMER	3.7e-135	75.2	318	477.2	87.7	99.7
WP_005633994.1	gnl|META|ZNUB-MONOMER	1.3e-72	55.6	259	269.2	74.9	99.2
WP_005634082.1	gnl|META|FECE-MONOMER	1.9e-32	36.2	232	136.0	55.6	74.5
WP_005634082.1	gnl|META|FHUC-MONOMER	2.0e-29	33.5	239	125.9	56.1	73.9
WP_005634111.1	gnl|META|EG11008-MONOMER	1.6e-93	66.7	412	339.3	75.5	93.7
WP_005634116.1	gnl|META|EG10272-MONOMER	3.6e-10	35.2	125	60.8	53.6	89.2
WP_005634191.1	gnl|META|AMPG-MONOMER	7.6e-59	36.9	396	224.2	58.3	92.7
WP_005634220.1	gnl|META|SHIA-MONOMER	4.4e-54	32.0	428	208.4	50.9	96.1
WP_005634220.1	gnl|META|PROP-MONOMER	3.2e-52	30.0	433	202.2	53.3	96.3
WP_005634227.1	gnl|META|EG11291-MONOMER	4.2e-12	23.6	250	68.2	46.4	91.9
WP_005634291.1	gnl|META|MONOMER-14503	7.7e-06	40.3	62	45.4	59.7	89.7
WP_005634454.1	gnl|META|CYTOCHROMEC-MONOMER	1.6e-36	43.9	157	149.1	58.0	72.7
WP_005634483.1	gnl|META|EG11081-MONOMER	1.3e-124	68.7	310	442.2	86.5	98.7
WP_005634630.1	gnl|META|EG10921-MONOMER	8.9e-53	57.8	161	202.6	77.0	100.0
WP_005634809.1	gnl|META|URACIL-PRIBOSYLTRANS-MONOMER	4.8e-99	84.1	208	356.7	93.8	100.0
WP_005634963.1	gnl|META|ARTJ-MONOMER	2.0e-56	47.3	241	215.3	67.2	98.7
WP_005635006.1	gnl|META|CHORISMUTPREPHENDEHYDRAT-MONOMER	2.4e-112	53.7	380	401.7	73.7	98.7
WP_005635030.1	gnl|META|FDNH-MONOMER	8.9e-134	72.8	294	472.6	84.7	94.2
WP_005635030.1	gnl|META|FDOH-MONOMER	1.5e-133	71.9	299	471.9	84.9	96.5
WP_005635084.1	gnl|META|EG10844-MONOMER	7.6e-62	38.7	351	234.2	57.0	78.5
WP_005635098.1	gnl|META|ENOLASE-MONOMER	2.2e-207	85.4	437	717.6	93.8	100.0
WP_005635120.1	gnl|META|DSBBPROT-MONOMER	1.0e-33	43.9	155	139.4	66.5	87.6
WP_005635150.1	gnl|META|EG12099-MONOMER	5.3e-81	75.5	188	296.6	85.6	100.0
WP_005635169.1	gnl|META|PROTEIN-PII	5.4e-49	77.7	112	189.5	94.6	100.0
WP_005635266.1	gnl|META|EG10443-MONOMER	7.3e-03	27.1	96	36.2	46.9	84.9
WP_005635308.1	gnl|META|ATPG-MONOMER	9.9e-95	58.5	289	342.8	74.7	100.0
WP_005635314.1	gnl|META|ATPB-MONOMER	2.0e-73	56.1	269	271.9	71.7	96.2
WP_005635373.1	gnl|META|GTP-CYCLOHYDRO-II-MONOMER	1.4e-72	68.0	194	268.9	81.4	89.8
WP_005635474.1	gnl|META|EG12130-MONOMER	2.7e-09	26.9	227	59.3	46.3	63.0
WP_005635583.1	gnl|META|NARL-MONOMER	7.3e-39	40.0	205	156.8	62.4	96.2
WP_005635648.1	gnl|META|PD00232	3.3e-16	24.9	249	82.0	45.4	81.4
WP_005635667.1	gnl|META|MONOMER-19177	2.0e-06	30.9	94	48.5	56.4	63.5
WP_005635675.1	gnl|META|G7408-MONOMER	8.2e-40	41.7	187	159.8	61.0	93.5
WP_005635730.1	gnl|META|ABC-MONOMER	1.8e-40	38.8	219	162.2	60.3	99.1
WP_005635734.1	gnl|META|EG10884-MONOMER	1.5e-40	77.7	103	161.4	87.4	100.0
WP_005635844.1	gnl|META|MONOMER-16805	2.4e-02	34.0	50	35.4	56.0	23.7
WP_005635874.1	gnl|META|MANX-MONOMER	4.8e-69	45.0	318	257.7	66.0	96.6
WP_005635899.1	gnl|META|PTSH-MONOMER	1.6e-32	81.2	85	134.4	91.8	100.0
WP_005635907.1	gnl|META|CRR-MONOMER	2.3e-64	74.0	169	241.1	82.8	100.0
WP_005635976.1	gnl|META|MONOMER-16200	1.4e-19	34.4	186	92.8	52.7	80.2
WP_005636075.1	gnl|META|TRPS-MONOMER	1.4e-153	78.9	332	538.5	86.1	99.4
WP_005636084.1	gnl|META|EG10823-MONOMER	1.1e-148	73.4	353	522.3	86.4	99.7
WP_005636432.1	gnl|META|CTPSYN-MONOMER	1.4e-267	81.3	545	917.9	90.6	100.0
WP_005636476.1	gnl|META|BSU11710-MONOMER	7.4e-68	51.3	267	253.4	68.5	98.9
WP_005636648.1	gnl|META|PGK	1.2e-172	81.3	386	602.1	90.7	99.7
WP_005636652.1	gnl|META|EG10856-MONOMER	1.0e-05	23.5	187	47.0	34.8	62.5
WP_005636872.1	gnl|META|MONOMER-16198	3.5e-170	71.5	411	594.0	83.5	99.3
WP_005636875.1	gnl|META|MONOMER-16202	3.7e-196	81.6	407	680.2	88.5	99.0
WP_005637071.1	gnl|META|PD00219	4.4e-102	56.3	334	367.5	74.0	98.8
WP_005637214.1	gnl|META|CCMB-MONOMER	3.7e-57	57.5	219	217.6	71.2	99.1
WP_005637314.1	gnl|META|G7184-MONOMER	4.2e-192	78.4	399	666.8	88.5	98.8
WP_005637458.1	gnl|META|ZNUA-MONOMER	6.2e-12	22.8	272	67.8	40.4	86.0
WP_005637479.1	gnl|META|DCTP-DEAM-MONOMER	1.5e-83	76.7	193	305.1	87.6	99.0
WP_005637703.1	gnl|META|RNTRACTIV-MONOMER	1.8e-63	64.3	154	238.0	79.9	99.4
WP_005637805.1	gnl|META|MONOMER-4002	7.9e-02	33.3	51	36.6	60.8	3.4
WP_005637808.1	gnl|META|EG10921-MONOMER	1.6e-49	56.7	164	191.8	72.6	99.4
WP_005637822.1	gnl|META|EG10824-MONOMER	3.0e-193	36.0	1228	672.2	54.3	100.0
WP_005637824.1	gnl|META|G3O-32799-MONOMER	1.2e-14	27.7	260	76.6	41.2	80.7
WP_005637825.1	gnl|META|MONOMER-20682	1.4e-21	24.9	538	100.5	38.5	92.7
WP_005637825.1	gnl|META|HS00286-MONOMER	2.4e-21	24.6	362	99.8	41.7	71.1
WP_005637835.1	gnl|META|G6577-MONOMER	3.0e-41	44.6	240	164.9	59.6	97.0
WP_005637838.1	gnl|META|G7147-MONOMER	1.0e-32	49.6	117	136.0	70.1	72.7
WP_005637840.1	gnl|META|PHET-MONOMER	4.4e-310	65.4	795	1059.7	79.6	100.0
WP_005637948.1	gnl|META|MONOMER-13177	1.9e-03	26.5	170	38.9	44.1	84.8
WP_005637952.1	gnl|META|HS11566-MONOMER	9.3e-15	28.4	201	76.6	44.8	89.6
WP_005637953.1	gnl|META|YGJU-MONOMER	3.0e-129	59.4	416	458.0	76.9	99.8
WP_005637956.1	gnl|META|EG11057-MONOMER	5.9e-03	35.0	40	37.0	62.5	27.4
WP_005637962.1	gnl|META|MACB	2.0e-42	40.6	217	168.7	65.4	95.6
WP_005637962.1	gnl|META|ABC-MONOMER	3.6e-39	38.5	208	157.9	61.5	91.6
WP_005637965.1	gnl|META|DETHIOBIOTIN-SYN-MONOMER	2.0e-20	32.4	179	95.5	48.6	82.2
WP_005637966.1	gnl|META|EG10119-MONOMER	8.0e-11	24.5	253	63.9	41.5	93.8
WP_005637968.1	gnl|META|MONOMER-17845	3.0e-112	86.0	215	400.6	91.6	100.0
WP_005637971.1	gnl|META|MONOMER-14018	5.9e-55	33.9	383	211.1	55.6	99.2
WP_005637971.1	gnl|META|7KAPSYN-MONOMER	1.7e-49	35.9	357	193.0	53.8	93.2
WP_005637974.1	gnl|META|MACB	7.9e-02	29.7	145	34.7	45.5	34.6
WP_005638363.1	gnl|META|ATPF-MONOMER	2.7e-22	47.4	156	101.3	59.0	100.0
WP_005638601.1	gnl|META|POTB-MONOMER	1.8e-93	62.0	274	338.6	81.0	95.8
WP_005638836.1	gnl|META|EG10570-MONOMER	2.5e-100	65.6	262	361.3	80.5	97.8
WP_005639054.1	gnl|META|1-ACYLGLYCEROL-3-P-ACYLTRANSFER-MONOMER	2.7e-85	63.4	238	311.2	76.9	99.2
WP_005639290.1	gnl|META|EG10158-MONOMER	6.0e-80	71.5	193	293.1	88.1	100.0
WP_005639290.1	gnl|META|SYNPCC7942_2525-MONOMER	5.5e-73	69.1	191	270.0	83.8	99.0
WP_005639380.1	gnl|META|FRUCTBISALD-CLASSII-MONOMER	1.1e-156	70.8	359	548.9	85.5	100.0
WP_005639404.1	gnl|META|EG10764-MONOMER	4.3e-27	58.6	99	116.7	73.7	91.7
WP_005641128.1	gnl|META|EG11121-MONOMER	8.5e-48	68.5	124	186.0	85.5	78.0
WP_005642621.1	gnl|META|MONOMER-13163	3.5e-01	30.8	78	30.8	43.6	61.0
WP_005642748.1	gnl|META|UDPNACETYLGLUCOSAMACYLTRANS-MONOMER	3.9e-58	64.5	200	221.1	75.5	76.3
WP_005643555.1	gnl|META|EG10341-MONOMER	9.8e-161	52.9	565	563.1	70.4	91.8
WP_005643928.1	gnl|META|RPOD-MONOMER	2.2e-216	69.4	627	748.0	79.6	100.0
WP_005643930.1	gnl|META|TRKH-MONOMER	5.3e-173	60.3	486	603.6	76.5	99.8
WP_005643931.1	gnl|META|MONOMER3O-419	8.7e-01	48.3	29	31.6	58.6	5.6
WP_005643933.1	gnl|META|EG12216-MONOMER	1.2e-23	64.3	70	104.8	80.0	88.6
WP_005643935.1	gnl|META|YJR117W-MONOMER	1.1e-05	26.9	219	47.0	42.9	70.7
WP_005643937.1	gnl|META|AT4G02280-MONOMER	8.3e-02	24.5	110	35.8	47.3	10.8
WP_005643939.1	gnl|META|MONOMER-14460	6.7e-13	25.7	179	71.2	49.7	44.0
WP_005643942.1	gnl|META|FOLD-MONOMER	1.2e-105	65.5	278	379.0	81.7	98.2
WP_005643943.1	gnl|META|EG10239-MONOMER	1.3e-181	56.0	577	632.5	70.7	97.0
WP_005643945.1	gnl|META|EG12163-MONOMER	2.8e-120	51.0	429	428.3	69.0	94.7
WP_005643951.1	gnl|META|RPOB-MONOMER	0.0e+00	83.0	1343	2229.1	91.1	100.0
WP_005643953.1	gnl|META|MONOMER-7712	5.9e-01	48.1	27	30.8	70.4	13.1
WP_005643955.1	gnl|META|TDK-MONOMER	1.4e-73	68.6	188	271.9	83.0	97.4
WP_005643958.1	gnl|META|EG11503-MONOMER	7.0e-70	52.3	222	260.0	73.9	92.9
WP_005643962.1	gnl|META|BSU35690-MONOMER	3.9e-13	36.3	124	71.6	58.1	44.2
WP_005643962.1	gnl|META|BSU35680-MONOMER	1.5e-12	36.9	103	69.7	59.2	37.1
WP_005643964.1	gnl|META|EG10864-MONOMER	1.4e-104	84.7	229	375.2	92.6	100.0
WP_005643966.1	gnl|META|DEOD-MONOMER	5.6e-112	84.4	237	399.8	91.1	99.6
WP_005643968.1	gnl|META|DMK-MONOMER	3.1e-75	53.5	299	278.1	67.9	98.3
WP_005643972.1	gnl|META|RPOC-MONOMER	0.0e+00	81.1	1411	2246.9	88.2	99.6
WP_005643973.1	gnl|META|EG12609-MONOMER	4.4e-79	62.1	219	290.4	77.6	100.0
WP_005643979.1	gnl|META|MTR-MONOMER	7.0e-38	29.1	402	154.5	49.5	97.3
WP_005643979.1	gnl|META|TNAB-MONOMER	1.4e-33	27.8	407	140.2	48.6	98.5
WP_005643981.1	gnl|META|MONOMER-19775	5.9e-01	41.2	34	32.0	73.5	7.4
WP_005643989.1	gnl|META|EG10048-MONOMER	2.0e-89	54.5	266	325.1	70.3	96.7
WP_005643992.1	gnl|META|EG11440-MONOMER	3.7e-57	66.7	168	217.2	79.8	99.4
WP_005643994.1	gnl|META|PGLUCISOM	2.5e-01	57.9	19	32.3	78.9	7.6
WP_005643998.1	gnl|META|EG11171-MONOMER	1.6e-147	72.1	341	518.5	85.6	99.7
WP_005644000.1	gnl|META|EG11268-MONOMER	6.8e-113	65.3	317	403.3	77.0	99.4
WP_005644002.1	gnl|META|STM4458-MONOMER	2.0e-47	75.2	129	184.5	83.7	100.0
WP_005644004.1	gnl|META|MONOMER-12104	1.3e-13	29.4	126	73.2	52.4	46.6
WP_005644006.1	gnl|META|EG10523-MONOMER	9.5e-106	68.6	274	379.4	79.9	95.5
WP_005644010.1	gnl|META|NADH-DHII-MONOMER	1.8e-140	56.5	444	495.4	71.8	100.0
WP_005644012.1	gnl|META|EG10397-MONOMER	3.9e-31	39.5	177	131.0	60.5	91.7
WP_005644034.1	gnl|META|MONOMER-17076	2.9e-46	29.4	520	183.0	47.3	76.8
WP_005644036.1	gnl|META|MONOMER-16143	3.4e-06	32.9	85	48.5	52.9	30.3
WP_005644036.1	gnl|META|MONOMER-19283	2.2e-05	35.1	94	45.8	52.1	33.1
WP_005644036.1	gnl|META|EG11266-MONOMER	2.9e-05	28.7	101	45.4	50.5	37.0
WP_005644036.1	gnl|META|MONOMER-20370	4.9e-05	28.8	139	44.7	41.0	53.5
WP_005644038.1	gnl|META|EG10375-MONOMER	4.9e-288	76.4	627	986.1	87.4	99.7
WP_005644040.1	gnl|META|GLPF-MONOMER	1.0e-109	73.2	257	392.5	86.8	97.3
WP_005644045.1	gnl|META|EG11470-MONOMER	3.7e-59	43.7	261	224.6	61.7	96.3
WP_005644048.1	gnl|META|ANGLYC3PDEHYDROGSUBUNITB-MONOMER	1.7e-82	41.6	430	302.8	57.7	99.3
WP_005644050.1	gnl|META|EG10941-MONOMER	2.8e-136	56.6	458	481.5	73.8	98.9
WP_005644052.1	gnl|META|G6456-MONOMER	3.9e-90	50.6	334	327.8	65.6	98.2
WP_005644057.1	gnl|META|PANTEPADENYLYLTRAN-MONOMER	3.9e-45	52.6	152	177.2	75.0	97.4
WP_005644059.1	gnl|META|EG10873-MONOMER	9.0e-29	62.6	123	122.5	71.5	100.0
WP_005644061.1	gnl|META|ASL-MONOMER	1.0e-210	77.6	455	728.8	88.1	99.8
WP_005644063.1	gnl|META|G6581-MONOMER	7.9e-63	63.8	188	236.5	75.5	82.4
WP_005644065.1	gnl|META|B0752-MONOMER	3.1e-19	32.9	210	91.7	50.0	87.6
WP_005644067.1	gnl|META|EG11663-MONOMER	1.0e-56	71.8	149	216.1	83.2	72.3
WP_005644069.1	gnl|META|EG11816-MONOMER	6.9e-66	77.6	156	246.1	85.9	98.7
WP_005644072.1	gnl|META|CHAINI-MONOMER	5.8e-115	61.4	329	410.2	78.4	98.2
WP_005644072.1	gnl|META|CHAINF-MONOMER	1.0e-111	59.8	331	399.4	75.8	98.8
WP_005644075.1	gnl|META|EG12111-MONOMER	6.9e-63	49.8	297	237.7	60.9	66.6
WP_005644078.1	gnl|META|G7422-MONOMER	2.1e-75	44.1	340	278.9	62.4	98.8
WP_005644082.1	gnl|META|ASP-SEMIALDEHYDE-DEHYDROGENASE-MONOMER	6.2e-158	72.6	369	553.1	84.6	99.5
WP_005644082.1	gnl|META|MONOMER-15807	4.3e-151	68.8	368	530.4	82.6	99.2
WP_005644082.1	gnl|META|MONOMER-1062	1.4e-149	67.8	369	525.4	81.6	99.5
WP_005644095.1	gnl|META|EG10942-MONOMER	8.5e-144	43.5	623	506.9	63.4	99.7
WP_005644097.1	gnl|META|G6435-MONOMER	1.7e-202	75.6	439	701.4	88.6	98.7
WP_005644099.1	gnl|META|PPX-MONOMER	2.6e-138	50.1	481	488.4	71.3	94.5
WP_005644101.1	gnl|META|G7698-MONOMER	4.4e-56	55.4	186	213.8	73.1	100.0
WP_005644111.1	gnl|META|EG10739-MONOMER	1.6e-37	30.2	321	152.9	51.1	98.7
WP_005644113.1	gnl|META|G6457-MONOMER	7.3e-240	69.6	549	825.9	84.9	99.8
WP_005644120.1	gnl|META|EG11852-MONOMER	3.4e-51	67.6	145	197.2	82.1	100.0
WP_005644122.1	gnl|META|NAG1P-URIDYLTRANS-MONOMER	4.0e-159	61.2	456	557.4	73.9	100.0
WP_005644124.1	gnl|META|EG10986-MONOMER	2.8e-66	63.1	179	247.7	76.0	95.7
WP_005644138.1	gnl|META|ALPHACOMP-MONOMER	6.9e-12	30.6	147	66.6	44.9	98.6
WP_005644138.1	gnl|META|MONOMER-17204	5.9e-11	30.2	149	63.5	46.3	99.3
WP_005644140.1	gnl|META|AROE-MONOMER	1.0e-69	49.6	268	259.6	67.2	100.0
WP_005644142.1	gnl|META|MONOMER-8381	3.8e-152	94.9	274	533.5	97.8	100.0
WP_005644147.1	gnl|META|ATPH-MONOMER	2.7e-50	58.0	176	194.5	76.1	99.4
WP_005644150.1	gnl|META|GLPT-MONOMER	1.5e-159	61.3	447	558.9	73.4	93.1
WP_005644151.1	gnl|META|EG12656-MONOMER	5.8e-67	57.6	191	250.0	74.3	99.5
WP_005644156.1	gnl|META|EG10529-MONOMER	2.7e-21	23.3	503	100.1	39.4	69.9
WP_005644164.1	gnl|META|CPDB-MONOMER	3.2e-250	62.7	640	860.5	76.9	97.4
WP_005644177.1	gnl|META|CYDC-MONOMER	2.8e-45	26.1	552	179.5	49.6	99.6
WP_005644181.1	gnl|META|EG10837-MONOMER	4.3e-266	67.4	668	913.3	81.6	99.6
WP_005644184.1	gnl|META|EG10395-MONOMER	3.8e-20	47.3	93	93.6	64.5	88.6
WP_005644196.1	gnl|META|EG11932-MONOMER	7.5e-131	68.7	329	463.0	78.1	99.7
WP_005644198.1	gnl|META|ANGLYC3PDEHYDROGSUBUNITC-MONOMER	1.2e-128	54.6	399	456.1	70.7	93.7
WP_005644201.1	gnl|META|KETOLREDUCTOISOM-MONOMER	1.1e-234	81.7	492	808.5	89.2	100.0
WP_005644202.1	gnl|META|EG11817-MONOMER	3.0e-68	53.3	244	254.6	65.6	98.8
WP_005644204.1	gnl|META|EG12209-MONOMER	8.2e-17	38.3	120	82.8	55.8	93.8
WP_005644206.1	gnl|META|G7423-MONOMER	8.1e-60	52.5	223	226.5	70.4	96.9
WP_005644209.1	gnl|META|DCUC-MONOMER	3.4e-14	24.4	450	75.9	44.4	97.4
WP_005644211.1	gnl|META|MONOMER-19265	3.1e-01	25.3	83	32.0	51.8	33.3
WP_005644213.1	gnl|META|TPI-MONOMER	3.2e-100	73.1	260	360.9	78.8	98.9
WP_005644218.1	gnl|META|GLYCEROL-KIN-MONOMER	2.4e-237	76.9	502	817.4	88.8	99.8
WP_005644220.1	gnl|META|EG10625-MONOMER	0.0e+00	70.4	861	1187.9	83.2	99.9
WP_005644221.1	gnl|META|CYDD-MONOMER	8.8e-50	26.0	570	194.5	50.4	96.0
WP_005644232.1	gnl|META|EG10695-MONOMER	7.1e-154	57.5	487	540.0	70.8	100.0
WP_005644237.1	gnl|META|EG10376-MONOMER	4.4e-73	65.5	203	270.4	76.4	100.0
WP_005644278.1	gnl|META|PHOSPHASERSYN-MONOMER	3.2e-132	50.3	451	468.0	70.3	99.1
WP_005644287.1	gnl|META|G7845-MONOMER	6.1e-06	22.2	234	48.1	42.7	64.4
WP_005644288.1	gnl|META|URPHOS-MONOMER	2.1e-104	74.8	250	374.8	85.6	99.2
WP_005644295.1	gnl|META|DXPREDISOM-MONOMER	3.0e-142	63.8	389	501.1	78.4	98.0
WP_005644296.1	gnl|META|EG10238-MONOMER	0.0e+00	72.5	1159	1749.9	85.5	99.8
WP_005644308.1	gnl|META|G7530-MONOMER	1.7e-58	57.0	193	221.9	73.6	99.0
WP_005644309.1	gnl|META|HS00614-MONOMER	4.6e-34	37.7	204	141.0	54.4	84.1
WP_005644311.1	gnl|META|G1G01-3975-MONOMER	3.1e-01	31.5	89	32.3	44.9	28.1
WP_005644313.1	gnl|META|MONOMER-13263	4.1e-11	24.4	336	65.9	36.9	59.1
WP_005644314.1	gnl|META|G6418-MONOMER	4.4e-53	30.4	434	205.3	51.8	79.8
WP_005644321.1	gnl|META|EG10900-MONOMER	1.4e-10	41.5	82	64.7	69.5	10.6
WP_005644321.1	gnl|META|EG10743-MONOMER	9.0e-10	46.2	80	62.0	67.5	10.3
WP_005644323.1	gnl|META|EG10868-MONOMER	4.9e-92	90.5	179	333.2	96.6	100.0
WP_005644324.1	gnl|META|ARGSUCCINLYA-MONOMER	7.8e-195	74.1	455	676.0	84.4	99.6
WP_005644325.1	gnl|META|EG11500-MONOMER	1.2e-48	35.6	317	189.9	54.6	96.3
WP_005644328.1	gnl|META|SMALLILVM-MONOMER	3.5e-09	43.8	73	56.6	64.4	98.6
WP_005644330.1	gnl|META|MONOMER-11900	1.1e-131	43.9	576	466.5	62.0	99.5
WP_005644330.1	gnl|META|LARGEILVB-MONOMER	2.2e-127	42.7	553	452.2	61.8	99.5
WP_005644330.1	gnl|META|MONOMER-18810	7.1e-118	42.2	566	420.6	59.4	99.3
WP_005644334.1	gnl|META|EG10876-MONOMER	2.0e-48	80.6	144	188.0	88.9	100.0
WP_005644339.1	gnl|META|MONOMER-11555	1.8e-30	58.4	101	127.9	71.3	100.0
WP_005644339.1	gnl|META|MONOMER-183	7.4e-29	54.9	102	122.5	74.5	100.0
WP_005644345.1	gnl|META|EG10613-MONOMER	1.6e-57	45.7	276	220.3	62.7	43.8
WP_005644347.1	gnl|META|PEPCARBOXYKIN-MONOMER	7.4e-253	78.3	530	869.0	87.4	98.3
WP_005644348.1	gnl|META|DTMPKI-MONOMER	3.2e-69	61.7	209	257.7	74.6	94.1
WP_005644349.1	gnl|META|AT1G65980-MONOMER	1.2e-24	40.4	146	109.8	60.3	60.2
WP_005644350.1	gnl|META|G7128-MONOMER	2.5e-02	30.0	70	34.7	48.6	54.4
WP_005644355.1	gnl|META|MONOMER-18543	7.1e-01	31.8	66	30.4	48.5	35.1
WP_005644357.1	gnl|META|EG12210-MONOMER	8.8e-114	60.5	349	406.4	74.8	99.4
WP_005644362.1	gnl|META|EG11676-MONOMER	3.8e-73	81.5	173	270.4	89.0	98.9
WP_005644363.1	gnl|META|MONOMER-13457	1.5e-296	65.6	738	1014.6	78.7	98.5
WP_005644363.1	gnl|META|MONOMER-16206	3.4e-296	65.5	739	1013.4	77.9	98.5
WP_005644365.1	gnl|META|POTD-MONOMER	1.1e-111	56.6	348	399.4	71.8	99.4
WP_005644366.1	gnl|META|EG10343-MONOMER	3.1e-52	55.9	186	201.1	71.0	95.9
WP_005644367.1	gnl|META|RBSA-MONOMER	3.6e-206	72.9	494	713.8	85.4	100.0
WP_005644369.1	gnl|META|EG10985-MONOMER	3.4e-32	24.9	418	135.2	42.6	95.2
WP_005644370.1	gnl|META|GLUCOSE-1-PHOSPHAT-MONOMER	8.2e-82	36.4	412	300.4	59.7	96.9
WP_005644372.1	gnl|META|YCHM-MONOMER	3.6e-144	54.0	541	508.1	68.9	93.1
WP_005644373.1	gnl|META|RBSB-MONOMER	3.5e-116	73.9	291	414.1	87.3	99.3
WP_005644374.1	gnl|META|GLUC1PURIDYLTRANS-MONOMER	1.5e-117	72.9	288	418.7	84.4	97.6
WP_005644375.1	gnl|META|ASNSYNA-MONOMER	2.9e-122	63.6	330	434.5	77.0	100.0
WP_005644377.1	gnl|META|ASPARTASE-MONOMER	3.6e-219	78.9	465	756.9	89.7	98.5
WP_005644378.1	gnl|META|EG10542-MONOMER	0.0e+00	74.8	773	1145.2	88.4	96.1
WP_005644382.1	gnl|META|RIB5PISOMA-MONOMER	3.3e-74	65.6	218	274.2	78.9	99.5
WP_005644384.1	gnl|META|1-PFK-MONOMER	1.6e-93	56.1	305	339.0	72.8	97.4
WP_005644390.1	gnl|META|EG12022-MONOMER	5.1e-121	66.0	303	430.3	80.2	97.7
WP_005644394.1	gnl|META|EG10484-MONOMER	2.1e-09	24.6	199	58.9	40.7	91.9
WP_005644398.1	gnl|META|DIHYDRODIPICSYN-MONOMER	5.1e-102	61.3	292	367.1	79.5	98.0
WP_005644400.1	gnl|META|MONOMER-11556	6.6e-30	61.0	100	125.9	80.0	100.0
WP_005644400.1	gnl|META|MONOMER-184	1.5e-26	55.0	100	114.8	76.0	100.0
WP_005644404.1	gnl|META|MONOMER-11554	7.0e-209	61.7	575	723.0	74.6	100.0
WP_005644404.1	gnl|META|MONOMER-182	4.2e-198	57.7	575	687.2	74.4	100.0
WP_005644409.1	gnl|META|EG10599-MONOMER	3.1e-254	86.7	532	873.6	94.0	97.3
WP_005644410.1	gnl|META|G7713-MONOMER	5.6e-20	39.5	119	93.2	63.0	99.2
WP_005644412.1	gnl|META|LIPIDADISACCHARIDESYNTH-MONOMER	1.2e-135	63.9	379	479.2	78.1	97.2
WP_005644414.1	gnl|META|RIBULP3EPIM-MONOMER	5.9e-103	78.9	223	369.8	90.6	99.6
WP_005644418.1	gnl|META|DCUB-MONOMER	2.2e-93	41.4	435	339.0	66.0	97.5
WP_005644418.1	gnl|META|DCUA-MONOMER	4.9e-85	41.0	439	311.2	59.5	99.3
WP_005644420.1	gnl|META|PD00219	3.6e-72	41.3	332	268.1	64.2	97.6
WP_005644422.1	gnl|META|MONOMER-6122	8.5e-79	34.3	545	290.8	51.6	90.5
WP_005644422.1	gnl|META|HS09924-MONOMER	1.1e-75	32.6	611	280.4	46.6	97.8
WP_005644424.1	gnl|META|FRUB-MONOMER	2.0e-95	50.4	379	345.9	65.7	75.2
WP_005644428.1	gnl|META|EG11888-MONOMER	6.8e-69	76.6	154	256.1	87.7	96.2
WP_005644430.1	gnl|META|G6886-MONOMER	1.3e-42	52.2	157	169.1	68.8	82.6
WP_005644433.1	gnl|META|EG12712-MONOMER	2.6e-71	71.9	167	264.2	85.6	100.0
WP_005644435.1	gnl|META|FECE-MONOMER	5.9e-32	31.0	242	134.0	55.8	94.7
WP_005644445.1	gnl|META|EG11481-MONOMER	1.0e-29	32.4	244	126.7	50.4	91.5
WP_005644447.1	gnl|META|GLURS-MONOMER	3.3e-204	72.0	464	707.2	83.4	96.5
WP_005644450.1	gnl|META|UDPNACETYLMURAMATEDEHYDROG-MONOMER	4.0e-119	59.0	339	424.1	74.6	99.4
WP_005644452.1	gnl|META|OROPRIBTRANS-MONOMER	2.2e-83	69.0	213	304.7	83.6	100.0
WP_005644461.1	gnl|META|EG11881-MONOMER	5.1e-199	80.6	444	689.9	89.9	100.0
WP_005644471.1	gnl|META|EG10572-MONOMER	1.8e-71	50.0	258	265.4	71.3	98.1
WP_005644473.1	gnl|META|GPH-MONOMER	1.2e-50	46.5	230	196.1	60.4	96.9
WP_005644475.1	gnl|META|MONOMER-14005	5.2e-06	22.2	630	49.3	39.2	85.3
WP_005644481.1	gnl|META|MONOMER66-341	3.5e-143	53.1	473	504.6	67.9	92.7
WP_005644488.1	gnl|META|THREDEHYDSYN-MONOMER	3.1e-192	66.5	505	667.5	81.8	98.1
WP_005644491.1	gnl|META|EG11494-MONOMER	1.2e-78	44.9	350	289.7	62.9	100.0
WP_005644496.1	gnl|META|EG11080-MONOMER	1.7e-02	27.1	70	36.2	52.9	28.2
WP_005644499.1	gnl|META|APHA-MONOMER	1.3e-55	45.2	239	212.6	65.3	100.0
WP_005644509.1	gnl|META|EG11639-MONOMER	1.5e-08	23.3	292	56.6	44.9	94.4
WP_005644511.1	gnl|META|EG11822-MONOMER	3.9e-87	41.3	426	318.2	59.2	97.9
WP_005644516.1	gnl|META|DIHYDROXYACIDDEHYDRAT-MONOMER	3.2e-284	77.7	614	973.4	88.8	99.8
WP_005644518.1	gnl|META|NANT-MONOMER	9.8e-32	24.5	436	134.0	43.6	95.3
WP_005644522.1	gnl|META|G7714-MONOMER	4.6e-28	46.8	126	120.2	61.9	98.4
WP_005644524.1	gnl|META|GLYS-MONOMER	2.0e-266	68.2	689	914.4	79.5	100.0
WP_005644527.1	gnl|META|EG10838-MONOMER	4.4e-141	76.6	308	496.9	85.7	100.0
WP_005644531.1	gnl|META|EG10878-MONOMER	9.6e-58	90.6	127	218.8	92.9	99.2
WP_005644534.1	gnl|META|MONOMER-17780	2.7e-01	40.0	60	32.0	51.7	26.8
WP_005644534.1	gnl|META|EG10997-MONOMER	7.7e-01	50.0	26	30.4	76.9	12.7
WP_005644537.1	gnl|META|HS06949-MONOMER	7.8e-185	62.4	481	642.9	79.0	99.2
WP_005644539.1	gnl|META|EG12244-MONOMER	2.6e-18	28.7	293	89.4	43.7	77.4
WP_005644539.1	gnl|META|MONOMER-17891	1.4e-16	28.4	296	83.6	40.2	78.5
WP_005644541.1	gnl|META|EG10893-MONOMER	9.3e-174	92.4	329	605.5	97.3	100.0
WP_005644544.1	gnl|META|EG10817-MONOMER	3.4e-40	55.4	139	160.6	74.8	100.0
WP_005644554.1	gnl|META|GARTRANSFORMYL2-MONOMER	1.2e-143	65.5	391	505.8	79.5	99.5
WP_005644556.1	gnl|META|DIOHBUTANONEPSYN-MONOMER	4.2e-82	70.9	213	300.4	83.6	99.1
WP_005644559.1	gnl|META|HEMN-MONOMER	1.1e-27	30.9	236	120.6	49.2	60.8
WP_005644559.1	gnl|META|MONOMER-19721	3.8e-25	27.5	244	112.1	47.5	62.9
WP_005644559.1	gnl|META|MONOMER-20091	3.2e-24	26.6	274	109.0	46.4	69.7
WP_005644561.1	gnl|META|EG10697-MONOMER	1.6e-136	52.9	435	482.3	71.3	98.4
WP_005644574.1	gnl|META|GLU6PDEHYDROG-MONOMER	3.4e-111	43.3	494	398.3	61.7	98.0
WP_005644576.1	gnl|META|MONOMER-20840	1.4e-72	62.8	218	268.9	76.1	97.3
WP_005644580.1	gnl|META|PGLYCDEHYDROG-MONOMER	2.3e-166	70.9	409	581.3	83.6	99.3
WP_005644582.1	gnl|META|EG10861-MONOMER	7.0e-68	71.5	193	253.1	80.3	98.0
WP_005644583.1	gnl|META|RIBOKIN-MONOMER	2.3e-89	56.9	299	325.1	72.9	97.7
WP_005644586.1	gnl|META|H2NEOPTERINALDOL-MONOMER	7.5e-33	58.3	115	136.0	79.1	97.5
WP_005644589.1	gnl|META|EG10424-MONOMER	0.0e+00	74.1	803	1210.3	84.9	99.4
WP_005644591.1	gnl|META|EG10850-MONOMER	5.8e-02	33.3	57	33.5	49.1	40.0
WP_005644591.1	gnl|META|YFL017C-MONOMER	2.9e-01	33.9	56	31.2	55.4	41.5
WP_005644595.1	gnl|META|EG10108-MONOMER	8.0e-59	65.4	153	222.6	81.7	98.7
WP_005644597.1	gnl|META|MONOMER-14087	6.3e-16	33.3	204	80.5	52.0	95.5
WP_005644601.1	gnl|META|RBSC-MONOMER	4.2e-102	65.7	303	367.5	80.9	93.8
WP_005644605.1	gnl|META|EG10240-MONOMER	2.3e-03	30.0	60	39.3	66.7	20.8
WP_005644610.1	gnl|META|HS07564-MONOMER	9.5e-07	28.4	155	50.1	45.8	71.8
WP_005644612.1	gnl|META|FECD-MONOMER	3.9e-31	34.9	272	131.7	55.1	83.4
WP_005644614.1	gnl|META|EG10272-MONOMER	4.4e-06	29.2	120	47.4	52.5	78.9
WP_005644619.1	gnl|META|FRUA-MONOMER	4.8e-146	58.0	555	514.2	71.5	98.9
WP_005644623.1	gnl|META|ALAS-MONOMER	0.0e+00	70.2	873	1264.6	82.7	99.9
WP_005644650.1	gnl|META|SAPD-MONOMER	9.7e-129	63.3	330	456.1	81.2	94.6
WP_005644655.1	gnl|META|EG12345-MONOMER	9.6e-86	62.2	246	312.8	74.8	97.6
WP_005644663.1	gnl|META|GLTS-MONOMER	3.3e-112	55.0	393	401.4	72.5	97.3
WP_005644667.1	gnl|META|HS09849-MONOMER	2.1e-01	29.4	68	33.5	47.1	14.5
WP_005644669.1	gnl|META|MONOMER-13362	2.1e-03	24.0	75	38.1	48.0	64.7
WP_005644671.1	gnl|META|G6474-MONOMER	1.2e-48	48.1	183	189.1	67.2	98.4
WP_005644675.1	gnl|META|PITA-MONOMER	1.7e-10	22.7	493	63.5	40.4	96.2
WP_005644678.1	gnl|META|EG10529-MONOMER	2.1e-18	32.1	156	90.1	55.1	28.7
WP_005644679.1	gnl|META|FECB-MONOMER	8.9e-02	25.9	81	34.3	50.6	23.2
WP_005644681.1	gnl|META|EG11507-MONOMER	1.1e-92	81.2	208	335.5	88.9	99.5
WP_005644682.1	gnl|META|EG12876-MONOMER	7.7e-40	68.8	109	159.1	79.8	100.0
WP_005644683.1	gnl|META|EG10423-MONOMER	1.5e-89	32.0	725	327.0	51.9	87.6
WP_005644684.1	gnl|META|DGTPTRIPHYDRO-MONOMER	2.3e-24	25.4	523	109.8	39.4	92.0
WP_005644685.1	gnl|META|EG11498-MONOMER	1.2e-01	33.3	60	34.7	53.3	9.4
WP_005644685.1	gnl|META|EG11498-MONOMER	8.0e-01	36.2	47	32.0	44.7	7.6
WP_005644686.1	gnl|META|FABB-MONOMER	9.8e-165	73.8	404	575.9	83.2	99.3
WP_005644688.1	gnl|META|PHOSGLUCOSAMINEMUT-MONOMER	2.6e-187	73.2	444	651.0	84.9	99.8
WP_005644689.1	gnl|META|PNTB-MONOMER	1.2e-198	78.0	478	688.7	84.3	100.0
WP_005644691.1	gnl|META|PEPCARBOX-MONOMER	0.0e+00	64.6	885	1160.6	79.1	100.0
WP_005644692.1	gnl|META|MONOMER-6564	1.3e-07	26.3	190	53.5	48.4	59.0
WP_005644694.1	gnl|META|G7454-MONOMER	6.4e-92	46.2	400	334.0	63.2	99.2
WP_005644695.1	gnl|META|GLCNACPTRANS-MONOMER	1.3e-91	58.2	347	332.8	73.2	96.9
WP_005644696.1	gnl|META|G7888-MONOMER	2.1e-102	53.0	364	368.6	71.4	100.0
WP_005644699.1	gnl|META|MONOMER-17076	5.9e-01	68.0	25	32.0	76.0	5.5
WP_005644701.1	gnl|META|G7405-MONOMER	4.4e-03	25.1	191	38.1	42.4	75.0
WP_005644704.1	gnl|META|PD00232	1.2e-16	26.8	276	83.6	43.5	87.4
WP_005644714.1	gnl|META|PTSG-MONOMER	1.2e-59	31.4	544	227.3	50.9	97.5
WP_005644714.1	gnl|META|MALX-MONOMER	7.3e-54	30.6	558	208.0	49.3	98.0
WP_005644716.1	gnl|META|THRS-MONOMER	3.2e-311	77.4	642	1063.1	85.8	99.8
WP_005644718.1	gnl|META|TYRS-MONOMER	7.8e-34	28.2	393	141.0	48.6	92.9
WP_005644724.1	gnl|META|YFR047C-MONOMER	2.9e-14	24.0	275	75.5	48.0	94.3
WP_005644724.1	gnl|META|QUINOPRIBOTRANS-MONOMER	1.2e-12	24.1	241	70.1	43.6	84.7
WP_005644725.1	gnl|META|YDHE-MONOMER	3.1e-114	47.8	458	408.3	68.3	98.5
WP_005644727.1	gnl|META|MANZ-MONOMER	5.6e-95	63.3	270	343.6	81.1	97.1
WP_005644738.1	gnl|META|EG11506-MONOMER	3.3e-276	77.1	607	946.8	89.3	96.0
WP_005644742.1	gnl|META|G7641-MONOMER	6.3e-102	67.0	273	366.7	80.2	96.5
WP_005644744.1	gnl|META|EG12354-MONOMER	1.5e-02	29.5	95	37.0	46.3	19.7
WP_005644746.1	gnl|META|LUMAZINESYN-MONOMER	2.1e-62	76.3	156	234.6	89.7	99.4
WP_005644748.1	gnl|META|EG10942-MONOMER	1.4e-19	32.4	247	94.7	48.6	28.3
WP_005644748.1	gnl|META|EG10529-MONOMER	2.2e-17	32.7	226	87.4	50.4	24.2
WP_005644750.1	gnl|META|EG10852-MONOMER	2.2e-65	43.5	299	245.4	66.2	99.0
WP_005644751.1	gnl|META|EG11177-MONOMER	3.6e-95	58.0	312	344.4	72.1	99.3
WP_005644753.1	gnl|META|EG10302-MONOMER	1.3e-29	24.0	721	127.9	43.0	92.9
WP_005644758.1	gnl|META|PGLUCISOM	3.0e-257	77.2	549	883.6	88.2	100.0
WP_005644760.1	gnl|META|KDO-8PSYNTH-MONOMER	2.8e-126	76.3	283	447.6	86.2	99.6
WP_005644763.1	gnl|META|G7452-MONOMER	1.1e-95	61.1	275	345.9	76.7	97.8
WP_005644765.1	gnl|META|EG11506-MONOMER	1.1e-11	35.8	123	68.2	52.0	16.5
WP_005644770.1	gnl|META|MODA-MONOMER	5.0e-05	35.3	68	44.7	58.8	26.3
WP_005644773.1	gnl|META|ASPKINIII-MONOMER	1.1e-145	62.7	450	512.7	76.4	100.0
WP_005644780.1	gnl|META|MANNPISOM-MONOMER	5.6e-56	35.8	388	214.5	52.8	95.0
WP_005644781.1	gnl|META|G6475-MONOMER	2.0e-68	53.6	209	255.0	72.2	99.0
WP_005644785.1	gnl|META|EG12045-MONOMER	7.2e-02	38.3	47	36.2	61.7	4.5
WP_005644789.1	gnl|META|EG10454-MONOMER	2.8e-107	69.6	260	384.4	82.7	96.7
WP_005644791.1	gnl|META|MONOMER-13782	3.8e-07	39.7	68	50.1	58.8	79.3
WP_005644791.1	gnl|META|G6456-MONOMER	2.4e-06	35.9	64	47.4	51.6	74.4
WP_005644799.1	gnl|META|CYST-MONOMER	5.3e-18	26.3	247	87.8	52.6	90.2
WP_005644801.1	gnl|META|AROG-MONOMER	2.7e-142	70.8	346	501.1	82.9	95.6
WP_005644803.1	gnl|META|E2O-MONOMER	4.6e-146	67.6	408	513.8	77.0	99.8
WP_005644807.1	gnl|META|MONOMER-17099	6.3e-146	39.9	754	515.0	59.8	56.4
WP_005644807.1	gnl|META|GLYCOPHOSPHORYL-MONOMER	7.7e-144	40.1	746	508.1	59.7	56.4
WP_005644807.1	gnl|META|HS02099-MONOMER	3.8e-143	40.1	754	505.8	58.4	56.4
WP_005644807.1	gnl|META|MALDEXPHOSPHORYL-MONOMER	6.6e-143	40.1	743	505.0	58.8	56.5
WP_005644807.1	gnl|META|HS02178-MONOMER	7.3e-142	39.6	755	501.5	59.1	56.4
WP_005644807.1	gnl|META|HS00949-MONOMER	1.0e-140	38.9	755	497.7	57.9	56.4
WP_005644810.1	gnl|META|EG10202-MONOMER	2.9e-107	41.9	454	385.2	64.5	93.9
WP_005644812.1	gnl|META|EG10487-MONOMER	3.4e-131	67.0	333	464.2	81.4	98.8
WP_005644814.1	gnl|META|MODA-MONOMER	3.7e-61	51.6	246	231.1	66.3	96.5
WP_005644820.1	gnl|META|GARTRANSFORMYL2-MONOMER	1.5e-01	37.5	40	30.4	65.0	97.6
WP_005644822.1	gnl|META|EG10136-MONOMER	1.8e-142	59.3	410	501.9	72.7	98.6
WP_005644823.1	gnl|META|EG11294-MONOMER	2.6e-93	61.2	281	338.2	75.4	87.5
WP_005644825.1	gnl|META|FCL-MONOMER	2.6e-01	37.7	61	31.2	49.2	47.5
WP_005644827.1	gnl|META|CPDB-MONOMER	1.6e-01	34.5	55	35.0	50.9	4.9
WP_005644828.1	gnl|META|EG10605-MONOMER	1.0e-194	48.2	718	676.4	68.2	91.0
WP_005644831.1	gnl|META|PHES-MONOMER	1.9e-142	75.1	329	501.5	81.5	100.0
WP_005644835.1	gnl|META|ASNS-MONOMER	1.5e-230	81.0	464	794.7	91.2	99.4
WP_005644840.1	gnl|META|DPPA-MONOMER	2.4e-76	31.2	528	282.7	50.8	92.9
WP_005644842.1	gnl|META|MONOMER0-2001	1.2e-94	80.3	274	342.4	86.9	99.6
WP_005644848.1	gnl|META|G6731-MONOMER	2.9e-50	52.2	201	194.5	68.7	99.5
WP_005644861.1	gnl|META|ARGS-MONOMER	1.9e-246	72.1	577	847.8	83.4	100.0
WP_005644863.1	gnl|META|G6577-MONOMER	1.6e-12	26.9	171	69.7	47.4	60.1
WP_005644866.1	gnl|META|EG11620-MONOMER	4.9e-190	50.9	662	660.6	68.1	99.5
WP_005644869.1	gnl|META|MONOMER-17712	6.7e-02	29.0	100	35.0	45.0	17.0
WP_005644874.1	gnl|META|TAUB-MONOMER	3.4e-25	34.9	209	111.3	53.6	100.0
WP_005644874.1	gnl|META|G12WB-159-MONOMER	5.9e-25	33.0	194	110.5	57.2	91.2
WP_005644874.1	gnl|META|G12WB-158-MONOMER	1.3e-24	32.7	205	109.4	53.7	98.0
WP_005644876.1	gnl|META|EG10826-MONOMER	2.4e-101	39.8	606	365.9	56.6	92.5
WP_005644882.1	gnl|META|H2PTEROATESYNTH-MONOMER	2.5e-79	54.5	275	291.6	69.5	100.0
WP_005644888.1	gnl|META|EG10694-MONOMER	7.7e-164	58.1	484	573.2	76.4	97.4
WP_005644890.1	gnl|META|LAUROYLACYLTRAN-MONOMER	2.5e-96	56.0	307	348.2	70.0	98.1
WP_005644895.1	gnl|META|EG11098-MONOMER	3.2e-11	45.3	75	63.5	57.3	94.9
WP_005644897.1	gnl|META|G7147-MONOMER	7.8e-37	43.8	178	149.8	64.6	95.6
WP_005644906.1	gnl|META|PANF-MONOMER	2.2e-13	22.0	459	73.6	43.8	80.0
WP_005644908.1	gnl|META|ALARACEBIOSYN-MONOMER	3.8e-120	57.2	360	427.6	75.3	99.4
WP_005644910.1	gnl|META|YAR015W-MONOMER	2.0e-71	46.9	290	265.4	68.3	96.6
WP_005644912.1	gnl|META|E1O-MONOMER	0.0e+00	68.2	935	1323.9	79.5	99.8
WP_005644914.1	gnl|META|EG11603-MONOMER	1.7e-37	42.9	198	152.9	57.1	56.5
WP_005644916.1	gnl|META|MONOMER-3821	1.1e-73	46.4	308	273.1	64.6	97.5
WP_005644918.1	gnl|META|CYDC-MONOMER	2.5e-12	28.3	184	70.1	46.7	28.7
WP_005644920.1	gnl|META|G7842-MONOMER	1.2e-74	71.8	181	275.4	84.5	99.5
WP_005644924.1	gnl|META|THI-P-KIN-MONOMER	1.0e-92	53.2	325	336.3	70.2	99.4
WP_005644926.1	gnl|META|EG10968-MONOMER	7.2e-135	42.6	620	477.2	60.5	99.2
WP_005644928.1	gnl|META|DIHYDROPICRED-MONOMER	4.4e-105	70.9	268	377.1	82.1	99.3
WP_005644933.1	gnl|META|G6115-MONOMER	4.9e-104	55.0	351	374.0	70.9	98.6
WP_005644938.1	gnl|META|AROA-MONOMER	2.6e-171	72.7	429	597.8	80.9	99.1
WP_005644948.1	gnl|META|EG10424-MONOMER	5.7e-103	39.5	554	371.3	59.0	85.6
WP_005644948.1	gnl|META|EG10424-MONOMER	3.8e-06	42.7	82	49.7	63.4	12.5
WP_005644953.1	gnl|META|FPPSYN-MONOMER	6.0e-79	52.5	297	290.4	69.0	98.6
WP_005644958.1	gnl|META|ENOYL-ACP-REDUCT-NADH-MONOMER	1.9e-105	75.7	259	378.3	84.6	98.9
WP_005644961.1	gnl|META|TRYPSYN-APROTEIN	1.3e-80	56.3	268	295.8	72.4	100.0
WP_005644965.1	gnl|META|SAPB-MONOMER	4.5e-56	34.7	320	214.5	60.6	99.7
WP_005644968.1	gnl|META|G7199-MONOMER	7.0e-168	45.0	671	587.0	62.0	99.7
WP_005644973.1	gnl|META|PGPPHOSPHAA-MONOMER	1.0e-35	48.1	156	146.0	65.4	95.1
WP_005644975.1	gnl|META|G7841-MONOMER	9.0e-111	53.6	347	396.4	76.4	99.4
WP_005644977.1	gnl|META|EG11013-MONOMER	0.0e+00	71.8	871	1268.8	83.0	100.0
WP_005644979.1	gnl|META|DETHIOBIOTIN-SYN-MONOMER	2.6e-40	40.4	228	161.8	58.3	92.6
WP_005644983.1	gnl|META|G6675-MONOMER	1.2e-133	75.4	309	472.2	85.4	96.5
WP_005644985.1	gnl|META|G7590-MONOMER	5.8e-193	71.2	466	669.8	83.5	97.9
WP_005644986.1	gnl|META|MONOMER-17076	4.0e-51	30.9	518	199.1	48.1	74.7
WP_005644988.1	gnl|META|GLND-MONOMER	1.6e-220	46.9	851	762.3	66.0	97.7
WP_005644990.1	gnl|META|BTUC-MONOMER	2.5e-33	33.2	325	139.0	55.1	95.0
WP_005644990.1	gnl|META|FEPD-MONOMER	1.4e-31	31.9	329	133.3	48.6	95.8
WP_005644990.1	gnl|META|FECD-MONOMER	6.9e-31	31.5	276	131.0	52.9	81.6
WP_005644991.1	gnl|META|ADENYLOSUCCINATE-SYN-MONOMER	6.9e-201	76.2	432	696.0	86.6	100.0
WP_005644993.1	gnl|META|RIBOFLAVIN-SYN-MONOMER	8.6e-77	68.8	202	282.7	82.2	99.0
WP_005644994.1	gnl|META|FEPC-MONOMER	5.5e-25	33.3	231	110.9	51.5	85.8
WP_005644998.1	gnl|META|G7889-MONOMER	1.0e-109	56.4	353	392.9	74.8	98.3
WP_005645002.1	gnl|META|METHYLENETHFREDUCT-MONOMER	1.5e-127	72.8	290	451.8	83.8	99.0
WP_005645003.1	gnl|META|DAPASYN-MONOMER	3.5e-144	58.3	420	507.7	73.3	97.7
WP_005645007.1	gnl|META|ACETOLACTSYNIII-HCHAIN-MONOMER	1.3e-56	65.6	160	215.3	84.4	98.2
WP_005645011.1	gnl|META|G7201-MONOMER	3.9e-49	53.9	165	190.7	68.5	92.1
WP_005645015.1	gnl|META|PTSI-MONOMER	9.7e-235	70.9	574	808.9	84.0	99.8
WP_005645018.1	gnl|META|G7455-MONOMER	1.5e-18	39.6	111	88.6	55.0	88.1
WP_005645020.1	gnl|META|EG10484-MONOMER	9.2e-87	55.6	306	316.2	65.4	98.9
WP_005645026.1	gnl|META|FECE-MONOMER	6.6e-29	31.2	256	124.0	52.7	97.7
WP_005645026.1	gnl|META|FHUC-MONOMER	1.2e-27	32.6	236	119.8	53.0	89.7
WP_005645026.1	gnl|META|FEPC-MONOMER	1.8e-26	29.7	236	115.9	52.1	89.7
WP_005645035.1	gnl|META|F16B-MONOMER	5.1e-135	70.6	333	476.9	82.6	100.0
WP_005645037.1	gnl|META|EG10210-MONOMER	1.8e-03	28.4	74	41.6	52.7	6.5
WP_005645039.1	gnl|META|EG12319-MONOMER	2.2e-81	63.7	212	298.1	79.7	92.6
WP_005645045.1	gnl|META|EG12424-MONOMER	3.3e-74	56.9	290	274.6	69.3	98.6
WP_005645047.1	gnl|META|MONOMER-18458	7.2e-10	28.4	169	60.5	49.1	77.8
WP_005645050.1	gnl|META|HS05425-MONOMER	1.1e-41	27.7	408	167.2	47.3	90.5
WP_005645052.1	gnl|META|SAPC-MONOMER	4.9e-65	45.1	288	244.2	64.6	97.6
WP_005645054.1	gnl|META|EG10458-MONOMER	3.8e-18	21.6	343	89.4	41.1	58.6
WP_005645062.1	gnl|META|G7449-MONOMER	7.7e-85	62.8	239	309.7	74.9	100.0
WP_005645065.1	gnl|META|ACETOLACTSYNIII-ICHAIN-MONOMER	3.5e-245	71.4	570	843.6	84.7	99.0
WP_005645069.1	gnl|META|SAPF-MONOMER	9.3e-71	49.4	263	263.1	71.1	97.8
WP_005645071.1	gnl|META|PRPPSYN-MONOMER	4.5e-149	85.4	314	523.5	92.7	99.7
WP_005645073.1	gnl|META|G7642-MONOMER	2.8e-80	30.9	680	295.8	46.9	97.7
WP_005645075.1	gnl|META|EG10926-MONOMER	8.7e-157	57.1	468	549.7	73.7	98.7
WP_005645077.1	gnl|META|YLR260W-MONOMER	8.4e-01	28.4	74	31.6	51.4	13.5
WP_005645081.1	gnl|META|EG10760-MONOMER	1.1e-173	53.3	614	606.3	69.4	87.1
WP_005645084.1	gnl|META|TRYPSYN-BPROTEIN	1.5e-186	80.2	393	648.3	88.3	98.7
WP_005645086.1	gnl|META|THII-MONOMER	1.7e-195	67.9	480	678.3	85.6	99.0
WP_005645090.1	gnl|META|CYSA-MONOMER	1.1e-28	37.1	202	122.9	55.9	96.0
WP_005645090.1	gnl|META|YDCT-MONOMER	1.0e-26	38.2	191	116.3	54.5	92.5
WP_005645090.1	gnl|META|POTA-MONOMER	3.0e-26	36.7	196	114.8	58.2	94.5
WP_005645090.1	gnl|META|SFUC-MONOMER	6.7e-26	34.7	190	113.6	59.5	92.0
WP_005645090.1	gnl|META|POTG-MONOMER	6.7e-26	35.9	192	113.6	55.7	93.0
WP_005645124.1	gnl|META|HS04134-MONOMER	7.4e-49	47.9	188	189.9	66.5	94.0
WP_005645128.1	gnl|META|ZNUA-MONOMER	3.0e-66	44.4	338	248.4	61.2	99.1
WP_005645130.1	gnl|META|CYSTATHIONINE-BETA-LYASE-MONOMER	6.4e-161	67.3	394	563.1	84.0	99.7
WP_005645137.1	gnl|META|G6488-MONOMER	1.7e-257	59.8	709	884.8	76.4	99.6
WP_005645139.1	gnl|META|EG12440-MONOMER	8.3e-197	69.3	450	682.6	84.0	99.3
WP_005645168.1	gnl|META|G7319-MONOMER	5.6e-194	69.7	499	673.3	80.0	99.2
WP_005645171.1	gnl|META|EG11939-MONOMER	2.2e-170	74.5	440	594.7	86.6	99.5
WP_005645171.1	gnl|META|G7504-MONOMER	3.0e-167	73.7	438	584.3	84.5	99.3
WP_005645174.1	gnl|META|YDEA-MONOMER	1.3e-84	48.0	356	309.7	68.8	89.9
WP_005645176.1	gnl|META|UGPC-MONOMER	2.6e-65	39.3	351	245.4	60.7	98.3
WP_005645176.1	gnl|META|POTA-MONOMER	3.4e-65	53.0	236	245.0	69.5	67.6
WP_005645176.1	gnl|META|YDCT-MONOMER	2.7e-62	42.2	313	235.3	59.4	89.1
WP_005645176.1	gnl|META|POTG-MONOMER	1.9e-60	42.4	288	229.2	64.6	80.8
WP_005645176.1	gnl|META|MALK-MONOMER	5.6e-60	39.9	311	227.6	59.2	86.2
WP_005645184.1	gnl|META|FERREDOXIN-MONOMER	7.2e-41	64.5	110	162.5	82.7	97.3
WP_005645187.1	gnl|META|EG10923-MONOMER	1.8e-66	59.8	204	248.4	77.9	100.0
WP_005645191.1	gnl|META|G6244-MONOMER	3.2e-03	29.4	109	37.7	51.4	78.7
WP_005645193.1	gnl|META|G7325-MONOMER	2.7e-191	78.7	404	664.1	91.8	100.0
WP_005645197.1	gnl|META|G7020-MONOMER	2.1e-98	71.1	239	354.8	82.0	99.6
WP_005645209.1	gnl|META|EG10925-MONOMER	9.8e-67	79.8	163	249.2	87.1	85.8
WP_005645214.1	gnl|META|HISS-MONOMER	3.3e-163	68.4	405	570.9	80.2	95.5
WP_005645216.1	gnl|META|EG10924-MONOMER	1.7e-154	82.4	330	541.6	90.0	98.5
WP_005645218.1	gnl|META|EG12130-MONOMER	1.0e-234	70.0	617	808.9	81.5	99.5
WP_005645220.1	gnl|META|GLYOXI-MONOMER	4.0e-54	74.1	135	206.8	81.5	100.0
WP_005645222.1	gnl|META|CYDA-MONOMER	3.1e-195	62.9	520	677.6	80.8	99.8
WP_005645224.1	gnl|META|CYDB-MONOMER	1.3e-134	61.2	379	475.7	77.0	100.0
WP_005645230.1	gnl|META|EG10860-MONOMER	8.1e-59	66.2	151	222.6	76.8	96.8
WP_005645238.1	gnl|META|ASPS-MONOMER	3.9e-263	76.2	585	903.3	84.4	99.5
WP_005645243.1	gnl|META|EG11547-MONOMER	5.7e-77	63.9	216	283.5	77.8	94.3
WP_005645250.1	gnl|META|EG10243-MONOMER	3.6e-80	61.2	242	294.3	74.4	94.1
WP_005645253.1	gnl|META|EG12015-MONOMER	1.5e-21	33.2	211	99.8	53.6	70.5
WP_005645256.1	gnl|META|EG12131-MONOMER	3.0e-22	34.5	168	101.3	56.5	97.1
WP_005645258.1	gnl|META|MONOMER0-282	2.1e-09	24.1	394	59.7	41.4	99.7
WP_005645266.1	gnl|META|G7327-MONOMER	3.6e-66	54.8	239	247.7	72.4	97.5
WP_005645290.1	gnl|META|DIHYDROOROTOX-MONOMER	1.3e-117	60.5	337	419.1	75.7	99.4
WP_005645296.1	gnl|META|G6634-MONOMER	2.1e-70	49.8	271	261.9	63.5	97.8
WP_005645302.1	gnl|META|PUTP-MONOMER	3.8e-174	62.4	498	607.4	77.3	98.8
WP_005645307.1	gnl|META|POTD-MONOMER	5.3e-106	51.5	361	380.6	67.3	100.0
WP_005645315.1	gnl|META|STM2053-MONOMER	3.3e-31	30.0	280	133.3	50.7	34.1
WP_005645322.1	gnl|META|ASPAMINOTRANS-MONOMER	8.1e-148	62.6	396	519.6	78.3	100.0
WP_005645326.1	gnl|META|EG11551-MONOMER	9.9e-203	55.2	757	703.0	67.9	98.9
WP_005645328.1	gnl|META|G7021-MONOMER	6.4e-127	65.2	322	449.9	79.5	100.0
WP_005645334.1	gnl|META|MONOMER-12550	1.7e-02	47.8	23	35.8	65.2	11.9
WP_005645334.1	gnl|META|CHRECP067-MONOMER	6.6e-02	62.5	16	33.9	93.8	8.3
WP_005645334.1	gnl|META|PSAC-MONOMER	6.6e-02	62.5	16	33.9	93.8	8.3
WP_005645334.1	gnl|META|MONOMER-15405	8.6e-02	31.5	92	33.5	42.4	46.1
WP_005645334.1	gnl|META|MONOMER-20159	1.1e-01	35.5	31	33.1	61.3	16.1
WP_005645334.1	gnl|META|MONOMER-16059	1.1e-01	30.5	59	33.1	50.8	30.6
WP_005645335.1	gnl|META|MACB	1.1e-40	44.1	204	162.9	63.7	89.7
WP_005645335.1	gnl|META|GLNQ-MONOMER	1.0e-38	40.8	223	156.4	61.9	96.4
WP_005645337.1	gnl|META|MACB	1.1e-07	30.4	125	54.3	51.2	28.0
WP_005645339.1	gnl|META|EG11549-MONOMER	2.9e-124	54.2	400	441.4	70.8	96.6
WP_005645341.1	gnl|META|MONOMER-16198	5.8e-20	28.6	276	94.7	46.7	74.0
WP_005645344.1	gnl|META|ANTHRANSYNCOMPII-MONOMER	3.0e-103	58.5	325	371.3	74.5	97.6
WP_005645350.1	gnl|META|HYBC-MONOMER	1.1e-254	71.9	565	875.2	83.0	99.3
WP_005645352.1	gnl|META|MONOMER-20842	1.4e-02	31.1	106	35.8	42.5	66.7
WP_005645352.1	gnl|META|DSBD-MONOMER	4.1e-02	35.7	42	34.3	57.1	26.9
WP_005645354.1	gnl|META|EG10968-MONOMER	9.8e-12	29.3	167	67.4	47.3	46.7
WP_005645356.1	gnl|META|EG10153-MONOMER	6.6e-129	56.7	404	456.8	71.0	100.0
WP_005645358.1	gnl|META|VALS-MONOMER	0.0e+00	69.2	951	1379.8	80.8	99.4
WP_005645366.1	gnl|META|MONOMER-16442	3.2e-35	30.1	362	146.0	50.0	68.9
WP_005645373.1	gnl|META|G7266-MONOMER	1.2e-92	56.9	297	335.9	74.7	99.0
WP_005645376.1	gnl|META|EG11598-MONOMER	3.6e-48	58.0	150	187.2	76.7	100.0
WP_005645384.1	gnl|META|MONOMER-15313	9.6e-01	29.5	44	29.6	47.7	29.3
WP_005645386.1	gnl|META|RIBAZOLEPHOSPHAT-MONOMER	8.7e-16	33.5	170	80.1	45.3	77.5
WP_005645389.1	gnl|META|EG12394-MONOMER	4.9e-27	46.0	124	118.2	62.9	35.1
WP_005645398.1	gnl|META|GCQ7-3299-MONOMER	1.0e-33	43.5	168	139.4	64.9	92.8
WP_005645401.1	gnl|META|EG10696-MONOMER	1.9e-311	61.0	867	1064.3	74.0	99.5
WP_005645404.1	gnl|META|GLYCOGENSYN-MONOMER	1.7e-168	59.2	476	588.6	73.7	100.0
WP_005645406.1	gnl|META|G6320-MONOMER	1.2e-22	23.6	450	104.0	46.2	95.8
WP_005645407.1	gnl|META|MACB	6.5e-01	23.9	113	31.6	49.6	28.4
WP_005645411.1	gnl|META|EG11413-MONOMER	2.5e-38	50.7	142	154.5	69.0	95.8
WP_005645413.1	gnl|META|HYBA-MONOMER	2.5e-137	68.6	318	484.6	80.8	91.6
WP_005645415.1	gnl|META|GLNS-MONOMER	7.9e-258	77.2	548	885.6	86.9	98.2
WP_005645417.1	gnl|META|RED-THIOREDOXIN-MONOMER	1.4e-02	32.6	43	35.8	60.5	26.9
WP_005645422.1	gnl|META|MONOMER-16201	4.5e-35	43.9	196	144.1	63.8	99.0
WP_005645425.1	gnl|META|CPXR-MONOMER	8.8e-27	33.8	228	116.7	55.7	97.7
WP_005645429.1	gnl|META|HYCG-MONOMER	1.8e-92	64.4	247	335.1	80.6	95.7
WP_005645435.1	gnl|META|HYCC-MONOMER	1.4e-99	36.4	601	360.1	58.2	89.3
WP_005645441.1	gnl|META|HOMOCYSMET-MONOMER	4.0e-236	54.6	756	813.9	68.3	99.1
WP_005645444.1	gnl|META|G6318-MONOMER	5.6e-28	26.1	460	121.7	46.7	93.8
WP_005645450.1	gnl|META|FUMC-MONOMER	1.8e-162	62.9	461	568.5	74.6	99.4
WP_005645450.1	gnl|META|MONOMER-18278	1.8e-162	62.0	458	568.5	75.8	98.5
WP_005645450.1	gnl|META|HP1325-MONOMER	5.2e-162	62.0	461	567.0	74.2	99.4
WP_005645450.1	gnl|META|ENSG00000091483-MONOMER	1.2e-161	62.0	461	565.8	75.1	99.1
WP_005645450.1	gnl|META|AT5G50950-MONOMER	6.1e-155	59.6	460	543.5	73.3	98.9
WP_005645453.1	gnl|META|EG11299-MONOMER	1.5e-204	71.9	487	708.4	86.4	99.2
WP_005645455.1	gnl|META|HYCELARGE-MONOMER	3.8e-255	72.7	564	876.7	85.3	97.6
WP_005645460.1	gnl|META|EG10381-MONOMER	2.4e-173	49.1	636	605.1	62.7	94.5
WP_005645462.1	gnl|META|EG10662-MONOMER	8.0e-102	82.9	210	365.9	91.9	99.5
WP_005645463.1	gnl|META|G7410-MONOMER	2.0e-20	29.2	312	96.3	45.5	80.2
WP_005645468.1	gnl|META|ANTHRANSYNCOMPII-MONOMER	7.9e-64	57.7	189	239.6	73.5	97.9
WP_005645472.1	gnl|META|GTP-CYCLOHYDRO-I-MONOMER	3.3e-74	63.0	219	274.2	77.6	99.5
WP_005645485.1	gnl|META|G66-33947-MONOMER	2.6e-06	26.1	134	48.9	51.5	48.2
WP_005645485.1	gnl|META|ENSG00000130309-MONOMER	2.9e-05	33.8	77	45.4	62.3	28.4
WP_005645489.1	gnl|META|GLYCOGEN-BRANCH-MONOMER	4.3e-304	63.6	725	1039.6	78.9	99.5
WP_005645491.1	gnl|META|CYTIDEAM-MONOMER	4.5e-63	53.6	235	237.7	66.4	80.5
WP_005645493.1	gnl|META|PURE-MONOMER	6.7e-64	77.4	159	239.6	88.7	97.0
WP_005645495.1	gnl|META|G7414-MONOMER	9.4e-07	24.2	157	49.7	48.4	97.5
WP_005645499.1	gnl|META|MONOMER-17333	1.1e-23	26.0	361	107.1	49.6	100.0
WP_005645502.1	gnl|META|PURK-MONOMER	1.8e-109	57.2	353	392.1	69.7	97.0
WP_005645504.1	gnl|META|MONOMER0-145	1.5e-162	76.5	357	568.5	85.7	93.7
WP_005645507.1	gnl|META|BSU35550-MONOMER	1.6e-12	28.8	222	69.7	51.4	74.1
WP_005645507.1	gnl|META|MONOMER-15991	1.4e-11	33.7	101	66.6	59.4	33.1
WP_005645509.1	gnl|META|EG11595-MONOMER	4.5e-123	61.8	327	437.2	78.0	96.7
WP_005645512.1	gnl|META|EG10154-MONOMER	1.2e-85	64.3	241	312.4	79.7	99.2
WP_005645517.1	gnl|META|EG11597-MONOMER	8.8e-25	59.3	81	108.6	79.0	100.0
WP_005645533.1	gnl|META|HP0100-MONOMER	1.8e-25	33.9	183	112.5	54.6	71.4
WP_005645535.1	gnl|META|EG10529-MONOMER	1.2e-41	28.0	503	167.5	46.9	76.5
WP_005645540.1	gnl|META|EG11353-MONOMER	1.0e-11	22.9	249	67.0	45.4	82.5
WP_005645543.1	gnl|META|EG10455-MONOMER	6.0e-06	24.9	185	47.4	40.5	88.6
WP_005645545.1	gnl|META|PDXH-MONOMER	3.0e-48	47.1	210	188.0	64.3	99.5
WP_005645550.1	gnl|META|GLYOHMETRANS-MONOMER	2.3e-185	74.2	419	644.4	84.0	99.5
WP_005645552.1	gnl|META|EG10901-MONOMER	2.4e-110	82.2	241	394.4	89.2	100.0
WP_005645559.1	gnl|META|MTR-MONOMER	1.7e-116	54.1	405	415.6	69.9	96.9
WP_005645570.1	gnl|META|EG11829-MONOMER	2.1e-35	40.9	186	145.2	59.1	94.9
WP_005645576.1	gnl|META|MONOMER-19988	1.2e-06	24.8	266	50.1	42.5	92.0
WP_005645582.1	gnl|META|EG11404-MONOMER	2.0e-13	33.9	127	73.2	53.5	26.7
WP_005645587.1	gnl|META|EG11412-MONOMER	2.9e-77	45.6	344	285.0	61.0	99.7
WP_005645589.1	gnl|META|G185E-8078-MONOMER	1.8e-25	32.5	243	112.8	48.1	76.9
WP_005645593.1	gnl|META|SUPEROX-DISMUTMN-MONOMER	2.4e-93	77.8	207	337.8	86.5	96.3
WP_005645595.1	gnl|META|EG10204-MONOMER	2.1e-84	57.2	269	308.5	70.6	94.1
WP_005645599.1	gnl|META|AROK-MONOMER	3.4e-69	73.3	172	257.3	87.8	95.6
WP_005645602.1	gnl|META|HS11096-MONOMER	3.4e-39	32.5	289	158.3	51.9	99.3
WP_005645602.1	gnl|META|THYMIDYLATESYN-MONOMER	2.2e-38	33.2	283	155.6	51.2	100.0
WP_005645602.1	gnl|META|MONOMER-9361	2.7e-36	32.6	288	148.7	49.0	98.9
WP_005645605.1	gnl|META|EMRY-MONOMER	6.8e-37	29.4	412	151.4	50.2	86.6
WP_005645605.1	gnl|META|EMRB-MONOMER	2.2e-35	27.4	405	146.4	48.6	85.5
WP_005645609.1	gnl|META|SDAC-MONOMER	3.2e-131	59.5	412	464.5	74.0	97.8
WP_005645611.1	gnl|META|CDPDIGLYSYN-MONOMER	2.6e-63	46.4	289	238.4	61.2	99.7
WP_005645613.1	gnl|META|G7705-MONOMER	2.9e-23	23.9	406	105.9	48.3	98.5
WP_005645615.1	gnl|META|CCMC-MONOMER	1.3e-79	60.2	241	292.4	75.9	98.0
WP_005645620.1	gnl|META|ACRB-MONOMER	2.0e-118	31.4	1037	423.3	51.7	98.0
WP_005645620.1	gnl|META|ACRF-MONOMER	6.2e-115	30.2	1036	411.8	51.4	97.7
WP_005645620.1	gnl|META|YHIV-MONOMER	2.3e-109	29.2	1038	393.3	50.5	98.1
WP_005645620.1	gnl|META|ACRD-MONOMER	1.5e-108	28.4	1047	390.6	49.2	98.7
WP_005645622.1	gnl|META|NUCLEOSIDE-DIP-KIN-MONOMER	2.5e-43	62.4	141	171.0	73.0	100.0
WP_005645625.1	gnl|META|AROB-MONOMER	5.2e-125	63.0	354	443.7	76.0	97.5
WP_005645627.1	gnl|META|G7704-MONOMER	4.5e-81	42.5	386	298.1	61.4	74.6
WP_005645632.1	gnl|META|GIO6-20123-MONOMER	8.7e-01	28.6	49	29.3	51.0	43.3
WP_005645640.1	gnl|META|KEFB-MONOMER	2.2e-107	39.3	560	386.0	62.0	90.6
WP_005645640.1	gnl|META|KEFC-MONOMER	3.0e-101	39.4	561	365.5	60.6	90.6
WP_005645642.1	gnl|META|MONOMER-19178	1.5e-02	29.0	69	34.7	50.7	94.5
WP_005645644.1	gnl|META|EG11373-MONOMER	1.1e-122	48.4	483	436.4	66.0	98.8
WP_005645646.1	gnl|META|GLUTAMINESYN-MONOMER	1.6e-195	69.8	464	678.3	82.8	98.3
WP_005645646.1	gnl|META|MONOMER-15839	1.1e-178	64.0	469	622.5	77.2	99.4
WP_005645648.1	gnl|META|EG10021-MONOMER	4.9e-01	32.7	49	30.8	59.2	28.7
WP_005645648.1	gnl|META|PHNK-MONOMER	6.4e-01	27.9	86	30.4	45.3	50.3
WP_005645648.1	gnl|META|MONOMER-117	8.4e-01	31.4	51	30.0	60.8	29.8
WP_005645650.1	gnl|META|EG12233-MONOMER	1.5e-78	65.9	232	288.9	74.1	90.3
WP_005645654.1	gnl|META|EG11061-MONOMER	0.0e+00	81.7	940	1586.2	91.3	99.7
WP_005645660.1	gnl|META|EG12169-MONOMER	2.1e-08	39.3	61	53.9	72.1	91.0
WP_005645661.1	gnl|META|AICARTRANSIMPCYCLO-CPLX	5.1e-238	77.1	529	819.7	85.6	99.4
WP_005645663.1	gnl|META|DTDPGLUCDEHYDRAT2-MONOMER	2.4e-135	67.6	336	478.0	80.4	96.8
WP_005645663.1	gnl|META|MONOMER-18133	8.7e-130	64.5	341	459.5	78.9	96.0
WP_005645663.1	gnl|META|DTDPGLUCDEHYDRAT-MONOMER	1.5e-126	63.8	340	448.7	77.1	95.7
WP_005645664.1	gnl|META|LEUS-MONOMER	0.0e+00	73.1	859	1321.6	83.0	99.8
WP_005645665.1	gnl|META|EG12438-MONOMER	5.8e-43	40.3	226	170.6	58.0	91.5
WP_005645666.1	gnl|META|DPPA-MONOMER	2.2e-167	54.2	517	585.1	68.9	94.3
WP_005645667.1	gnl|META|CPXA-MONOMER	5.0e-80	38.4	466	294.7	58.8	97.6
WP_005645668.1	gnl|META|UDPHYDROXYMYRGLUCOSAMNACETYLTRANS-MONO	4.8e-64	60.9	338	241.1	72.2	99.1
WP_005645669.1	gnl|META|MONOMER-20496	1.5e-09	27.3	216	59.7	45.4	83.9
WP_005645671.1	gnl|META|EG11424-MONOMER	3.6e-10	25.9	278	62.4	43.5	67.0
WP_005645677.1	gnl|META|HS11114-MONOMER	3.9e-01	31.4	51	31.2	56.9	29.1
WP_005645685.1	gnl|META|ACSERLYA-MONOMER	1.5e-120	70.3	310	428.7	83.5	97.8
WP_005645705.1	gnl|META|EG11372-MONOMER	4.7e-44	57.5	160	173.7	69.4	93.6
WP_005645711.1	gnl|META|MONOMER-20219	6.0e-61	59.6	178	229.9	72.5	96.7
WP_005645711.1	gnl|META|EG10041-MONOMER	2.3e-57	54.9	173	218.0	73.4	94.0
WP_005645715.1	gnl|META|EG10210-MONOMER	9.8e-68	39.5	357	254.2	59.1	58.3
WP_005645717.1	gnl|META|BSU35700-MONOMER	5.1e-44	38.2	233	174.1	63.1	94.6
WP_005645717.1	gnl|META|MONOMER-20000	5.1e-44	38.2	233	174.1	63.1	94.6
WP_005645717.1	gnl|META|MONOMER-19989	2.5e-43	37.7	236	171.8	60.2	97.5
WP_005645722.1	gnl|META|OPPSYN-MONOMER	5.8e-115	64.9	322	410.2	80.4	97.9
WP_005645724.1	gnl|META|EG12128-MONOMER	5.4e-95	58.5	287	343.6	73.2	97.8
WP_005645727.1	gnl|META|UPPSYN-MONOMER	1.3e-84	65.5	229	308.9	77.7	95.8
WP_005645729.1	gnl|META|CCMA-MONOMER	6.2e-54	49.8	207	206.8	68.1	96.7
WP_005645731.1	gnl|META|EG10996-MONOMER	6.8e-192	81.2	378	666.0	90.7	99.0
WP_005645734.1	gnl|META|CPXR-MONOMER	2.1e-71	60.4	230	265.0	75.7	100.0
WP_005645738.1	gnl|META|EG11118-MONOMER	5.6e-131	73.5	313	463.4	86.9	96.6
WP_005645744.1	gnl|META|EG10534-MONOMER	4.8e-241	62.1	667	830.1	76.3	99.0
WP_005645746.1	gnl|META|EG10855-MONOMER	6.2e-25	33.3	162	110.2	63.0	95.2
WP_005645748.1	gnl|META|EG10743-MONOMER	2.1e-303	74.3	709	1037.3	86.5	99.9
WP_005645751.1	gnl|META|GLYCRIBONUCSYN-MONOMER	2.0e-184	75.9	428	641.3	84.3	99.3
WP_005645753.1	gnl|META|MONOMER-8341	0.0e+00	97.0	603	1169.8	97.8	100.0
WP_005645759.1	gnl|META|BSU35550-MONOMER	3.4e-20	46.6	103	95.5	67.0	29.1
WP_005645759.1	gnl|META|BSU35680-MONOMER	7.0e-18	30.5	262	87.8	47.3	70.9
WP_005645764.1	gnl|META|DSBD-MONOMER	1.7e-141	48.4	572	499.2	65.4	97.6
WP_005645769.1	gnl|META|BSU38860-MONOMER	2.5e-129	65.3	337	458.0	78.9	99.7
WP_005645769.1	gnl|META|HS04117-MONOMER	3.3e-118	59.1	340	421.0	74.7	98.8
WP_005645770.1	gnl|META|MEND-MONOMER	6.4e-146	47.3	566	513.8	62.2	99.1
WP_005645776.1	gnl|META|LSERINEDEAM1-MONOMER	1.1e-185	69.6	454	645.6	82.6	99.8
WP_005645776.1	gnl|META|LSERINEDEAM2-MONOMER	1.2e-184	71.1	453	642.1	80.6	99.6
WP_005645776.1	gnl|META|LSERINEDEAM3-MONOMER	7.8e-171	65.2	454	596.3	77.5	99.8
WP_005645780.1	gnl|META|MONOMER-16196	8.4e-144	54.6	469	506.5	71.2	98.7
WP_005645785.1	gnl|META|EG10812-MONOMER	1.0e-144	71.1	356	509.2	84.3	98.1
WP_005645787.1	gnl|META|EG10437-MONOMER	4.3e-145	63.2	418	510.8	77.3	92.3
WP_005645791.1	gnl|META|MONOMER-18448	5.7e-01	34.9	43	29.6	55.8	44.3
WP_005645796.1	gnl|META|MONOMER-538	6.2e-05	27.0	174	45.1	45.4	38.6
WP_005645798.1	gnl|META|EG12436-MONOMER	2.2e-130	52.8	449	461.8	70.8	100.0
WP_005645800.1	gnl|META|EG11023-MONOMER	4.0e-121	83.2	244	430.3	93.0	99.2
WP_005645804.1	gnl|META|EG11022-MONOMER	5.0e-136	64.8	361	480.3	78.9	99.4
WP_005645808.1	gnl|META|MONOMER-15696	1.7e-42	35.8	324	169.5	52.5	96.5
WP_005645810.1	gnl|META|EG12312-MONOMER	5.9e-49	49.0	202	190.3	69.8	97.6
WP_005645812.1	gnl|META|MONOMER-18131	4.6e-132	56.8	366	467.2	76.0	94.2
WP_005645816.1	gnl|META|EG10976-MONOMER	5.1e-43	55.4	175	170.2	64.6	98.8
WP_005645822.1	gnl|META|EG12310-MONOMER	8.9e-140	57.5	428	493.0	72.2	98.6
WP_005645826.1	gnl|META|EG10626-MONOMER	4.3e-32	48.0	125	133.7	71.2	91.9
WP_005645850.1	gnl|META|EG10828-MONOMER	2.8e-123	59.2	355	438.0	75.5	98.9
WP_005645852.1	gnl|META|3-ISOPROPYLMALDEHYDROG-MONOMER	4.6e-150	72.0	357	526.9	84.6	99.7
WP_005645856.1	gnl|META|AT2G28800-MONOMER	8.5e-23	32.2	239	104.8	49.8	36.5
WP_005645856.1	gnl|META|MONOMER-16600	2.5e-22	33.5	224	103.2	50.9	34.7
WP_005645862.1	gnl|META|ZNUC-MONOMER	8.7e-69	51.5	239	256.5	72.0	89.2
WP_005645866.1	gnl|META|PD00219	2.3e-39	32.3	331	159.1	53.2	99.1
WP_005645872.1	gnl|META|EG11430-MONOMER	1.1e-43	31.2	333	173.7	51.4	81.2
WP_005645873.1	gnl|META|UDPNACETYLGLUCOSAMENOLPYRTRANS-MONOMER	3.0e-172	72.6	420	600.9	85.0	99.1
WP_005645874.1	gnl|META|MONOMER-18021	1.6e-91	52.4	332	332.4	73.2	96.0
WP_005645876.1	gnl|META|G6999-MONOMER	1.6e-32	40.5	185	135.6	58.9	97.3
WP_005645878.1	gnl|META|EG11652-MONOMER	4.7e-88	52.2	356	320.9	68.3	99.4
WP_005645884.1	gnl|META|G6991-MONOMER	6.7e-49	46.4	239	190.3	62.8	98.7
WP_005645911.1	gnl|META|EG10668-MONOMER	5.7e-24	41.0	134	107.1	59.0	72.6
WP_005645913.1	gnl|META|EG10985-MONOMER	8.3e-06	29.0	145	48.5	42.8	23.3
WP_005645914.1	gnl|META|EG10624-MONOMER	1.9e-77	62.3	212	285.0	80.7	95.1
WP_005645916.1	gnl|META|EG11357-MONOMER	2.7e-44	26.4	693	176.4	41.7	94.7
WP_005645917.1	gnl|META|EG12347-MONOMER	1.0e-71	56.8	243	266.2	72.8	94.5
WP_005645918.1	gnl|META|2-ISOPROPYLMALATESYN-MONOMER	7.7e-191	68.2	506	662.9	80.6	98.3
WP_005645919.1	gnl|META|EG10329-MONOMER	4.8e-91	58.7	269	330.5	74.7	99.3
WP_005645925.1	gnl|META|FUM-FLAVO	2.0e-270	75.5	603	927.5	86.2	100.0
WP_005645928.1	gnl|META|GALACTURIDYLYLTRANS-MONOMER	1.7e-149	69.6	342	525.0	81.6	98.0
WP_005645931.1	gnl|META|G6096-MONOMER	5.3e-84	42.5	414	307.8	61.1	95.3
WP_005645934.1	gnl|META|ACYLCOASYN-MONOMER	2.1e-213	65.2	558	738.0	79.0	99.3
WP_005645938.1	gnl|META|EG12172-MONOMER	1.8e-47	76.5	115	184.5	91.3	99.1
WP_005645940.1	gnl|META|DUTP-PYROP-MONOMER	1.6e-67	75.5	151	251.5	90.1	100.0
WP_005645943.1	gnl|META|MONOMER-16197	5.3e-164	63.4	448	573.5	76.6	100.0
WP_005645947.1	gnl|META|PDXY-MONOMER	2.9e-78	50.7	288	288.1	65.3	99.7
WP_005645948.1	gnl|META|PNUC-MONOMER	3.8e-09	25.9	201	58.2	46.8	75.6
WP_005645950.1	gnl|META|ALDOSE1EPIM-MONOMER	3.2e-92	49.7	346	334.7	65.6	100.0
WP_005645951.1	gnl|META|EG10004-MONOMER	3.1e-131	61.2	402	464.5	74.1	99.7
WP_005645958.1	gnl|META|EG10242-MONOMER	1.9e-127	60.9	366	451.8	77.0	100.0
WP_005645964.1	gnl|META|EG11072-MONOMER	4.8e-117	68.2	437	417.5	78.9	99.5
WP_005645965.1	gnl|META|FUM-FE-S	8.7e-111	72.5	255	396.0	82.0	99.6
WP_005645967.1	gnl|META|RIBOFLAVINSYNDEAM-MONOMER	2.1e-121	57.7	362	431.8	74.9	96.5
WP_005645969.1	gnl|META|MGLC-MONOMER	9.0e-140	76.5	336	492.7	86.0	100.0
WP_005645971.1	gnl|META|EG10997-MONOMER	5.2e-191	75.8	450	663.3	85.6	99.6
WP_005645972.1	gnl|META|EG10280-MONOMER	1.1e-92	40.4	473	336.7	58.4	99.3
WP_005645973.1	gnl|META|GALACTOKIN-MONOMER	6.9e-120	61.5	361	426.8	73.7	93.5
WP_005645974.1	gnl|META|EG12097-MONOMER	2.4e-73	57.2	243	271.6	68.3	98.0
WP_005645976.1	gnl|META|G7039-MONOMER	3.9e-42	36.8	250	167.9	59.6	96.1
WP_005645977.1	gnl|META|FUM-MEMB1	2.9e-28	47.6	126	120.9	70.6	92.6
WP_005645979.1	gnl|META|EG12098-MONOMER	4.5e-136	71.1	322	480.3	85.4	99.4
WP_005645981.1	gnl|META|EG12633-MONOMER	7.0e-58	54.2	201	219.9	72.1	95.7
WP_005645983.1	gnl|META|EG10950-MONOMER	5.6e-68	39.7	380	255.0	56.6	62.6
WP_005645985.1	gnl|META|YGR155W-MONOMER	1.6e-02	36.5	52	36.6	61.5	17.4
WP_005645992.1	gnl|META|GLUTATHIONE-REDUCT-NADPH-MONOMER	2.0e-198	73.2	456	688.0	83.8	100.0
WP_005646000.1	gnl|META|FUM-MEMB2	3.0e-31	50.4	119	130.6	71.4	100.0
WP_005646001.1	gnl|META|EG10785-MONOMER	3.0e-71	63.7	190	264.2	78.4	97.9
WP_005646004.1	gnl|META|AIRS-MONOMER	8.9e-159	77.5	342	555.8	88.6	99.1
WP_005646007.1	gnl|META|EG10858-MONOMER	6.9e-80	39.9	371	293.9	62.8	97.4
WP_005646010.1	gnl|META|LEUD-MONOMER	2.3e-82	69.4	196	301.2	82.7	98.0
WP_005646012.1	gnl|META|MONOMER-14675	2.5e-05	28.9	97	44.3	52.6	96.9
WP_005646018.1	gnl|META|G7579-MONOMER	4.8e-83	52.9	261	303.9	70.1	95.3
WP_005646020.1	gnl|META|EG11211-MONOMER	1.1e-118	63.1	325	422.5	78.2	100.0
WP_005646022.1	gnl|META|ABC-MONOMER	3.1e-34	34.6	243	141.7	59.3	90.2
WP_005646022.1	gnl|META|PROV-MONOMER	8.9e-34	34.6	240	140.2	56.2	90.5
WP_005646022.1	gnl|META|CYSA-MONOMER	2.9e-32	33.6	244	135.2	54.1	90.5
WP_005646037.1	gnl|META|MONOMER-14559	3.5e-18	21.2	353	89.0	41.4	90.7
WP_005646037.1	gnl|META|AT3G03780-MONOMER	5.5e-16	20.0	385	81.6	41.3	98.2
WP_005646040.1	gnl|META|EG10927-MONOMER	8.5e-02	32.1	78	35.0	47.4	12.4
WP_005646042.1	gnl|META|EG11757-MONOMER	4.4e-44	53.3	150	173.7	72.0	94.9
WP_005646049.1	gnl|META|CYSS-MONOMER	1.9e-212	75.9	461	734.6	86.8	100.0
WP_005646051.1	gnl|META|NACMURLALAAMI2-MONOMER	4.9e-72	60.4	222	268.1	77.5	48.5
WP_005646057.1	gnl|META|MONOMER-20595	9.7e-26	26.7	344	114.0	49.4	90.4
WP_005646057.1	gnl|META|MONOMER-17424	3.5e-23	25.5	365	105.5	45.8	95.5
WP_005646060.1	gnl|META|EG11281-MONOMER	4.1e-146	48.3	633	514.6	63.8	99.5
WP_005646062.1	gnl|META|RIBONUCLEOSIDE-TRIP-REDUCT-MONOMER	0.0e+00	77.4	704	1152.1	88.2	99.3
WP_005646064.1	gnl|META|NRDA-MONOMER	5.8e-01	33.3	39	30.4	53.8	25.3
WP_005646071.1	gnl|META|CPM-KDOSYNTH-MONOMER	1.2e-88	65.1	249	322.4	79.9	98.0
WP_005646076.1	gnl|META|EG11481-MONOMER	5.2e-10	27.7	148	61.2	48.0	53.8
WP_005646077.1	gnl|META|MONOMER-17421	4.4e-41	37.8	270	166.0	54.8	35.3
WP_005646077.1	gnl|META|MONOMER-17423	8.3e-40	36.3	270	161.8	55.6	35.0
WP_005646079.1	gnl|META|EG10595-MONOMER	5.4e-123	68.1	301	436.8	85.4	96.8
WP_005646082.1	gnl|META|PHND-MONOMER	2.1e-06	23.9	243	49.3	39.5	88.1
WP_005646084.1	gnl|META|GLNE-MONOMER	1.3e-260	52.0	933	895.6	67.0	94.8
WP_005646085.1	gnl|META|EG11063-MONOMER	4.0e-231	65.2	607	797.0	78.7	99.7
WP_005646086.1	gnl|META|DLACTDEHYDROGNAD-MONOMER	1.4e-137	70.9	326	485.3	85.6	98.5
WP_005646087.1	gnl|META|EG10613-MONOMER	6.5e-210	65.4	578	726.5	81.3	98.5
WP_005646091.1	gnl|META|TETRAACYLDISACC4KIN-MONOMER	2.2e-85	50.3	304	312.0	71.1	91.0
WP_005646093.1	gnl|META|EG10758-MONOMER	3.8e-62	69.0	168	233.8	78.0	99.4
WP_005646094.1	gnl|META|H2PTERIDINEPYROPHOSPHOKIN-MONOMER	4.7e-46	58.1	148	180.3	77.0	91.9
WP_005646129.1	gnl|META|B0752-MONOMER	1.9e-08	25.9	185	56.2	47.0	57.7
WP_005646141.1	gnl|META|GLYCEROL-3-P-ACYLTRANSFER-MONOMER	1.4e-266	56.9	806	915.2	74.1	99.3
WP_005646143.1	gnl|META|SERINE-O-ACETTRAN-MONOMER	1.9e-108	73.0	256	388.3	87.9	95.9
WP_005646148.1	gnl|META|PANTOTHENATE-KIN-MONOMER	4.8e-111	64.5	310	397.1	78.1	98.7
WP_005646150.1	gnl|META|EG11569-MONOMER	3.6e-192	46.2	790	667.9	62.2	98.5
WP_005646156.1	gnl|META|DIAMINOPIMEPIM-MONOMER	3.4e-129	77.7	274	457.2	86.1	100.0
WP_005646158.1	gnl|META|MONOMER-17712	1.5e-02	28.4	88	37.0	46.6	18.1
WP_005646161.1	gnl|META|EG12666-MONOMER	5.5e-59	50.7	215	223.8	68.8	89.0
WP_005646162.1	gnl|META|FGAMSYN-MONOMER	0.0e+00	71.9	1294	1871.7	82.6	99.7
WP_005646164.1	gnl|META|EG12318-MONOMER	1.3e-48	28.2	511	190.3	45.4	97.7
WP_005646166.1	gnl|META|EG11835-MONOMER	1.7e-10	41.8	110	62.4	58.2	58.1
WP_005646175.1	gnl|META|EG10833-MONOMER	1.9e-220	63.9	593	761.5	77.9	95.8
WP_005646180.1	gnl|META|PROS-MONOMER	5.6e-251	75.1	571	862.8	86.0	99.5
WP_005646182.1	gnl|META|EG11653-MONOMER	6.0e-23	45.7	105	102.8	65.7	100.0
WP_005646187.1	gnl|META|ADENYLATECYC-MONOMER	6.1e-185	42.6	838	644.0	60.5	98.3
WP_005646191.1	gnl|META|MONOMER-18802	6.4e-27	31.1	286	117.5	52.8	99.6
WP_005646191.1	gnl|META|EG11234-MONOMER	7.8e-25	30.3	261	110.5	50.6	89.3
WP_005646202.1	gnl|META|NAGE-MONOMER	5.7e-103	43.6	493	370.9	61.9	99.2
WP_005646206.1	gnl|META|FABH-MONOMER	2.1e-114	65.9	317	408.3	79.5	100.0
WP_005646208.1	gnl|META|MONOMER-16875	1.5e-122	56.6	380	435.6	73.9	99.5
WP_005646208.1	gnl|META|NAG6PDEACET-MONOMER	1.0e-115	55.3	378	412.9	71.4	98.2
WP_005646210.1	gnl|META|THRESYN-MONOMER	8.3e-167	67.1	425	582.8	79.5	99.8
WP_005646214.1	gnl|META|DCUB-MONOMER	1.8e-103	45.2	434	372.5	66.6	97.3
WP_005646216.1	gnl|META|ASPKINIHOMOSERDEHYDROGI-MONOMER	1.3e-285	62.3	814	978.4	77.4	99.8
WP_005646219.1	gnl|META|MONOMER-15090	3.7e-13	34.4	125	71.6	52.0	49.8
WP_005646220.1	gnl|META|EG10435-MONOMER	2.5e-85	50.8	329	311.6	66.0	99.3
WP_005646224.1	gnl|META|RED-THIOREDOXIN-MONOMER	2.2e-04	32.3	93	42.0	43.0	52.8
WP_005646226.1	gnl|META|BAIDEL6EUBSP-MONOMER	7.9e-34	27.4	409	141.0	45.0	98.0
WP_005646228.1	gnl|META|GLUCOSAMINE-6-P-DEAMIN-MONOMER	2.9e-117	75.7	263	417.5	87.1	98.5
WP_005646229.1	gnl|META|EG12282-MONOMER	5.4e-66	34.7	403	248.4	60.0	65.3
WP_005646238.1	gnl|META|NANE-MONOMER	2.2e-73	59.9	227	271.6	73.1	99.6
WP_005646240.1	gnl|META|HS07110-MONOMER	9.9e-03	32.9	73	36.2	58.9	50.0
WP_005646241.1	gnl|META|3-OXOACYL-ACP-REDUCT-MONOMER	5.0e-100	77.1	240	360.1	90.8	99.2
WP_005646246.1	gnl|META|MALONYL-COA-ACP-TRANSACYL-MONOMER	9.6e-120	71.2	309	426.0	81.6	99.0
WP_005646248.1	gnl|META|MONOMER-18990	6.2e-121	73.3	288	429.9	85.8	98.6
WP_005646250.1	gnl|META|NANK-MONOMER	7.7e-74	50.7	284	273.5	68.7	94.3
WP_005646250.1	gnl|META|MONOMER-13105	2.6e-69	48.2	284	258.5	66.9	94.3
WP_005646252.1	gnl|META|HOMOSERKIN-MONOMER	2.6e-109	59.9	314	391.3	77.7	100.0
WP_005646254.1	gnl|META|PSD-MONOMER	7.9e-92	57.3	279	333.2	74.2	95.2
WP_005646256.1	gnl|META|COATBCLOS-MONOMER	4.6e-01	35.3	85	31.2	44.7	36.2
WP_005646258.1	gnl|META|EG12221-MONOMER	1.7e-07	33.6	116	52.8	52.6	46.0
WP_005646278.1	gnl|META|HRSA-MONOMER	9.5e-10	27.3	161	59.7	50.3	97.0
WP_005646280.1	gnl|META|EG10201-MONOMER	1.3e-108	54.5	382	389.4	68.3	96.2
WP_005646280.1	gnl|META|EG10203-MONOMER	2.3e-102	52.3	373	368.6	67.3	94.1
WP_005646282.1	gnl|META|ARTM-MONOMER	4.2e-56	51.6	219	214.2	70.8	96.0
WP_005646283.1	gnl|META|EG10530-MONOMER	7.3e-68	40.0	345	253.8	55.7	91.4
WP_005646285.1	gnl|META|UDP-NACMURALGLDAPAALIG-MONOMER	2.0e-118	50.6	462	422.2	66.9	100.0
WP_005646287.1	gnl|META|UDP-NACMURALGLDAPLIG-MONOMER	4.1e-149	55.7	463	524.2	71.9	94.7
WP_005646289.1	gnl|META|PSERTRANSAM-MONOMER	6.8e-109	54.6	359	390.2	72.1	98.3
WP_005646291.1	gnl|META|CYST-MONOMER	1.8e-11	26.9	253	67.0	47.4	44.9
WP_005646293.1	gnl|META|YHBN-MONOMER	2.0e-42	51.1	176	168.3	69.9	100.0
WP_005646298.1	gnl|META|DPPC-MONOMER	3.2e-80	55.2	286	294.7	68.2	96.9
WP_005646309.1	gnl|META|EG11591-MONOMER	4.1e-74	64.5	203	273.9	80.3	95.8
WP_005646315.1	gnl|META|S-ADENMETSYN-MONOMER	3.5e-180	83.3	384	627.1	90.6	100.0
WP_005646318.1	gnl|META|EG10850-MONOMER	2.7e-40	55.6	144	161.0	70.1	97.9
WP_005646320.1	gnl|META|RED-THIOREDOXIN2-MONOMER	1.1e-08	31.6	95	57.0	58.9	33.3
WP_005646326.1	gnl|META|EG11254-MONOMER	2.1e-75	83.2	155	277.7	89.7	100.0
WP_005646329.1	gnl|META|G7950-MONOMER	1.4e-84	47.6	328	309.3	66.5	97.3
WP_005646332.1	gnl|META|EG10529-MONOMER	1.9e-313	88.8	597	1070.5	94.5	99.8
WP_005646335.1	gnl|META|EG10344-MONOMER	1.6e-44	33.3	354	176.4	55.9	91.9
WP_005646341.1	gnl|META|ARTP-MONOMER	1.2e-88	67.9	243	322.4	84.0	100.0
WP_005646343.1	gnl|META|CYDC-MONOMER	7.9e-136	47.0	572	480.3	66.1	99.0
WP_005646346.1	gnl|META|AT5G06580-MONOMER	2.7e-33	25.4	548	140.6	43.8	52.2
WP_005646348.1	gnl|META|PROTOHEME-FERROCHELAT-MONOMER	5.7e-91	51.2	320	330.5	67.2	97.8
WP_005646351.1	gnl|META|UDP-NACMUR-ALA-LIG-MONOMER	9.6e-188	68.3	470	652.5	81.5	97.9
WP_005646354.1	gnl|META|EG10857-MONOMER	3.0e-78	65.2	224	287.7	79.0	98.7
WP_005646356.1	gnl|META|MONOMER-282	4.4e-30	32.6	193	127.5	58.5	96.4
WP_005646356.1	gnl|META|MONOMER-20700	8.2e-29	38.5	195	123.2	54.9	98.4
WP_005646356.1	gnl|META|MONOMER-16006	1.1e-28	33.2	190	122.9	57.4	94.8
WP_005646356.1	gnl|META|PABASYN-COMPII-MONOMER	5.3e-28	35.8	187	120.6	54.5	94.8
WP_005646358.1	gnl|META|EG10344-MONOMER	1.9e-104	51.5	365	375.6	71.0	92.6
WP_005646360.1	gnl|META|EG12609-MONOMER	1.9e-21	36.0	189	99.0	50.8	79.9
WP_005646364.1	gnl|META|EG11306-MONOMER	2.2e-143	74.8	321	504.6	84.4	100.0
WP_005646371.1	gnl|META|UDP-NACMURALA-GLU-LIG-MONOMER	1.4e-145	61.0	436	512.3	73.6	99.3
WP_005646375.1	gnl|META|G7664-MONOMER	4.0e-26	38.6	202	114.4	55.0	98.5
WP_005646377.1	gnl|META|PABASYN-COMPI-MONOMER	8.8e-23	30.2	265	104.0	49.4	75.6
WP_005646377.1	gnl|META|MONOMER-3603	2.0e-22	32.4	213	102.8	49.8	61.3
WP_005646377.1	gnl|META|MONOMER-8741	1.3e-21	31.7	268	100.1	47.8	75.9
WP_005646379.1	gnl|META|G1I0R-70-MONOMER	3.5e-01	28.0	75	32.0	50.7	26.7
WP_005646379.1	gnl|META|KDUD-MONOMER	7.8e-01	33.3	51	30.8	52.9	18.9
WP_005646386.1	gnl|META|G6912-MONOMER	2.9e-36	51.5	136	147.5	67.6	98.6
WP_005646386.1	gnl|META|EG11105-MONOMER	7.9e-34	47.1	136	139.4	66.2	98.6
WP_005646388.1	gnl|META|THIOREDOXIN-REDUCT-NADPH-MONOMER	1.6e-138	76.2	315	488.4	86.0	98.7
WP_005646390.1	gnl|META|EG10606-MONOMER	1.5e-215	58.8	612	745.3	75.3	93.2
WP_005646392.1	gnl|META|GLUTRACE-MONOMER	2.9e-72	49.8	265	268.1	66.8	98.1
WP_005646393.1	gnl|META|EG11414-MONOMER	1.6e-10	32.8	131	62.0	53.4	97.0
WP_005646395.1	gnl|META|MONOMER-6421	6.9e-213	95.5	377	735.7	96.8	100.0
WP_005646401.1	gnl|META|PHOSNACMURPENTATRANS-MONOMER	2.1e-163	77.5	360	571.2	88.9	100.0
WP_005646406.1	gnl|META|HISTPHOSTRANS-MONOMER	9.1e-37	31.0	365	150.6	48.8	97.0
WP_005646407.1	gnl|META|G7942-MONOMER	9.2e-22	28.0	364	101.3	45.9	62.3
WP_005646410.1	gnl|META|DPPD-MONOMER	1.4e-137	74.5	325	485.3	84.6	98.2
WP_005646412.1	gnl|META|EG10210-MONOMER	6.6e-04	23.4	337	42.4	38.9	43.4
WP_005646412.1	gnl|META|EG10833-MONOMER	3.3e-03	26.0	77	40.0	50.6	11.1
WP_005646414.1	gnl|META|HYPOXANPRIBOSYLTRAN-MONOMER	6.6e-65	69.1	175	243.0	85.1	97.8
WP_005646416.1	gnl|META|GAPDH-A-MONOMER	8.7e-159	83.2	334	555.8	89.8	98.5
WP_005646420.1	gnl|META|CYDD-MONOMER	1.3e-165	50.7	588	579.3	72.1	99.8
WP_005646426.1	gnl|META|SFUA-MONOMER	3.0e-02	25.4	272	35.8	37.1	80.7
WP_005646431.1	gnl|META|EG11085-MONOMER	5.3e-105	60.3	312	377.1	78.8	96.6
WP_005646433.1	gnl|META|KEFC-MONOMER	5.5e-01	31.1	74	32.3	52.7	13.1
WP_005646435.1	gnl|META|EG10270-MONOMER	4.8e-132	78.1	297	466.8	87.2	98.3
WP_005646437.1	gnl|META|ARTQ-MONOMER	3.8e-62	56.8	229	234.2	72.5	95.0
WP_005646438.1	gnl|META|ADCLY-MONOMER	2.6e-03	29.7	101	38.5	47.5	48.4
WP_005646440.1	gnl|META|UDPACYLGLCNACDEACETYL-MONOMER	7.9e-135	76.2	303	476.1	86.5	99.3
WP_005646442.1	gnl|META|SPOT-MONOMER	7.2e-232	57.7	711	799.7	75.0	99.7
WP_005646444.1	gnl|META|DALADALALIGB-MONOMER	4.4e-101	60.4	303	364.0	74.6	98.0
WP_005646448.1	gnl|META|CYDC-MONOMER	5.7e-12	30.5	197	68.9	46.7	30.7
WP_005646448.1	gnl|META|POTA-MONOMER	1.1e-10	29.7	195	64.7	46.2	31.1
WP_005646448.1	gnl|META|CYDD-MONOMER	1.4e-10	27.2	202	64.3	44.1	30.9
WP_005646448.1	gnl|META|ZNUC-MONOMER	1.4e-10	30.1	156	64.3	50.6	25.7
WP_005646448.1	gnl|META|TAUB-MONOMER	1.4e-10	30.3	178	64.3	44.4	27.5
WP_005646448.1	gnl|META|YCBE-MONOMER	2.4e-10	26.4	212	63.5	48.1	33.8
WP_005646453.1	gnl|META|DPPF-MONOMER	2.9e-143	77.0	326	504.2	86.5	99.7
WP_005646457.1	gnl|META|G6106-MONOMER	1.7e-79	74.5	192	291.6	85.4	100.0
WP_005646462.1	gnl|META|GUANYL-KIN-MONOMER	4.7e-70	64.7	207	260.4	82.1	99.5
WP_005646477.1	gnl|META|BSU35580-MONOMER	4.6e-01	30.2	43	31.2	58.1	20.9
WP_005646479.1	gnl|META|G7297-MONOMER	1.5e-100	39.2	553	363.2	54.4	87.9
WP_005646481.1	gnl|META|EG10423-MONOMER	0.0e+00	65.5	879	1082.8	78.6	99.0
WP_005646485.1	gnl|META|O-SUCCINYLBENZOATE-COA-LIG-MONOMER	7.7e-102	45.6	432	367.1	62.5	93.2
WP_005646488.1	gnl|META|CARBOXYL-TRANSFERASE-BETA-MONOMER	2.8e-121	76.1	285	431.0	87.0	96.3
WP_005646490.1	gnl|META|EG11794-MONOMER	7.2e-127	60.2	359	449.9	74.9	98.9
WP_005646493.1	gnl|META|LYSU-MONOMER	1.0e-208	69.8	504	722.2	83.9	99.6
WP_005646493.1	gnl|META|LYSS-MONOMER	2.0e-204	69.0	504	708.0	82.5	99.6
WP_005646497.1	gnl|META|FLAVODOXIN1-MONOMER	1.9e-80	76.9	173	294.7	86.7	99.4
WP_005646497.1	gnl|META|MONOMER-13232	4.6e-79	75.1	173	290.0	85.5	99.4
WP_005646499.1	gnl|META|PD00232	7.9e-117	63.3	324	416.4	77.5	100.0
WP_005646501.1	gnl|META|E1P-MONOMER	0.0e+00	68.8	889	1293.1	83.6	100.0
WP_005646505.1	gnl|META|E3-MONOMER	1.0e-229	82.5	475	792.0	91.8	100.0
WP_005646508.1	gnl|META|BCR-MONOMER	4.0e-86	42.1	382	314.7	64.4	95.5
WP_005646510.1	gnl|META|EG10241-MONOMER	3.6e-275	78.1	638	943.3	87.3	100.0
WP_005646515.1	gnl|META|EG12433-MONOMER	4.2e-119	74.7	277	424.1	86.6	77.6
WP_005646517.1	gnl|META|URAA-MONOMER	3.0e-68	38.1	399	255.4	59.9	95.7
WP_005646519.1	gnl|META|ADENPRIBOSYLTRAN-MONOMER	3.9e-65	66.7	177	243.8	83.1	98.3
WP_005646523.1	gnl|META|SUCCCOASYN-BETA	2.2e-145	64.7	388	511.5	79.6	99.7
WP_005646526.1	gnl|META|EG11479-MONOMER	1.1e-86	62.2	238	315.8	84.5	93.0
WP_005646529.1	gnl|META|EG12449-MONOMER	2.6e-112	59.9	302	401.4	77.5	96.2
WP_005646532.1	gnl|META|DIHYDROPTERIREDUCT-MONOMER	1.9e-13	30.2	172	72.4	48.8	73.2
WP_005646535.1	gnl|META|EG12044-MONOMER	1.8e-75	57.6	231	278.5	74.5	99.6
WP_005646547.1	gnl|META|PGPPHOSPHAB-MONOMER	1.3e-28	34.1	229	122.9	57.6	93.4
WP_005646563.1	gnl|META|MONOMER-14544	1.9e-24	33.5	221	109.0	51.6	98.2
WP_005646563.1	gnl|META|MONOMER-17730	7.1e-24	34.5	226	107.1	52.7	98.2
WP_005646568.1	gnl|META|EG12334-MONOMER	1.2e-03	29.1	148	40.4	43.9	43.9
WP_005646572.1	gnl|META|FECD-MONOMER	9.6e-41	37.1	329	163.7	59.0	95.9
WP_005646572.1	gnl|META|FEPD-MONOMER	5.5e-36	36.7	324	147.9	54.9	94.1
WP_005646574.1	gnl|META|EG11090-MONOMER	2.6e-66	56.3	229	248.1	72.5	100.0
WP_005646574.1	gnl|META|MONOMER-14562	3.8e-65	56.5	230	244.2	71.3	100.0
WP_005646575.1	gnl|META|E2P-MONOMER	6.7e-205	66.2	637	709.9	75.8	100.0
WP_005646579.1	gnl|META|ARCB-MONOMER	1.7e-117	35.1	771	419.5	53.4	98.5
WP_005646581.1	gnl|META|MONOMER-19340	4.5e-02	34.8	69	35.0	52.2	22.6
WP_005646585.1	gnl|META|OROTPDECARB-MONOMER	8.5e-81	63.4	227	296.2	77.5	98.7
WP_005646591.1	gnl|META|MONOMER-9364	2.4e-82	43.0	349	302.0	65.3	96.4
WP_005646593.1	gnl|META|GDHA-MONOMER	3.9e-191	74.6	448	663.7	82.6	99.8
WP_005646596.1	gnl|META|G7698-MONOMER	1.7e-11	26.8	142	65.9	51.4	67.1
WP_005646598.1	gnl|META|DSBC-MONOMER	1.1e-56	45.9	231	216.1	65.4	100.0
WP_005646602.1	gnl|META|PHOSACETYLTRANS-MONOMER	2.0e-285	69.0	713	977.6	84.3	100.0
WP_005646604.1	gnl|META|EG10580-MONOMER	2.3e-75	48.7	271	278.5	65.3	94.8
WP_005646609.1	gnl|META|MONOMER-17076	5.1e-55	31.7	527	211.8	47.4	88.3
WP_005646610.1	gnl|META|G6665-MONOMER	1.9e-56	29.8	530	216.5	48.9	95.3
WP_005646612.1	gnl|META|METG-MONOMER	5.3e-288	68.4	684	986.1	82.5	100.0
WP_005646613.1	gnl|META|G7682-MONOMER	5.2e-138	57.3	468	487.3	74.4	100.0
WP_005646613.1	gnl|META|EG10463-MONOMER	2.1e-134	55.9	478	475.3	71.5	100.0
WP_005646614.1	gnl|META|PRPPAMIDOTRANS-MONOMER	2.7e-204	69.4	506	707.6	83.0	99.8
WP_005646616.1	gnl|META|ACETATEKINA-MONOMER	4.5e-162	69.5	400	567.0	83.2	99.3
WP_005646617.1	gnl|META|AROC-MONOMER	5.0e-157	76.3	355	550.1	87.3	99.4
WP_005646618.1	gnl|META|PD00232	2.7e-02	23.9	117	35.8	49.6	38.0
WP_005646619.1	gnl|META|MONOMER-20460	3.6e-02	27.7	65	35.8	50.8	16.4
WP_005646620.1	gnl|META|MYRISTOYLACYLTRAN-MONOMER	4.4e-80	45.2	301	294.3	65.4	94.0
WP_005646625.1	gnl|META|METHGLYSYN-MONOMER	3.4e-54	60.3	151	207.2	80.8	99.3
WP_005646627.1	gnl|META|AT3G49680-MONOMER	2.0e-70	42.5	346	262.3	60.1	99.7
WP_005646629.1	gnl|META|EG10126-MONOMER	8.2e-20	23.6	685	95.1	39.7	100.0
WP_005646630.1	gnl|META|SUCCCOASYN-ALPHA	6.1e-137	83.7	289	483.0	92.0	100.0
WP_005646633.1	gnl|META|SERS-MONOMER	1.8e-185	75.6	431	644.8	83.3	99.8
WP_005646634.1	gnl|META|MONOMER-20221	1.5e-17	24.1	290	86.3	41.4	97.3
WP_005646637.1	gnl|META|EG11884-MONOMER	1.0e-59	56.2	194	226.5	71.6	67.5
WP_005646648.1	gnl|META|MALATE-DEHASE-MONOMER	4.9e-132	78.8	311	466.8	85.9	99.7
WP_005646651.1	gnl|META|EG10830-MONOMER	1.4e-196	59.7	553	682.2	77.2	95.8
WP_005646653.1	gnl|META|MONOMER-20115	2.5e-02	20.2	258	36.2	39.9	66.2
WP_005646657.1	gnl|META|MALIC-NADP-MONOMER	1.6e-309	68.6	757	1057.7	83.9	100.0
WP_005646659.1	gnl|META|EG10240-MONOMER	2.9e-110	64.5	377	394.8	76.1	98.7
WP_005646660.1	gnl|META|EG12096-MONOMER	4.4e-17	43.0	114	83.6	57.9	94.0
WP_005646662.1	gnl|META|FEPC-MONOMER	9.8e-30	30.8	234	126.7	51.7	91.7
WP_005646662.1	gnl|META|FECE-MONOMER	9.2e-28	28.6	241	120.2	49.8	94.9
WP_005646662.1	gnl|META|FHUC-MONOMER	3.0e-26	32.0	231	115.2	50.6	90.6
WP_005646664.1	gnl|META|EG11500-MONOMER	4.1e-14	28.7	188	76.3	47.9	26.9
WP_005646668.1	gnl|META|G7808-MONOMER	1.8e-25	50.0	128	112.1	68.0	66.7
WP_005646671.1	gnl|META|EG11247-MONOMER	5.2e-05	29.3	75	44.7	58.7	28.0
WP_005646675.1	gnl|META|EG11062-MONOMER	3.0e-299	77.7	672	1023.5	87.2	98.7
WP_005646677.1	gnl|META|GLUTSEMIALDEHYDROG-MONOMER	2.5e-147	62.7	416	518.1	80.0	99.8
WP_005646679.1	gnl|META|GLYOXII-MONOMER	6.6e-49	39.0	249	190.3	57.0	99.6
WP_005646681.1	gnl|META|G6576-MONOMER	5.9e-82	48.8	303	300.4	66.3	99.7
WP_005646714.1	gnl|META|EG10159-MONOMER	5.5e-163	70.3	417	570.1	82.7	99.5
WP_005646718.1	gnl|META|EG11736-MONOMER	2.0e-69	66.5	182	258.1	81.3	98.4
WP_005646720.1	gnl|META|EG11003-MONOMER	4.1e-161	66.2	432	563.9	81.5	100.0
WP_005646722.1	gnl|META|ABC-MONOMER	3.2e-124	65.4	344	441.0	82.0	99.7
WP_005646724.1	gnl|META|METQ-MONOMER	5.0e-88	59.9	274	320.5	75.5	99.6
WP_005646725.1	gnl|META|METI-MONOMER	2.9e-33	50.0	150	138.3	70.7	65.5
WP_005646734.1	gnl|META|BIOTIN-SYN-MONOMER	2.8e-109	59.9	307	391.3	77.2	91.9
WP_005646735.1	gnl|META|G7263-MONOMER	6.8e-86	57.2	292	313.5	73.3	96.4
WP_005646737.1	gnl|META|EG10748-MONOMER	8.9e-240	52.2	856	826.2	68.8	95.0
WP_005646739.1	gnl|META|EG12234-MONOMER	1.4e-106	65.1	281	382.1	76.5	100.0
WP_005646741.1	gnl|META|MONOMER-12582	2.6e-58	52.9	187	221.5	69.5	82.2
WP_005646751.1	gnl|META|MONOMER-12583	3.0e-44	37.8	312	175.3	58.3	95.6
WP_005646755.1	gnl|META|CYTOCHROMEC552-MONOMER	3.6e-164	55.4	464	574.3	74.6	91.5
WP_005646755.1	gnl|META|MONOMER-13459	3.7e-161	56.7	457	564.3	70.9	90.1
WP_005646757.1	gnl|META|SFUB-MONOMER	1.5e-91	40.2	510	333.2	58.0	94.1
WP_005646760.1	gnl|META|EG11471-MONOMER	4.9e-01	20.9	282	31.6	40.1	95.5
WP_005646760.1	gnl|META|EG11902-MONOMER	8.4e-01	22.6	274	30.8	41.2	93.4
WP_005646763.1	gnl|META|EG11497-MONOMER	1.5e-127	72.9	291	451.8	85.9	98.6
WP_005646764.1	gnl|META|PSERPHOSPHA-MONOMER	7.7e-85	53.5	303	310.1	67.7	95.2
WP_005646774.1	gnl|META|EG11014-MONOMER	2.2e-243	65.4	648	837.8	77.5	98.9
WP_005646776.1	gnl|META|G7530-MONOMER	7.9e-10	55.6	45	58.9	80.0	56.2
WP_005646783.1	gnl|META|SFUC-MONOMER	2.7e-57	53.6	209	218.0	71.3	97.2
WP_005646789.1	gnl|META|EG12297-MONOMER	2.6e-40	56.6	143	162.5	70.6	34.9
WP_005646791.1	gnl|META|SFUA-MONOMER	6.9e-84	50.6	334	307.0	64.7	99.7
WP_005646794.1	gnl|META|ILES-MONOMER	0.0e+00	70.6	940	1374.4	80.9	99.7
WP_005646798.1	gnl|META|MONOMER-7715	1.0e-05	20.5	336	49.3	39.0	25.7
WP_005646815.1	gnl|META|TRANSKETOI-MONOMER	6.7e-312	77.4	665	1065.4	87.5	100.0
WP_005646815.1	gnl|META|TRANSKETOII-MONOMER	7.7e-284	69.2	663	972.2	82.1	99.7
WP_005646819.1	gnl|META|PANF-MONOMER	1.1e-159	61.1	470	559.3	77.9	97.1
WP_005646821.1	gnl|META|L-GLN-FRUCT-6-P-AMINOTRANS-MONOMER	1.3e-253	72.6	610	871.7	84.3	100.0
WP_005646831.1	gnl|META|G7748-MONOMER	1.8e-87	77.0	191	318.2	92.1	96.5
WP_005646836.1	gnl|META|G6561-MONOMER	6.2e-103	40.5	513	370.9	62.8	97.7
WP_005646847.1	gnl|META|EG10627-MONOMER	2.4e-117	58.4	358	418.3	69.0	94.2
WP_005646849.1	gnl|META|MONOMER-15328	5.9e-35	49.3	140	143.3	67.9	94.0
WP_005646849.1	gnl|META|MONOMER-15335	4.0e-31	50.0	142	130.6	62.7	95.3
WP_005646852.1	gnl|META|EG10834-MONOMER	9.0e-87	74.9	199	315.8	86.9	99.5
WP_005646854.1	gnl|META|BCCP-MONOMER	5.8e-41	59.0	156	163.3	66.7	100.0
WP_005646856.1	gnl|META|EG11702-MONOMER	1.5e-68	47.8	253	255.8	65.6	95.8
WP_005646859.1	gnl|META|BIOTIN-CARBOXYL-MONOMER	1.9e-222	82.8	448	767.7	91.5	100.0
WP_005646861.1	gnl|META|G7703-MONOMER	3.0e-26	27.1	410	115.9	45.1	85.6
WP_005646863.1	gnl|META|EG10548-MONOMER	5.4e-40	50.3	155	160.2	69.7	90.6
WP_005646865.1	gnl|META|EG11311-MONOMER	1.5e-120	65.9	317	428.7	79.2	97.2
WP_005646871.1	gnl|META|PRPPAMIDOTRANS-MONOMER	1.7e-01	23.2	112	32.7	44.6	49.1
WP_005646871.1	gnl|META|ADENPRIBOSYLTRAN-MONOMER	2.3e-01	45.2	31	32.3	67.7	13.6
WP_005646871.1	gnl|META|MONOMER-19925	2.3e-01	45.2	31	32.3	67.7	13.6
WP_005646871.1	gnl|META|AT1G27450-MONOMER	3.0e-01	38.2	34	32.0	64.7	14.9
WP_005646895.1	gnl|META|G7525-MONOMER	6.0e-53	71.9	135	203.0	83.7	95.7
WP_005646897.1	gnl|META|NHAB-MONOMER	4.8e-177	67.1	507	617.1	79.1	98.6
WP_005646903.1	gnl|META|EG11529-MONOMER	1.9e-04	30.0	60	42.7	60.0	22.9
WP_005646903.1	gnl|META|EG11529-MONOMER	2.3e-02	38.1	63	35.8	58.7	22.1
WP_005646906.1	gnl|META|GSP-MONOMER	1.1e-19	26.5	388	94.0	42.8	91.6
WP_005646910.1	gnl|META|MONOMER3O-77	1.1e-21	26.9	208	99.8	47.1	95.8
WP_005646920.1	gnl|META|EG12366-MONOMER	8.4e-95	68.9	244	342.8	83.2	99.6
WP_005646922.1	gnl|META|EG11158-MONOMER	6.5e-47	53.3	169	183.3	66.9	90.4
WP_005646926.1	gnl|META|BRNQ-MONOMER	1.5e-65	35.0	423	246.5	58.9	96.8
WP_005646928.1	gnl|META|EG10832-MONOMER	4.9e-76	63.7	226	280.4	74.8	95.3
WP_005646937.1	gnl|META|G7845-MONOMER	1.6e-98	72.8	243	355.1	85.6	98.8
WP_005646942.1	gnl|META|EG11354-MONOMER	1.6e-87	48.4	349	319.3	67.6	89.5
WP_005646942.1	gnl|META|G7233-MONOMER	1.8e-86	47.5	379	315.8	64.4	95.9
WP_005646956.1	gnl|META|EG11247-MONOMER	2.5e-113	46.2	437	405.2	65.4	99.5
WP_005646963.1	gnl|META|G7622-MONOMER	5.2e-124	57.4	434	440.7	72.1	99.3
WP_005646969.1	gnl|META|TAUC-MONOMER	5.8e-19	27.6	239	90.9	47.3	94.3
WP_005646973.1	gnl|META|MONOMER-10763	2.7e-01	29.8	57	33.1	49.1	12.4
WP_005646975.1	gnl|META|TAUB-MONOMER	1.9e-27	39.2	204	119.0	55.9	82.2
WP_005646975.1	gnl|META|YCBE-MONOMER	5.6e-27	35.7	238	117.5	53.8	96.3
WP_005646975.1	gnl|META|CYSA-MONOMER	1.8e-25	36.0	225	112.5	54.2	86.7
WP_005646975.1	gnl|META|POTA-MONOMER	1.2e-24	37.3	217	109.8	53.9	84.2
WP_005646990.1	gnl|META|MONOMER-7803	7.7e-33	34.1	264	137.1	54.2	96.7
WP_005646990.1	gnl|META|PROCST-MONOMER	1.7e-32	35.3	266	136.0	52.3	97.4
WP_005646990.1	gnl|META|PYRROLINECARBREDUCT-MONOMER	1.9e-31	33.9	271	132.5	54.2	97.4
WP_005647001.1	gnl|META|G6859-MONOMER	8.3e-64	42.6	331	240.4	64.7	95.1
WP_005647004.1	gnl|META|NAPG-MONOMER	3.2e-87	67.7	217	317.8	80.2	80.7
WP_005647026.1	gnl|META|EMRB-MONOMER	1.5e-202	68.5	498	701.8	83.7	97.6
WP_005647034.1	gnl|META|MONOMER3O-3915	3.5e-29	30.0	257	125.2	52.9	77.7
WP_005647040.1	gnl|META|EG12069-MONOMER	5.8e-02	26.6	139	35.0	38.8	36.4
WP_005647046.1	gnl|META|EG11511-MONOMER	6.8e-87	79.4	189	316.2	91.0	95.9
WP_005647050.1	gnl|META|FOCA-MONOMER	1.0e-80	52.5	263	296.2	70.3	92.6
WP_005647057.1	gnl|META|RELA-MONOMER	1.2e-285	63.4	748	978.4	79.4	100.0
WP_005647059.1	gnl|META|DIHYDROFOLATEREDUCT-MONOMER	2.3e-45	54.1	157	177.9	69.4	98.1
WP_005647061.1	gnl|META|BSU38300-MONOMER	1.6e-59	46.4	261	225.7	69.3	98.1
WP_005647067.1	gnl|META|NAPH-MONOMER	4.3e-98	55.3	282	354.0	76.2	98.3
WP_005647082.1	gnl|META|SYNPCC7942_0260-MONOMER	3.8e-203	45.4	867	704.5	63.1	98.5
WP_005647100.1	gnl|META|EG10763-MONOMER	2.1e-205	50.5	737	711.8	67.3	99.5
WP_005647104.1	gnl|META|G7836-MONOMER	5.7e-118	62.1	322	420.2	78.3	95.0
WP_005647106.1	gnl|META|BSU38290-MONOMER	4.3e-37	37.3	217	151.0	64.1	96.0
WP_005647110.1	gnl|META|EG10746-MONOMER	0.0e+00	63.9	937	1148.7	77.2	100.0
WP_005647111.1	gnl|META|EG11259-MONOMER	1.2e-296	66.8	740	1015.0	79.7	94.5
WP_005647113.1	gnl|META|MONOMER-12104	2.7e-61	44.9	236	231.5	68.2	95.9
WP_005647116.1	gnl|META|IMP-DEHYDROG-MONOMER	1.2e-222	81.5	486	768.5	89.9	99.6
WP_005647117.1	gnl|META|HS08749-MONOMER	4.2e-03	29.5	61	37.0	50.8	58.7
WP_005647119.1	gnl|META|GMP-SYN-MONOMER	3.7e-249	78.4	522	856.7	87.0	99.6
WP_005647132.1	gnl|META|YBR265W-MONOMER	2.5e-02	24.7	85	35.0	43.5	48.4
WP_005647135.1	gnl|META|NAPA-MONOMER	0.0e+00	72.9	827	1302.3	84.6	99.8
WP_005647135.1	gnl|META|MONOMER-13447	0.0e+00	67.3	831	1193.3	81.2	100.0
WP_005647138.1	gnl|META|GLUTKIN-MONOMER	1.4e-130	65.9	364	462.2	80.2	99.2
WP_005647141.1	gnl|META|NAPG-MONOMER	2.0e-05	25.0	160	45.4	36.2	77.8
WP_005647145.1	gnl|META|EG11779-MONOMER	4.7e-77	56.0	234	283.9	73.1	95.1
WP_005647157.1	gnl|META|GSP-MONOMER	7.2e-231	62.5	610	796.2	76.1	96.7
WP_005708204.1	gnl|META|THIOESTERII-MONOMER	2.0e-87	53.4	283	318.5	70.0	99.0
WP_009766728.1	gnl|META|EG12401-MONOMER	3.0e-171	78.1	384	597.4	85.7	97.9
WP_032803246.1	gnl|META|EG10862-MONOMER	3.8e-40	68.1	119	160.2	79.0	100.0
WP_032825633.1	gnl|META|MONOMER0-541	1.4e-91	57.8	294	332.4	73.5	99.3
WP_032826452.1	gnl|META|HP0826-MONOMER	1.3e-06	29.9	154	50.1	46.8	53.6
WP_032826452.1	gnl|META|ENSG00000130309-MONOMER	1.1e-05	29.5	95	47.0	48.4	31.3
WP_032826457.1	gnl|META|KDOTRANS-MONOMER	2.2e-127	52.5	423	451.8	72.3	99.1
WP_032826458.1	gnl|META|PD00232	1.1e-08	21.7	235	57.0	43.4	79.5
WP_032826460.1	gnl|META|EG11517-MONOMER	2.2e-133	71.0	331	471.5	84.0	98.2
WP_032826462.1	gnl|META|G6670-MONOMER	3.0e-92	41.4	408	335.1	60.3	95.7
WP_032826470.1	gnl|META|MONOMER-15507	7.9e-138	95.9	241	485.7	97.1	100.0
WP_032826471.1	gnl|META|EG11189-MONOMER	1.1e-102	59.9	317	369.4	74.4	98.4
WP_032826483.1	gnl|META|EG10043-MONOMER	5.7e-36	35.6	247	147.5	55.1	91.1
WP_032826485.1	gnl|META|EG10126-MONOMER	4.9e-33	26.9	658	139.0	43.5	99.8
WP_032826491.1	gnl|META|FECD-MONOMER	2.0e-38	33.5	325	156.0	57.2	98.2
WP_032826491.1	gnl|META|BTUC-MONOMER	9.1e-36	36.1	274	147.1	56.2	82.9
WP_032826495.1	gnl|META|DXS-MONOMER	2.9e-269	72.9	617	923.7	85.6	98.4
WP_032826498.1	gnl|META|PKII-MONOMER	3.9e-205	77.1	480	710.3	87.3	100.0
WP_032826499.1	gnl|META|FORMYLTHFDEFORMYL-MONOMER	5.6e-119	73.6	277	423.3	85.6	99.6
WP_032826500.1	gnl|META|EG10924-MONOMER	1.5e-09	26.8	231	60.5	44.6	46.9
WP_032826501.1	gnl|META|MONOMER-15573	7.5e-14	23.3	189	73.6	46.6	96.4
WP_032826501.1	gnl|META|G6106-MONOMER	1.4e-12	29.1	165	69.3	47.9	83.0
WP_032826502.1	gnl|META|NRDA-MONOMER	0.0e+00	80.6	761	1196.0	88.6	100.0
WP_032826504.1	gnl|META|EG11253-MONOMER	1.4e-72	33.6	515	270.0	49.7	78.7
WP_032826505.1	gnl|META|MODC-MONOMER	9.8e-105	53.4	350	376.3	73.1	99.7
WP_032826526.1	gnl|META|GLYCOPHOSPHORYL-MONOMER	2.0e-305	61.4	814	1044.3	77.9	99.0
WP_032826529.1	gnl|META|G7414-MONOMER	3.2e-44	59.7	134	174.1	79.1	88.2
WP_032826546.1	gnl|META|MONOMER-14495	1.2e-88	31.2	776	323.9	51.2	98.8
WP_032826546.1	gnl|META|MONOMER-14493	1.7e-87	32.3	806	320.1	50.9	98.1
WP_032826546.1	gnl|META|MONOMER-14496	4.9e-82	31.3	805	302.0	49.4	98.1
WP_032826546.1	gnl|META|MONOMER-14503	7.7e-80	30.4	776	294.7	49.5	98.6
WP_032826547.1	gnl|META|EG11359-MONOMER	1.4e-06	28.6	210	49.7	45.7	88.3
WP_032826551.1	gnl|META|EG10859-MONOMER	1.3e-239	82.3	508	825.9	90.9	54.0
WP_032826551.1	gnl|META|EG10859-MONOMER	5.3e-04	52.2	46	43.1	67.4	4.9
WP_032826551.1	gnl|META|EG10859-MONOMER	3.2e-01	45.2	31	33.9	58.1	3.3
WP_032826553.1	gnl|META|G6449-MONOMER	5.4e-120	55.2	388	427.2	70.9	99.0
WP_032826555.1	gnl|META|G6567-MONOMER	8.6e-101	51.6	347	363.2	69.7	99.1
WP_032826556.1	gnl|META|LEUC-MONOMER	1.5e-204	75.1	466	708.4	85.4	99.4
WP_032826557.1	gnl|META|G7037-MONOMER	1.2e-45	50.5	220	179.5	66.8	92.4
WP_032826560.1	gnl|META|G7668-MONOMER	1.1e-65	58.6	203	246.1	78.3	82.5
WP_032826564.1	gnl|META|EG10825-MONOMER	2.1e-193	37.4	1077	672.5	56.4	91.9
WP_032826574.1	gnl|META|EG10416-MONOMER	3.0e-34	44.3	203	141.4	65.5	99.5
WP_032826576.1	gnl|META|EG10690-MONOMER	1.4e-132	53.0	451	469.2	71.2	99.3
WP_032826587.1	gnl|META|NACGLCTRANS-MONOMER	5.5e-124	63.3	346	440.3	76.9	98.3
WP_032826589.1	gnl|META|EG10571-MONOMER	2.7e-03	28.9	83	37.4	54.2	93.3
WP_032826591.1	gnl|META|G6468-MONOMER	4.0e-236	68.0	581	813.5	80.4	99.0
WP_032826600.1	gnl|META|EG11062-MONOMER	8.7e-09	21.7	313	59.3	40.6	24.0
WP_032826601.1	gnl|META|EG11441-MONOMER	2.1e-292	70.6	678	1000.7	83.3	99.6
WP_032826606.1	gnl|META|G7533-MONOMER	1.4e-109	55.9	363	392.5	72.5	99.7
WP_032826619.1	gnl|META|NHAA-MONOMER	3.7e-108	54.1	379	387.9	73.9	94.7
WP_075564376.1	gnl|META|G6880-MONOMER	1.8e-96	49.1	379	349.0	63.9	98.7
WP_075564377.1	gnl|META|O-SUCCINYLBENZOATE-COA-SYN-MONOMER	2.9e-101	56.6	320	364.8	72.5	93.5
WP_075564378.1	gnl|META|RIBF-MONOMER	3.8e-92	54.4	307	334.3	72.6	98.7
WP_075564379.1	gnl|META|G6418-MONOMER	5.6e-64	31.9	473	241.5	53.5	88.8
WP_075564381.1	gnl|META|MENF-MONOMER	1.8e-63	38.1	399	239.6	53.1	90.5
WP_075564382.1	gnl|META|EG10844-MONOMER	1.7e-167	72.2	410	585.1	82.0	97.6
WP_075564383.1	gnl|META|HP0106-MONOMER	1.4e-91	45.5	378	332.8	62.2	95.0
WP_075564384.1	gnl|META|DPPB-MONOMER	1.7e-98	57.8	327	355.5	72.8	100.0
WP_075564385.1	gnl|META|EG11064-MONOMER	9.3e-283	66.5	728	968.8	81.2	99.7
WP_075564386.1	gnl|META|EG11195-MONOMER	1.5e-25	31.3	275	112.8	49.1	98.5
WP_075564387.1	gnl|META|AT3G05970-MONOMER	7.8e-65	29.5	593	244.6	47.2	93.4
WP_075564387.1	gnl|META|AT5G27600-MONOMER	2.5e-63	27.3	619	239.6	47.3	97.7
WP_075564387.1	gnl|META|AT1G49430-MONOMER	2.1e-62	28.9	605	236.5	48.9	93.1
WP_075564387.1	gnl|META|HS02532-MONOMER	1.4e-61	27.6	646	233.8	47.4	99.2
WP_075564387.1	gnl|META|MONOMER-17302	1.2e-60	28.1	604	230.7	47.0	92.1
WP_075564387.1	gnl|META|AT2G47240-MONOMER	5.8e-60	29.2	603	228.4	48.8	93.4
WP_075564387.1	gnl|META|AT1G64400-MONOMER	4.9e-59	27.5	597	225.3	49.1	91.5
WP_075564387.1	gnl|META|HS05377-MONOMER	8.3e-59	25.7	602	224.6	49.2	93.9
WP_075564389.1	gnl|META|MDTA	6.0e-23	26.5	366	104.8	44.5	90.1
WP_075564390.1	gnl|META|H2NEOPTERINP3PYROPHOSPHOHYDRO-MONOMER	1.1e-39	51.4	142	159.1	70.4	92.8
WP_075564391.1	gnl|META|UDK-MONOMER	1.4e-77	66.7	204	285.4	83.8	95.8
WP_075564392.1	gnl|META|POTA-MONOMER	2.9e-56	37.0	338	215.3	57.7	93.7
WP_075564392.1	gnl|META|POTG-MONOMER	3.2e-55	37.8	333	211.8	56.2	89.5
WP_075564394.1	gnl|META|TEHA-MONOMER	2.5e-54	38.1	318	208.8	56.9	95.7
WP_075564397.1	gnl|META|EG10942-MONOMER	2.6e-34	32.0	337	142.5	45.7	87.4
WP_075564398.1	gnl|META|FOLC-MONOMER	9.0e-116	50.0	432	413.3	66.0	98.6
WP_075564399.1	gnl|META|MONOMER-20682	5.6e-05	23.3	223	45.8	38.1	28.0
WP_075564406.1	gnl|META|EG10236-MONOMER	4.3e-178	68.8	464	620.5	82.8	92.1
WP_075564408.1	gnl|META|RHTC-MONOMER	1.8e-29	38.5	208	125.6	58.7	96.7
WP_075564409.1	gnl|META|MONOMER-20299	8.9e-01	44.0	25	30.0	76.0	13.9
WP_075564411.1	gnl|META|GLUC1PADENYLTRANS-MONOMER	1.8e-135	55.6	408	478.8	74.0	91.7
WP_075564412.1	gnl|META|AMYLOMALT-MONOMER	4.8e-143	41.5	598	504.6	61.5	85.0
WP_075564413.1	gnl|META|ANTHRANSYNCOMPI-MONOMER	6.7e-142	52.9	499	500.4	71.9	95.2
WP_075564414.1	gnl|META|PRAI-IGPS	4.1e-138	56.1	462	487.6	71.6	96.7
WP_075564415.1	gnl|META|G7662-MONOMER	1.9e-60	40.5	309	229.2	61.5	90.8
WP_075564415.1	gnl|META|EG10973-MONOMER	5.4e-60	40.1	307	227.6	61.6	90.2
WP_075564416.1	gnl|META|MODB-MONOMER	9.3e-80	65.9	223	292.7	83.4	97.4
WP_075564418.1	gnl|META|CHORISMUTPREPHENDEHYDROG-MONOMER	2.5e-122	59.2	370	434.9	74.6	98.1
WP_075564419.1	gnl|META|POTA-MONOMER	1.2e-148	68.3	379	522.3	82.6	99.2
WP_075564420.1	gnl|META|G6458-MONOMER	1.3e-50	47.9	194	195.7	75.3	98.5
WP_075564421.1	gnl|META|MONOMER-18742	2.7e-59	44.1	263	224.9	62.7	100.0
WP_075564423.1	gnl|META|MONOMER-8322	4.6e-231	96.1	407	796.2	97.5	100.0
WP_075564424.1	gnl|META|MONOMER-13259	6.0e-01	33.3	63	32.0	52.4	13.6
WP_075564424.1	gnl|META|MONOMER-13253	6.0e-01	33.9	62	32.0	50.0	13.4
WP_075564425.1	gnl|META|PYRUVFORMLY-MONOMER	0.0e+00	84.9	769	1345.9	92.1	99.6
WP_075564426.1	gnl|META|NAPB-MONOMER	2.7e-35	52.9	136	144.4	65.4	89.3
WP_075564428.1	gnl|META|BIOTINLIG-MONOMER	7.8e-50	40.1	284	193.7	58.8	90.4
WP_075564431.1	gnl|META|EG11538-MONOMER	8.6e-52	48.5	231	199.9	61.0	94.6
WP_075564432.1	gnl|META|G7456-MONOMER	1.9e-84	56.6	258	308.5	74.8	95.8
WP_075564433.1	gnl|META|EG12283-MONOMER	6.7e-39	31.8	324	157.5	55.6	97.3
WP_075564434.1	gnl|META|G7920-MONOMER	1.6e-92	44.5	375	335.9	61.9	98.9
WP_075564435.1	gnl|META|EG10436-MONOMER	5.8e-80	63.5	293	294.3	77.1	70.1
WP_075564437.1	gnl|META|EG10013-MONOMER	5.8e-87	47.9	338	317.8	66.6	68.8
WP_075564438.1	gnl|META|EG10168-MONOMER	1.5e-117	46.0	515	419.5	61.0	98.6
WP_075564440.1	gnl|META|YADQ-MONOMER	2.0e-18	25.9	397	89.7	44.3	98.4
WP_080565539.1	gnl|META|FORMATEDEHYDROGH-MONOMER	1.4e-294	66.6	715	1008.1	81.1	99.7
WP_080575101.1	gnl|META|MONOMER-13809	4.0e-03	25.4	114	39.3	47.4	22.9
WP_080575102.1	gnl|META|ENSG00000147162-MONOMER	1.9e-02	40.4	47	37.4	66.0	7.2
WP_080575103.1	gnl|META|EG10943-MONOMER	1.3e-136	68.3	344	482.3	80.8	99.4
WP_100185028.1	gnl|META|EG12354-MONOMER	4.1e-05	33.3	96	45.4	47.9	19.7
WP_100209107.1	gnl|META|HOMOCYSMETB12-MONOMER	0.0e+00	64.1	1228	1590.1	78.0	99.5
WP_100209111.1	gnl|META|EG11344-MONOMER	1.2e-175	80.8	359	612.1	88.3	93.7
WP_155759340.1	gnl|META|FDNG-MONOMER	0.0e+00	65.2	1026	1429.1	79.1	99.8
WP_155759340.1	gnl|META|FDOG-MONOMER	0.0e+00	62.6	1026	1363.6	77.7	99.7
