WP_003592463.1	gnl|META|G6131-MONOMER	1.7e-28	29.8	325	122.9	49.2	97.1
WP_004265303.1	gnl|META|EG11231-MONOMER	8.0e-08	50.9	55	52.0	60.0	83.3
WP_004265581.1	gnl|META|EG10886-MONOMER	4.9e-04	41.2	51	39.3	64.7	80.3
WP_004265632.1	gnl|META|FRUB-MONOMER	1.0e-10	42.5	87	62.0	63.2	95.5
WP_004265632.1	gnl|META|PTSH-MONOMER	1.8e-10	38.3	81	61.2	59.3	92.0
WP_004265822.1	gnl|META|EG10917-MONOMER	5.8e-13	53.8	65	69.3	69.2	82.3
WP_004265830.1	gnl|META|EG10892-MONOMER	4.7e-07	66.7	42	48.9	73.8	91.3
WP_004265909.1	gnl|META|EG10158-MONOMER	5.0e-66	62.3	191	246.9	83.2	98.5
WP_004265909.1	gnl|META|SYNPCC7942_2525-MONOMER	2.8e-61	60.1	188	231.1	79.8	96.9
WP_004270179.1	gnl|META|EG10911-MONOMER	2.7e-42	65.4	136	167.5	72.8	99.3
WP_004270183.1	gnl|META|EG10888-MONOMER	2.9e-04	40.7	59	40.0	61.0	95.1
WP_004270185.1	gnl|META|EG10906-MONOMER	2.2e-48	53.8	156	188.0	74.4	100.0
WP_004270191.1	gnl|META|EG10887-MONOMER	4.2e-06	43.3	60	46.2	68.3	93.8
WP_004270198.1	gnl|META|EG10918-MONOMER	2.5e-31	64.8	91	130.6	79.1	97.8
WP_004270201.1	gnl|META|EG10875-MONOMER	4.7e-38	64.2	123	153.3	78.9	100.0
WP_004270214.1	gnl|META|EG10868-MONOMER	4.3e-64	62.1	177	240.4	81.4	98.3
WP_004270647.1	gnl|META|EG10889-MONOMER	4.4e-06	33.3	78	46.6	50.0	89.7
WP_004270806.1	gnl|META|EG10920-MONOMER	1.8e-08	60.0	50	53.9	70.0	86.2
WP_004270847.1	gnl|META|EG10864-MONOMER	3.3e-61	53.7	227	231.1	71.8	99.1
WP_004270854.1	gnl|META|EG10871-MONOMER	2.0e-23	41.0	156	105.1	60.3	92.8
WP_004270859.1	gnl|META|EG10872-MONOMER	2.1e-45	66.7	141	177.9	78.7	99.3
WP_011373726.1	gnl|META|EG10976-MONOMER	1.3e-09	29.5	190	59.3	47.4	99.4
WP_011373727.1	gnl|META|G1I0R-14-MONOMER	7.6e-146	44.6	597	513.8	65.0	88.2
WP_011373728.1	gnl|META|EG10870-MONOMER	7.6e-14	35.1	151	73.2	54.3	100.0
WP_011373731.1	gnl|META|EG10376-MONOMER	2.1e-21	30.1	209	99.0	48.8	85.0
WP_011373739.1	gnl|META|GPH-MONOMER	3.1e-19	29.8	208	91.7	48.1	83.8
WP_011373756.1	gnl|META|2-DEHYDROPANTOATE-REDUCT-MONOMER	8.7e-12	24.0	308	67.4	43.8	97.8
WP_011373760.1	gnl|META|MONOMER-19407	2.4e-51	38.5	286	199.1	54.2	69.9
WP_011373760.1	gnl|META|G185E-4787-MONOMER	6.6e-49	38.7	279	191.0	53.0	67.1
WP_011373760.1	gnl|META|CFA-MONOMER	3.1e-46	36.7	338	182.2	51.5	83.8
WP_011373766.1	gnl|META|BSU02750-MONOMER	1.1e-37	36.2	224	153.3	58.0	72.5
WP_011373769.1	gnl|META|MALTACETYLTRAN-MONOMER	3.0e-37	47.8	182	151.4	63.7	88.8
WP_011373777.1	gnl|META|ADENYLOSUCCINATE-SYN-MONOMER	1.7e-114	48.1	424	409.1	65.6	98.8
WP_011373790.1	gnl|META|CPXR-MONOMER	9.7e-48	42.6	230	186.4	67.0	96.2
WP_011373797.1	gnl|META|EG11254-MONOMER	1.9e-18	33.3	159	88.6	54.7	100.0
WP_011373801.1	gnl|META|BSU14520-MONOMER	5.4e-71	31.0	578	265.0	53.3	95.5
WP_011373803.1	gnl|META|MONOMER-17413	4.8e-29	29.0	345	125.2	44.3	79.4
WP_011373809.1	gnl|META|EG10530-MONOMER	1.9e-04	54.5	33	42.4	69.7	16.3
WP_011373809.1	gnl|META|EG10530-MONOMER	2.6e-01	66.7	21	32.0	71.4	10.3
WP_011373814.1	gnl|META|MONOMER-19973	1.1e-19	25.9	398	94.0	44.5	99.7
WP_011373817.1	gnl|META|G6660-MONOMER	1.9e-13	28.0	168	72.0	48.8	98.8
WP_011373820.1	gnl|META|MONOMER3O-102	3.4e-11	30.8	182	64.7	48.4	94.1
WP_011373820.1	gnl|META|HS07104-MONOMER	2.8e-10	28.5	186	61.6	50.0	95.2
WP_011373820.1	gnl|META|AT2G41880-MONOMER	4.8e-10	29.3	184	60.8	47.3	94.1
WP_011373842.1	gnl|META|YKL152C-MONOMER	6.1e-12	29.5	210	67.4	44.3	87.2
WP_011373842.1	gnl|META|HS09121-MONOMER	3.0e-11	27.5	211	65.1	44.1	87.2
WP_011373842.1	gnl|META|SYNPCC7942_0485-MONOMER	8.8e-11	27.7	202	63.5	46.0	90.8
WP_011373844.1	gnl|META|MONOMER-15016	5.2e-22	28.1	295	101.3	43.7	95.3
WP_011373852.1	gnl|META|G6131-MONOMER	1.1e-24	29.6	311	110.2	44.1	92.5
WP_011373865.1	gnl|META|EG10442-MONOMER	1.6e-03	29.8	57	37.7	56.1	83.8
WP_011373866.1	gnl|META|MONOMER-20425	1.8e-11	25.7	206	65.9	44.2	89.4
WP_011373867.1	gnl|META|G7622-MONOMER	2.5e-78	41.6	428	288.9	59.6	98.8
WP_011373871.1	gnl|META|ENSG00000153406-MONOMER	2.3e-01	30.4	56	32.7	58.9	18.0
WP_011373872.1	gnl|META|EG12235-MONOMER	1.4e-01	31.4	70	32.0	50.0	63.6
WP_011373948.1	gnl|META|BSU33400-MONOMER	4.3e-74	48.8	283	274.2	65.0	98.6
WP_011373948.1	gnl|META|MONOMER-17833	3.5e-68	44.9	285	254.6	62.8	97.6
WP_011373950.1	gnl|META|STM4473-MONOMER	2.5e-05	25.2	123	45.1	44.7	71.5
WP_011373987.1	gnl|META|CPXR-MONOMER	2.1e-39	37.9	227	158.7	63.0	97.8
WP_011374015.1	gnl|META|MONOMER-17076	5.8e-45	27.6	515	178.3	46.6	94.0
WP_011374016.1	gnl|META|MONOMER-15063	4.5e-08	25.5	196	55.8	43.4	33.6
WP_011374016.1	gnl|META|AT1G80360-MONOMER	1.3e-07	24.8	258	54.3	41.1	43.9
WP_011374016.1	gnl|META|HS06761-MONOMER	1.1e-06	26.1	153	51.2	45.8	27.5
WP_011374016.1	gnl|META|MONOMER-15101	1.1e-06	26.8	153	51.2	45.1	27.5
WP_011374017.1	gnl|META|RED-THIOREDOXIN-MONOMER	1.7e-15	36.0	86	78.2	61.6	77.5
WP_011374017.1	gnl|META|RED-THIOREDOXIN2-MONOMER	5.6e-14	29.3	99	73.2	57.6	89.2
WP_011374036.1	gnl|META|TRPS-MONOMER	4.0e-39	32.4	339	158.3	52.2	98.5
WP_011374037.1	gnl|META|YDHE-MONOMER	5.9e-01	17.6	358	32.0	37.4	76.0
WP_011374042.1	gnl|META|G7950-MONOMER	5.4e-15	28.0	189	77.4	50.8	91.5
WP_011374044.1	gnl|META|EG11372-MONOMER	6.0e-31	44.5	146	130.2	64.4	84.9
WP_011374053.1	gnl|META|G7641-MONOMER	1.2e-55	44.6	276	213.0	60.5	93.8
WP_011374056.1	gnl|META|ANSB-MONOMER	1.8e-36	33.4	320	149.4	48.1	95.7
WP_011374056.1	gnl|META|MONOMER-13049	9.3e-33	33.9	283	137.1	54.1	82.7
WP_011374067.1	gnl|META|EG10600-MONOMER	7.6e-12	37.2	94	65.9	61.7	98.9
WP_011374073.1	gnl|META|EG11298-MONOMER	5.4e-30	42.5	179	127.1	56.4	98.3
WP_011374075.1	gnl|META|EG10923-MONOMER	1.4e-23	33.5	200	105.9	57.0	95.6
WP_011374076.1	gnl|META|EG10924-MONOMER	4.2e-105	55.6	331	377.5	74.0	98.8
WP_011374080.1	gnl|META|CHAINI-MONOMER	4.7e-88	49.2	331	320.9	68.9	96.7
WP_011374080.1	gnl|META|CHAINF-MONOMER	5.2e-87	50.3	320	317.4	70.3	93.5
WP_011374080.1	gnl|META|MONOMER-533	2.3e-79	45.7	341	292.0	64.8	96.2
WP_011374081.1	gnl|META|MONOMER-663	1.2e-61	45.0	307	233.0	61.2	97.5
WP_011374081.1	gnl|META|MONOMER-11204	1.7e-60	43.0	314	229.2	58.9	99.0
WP_011374082.1	gnl|META|G7184-MONOMER	5.5e-21	30.1	336	98.2	44.0	83.6
WP_011374082.1	gnl|META|MONOMER-20617	1.1e-18	25.4	343	90.5	42.3	84.6
WP_011374082.1	gnl|META|MONOMER-13008	2.5e-18	25.1	339	89.4	43.4	87.1
WP_011374083.1	gnl|META|YHFM-MONOMER	1.6e-17	25.0	372	87.0	44.6	76.8
WP_011374086.1	gnl|META|G12WB-2962-MONOMER	5.8e-151	65.6	369	530.0	82.4	97.1
WP_011374088.1	gnl|META|ADHE-MONOMER	7.0e-221	49.2	851	763.5	67.2	96.9
WP_011374088.1	gnl|META|MONOMER-15847	1.8e-216	47.8	858	748.8	66.3	97.9
WP_011374088.1	gnl|META|GIO2-535-MONOMER	3.3e-210	47.8	846	728.0	65.0	96.5
WP_011374088.1	gnl|META|AADCLOS-MONOMER	3.6e-201	46.5	860	698.0	63.6	98.0
WP_011374091.1	gnl|META|G6115-MONOMER	3.0e-51	35.9	359	198.7	54.9	94.7
WP_011374093.1	gnl|META|G1I0R-1684-MONOMER	3.8e-63	41.9	303	238.0	58.1	95.3
WP_011374094.1	gnl|META|EG10210-MONOMER	1.0e-50	34.2	354	197.2	52.0	78.5
WP_011374094.1	gnl|META|EG10844-MONOMER	4.4e-49	33.1	356	191.8	55.9	76.9
WP_011374098.1	gnl|META|G6934-MONOMER	2.5e-01	36.8	57	31.6	56.1	35.4
WP_011374100.1	gnl|META|HS02645-MONOMER	3.8e-04	38.9	54	42.0	57.4	17.7
WP_011374102.1	gnl|META|EG10625-MONOMER	1.4e-21	23.4	491	101.3	41.8	57.4
WP_011374103.1	gnl|META|RED-THIOREDOXIN-MONOMER	1.1e-19	44.3	97	92.0	64.9	91.3
WP_011374105.1	gnl|META|MONOMER-20021	4.0e-110	48.4	409	394.4	68.7	99.8
WP_011374105.1	gnl|META|BSU38510-MONOMER	8.9e-102	50.0	400	366.7	67.8	97.3
WP_011374105.1	gnl|META|MONOMER-19976	1.2e-101	50.0	400	366.3	67.5	97.3
WP_011374106.1	gnl|META|BSU38520-MONOMER	6.1e-15	43.6	78	75.9	73.1	100.0
WP_011374106.1	gnl|META|MONOMER-19972	1.8e-14	42.3	78	74.3	73.1	100.0
WP_011374110.1	gnl|META|FECC-MONOMER	7.2e-33	31.4	315	137.5	49.8	93.9
WP_011374110.1	gnl|META|FEPD-MONOMER	3.0e-31	33.9	316	132.1	49.4	94.5
WP_011374114.1	gnl|META|MONOMER-15462	6.6e-48	40.0	265	187.2	60.4	96.0
WP_011374114.1	gnl|META|G185E-5517-MONOMER	4.4e-44	40.8	250	174.5	58.8	90.5
WP_011374117.1	gnl|META|YGR155W-MONOMER	6.9e-05	30.4	79	43.5	59.5	47.8
WP_011374124.1	gnl|META|PD00219	4.1e-28	29.8	339	121.7	46.9	97.6
WP_011374126.1	gnl|META|MONOMER-13104	3.3e-80	63.1	233	294.3	78.1	99.1
WP_011374133.1	gnl|META|HS07681-MONOMER	2.1e-09	38.6	83	60.1	56.6	17.3
WP_011374133.1	gnl|META|MONOMER0-1981	3.0e-08	34.7	118	56.2	46.6	23.6
WP_011374135.1	gnl|META|EG12235-MONOMER	2.5e-06	43.9	66	47.8	65.2	59.1
WP_011374141.1	gnl|META|EG10634-MONOMER	7.5e-33	31.7	252	137.1	51.6	96.6
WP_011374141.1	gnl|META|AT5G36790-MONOMER	9.1e-31	32.7	254	130.2	52.8	88.1
WP_011374141.1	gnl|META|AT5G36700-MONOMER	9.1e-31	32.7	254	130.2	52.8	88.1
WP_011374142.1	gnl|META|MONOMER-20222	5.7e-15	30.7	189	77.4	51.9	87.8
WP_011374144.1	gnl|META|MONOMER-13562	6.4e-58	38.0	321	220.7	55.5	97.3
WP_011374145.1	gnl|META|HS09452-MONOMER	1.8e-28	43.4	173	122.1	56.1	87.1
WP_011374146.1	gnl|META|EG10900-MONOMER	3.6e-09	40.5	74	57.4	59.5	58.4
WP_011374147.1	gnl|META|MONOMER-12827	2.8e-01	36.1	61	31.2	45.9	46.9
WP_011374163.1	gnl|META|MONOMER-19127	1.2e-35	37.2	250	146.4	53.2	96.7
WP_011374163.1	gnl|META|MONOMER-18326	4.4e-35	36.8	258	144.4	54.3	99.2
WP_011374163.1	gnl|META|HS08987-MONOMER	9.8e-35	38.0	245	143.3	52.7	96.3
WP_011374163.1	gnl|META|EG12133-MONOMER	1.2e-32	38.8	250	136.3	52.4	95.9
WP_011374163.1	gnl|META|MONOMER-7722	2.7e-32	36.6	246	135.2	50.8	96.3
WP_011374172.1	gnl|META|G6278-MONOMER	1.0e-46	39.3	262	183.3	61.5	89.7
WP_011374172.1	gnl|META|TSA-REDUCT-MONOMER	2.8e-44	35.8	279	175.3	57.7	95.5
WP_011374178.1	gnl|META|EMRB-MONOMER	2.7e-36	29.9	412	149.4	48.3	82.5
WP_011374178.1	gnl|META|EMRY-MONOMER	7.4e-34	30.3	413	141.4	47.0	82.3
WP_011374184.1	gnl|META|MONOMER-13186	1.1e-04	33.3	93	42.7	46.2	60.0
WP_011374185.1	gnl|META|GMP-REDUCT-MONOMER	1.2e-45	34.0	321	179.9	53.6	93.5
WP_011374188.1	gnl|META|EG11888-MONOMER	1.9e-29	46.2	156	125.2	59.0	90.5
WP_011374195.1	gnl|META|MONOMER-20005	5.2e-39	50.5	190	157.1	65.3	97.4
WP_011374196.1	gnl|META|EG10823-MONOMER	1.1e-111	61.5	325	399.4	78.8	91.3
WP_011374205.1	gnl|META|ABC-MONOMER	1.6e-39	37.0	227	159.1	62.1	97.8
WP_011374205.1	gnl|META|GLTL-MONOMER	7.4e-37	36.9	225	150.2	60.4	98.2
WP_011374207.1	gnl|META|EG10463-MONOMER	5.2e-03	35.2	54	38.5	55.6	14.3
WP_011374208.1	gnl|META|CPXR-MONOMER	5.9e-37	40.4	228	150.6	58.8	95.8
WP_011374209.1	gnl|META|ARCB-MONOMER	3.0e-23	30.2	232	106.3	53.4	40.7
WP_011374209.1	gnl|META|CREC-MONOMER	5.1e-23	30.4	204	105.5	54.4	36.9
WP_011374209.1	gnl|META|BAES-MONOMER	3.7e-21	28.3	230	99.4	50.0	41.2
WP_011374209.1	gnl|META|PHOR-MONOMER	4.8e-21	24.6	362	99.0	45.3	64.6
WP_011374211.1	gnl|META|PSTC-MONOMER	8.2e-23	28.2	308	104.0	48.4	91.9
WP_011374214.1	gnl|META|PSTB-MONOMER	2.8e-77	53.4	247	284.6	73.7	98.0
WP_011374228.1	gnl|META|THIOREDOXIN-REDUCT-NADPH-MONOMER	1.6e-55	36.3	314	212.6	59.6	99.3
WP_011374228.1	gnl|META|MONOMER-543	2.6e-53	36.9	293	205.3	59.4	95.1
WP_011374244.1	gnl|META|MONOMER-13489	3.4e-35	36.9	244	144.8	54.9	98.0
WP_011374248.1	gnl|META|MONOMER-2967	1.8e-80	44.0	368	295.8	60.6	98.4
WP_011374255.1	gnl|META|NARL-MONOMER	5.2e-26	31.8	198	114.0	55.6	93.5
WP_011374258.1	gnl|META|MONOMER-20851	6.6e-01	52.0	25	30.0	68.0	18.5
WP_011374258.1	gnl|META|MONOMER-20850	6.6e-01	52.0	25	30.0	68.0	18.5
WP_011374281.1	gnl|META|THREDEHYDCAT-MONOMER	3.5e-94	54.6	315	341.3	75.6	91.0
WP_011374313.1	gnl|META|MONOMER-13052	2.4e-132	70.9	340	468.0	81.5	99.7
WP_011374314.1	gnl|META|MONOMER-13053	8.8e-174	76.7	404	605.9	84.9	100.0
WP_011374315.1	gnl|META|MONOMER-13051	2.5e-102	70.8	250	367.9	83.6	99.6
WP_011374316.1	gnl|META|MONOMER-13054	8.7e-188	76.3	431	652.5	85.6	99.5
WP_011374326.1	gnl|META|YEHW-MONOMER	3.9e-24	37.3	185	107.8	61.6	88.0
WP_011374326.1	gnl|META|PROW-MONOMER	1.9e-23	34.4	186	105.5	58.1	87.0
WP_011374326.1	gnl|META|YEHY-MONOMER	2.8e-22	34.4	189	101.7	56.1	83.2
WP_011374334.1	gnl|META|MONOMER-16557	5.6e-06	24.4	176	48.1	43.2	52.2
WP_011374337.1	gnl|META|EG12172-MONOMER	1.0e-12	35.0	103	69.3	53.4	72.5
WP_011374338.1	gnl|META|BSU02750-MONOMER	1.1e-27	34.2	228	119.8	53.5	93.4
WP_011374340.1	gnl|META|MONOMER-20238	1.6e-03	28.6	77	39.7	54.5	28.4
WP_011374341.1	gnl|META|EG11779-MONOMER	5.4e-13	28.1	135	70.9	48.1	62.9
WP_011374345.1	gnl|META|MONOMER-15525	1.2e-196	53.0	626	682.6	70.8	98.7
WP_011374353.1	gnl|META|HS01875-MONOMER	7.0e-08	26.6	124	53.5	51.6	70.4
WP_011374364.1	gnl|META|SAICARSYN-MONOMER	2.4e-49	42.0	226	191.8	65.5	93.8
WP_011374379.1	gnl|META|EG50001-MONOMER	1.5e-16	40.8	103	81.6	63.1	100.0
WP_011374381.1	gnl|META|EG50002-MONOMER	1.9e-18	58.0	81	87.8	71.6	84.2
WP_011374382.1	gnl|META|EG12099-MONOMER	1.1e-35	41.1	180	146.0	60.0	97.3
WP_011374387.1	gnl|META|EG11098-MONOMER	1.6e-07	41.9	62	51.2	71.0	81.6
WP_011374402.1	gnl|META|G7841-MONOMER	2.7e-34	33.9	227	142.1	59.5	74.2
WP_011374403.1	gnl|META|RIBULP3EPIM-MONOMER	3.4e-47	48.7	199	184.5	64.8	90.0
WP_011374404.1	gnl|META|BSU15800-MONOMER	1.7e-35	39.5	220	145.6	57.7	100.0
WP_011374409.1	gnl|META|EG50003-MONOMER	2.2e-12	50.0	70	67.4	68.6	87.5
WP_011374411.1	gnl|META|YLIC-MONOMER	1.6e-50	39.3	305	196.1	57.7	97.4
WP_011374411.1	gnl|META|OPPB-MONOMER	2.8e-50	37.5	280	195.3	62.5	89.4
WP_011374413.1	gnl|META|OPPD-MONOMER	5.3e-87	53.3	304	317.4	73.7	88.9
WP_011374414.1	gnl|META|OPPF-MONOMER	1.9e-70	46.8	314	262.3	65.9	95.6
WP_011374414.1	gnl|META|YLIA-MONOMER	1.5e-67	47.7	287	252.7	69.0	87.8
WP_011374419.1	gnl|META|GNTP-MONOMER	1.2e-08	21.9	393	57.4	46.1	88.8
WP_011374423.1	gnl|META|EG10915-MONOMER	1.0e-13	46.1	76	72.0	71.1	81.3
WP_011374441.1	gnl|META|EG11497-MONOMER	7.5e-29	31.3	307	124.0	47.2	98.0
WP_011374442.1	gnl|META|EG12366-MONOMER	1.0e-10	31.0	158	63.5	47.5	62.5
WP_011374454.1	gnl|META|MONOMER-12256	2.8e-104	46.2	442	375.2	65.6	96.9
WP_011374463.1	gnl|META|ILES-MONOMER	1.4e-219	42.5	935	759.2	61.3	98.5
WP_011374467.1	gnl|META|STM14_RS23765-MONOMER	1.0e-01	30.1	73	32.0	57.5	94.8
WP_011374468.1	gnl|META|EG11014-MONOMER	3.2e-59	29.5	616	226.1	45.9	81.6
WP_011374481.1	gnl|META|G185E-5891-MONOMER	5.5e-19	31.1	167	90.5	50.9	92.8
WP_011374483.1	gnl|META|MONOMER-14562	2.6e-53	45.9	231	204.9	68.4	100.0
WP_011374483.1	gnl|META|EG11090-MONOMER	1.2e-50	44.1	229	196.1	63.8	99.6
WP_011374486.1	gnl|META|G6621-MONOMER	2.2e-18	27.2	324	89.4	46.3	94.8
WP_011374491.1	gnl|META|MONOMER-19498	2.2e-207	84.7	424	717.6	91.7	100.0
WP_011374501.1	gnl|META|MONOMER-20840	1.3e-51	52.8	216	199.1	67.1	100.0
WP_011374502.1	gnl|META|PPENTOMUT-MONOMER	8.0e-79	42.2	405	290.4	56.3	97.2
WP_011374503.1	gnl|META|DEOD-MONOMER	4.3e-56	49.3	229	214.2	67.7	97.4
WP_011374505.1	gnl|META|EG11691-MONOMER	4.7e-45	31.5	426	178.3	49.5	96.2
WP_011374505.1	gnl|META|EG11724-MONOMER	1.1e-44	29.6	425	177.2	50.6	96.0
WP_011374509.1	gnl|META|SYNPCC7942_0485-MONOMER	4.5e-15	30.6	173	77.8	48.0	76.3
WP_011374517.1	gnl|META|MONOMER-18030	6.9e-01	36.2	47	30.4	57.4	23.9
WP_011374518.1	gnl|META|MONOMER-19311	1.3e-34	48.9	139	142.1	68.3	92.1
WP_011374520.1	gnl|META|EG50003-MONOMER	2.4e-06	40.0	70	47.4	65.7	86.1
WP_011374521.1	gnl|META|MALONYL-COA-ACP-TRANSACYL-MONOMER	2.0e-32	31.6	313	136.0	48.9	98.7
WP_011374521.1	gnl|META|MONOMER-18946	1.4e-30	31.6	294	129.8	51.7	90.7
WP_011374521.1	gnl|META|MONOMER-19112	1.9e-30	33.3	291	129.4	51.2	90.4
WP_011374521.1	gnl|META|MONOMER-18949	3.5e-29	31.2	304	125.2	46.4	92.0
WP_011374524.1	gnl|META|MONOMER-17288	3.4e-14	51.4	74	74.3	68.9	49.0
WP_011374524.1	gnl|META|BCCP-MONOMER	5.0e-13	41.9	74	70.5	73.0	49.0
WP_011374524.1	gnl|META|AT5G16390-MONOMER	3.2e-12	41.1	73	67.8	67.1	48.3
WP_011374525.1	gnl|META|MONOMER-19311	1.4e-38	51.1	139	155.2	71.2	99.3
WP_011374525.1	gnl|META|MONOMER-19299	1.6e-34	50.0	140	141.7	67.9	99.3
WP_011374526.1	gnl|META|AT5G35360-MONOMER	4.3e-129	52.4	439	457.6	68.3	98.0
WP_011374526.1	gnl|META|BIOTIN-CARBOXYL-MONOMER	2.6e-126	51.5	443	448.4	67.7	98.7
WP_011374526.1	gnl|META|MONOMER-16073	3.9e-122	51.7	441	434.5	67.1	98.4
WP_011374526.1	gnl|META|MONOMER-11921	9.6e-121	49.1	442	429.9	69.2	98.7
WP_011374526.1	gnl|META|MONOMER-14537	8.1e-120	49.1	442	426.8	67.0	98.7
WP_011374526.1	gnl|META|MONOMER-17289	3.1e-119	48.6	442	424.9	67.9	98.7
WP_011374528.1	gnl|META|MONOMER-17286	3.7e-48	42.3	248	188.0	58.5	91.7
WP_011374528.1	gnl|META|CARBOXYL-TRANSFERASE-ALPHA-MONOMER	1.1e-47	42.4	257	186.4	56.4	95.1
WP_011374528.1	gnl|META|AT2G38040-MONOMER	6.6e-45	39.4	249	177.2	57.4	92.1
WP_011374530.1	gnl|META|BIOTINLIG-MONOMER	2.0e-14	29.4	231	75.9	47.2	88.4
WP_011374534.1	gnl|META|G7005-MONOMER	3.3e-28	44.0	141	120.9	64.5	90.4
WP_011374535.1	gnl|META|G12WB-1825-MONOMER	9.1e-30	44.0	166	126.3	65.7	91.7
WP_011374536.1	gnl|META|G12WB-1824-MONOMER	2.5e-94	51.6	316	341.7	69.3	97.5
WP_011374547.1	gnl|META|EG10903-MONOMER	3.8e-45	48.6	208	177.6	67.8	100.0
WP_011374552.1	gnl|META|VALS-MONOMER	1.4e-213	42.6	955	739.2	60.6	99.1
WP_011374556.1	gnl|META|EG12130-MONOMER	7.6e-06	27.0	122	47.8	50.0	35.0
WP_011374561.1	gnl|META|G7037-MONOMER	4.7e-25	34.8	207	110.9	55.6	96.7
WP_011374582.1	gnl|META|GLYQ-MONOMER	1.4e-99	59.5	289	359.0	75.4	92.8
WP_011374586.1	gnl|META|RPOD-MONOMER	1.6e-89	63.6	269	325.9	79.2	72.1
WP_011374590.1	gnl|META|EG11549-MONOMER	1.8e-105	46.6	414	379.0	65.7	98.8
WP_011374600.1	gnl|META|BSU37540-MONOMER	2.2e-07	40.0	60	50.4	58.3	96.8
WP_011374600.1	gnl|META|MONOMER-15109	1.8e-06	30.6	62	47.4	62.9	100.0
WP_011374602.1	gnl|META|LUMAZINESYN-MONOMER	1.9e-01	30.0	80	31.6	47.5	58.3
WP_011374623.1	gnl|META|G6488-MONOMER	2.8e-44	30.4	369	175.6	50.4	93.0
WP_011374624.1	gnl|META|MONOMER-17694	7.9e-37	31.4	303	150.6	47.2	93.4
WP_011374636.1	gnl|META|MONOMER-17111	7.8e-91	49.7	336	330.1	67.0	99.4
WP_011374636.1	gnl|META|BSU10250-MONOMER	4.1e-84	46.2	327	307.8	65.1	97.0
WP_011374642.1	gnl|META|MONOMER-13836	1.4e-89	51.9	312	325.9	68.3	97.8
WP_011374642.1	gnl|META|NRDF-MONOMER	1.3e-87	50.3	312	319.3	67.6	97.8
WP_011374644.1	gnl|META|GRXC-MONOMER	1.4e-03	32.2	59	38.1	50.8	76.3
WP_011374649.1	gnl|META|FORMYLSYNTHCLTH-MONOMER	6.2e-194	59.2	557	673.3	75.2	99.8
WP_011374649.1	gnl|META|MONOMER-13114	1.2e-184	57.2	556	642.5	72.8	99.6
WP_011374650.1	gnl|META|EG10548-MONOMER	1.1e-12	36.4	151	69.3	55.6	96.0
WP_011374651.1	gnl|META|EG12098-MONOMER	4.4e-53	37.5	317	204.5	54.6	99.0
WP_011374652.1	gnl|META|HS09275-MONOMER	1.8e-06	25.7	140	48.9	55.0	76.5
WP_011374655.1	gnl|META|BSU15500-MONOMER	1.5e-107	49.5	430	386.0	64.4	100.0
WP_011374656.1	gnl|META|BSU15510-MONOMER	7.6e-129	59.8	353	456.4	76.2	98.0
WP_011374679.1	gnl|META|MONOMER-14087	3.6e-38	44.8	210	154.5	62.4	97.6
WP_011374681.1	gnl|META|POTG-MONOMER	9.7e-26	34.6	217	113.2	55.3	97.3
WP_011374681.1	gnl|META|POTA-MONOMER	6.9e-24	31.7	218	107.1	55.5	98.6
WP_011374681.1	gnl|META|GLNQ-MONOMER	3.4e-23	35.2	219	104.8	56.2	97.3
WP_011374681.1	gnl|META|ABC-MONOMER	1.0e-22	33.3	207	103.2	55.1	91.3
WP_011374720.1	gnl|META|CMPKI-MONOMER	1.9e-37	40.6	217	152.1	59.0	99.1
WP_011374724.1	gnl|META|MONOMER-18370	3.1e-03	33.9	59	37.0	45.8	77.6
WP_011374726.1	gnl|META|EG12433-MONOMER	1.2e-27	34.9	252	119.8	53.2	94.9
WP_011374726.1	gnl|META|EG11921-MONOMER	5.1e-26	33.3	255	114.4	52.5	97.3
WP_011374734.1	gnl|META|SYNPCC7942_0098-MONOMER	4.4e-134	43.5	593	474.6	64.1	99.8
WP_011374734.1	gnl|META|MONOMER-13043	3.6e-128	49.4	500	454.9	64.8	80.5
WP_011374735.1	gnl|META|MONOMER-13044	5.6e-115	64.4	334	410.2	76.6	99.4
WP_011374744.1	gnl|META|G7175-MONOMER	1.6e-74	45.4	306	275.8	63.7	97.8
WP_011374746.1	gnl|META|EG11404-MONOMER	2.8e-13	35.0	137	72.8	52.6	26.5
WP_011374761.1	gnl|META|SYNPCC7942_2526-MONOMER	3.3e-139	59.7	429	491.1	74.1	95.2
WP_011374761.1	gnl|META|EG10159-MONOMER	7.5e-136	59.9	414	479.9	76.6	96.9
WP_011374762.1	gnl|META|EG11003-MONOMER	1.2e-38	29.6	423	157.1	48.7	96.3
WP_011374766.1	gnl|META|EG10914-MONOMER	2.7e-19	49.4	89	90.5	68.5	100.0
WP_011374767.1	gnl|META|EG10919-MONOMER	3.4e-03	34.1	85	37.0	40.0	100.0
WP_011374770.1	gnl|META|YHR144C-MONOMER	6.9e-21	34.2	146	96.7	54.8	86.4
WP_011374773.1	gnl|META|PANTEPADENYLYLTRAN-MONOMER	2.6e-31	45.6	158	131.3	63.9	95.8
WP_011374774.1	gnl|META|EG10343-MONOMER	1.4e-14	27.6	181	75.9	48.1	98.4
WP_011374777.1	gnl|META|EG10344-MONOMER	1.4e-43	33.3	369	173.3	52.8	92.4
WP_011374780.1	gnl|META|HS06822-MONOMER	4.6e-22	28.8	250	101.3	48.0	90.2
WP_011374780.1	gnl|META|HS05783-MONOMER	2.8e-19	27.3	238	92.0	48.3	84.9
WP_011374781.1	gnl|META|MONOMER-19232	7.9e-01	34.5	58	29.3	50.0	61.7
WP_011374782.1	gnl|META|MONOMER-11687	2.6e-153	58.4	469	538.1	74.0	100.0
WP_011374783.1	gnl|META|MONOMER-12007	6.4e-63	36.6	437	238.0	53.8	80.0
WP_011374783.1	gnl|META|MONOMER-11686	1.8e-57	35.5	425	219.9	53.6	78.3
WP_011374783.1	gnl|META|E2P-MONOMER	2.6e-56	30.4	537	216.1	49.9	98.5
WP_011374787.1	gnl|META|EG11440-MONOMER	2.6e-11	30.1	156	65.1	51.9	84.3
WP_011374792.1	gnl|META|G7413-MONOMER	1.3e-02	39.0	41	37.7	53.7	7.3
WP_011374792.1	gnl|META|EG11955-MONOMER	3.0e-02	27.9	86	36.6	50.0	13.5
WP_011374792.1	gnl|META|GLYOXII-MONOMER	5.0e-02	37.8	37	35.8	64.9	6.6
WP_011374795.1	gnl|META|BSU11650-MONOMER	6.7e-38	38.4	219	153.7	53.9	96.5
WP_011374824.1	gnl|META|SYNPCC7942_2316-MONOMER	9.6e-14	34.6	136	72.8	55.9	93.8
WP_011374826.1	gnl|META|ATPG-MONOMER	3.3e-43	32.5	308	171.8	54.2	97.8
WP_011374827.1	gnl|META|SYNPCC7942_0336-MONOMER	7.0e-176	61.9	483	613.2	80.7	94.5
WP_011374828.1	gnl|META|SYNPCC7942_0335-MONOMER	9.4e-11	27.4	164	63.2	53.0	90.6
WP_011374830.1	gnl|META|ATPE-MONOMER	1.2e-06	38.2	68	48.1	67.6	97.1
WP_011374831.1	gnl|META|SYNPCC7942_0331-MONOMER	7.5e-16	31.2	160	80.5	57.5	66.7
WP_011374831.1	gnl|META|ATPB-MONOMER	1.9e-14	30.4	224	75.9	52.2	85.7
WP_011374832.1	gnl|META|URACIL-PRIBOSYLTRANS-MONOMER	1.6e-65	57.0	207	245.4	76.3	99.0
WP_011374834.1	gnl|META|G7698-MONOMER	3.9e-13	32.2	146	72.0	49.3	42.1
WP_011374837.1	gnl|META|TDK-MONOMER	7.6e-46	49.2	187	179.9	69.5	93.4
WP_011374847.1	gnl|META|EG10613-MONOMER	2.2e-70	31.3	514	263.1	52.9	81.9
WP_011374848.1	gnl|META|EG10613-MONOMER	3.8e-53	25.8	562	205.7	49.8	97.2
WP_011374868.1	gnl|META|GLPF-MONOMER	1.7e-23	32.3	251	105.9	49.8	97.5
WP_011374874.1	gnl|META|CISZOG2-MONOMER	4.3e-01	31.6	38	31.2	60.5	19.5
WP_011374897.1	gnl|META|MONOMER-5946	7.2e-171	50.8	555	596.7	67.7	99.5
WP_011374897.1	gnl|META|TRE6PHYDRO-MONOMER	1.0e-156	49.5	548	549.7	63.7	98.7
WP_011374923.1	gnl|META|ACPSUB-MONOMER	2.7e-15	41.7	96	77.4	63.5	94.1
WP_011374960.1	gnl|META|UMPKI-MONOMER	6.4e-55	46.2	238	210.3	67.6	97.9
WP_011374962.1	gnl|META|EG10901-MONOMER	1.9e-68	52.7	241	255.4	71.0	90.5
WP_011374965.1	gnl|META|MONOMER-14088	7.0e-50	42.3	196	193.4	67.3	93.7
WP_011374966.1	gnl|META|HS08997-MONOMER	8.7e-04	21.9	215	40.8	41.9	65.6
WP_011374972.1	gnl|META|EG11057-MONOMER	3.9e-05	35.3	102	44.7	49.0	43.6
WP_011374973.1	gnl|META|ADENPRIBOSYLTRAN-MONOMER	1.7e-46	54.0	161	181.8	70.2	93.6
WP_011374975.1	gnl|META|MONOMER-6142	7.8e-128	67.8	332	453.0	80.1	100.0
WP_011374985.1	gnl|META|EG10529-MONOMER	2.8e-200	57.2	598	694.5	77.3	97.7
WP_011374993.1	gnl|META|MONOMER-428	2.2e-105	49.5	398	378.6	70.4	98.5
WP_011374993.1	gnl|META|ACKCLOS-MONOMER	2.3e-102	47.8	402	368.6	68.7	99.5
WP_011374993.1	gnl|META|MONOMER-13473	2.2e-100	45.5	400	362.1	69.8	99.5
WP_011374993.1	gnl|META|MONOMER-20612	1.8e-99	46.4	394	359.0	67.5	98.2
WP_011374993.1	gnl|META|STM2057-MONOMER	7.2e-96	46.3	393	347.1	67.7	98.5
WP_011375040.1	gnl|META|BSU04040-MONOMER	2.9e-25	32.4	287	112.1	47.4	95.9
WP_011375050.1	gnl|META|L-GLN-FRUCT-6-P-AMINOTRANS-MONOMER	2.2e-120	40.4	614	429.1	59.3	100.0
WP_011375055.1	gnl|META|POTD-MONOMER	2.9e-64	37.3	335	241.9	57.0	93.5
WP_011375072.1	gnl|META|MONOMER-16259	2.0e-01	33.9	56	31.6	55.4	47.5
WP_011375074.1	gnl|META|MONOMER-16328	3.2e-20	28.0	264	95.1	50.8	97.2
WP_011375075.1	gnl|META|G6502-MONOMER	6.7e-13	47.1	70	69.3	68.6	76.1
WP_011375078.1	gnl|META|CPXR-MONOMER	2.5e-32	35.1	231	135.2	58.4	100.0
WP_011375079.1	gnl|META|MONOMER-6842	6.2e-187	67.7	471	649.8	83.9	99.6
WP_011375079.1	gnl|META|6PGLUCONDEHYDROG-MONOMER	4.4e-185	68.0	469	643.7	82.5	99.2
WP_011375082.1	gnl|META|MONOMER-17092	1.8e-09	31.6	136	59.3	46.3	51.9
WP_011375085.1	gnl|META|NICONUCADENYLYLTRAN-MONOMER	4.0e-24	30.8	208	107.8	47.1	85.1
WP_011375088.1	gnl|META|EG10634-MONOMER	2.3e-01	44.4	45	32.0	55.6	25.6
WP_011375088.1	gnl|META|AT5G36790-MONOMER	3.9e-01	39.4	33	31.2	66.7	18.8
WP_011375088.1	gnl|META|AT5G36700-MONOMER	3.9e-01	39.4	33	31.2	66.7	18.8
WP_011375088.1	gnl|META|AT5G47760-MONOMER	5.1e-01	35.7	42	30.8	59.5	23.9
WP_011375090.1	gnl|META|EG10881-MONOMER	7.8e-30	58.1	117	125.9	77.8	98.3
WP_011375093.1	gnl|META|THRS-MONOMER	2.4e-120	38.1	616	429.1	57.8	93.3
WP_011375107.1	gnl|META|YADQ-MONOMER	2.0e-45	31.4	424	179.9	51.4	78.4
WP_011375122.1	gnl|META|EG11758-MONOMER	1.7e-22	35.8	254	102.8	50.0	89.9
WP_011375123.1	gnl|META|EG12044-MONOMER	6.2e-34	35.9	231	140.6	54.5	96.2
WP_011375127.1	gnl|META|PHEP-MONOMER	5.0e-85	39.1	442	311.2	61.5	98.0
WP_011375127.1	gnl|META|CYCA-MONOMER	7.2e-84	38.9	442	307.4	60.2	97.1
WP_011375127.1	gnl|META|AROP-MONOMER	3.0e-82	39.3	445	302.0	59.8	98.7
WP_011375128.1	gnl|META|LEUS-MONOMER	1.3e-192	41.5	862	669.5	57.9	99.5
WP_011375133.1	gnl|META|EG11665-MONOMER	9.6e-39	37.3	276	156.8	58.7	98.2
WP_011375135.1	gnl|META|MONOMER0-541	8.2e-19	33.3	213	90.5	50.2	78.0
WP_011375141.1	gnl|META|HS00415-MONOMER	8.5e-01	26.5	102	29.6	45.1	67.4
WP_011375145.1	gnl|META|ABC-MONOMER	1.6e-40	37.2	223	162.5	59.6	86.0
WP_011375146.1	gnl|META|CPXR-MONOMER	7.6e-26	29.3	229	113.6	55.5	99.6
WP_011375149.1	gnl|META|CELB-MONOMER	1.7e-53	32.8	460	206.5	50.9	98.8
WP_011375160.1	gnl|META|EG10529-MONOMER	4.7e-18	28.7	157	89.0	55.4	29.0
WP_011375162.1	gnl|META|G6859-MONOMER	6.0e-04	18.4	331	41.6	42.9	89.7
WP_011375184.1	gnl|META|MONOMER-20007	1.1e-40	32.7	297	163.3	51.5	99.3
WP_011375187.1	gnl|META|GLNQ-MONOMER	1.0e-68	54.2	238	256.1	73.5	97.5
WP_011375187.1	gnl|META|GLTL-MONOMER	1.3e-68	55.8	240	255.8	72.5	98.4
WP_011375187.1	gnl|META|EG12347-MONOMER	1.8e-65	53.2	248	245.4	69.8	99.2
WP_011375190.1	gnl|META|EG11440-MONOMER	1.0e-09	30.1	133	59.3	54.1	92.6
WP_011375222.1	gnl|META|MONOMER-546	6.6e-83	49.8	283	303.5	72.1	97.9
WP_011375241.1	gnl|META|MONOMER-13956	3.6e-174	62.2	476	607.4	78.4	100.0
WP_011375243.1	gnl|META|MONOMER-13957	3.9e-19	49.5	93	90.1	71.0	94.9
WP_011375264.1	gnl|META|MONOMER-17451	2.8e-01	35.7	56	33.1	58.9	10.5
WP_011375268.1	gnl|META|BSU35740-MONOMER	9.9e-55	74.6	126	208.8	88.9	98.4
WP_011375281.1	gnl|META|MONOMER-13103	4.4e-50	34.8	342	194.9	50.9	88.4
WP_011375288.1	gnl|META|EG11311-MONOMER	1.7e-50	35.7	319	196.1	55.8	97.0
WP_011375293.1	gnl|META|EG10743-MONOMER	8.8e-15	50.6	77	76.3	71.4	51.7
WP_011375297.1	gnl|META|EG11062-MONOMER	3.0e-12	22.1	307	70.9	43.6	24.2
WP_011375297.1	gnl|META|EG11062-MONOMER	1.3e-04	30.8	91	45.4	50.5	7.7
WP_011375298.1	gnl|META|EG10785-MONOMER	7.1e-30	37.7	191	126.7	57.1	100.0
WP_011375299.1	gnl|META|MONOMER-8681	2.9e-159	85.3	326	557.4	94.5	100.0
WP_011375305.1	gnl|META|HS06583-MONOMER	5.7e-01	35.1	37	29.6	54.1	42.0
WP_011375311.1	gnl|META|EG11291-MONOMER	6.0e-02	23.7	215	34.7	36.7	68.6
WP_011375321.1	gnl|META|BSU37150-MONOMER	9.6e-221	67.2	530	762.3	84.3	100.0
WP_011375327.1	gnl|META|EG11195-MONOMER	1.5e-71	48.5	272	265.8	68.8	99.6
WP_011375330.1	gnl|META|EG11180-MONOMER	1.8e-22	43.8	137	101.7	63.5	100.0
WP_011375332.1	gnl|META|MONOMER-13102	1.5e-130	74.7	304	461.8	84.5	99.7
WP_011375333.1	gnl|META|MONOMER-18988	1.1e-51	48.4	221	199.5	67.4	95.7
WP_011375334.1	gnl|META|YJCG-MONOMER	2.7e-07	20.5	453	53.1	41.1	87.4
WP_011375334.1	gnl|META|PUTP-MONOMER	6.0e-07	21.1	451	52.0	40.8	86.8
WP_011375335.1	gnl|META|MONOMER-6111	2.4e-16	24.7	300	82.4	45.3	94.5
WP_011375338.1	gnl|META|PRPPSYN-MONOMER	6.5e-87	52.1	315	317.0	73.3	96.6
WP_011375340.1	gnl|META|NAG1P-URIDYLTRANS-MONOMER	3.7e-59	33.6	455	225.3	49.0	98.1
WP_011375343.1	gnl|META|MONOMER-19925	4.0e-08	25.2	123	55.1	52.0	44.2
WP_011375353.1	gnl|META|HS02879-MONOMER	3.2e-05	37.3	75	44.7	53.3	45.7
WP_011375356.1	gnl|META|MONOMER-461	3.9e-09	26.2	164	57.8	48.2	90.5
WP_011375357.1	gnl|META|PHNXPSEUDO-MONOMER	8.7e-29	29.8	265	123.6	47.9	97.4
WP_011375358.1	gnl|META|EG10873-MONOMER	5.6e-23	51.6	122	103.2	69.7	100.0
WP_011375362.1	gnl|META|BSU14520-MONOMER	1.9e-113	38.8	596	406.0	57.7	99.7
WP_011375374.1	gnl|META|DUTP-PYROP-MONOMER	2.2e-12	30.8	185	68.6	43.2	100.0
WP_011375375.1	gnl|META|RIB5PISOMA-MONOMER	1.4e-35	38.9	226	146.0	59.7	98.7
WP_011375383.1	gnl|META|HS00528-MONOMER	4.1e-33	31.7	312	138.3	44.9	87.1
WP_011375383.1	gnl|META|EG12407-MONOMER	1.1e-30	34.3	289	130.2	50.5	85.8
WP_011375383.1	gnl|META|HS08648-MONOMER	1.9e-30	32.3	294	129.4	48.3	90.2
WP_011375386.1	gnl|META|PROV-MONOMER	2.3e-94	46.2	400	342.0	66.5	99.5
WP_011375387.1	gnl|META|XASA-MONOMER	7.5e-10	21.7	474	61.6	40.5	93.7
WP_011375393.1	gnl|META|KEFB-MONOMER	1.2e-18	23.8	370	90.5	48.4	95.9
WP_011375394.1	gnl|META|MONOMER-14600	2.1e-103	29.3	1004	373.2	49.7	96.6
WP_011375394.1	gnl|META|MONOMER-14610	6.3e-100	30.2	980	361.7	49.4	98.5
WP_011375394.1	gnl|META|MONOMER-14597	4.1e-99	28.9	1036	359.0	48.3	99.2
WP_011375394.1	gnl|META|MONOMER-14601	2.5e-96	28.6	1035	349.7	48.2	98.5
WP_011375412.1	gnl|META|EG10908-MONOMER	1.5e-29	50.8	130	125.2	65.4	100.0
WP_011375413.1	gnl|META|EG10874-MONOMER	2.0e-43	58.6	140	171.4	73.6	95.2
WP_011375426.1	gnl|META|G12WB-160-MONOMER	9.7e-57	43.0	263	216.5	67.3	100.0
WP_011375430.1	gnl|META|EG10893-MONOMER	5.9e-69	44.1	311	257.3	67.5	98.1
WP_011375431.1	gnl|META|EG10910-MONOMER	5.9e-39	61.2	121	156.4	78.5	93.1
WP_011375432.1	gnl|META|EG10912-MONOMER	1.0e-29	56.0	116	125.6	73.3	95.9
WP_011375433.1	gnl|META|EG11232-MONOMER	8.4e-10	63.2	38	57.8	81.6	100.0
WP_011375436.1	gnl|META|EG10876-MONOMER	7.8e-16	36.8	144	79.7	54.9	98.6
WP_011375438.1	gnl|META|EG10879-MONOMER	1.8e-10	39.0	118	61.6	51.7	95.8
WP_011375439.1	gnl|META|EG10869-MONOMER	7.8e-42	50.0	176	166.4	65.9	98.3
WP_011375440.1	gnl|META|EG10907-MONOMER	1.3e-28	46.6	131	122.1	70.2	99.2
WP_011375441.1	gnl|META|EG10884-MONOMER	2.7e-18	48.0	100	87.4	67.0	96.1
WP_011375442.1	gnl|META|EG10916-MONOMER	6.7e-18	53.2	79	85.9	72.2	88.8
WP_011375443.1	gnl|META|EG10877-MONOMER	2.0e-32	52.2	134	134.8	71.6	93.1
WP_011375444.1	gnl|META|EG10902-MONOMER	9.0e-64	54.2	212	239.6	73.6	96.3
WP_011375445.1	gnl|META|EG10882-MONOMER	7.5e-25	59.0	100	109.4	77.0	85.5
WP_011375446.1	gnl|META|EG10865-MONOMER	2.1e-78	55.5	254	288.5	72.0	91.7
WP_011375447.1	gnl|META|EG10883-MONOMER	3.1e-05	34.6	78	43.9	56.4	81.9
WP_011375448.1	gnl|META|EG10867-MONOMER	3.7e-35	44.7	179	144.4	65.4	86.5
WP_011375449.1	gnl|META|EG10866-MONOMER	1.5e-39	47.8	207	159.1	59.9	97.1
WP_011375450.1	gnl|META|EG10909-MONOMER	4.5e-34	64.7	102	139.8	84.3	100.0
WP_011375474.1	gnl|META|MONOMER-12607	2.6e-119	51.5	443	425.6	71.1	68.0
WP_011375484.1	gnl|META|BSU02750-MONOMER	1.2e-26	32.4	207	116.7	57.0	68.9
WP_011375499.1	gnl|META|LYSP-MONOMER	9.7e-156	60.4	457	546.2	79.0	95.2
WP_011375511.1	gnl|META|PYRUVOXID-MONOMER	2.1e-72	30.5	534	269.6	51.9	92.4
WP_011375512.1	gnl|META|G7266-MONOMER	2.6e-32	33.3	273	135.6	49.1	85.5
WP_011375525.1	gnl|META|AQPZ-MONOMER	3.3e-34	41.8	225	141.4	59.1	97.2
WP_011375547.1	gnl|META|MALTACETYLTRAN-MONOMER	2.0e-19	28.8	177	92.0	49.2	92.6
WP_011375547.1	gnl|META|GALACTOACETYLTRAN-MONOMER	3.2e-17	34.5	139	84.7	48.2	73.9
WP_011375555.1	gnl|META|MONOMER-18729	2.5e-19	29.4	313	92.4	45.0	85.9
WP_016264305.1	gnl|META|MONOMER-17076	5.5e-38	27.7	535	155.2	43.6	93.3
WP_016264316.1	gnl|META|EG10236-MONOMER	7.9e-102	44.7	459	367.1	64.3	97.2
WP_016264318.1	gnl|META|MONOMER-20115	7.3e-09	23.9	255	57.4	43.5	94.1
WP_016264318.1	gnl|META|MONOMER-19495	2.1e-08	24.8	254	55.8	44.5	94.1
WP_016264329.1	gnl|META|G1I0R-1336-MONOMER	1.3e-25	30.7	280	113.2	51.1	97.2
WP_016264356.1	gnl|META|EG11724-MONOMER	4.4e-86	40.4	426	314.7	66.0	97.5
WP_016264356.1	gnl|META|EG11691-MONOMER	3.7e-85	40.2	435	311.6	65.5	98.9
WP_016264381.1	gnl|META|MONOMER-15488	3.9e-65	48.7	236	244.2	70.8	100.0
WP_016264412.1	gnl|META|PANTOTHENATE-KIN-MONOMER	8.5e-68	44.0	307	253.4	62.9	97.7
WP_016264413.1	gnl|META|GMP-SYN-MONOMER	5.4e-160	52.5	518	560.5	70.7	98.1
WP_016264413.1	gnl|META|YMR217W-MONOMER	8.1e-156	54.4	517	546.6	70.2	98.5
WP_016264453.1	gnl|META|CELB-MONOMER	1.5e-49	33.0	433	193.4	50.3	96.6
WP_016264457.1	gnl|META|MONOMER-19994	5.6e-41	36.2	290	164.5	55.2	84.0
WP_016264457.1	gnl|META|BSU35650-MONOMER	2.1e-40	35.3	266	162.5	57.5	78.9
WP_016264457.1	gnl|META|MONOMER-19997	8.1e-40	34.7	262	160.6	56.5	77.7
WP_016264457.1	gnl|META|MONOMER-20031	5.8e-38	34.9	321	154.5	54.5	90.5
WP_016264472.1	gnl|META|RIBOKIN-MONOMER	1.2e-53	42.4	297	206.5	61.3	98.3
WP_016264477.1	gnl|META|GPMA-MONOMER	2.9e-73	55.1	225	271.2	73.8	98.3
WP_016264477.1	gnl|META|YKL152C-MONOMER	6.3e-68	52.3	220	253.4	73.6	96.1
WP_016264534.1	gnl|META|MONOMER-18442	4.0e-02	36.2	69	34.7	49.3	33.7
WP_016264554.1	gnl|META|EG12099-MONOMER	1.0e-28	39.1	179	122.9	53.6	95.7
WP_016264597.1	gnl|META|MONOMER-18049	2.1e-72	37.2	430	269.2	56.3	96.6
WP_016264623.1	gnl|META|MONOMER-13531	6.2e-13	25.6	238	70.9	45.0	89.1
WP_016264658.1	gnl|META|ALAS-MONOMER	1.6e-191	42.5	891	666.0	60.2	99.5
WP_016264693.1	gnl|META|MONOMER-19375	1.7e-225	69.7	535	778.1	85.2	98.5
WP_016264719.1	gnl|META|EG12207-MONOMER	6.1e-33	34.2	257	137.5	50.2	88.8
WP_016264731.1	gnl|META|PSTA-MONOMER	1.6e-28	35.7	252	122.9	54.0	85.0
WP_016264815.1	gnl|META|MONOMER-15456	1.5e-59	29.3	591	227.3	48.7	81.1
WP_016264836.1	gnl|META|PURE-MONOMER	7.1e-42	58.1	155	166.4	73.5	96.3
WP_016264889.1	gnl|META|HS10144-MONOMER	8.1e-01	44.7	38	31.6	63.2	7.3
WP_016264907.1	gnl|META|EG11085-MONOMER	3.0e-60	42.5	320	228.4	61.2	98.4
WP_016264958.1	gnl|META|PD00219	8.6e-18	27.3	355	87.4	45.9	99.4
WP_016264983.1	gnl|META|NUPC-MONOMER	8.1e-50	33.4	404	194.1	53.0	97.8
WP_016265006.1	gnl|META|ENOYL-ACP-REDUCT-NADH-MONOMER	3.5e-64	47.8	247	241.1	74.5	98.0
WP_016265014.1	gnl|META|G6932-MONOMER	3.5e-12	28.1	221	68.2	47.1	96.3
WP_016265014.1	gnl|META|G7408-MONOMER	7.8e-12	22.2	185	67.0	48.1	84.7
WP_016265022.1	gnl|META|BSU29580-MONOMER	1.6e-114	52.1	397	409.1	69.0	97.0
WP_016265026.1	gnl|META|G6932-MONOMER	4.4e-15	27.1	192	77.8	49.5	86.1
WP_016265026.1	gnl|META|AT4G21470-MONOMER	2.2e-14	29.2	185	75.5	45.4	85.2
WP_016265029.1	gnl|META|MONOMER-19725	1.4e-02	22.6	208	36.6	44.2	73.5
WP_016265029.1	gnl|META|MONOMER-13268	2.4e-02	22.1	222	35.8	42.8	79.2
WP_016265030.1	gnl|META|EG12347-MONOMER	9.7e-47	43.8	210	183.0	69.5	93.9
WP_016265030.1	gnl|META|GLNQ-MONOMER	4.8e-46	45.1	206	180.6	69.4	95.3
WP_016265030.1	gnl|META|GLTL-MONOMER	8.2e-46	45.7	208	179.9	67.8	95.3
WP_016265030.1	gnl|META|ARTP-MONOMER	7.2e-42	42.5	212	166.8	63.2	96.2
WP_016265033.1	gnl|META|NACMURLALAAMI2-MONOMER	3.1e-15	26.3	262	79.3	45.8	46.8
WP_016265033.1	gnl|META|G7458-MONOMER	5.0e-13	27.9	219	72.0	44.7	39.1
WP_016265116.1	gnl|META|G1I0R-1336-MONOMER	1.7e-33	31.7	290	139.4	55.5	97.9
WP_016265128.1	gnl|META|PYRUVFORMLY-MONOMER	2.2e-263	58.9	754	904.4	74.5	98.9
WP_016265128.1	gnl|META|KETOBUTFORMLY-INACT-MONOMER	2.9e-247	56.1	749	850.9	72.6	98.3
WP_016265130.1	gnl|META|EG10424-MONOMER	4.5e-143	40.3	799	504.6	52.6	94.6
WP_016265142.1	gnl|META|EG11013-MONOMER	3.0e-137	39.3	749	485.3	55.3	98.4
WP_016265194.1	gnl|META|SYNPCC7942_0260-MONOMER	2.5e-186	45.6	781	648.7	65.0	88.7
WP_016265199.1	gnl|META|FRUA-MONOMER	1.1e-69	37.6	455	260.8	55.4	69.9
WP_016265199.1	gnl|META|HRSA-MONOMER	1.1e-66	30.1	658	250.8	47.4	99.1
WP_016265259.1	gnl|META|EG10241-MONOMER	1.4e-04	22.1	389	43.5	39.1	96.7
WP_016265259.1	gnl|META|G3O-32438-MONOMER	2.4e-04	26.1	249	42.7	41.8	56.8
WP_016265259.1	gnl|META|EG12130-MONOMER	9.2e-04	27.7	101	40.8	47.5	29.2
WP_016265266.1	gnl|META|G1I0R-1995-MONOMER	4.0e-58	35.6	374	221.9	53.5	82.9
WP_016265321.1	gnl|META|CPXR-MONOMER	1.7e-31	36.3	237	132.5	57.8	95.5
WP_016265324.1	gnl|META|EG10240-MONOMER	1.1e-64	43.7	389	243.4	57.8	97.4
WP_016265325.1	gnl|META|EG10241-MONOMER	2.4e-170	54.2	596	595.1	71.8	92.5
WP_016265326.1	gnl|META|EG10416-MONOMER	1.5e-14	30.0	190	75.9	51.6	90.9
WP_016265354.1	gnl|META|EG10613-MONOMER	1.7e-64	30.4	582	243.4	52.9	96.5
WP_016265390.1	gnl|META|MONOMER-502	1.0e-135	51.7	441	479.6	71.4	98.7
WP_016265395.1	gnl|META|MONOMER-6081	8.4e-119	63.5	318	422.9	80.5	98.1
WP_016265406.1	gnl|META|EG11058-MONOMER	2.2e-60	52.8	214	228.4	67.3	92.1
WP_016265419.1	gnl|META|PHOSGLUCOSAMINEMUT-MONOMER	2.9e-93	43.2	449	338.6	61.7	98.7
WP_016265423.1	gnl|META|POTB-MONOMER	1.8e-37	34.6	269	152.5	58.0	94.8
WP_016265498.1	gnl|META|RNTRACTIV-MONOMER	1.4e-31	45.9	148	132.5	64.9	74.1
WP_016265499.1	gnl|META|RIBONUCLEOSIDE-TRIP-REDUCT-MONOMER	7.1e-214	51.8	710	740.0	70.0	95.8
WP_016265502.1	gnl|META|PTSI-MONOMER	4.5e-147	48.3	573	517.7	67.9	99.5
WP_016265511.1	gnl|META|EG11247-MONOMER	1.7e-40	27.3	461	163.3	46.6	97.6
WP_016265512.1	gnl|META|YTFT-MONOMER	6.3e-01	41.0	39	30.4	71.8	22.6
WP_016265524.1	gnl|META|BSU35670-MONOMER	4.0e-91	57.2	283	330.9	78.1	94.3
WP_016265524.1	gnl|META|MONOMER-20001	1.7e-89	56.1	287	325.5	75.3	95.7
WP_016265548.1	gnl|META|MONOMER-20009	1.6e-66	41.8	304	249.2	66.1	98.1
WP_016265548.1	gnl|META|G7220-MONOMER	6.7e-65	43.0	309	243.8	65.0	98.7
WP_016265552.1	gnl|META|SUGE-MONOMER	9.5e-19	44.2	104	89.0	67.3	98.1
WP_016265558.1	gnl|META|CELC-MONOMER	1.2e-16	43.0	100	82.0	68.0	90.1
WP_016265578.1	gnl|META|MONOMER-18798	1.4e-81	37.0	435	299.7	60.5	99.3
WP_016265584.1	gnl|META|G18NG-12357-MONOMER	1.3e-05	33.0	91	45.8	51.6	59.5
WP_016265611.1	gnl|META|AT1G71750-MONOMER	5.0e-44	47.0	185	173.7	68.1	97.8
WP_016265611.1	gnl|META|HYPOXANPRIBOSYLTRAN-MONOMER	1.0e-41	46.1	165	166.0	72.7	90.1
WP_016265618.1	gnl|META|EG11249-MONOMER	4.4e-04	25.9	108	40.4	49.1	88.4
WP_016265643.1	gnl|META|EG11294-MONOMER	1.4e-29	31.7	290	126.3	48.3	97.9
WP_016265721.1	gnl|META|EG10529-MONOMER	6.6e-20	38.5	148	95.5	57.4	20.6
WP_016265721.1	gnl|META|EG10529-MONOMER	9.6e-03	25.0	80	38.5	50.0	11.4
WP_025015758.1	gnl|META|EG10900-MONOMER	1.4e-59	35.7	345	226.5	61.2	84.9
WP_025015768.1	gnl|META|G1I0R-1336-MONOMER	1.1e-42	34.7	271	169.9	58.7	96.4
WP_025015778.1	gnl|META|MONOMER-16632	2.4e-58	30.5	587	223.0	51.3	93.3
WP_025015778.1	gnl|META|MONOMER-14495	6.9e-58	32.2	552	221.5	52.5	83.2
WP_025015778.1	gnl|META|G1G01-5484-MONOMER	2.2e-56	28.8	618	216.5	48.4	98.8
WP_025015778.1	gnl|META|MONOMER-14493	1.9e-52	29.8	574	203.4	50.7	83.2
WP_025015814.1	gnl|META|HISS-MONOMER	2.5e-94	46.0	411	342.0	64.7	94.0
WP_025015815.1	gnl|META|CARDIOLIPSYN-MONOMER	8.6e-27	24.1	493	117.9	44.6	100.0
WP_025015827.1	gnl|META|MONOMER-18049	4.1e-47	32.0	406	185.3	48.0	90.5
WP_025015902.1	gnl|META|YEHY-MONOMER	2.2e-17	29.0	200	85.5	53.0	83.1
WP_025015902.1	gnl|META|YEHW-MONOMER	2.2e-17	35.8	193	85.5	55.4	87.2
WP_025015902.1	gnl|META|PROW-MONOMER	1.8e-16	29.9	167	82.4	56.9	76.3
WP_025015973.1	gnl|META|CELB-MONOMER	5.7e-41	28.8	458	164.9	46.1	95.8
WP_025015975.1	gnl|META|MONOMER-16921	7.9e-02	29.4	68	34.3	52.9	21.9
WP_025015976.1	gnl|META|PROW-MONOMER	5.9e-52	50.0	238	200.7	65.1	85.0
WP_025015993.1	gnl|META|ADENYL-KIN-MONOMER	1.9e-42	42.2	218	168.7	61.9	97.7
WP_025015993.1	gnl|META|YDR226W-MONOMER	2.9e-38	38.1	210	154.8	58.6	95.9
WP_025016019.1	gnl|META|UDK-MONOMER	1.2e-52	51.0	208	202.6	67.8	96.2
WP_025016055.1	gnl|META|EG12098-MONOMER	5.9e-29	33.3	240	124.4	48.8	73.9
WP_025016148.1	gnl|META|MACB	2.4e-44	39.5	220	175.3	65.9	87.3
WP_025016181.1	gnl|META|BSU00140-MONOMER	1.3e-25	33.2	205	112.8	56.6	93.1
WP_025016194.1	gnl|META|XYLULOKIN-MONOMER	8.6e-49	27.4	496	191.0	46.6	95.2
WP_025016208.1	gnl|META|EG10913-MONOMER	1.8e-15	50.5	101	77.8	60.4	100.0
WP_025016251.1	gnl|META|G18NG-12646-MONOMER	3.5e-34	32.0	391	142.1	49.1	92.0
WP_025016333.1	gnl|META|MONOMER-17900	2.5e-01	24.4	119	33.1	42.0	27.2
WP_025016337.1	gnl|META|G6859-MONOMER	3.6e-04	22.4	344	42.4	46.8	89.7
WP_025016354.1	gnl|META|G6442-MONOMER	1.6e-08	21.2	255	56.2	42.0	94.9
WP_025016360.1	gnl|META|NAGE-MONOMER	1.3e-22	41.9	124	102.4	63.7	76.5
WP_025016360.1	gnl|META|CRR-MONOMER	4.1e-21	43.5	124	97.4	58.9	76.5
WP_025016438.1	gnl|META|DTMPKI-MONOMER	5.0e-35	44.0	200	144.1	61.0	92.1
WP_025016439.1	gnl|META|EG11500-MONOMER	3.0e-10	29.3	167	62.4	49.1	49.1
WP_025016444.1	gnl|META|CELA-MONOMER	5.0e-12	47.1	104	66.6	58.7	99.0
WP_025016454.1	gnl|META|AT2G35370-MONOMER	5.4e-11	29.9	97	63.2	57.7	95.1
WP_035144481.1	gnl|META|SDAC-MONOMER	2.7e-24	27.4	412	109.4	46.4	95.7
WP_035144552.1	gnl|META|BETT-MONOMER	2.3e-46	27.0	481	183.0	47.0	93.3
WP_035144879.1	gnl|META|G7319-MONOMER	2.7e-04	39.6	53	42.4	66.0	17.7
WP_035144879.1	gnl|META|EG10270-MONOMER	1.3e-03	24.1	137	40.0	43.8	44.0
WP_035145187.1	gnl|META|EG11724-MONOMER	1.1e-76	39.0	420	283.5	61.0	97.4
WP_035145187.1	gnl|META|EG11691-MONOMER	4.0e-76	39.5	418	281.6	61.5	97.0
WP_035145608.1	gnl|META|MELB-MONOMER	4.3e-31	26.2	450	132.1	46.9	94.1
WP_035145674.1	gnl|META|EG10523-MONOMER	1.4e-35	35.8	271	146.4	51.3	90.9
WP_035145691.1	gnl|META|EG10900-MONOMER	8.2e-13	50.0	76	72.0	71.1	10.5
WP_035145715.1	gnl|META|MONOMER-16620	3.0e-10	24.3	259	62.4	42.9	76.8
WP_035145715.1	gnl|META|MONOMER-16093	3.3e-09	27.8	241	58.9	43.2	69.6
WP_035145739.1	gnl|META|MONOMER-19276	2.0e-03	37.5	56	39.3	55.4	20.7
WP_035146059.1	gnl|META|EG12209-MONOMER	4.7e-07	29.2	106	50.4	50.9	77.8
WP_035146245.1	gnl|META|EG10599-MONOMER	5.1e-169	60.2	528	590.5	76.5	97.2
WP_035146272.1	gnl|META|NACGLCTRANS-MONOMER	2.3e-40	31.5	365	162.5	52.3	99.5
WP_035146274.1	gnl|META|MONOMER-12257	1.9e-75	50.2	309	278.9	68.0	95.3
WP_035146286.1	gnl|META|MONOMER-15574	1.3e-03	30.6	62	39.7	54.8	29.8
WP_035146288.1	gnl|META|EG11852-MONOMER	8.8e-31	45.7	140	129.4	66.4	94.6
WP_035146353.1	gnl|META|EG10627-MONOMER	7.2e-50	37.6	303	194.1	55.8	81.7
WP_035146394.1	gnl|META|MONOMER-5946	2.6e-152	47.0	553	535.0	64.0	98.4
WP_035146408.1	gnl|META|SERS-MONOMER	2.2e-106	51.0	431	382.1	62.6	100.0
WP_035146420.1	gnl|META|MONOMER-15494	1.1e-18	31.2	189	90.9	54.5	38.7
WP_035146430.1	gnl|META|MONOMER-14558	9.3e-152	67.6	392	532.7	81.1	97.7
WP_035146559.1	gnl|META|GLYCEROL-KIN-MONOMER	4.8e-177	59.8	492	617.1	76.4	97.2
WP_035146643.1	gnl|META|EG11261-MONOMER	2.9e-39	39.7	242	158.3	57.4	98.8
WP_035146643.1	gnl|META|MONOMER-16933	9.4e-38	37.8	241	153.3	56.0	98.4
WP_035146924.1	gnl|META|EG10662-MONOMER	3.3e-42	45.6	204	167.9	60.8	94.4
WP_035146949.1	gnl|META|EG10651-MONOMER	8.0e-31	32.5	265	130.6	50.9	85.7
WP_035147636.1	gnl|META|MONOMER-13259	1.9e-02	34.6	52	36.2	59.6	18.6
WP_035147652.1	gnl|META|HS09255-MONOMER	2.8e-08	29.7	128	55.1	48.4	66.0
WP_035147764.1	gnl|META|MONOMER-20392	7.6e-12	20.4	373	67.8	41.6	95.2
WP_035147768.1	gnl|META|ZNUC-MONOMER	9.3e-19	30.2	212	90.1	53.3	88.7
WP_035147768.1	gnl|META|YDEX-MONOMER	1.7e-17	27.4	208	85.9	50.5	84.4
WP_035147768.1	gnl|META|YBHF-MONOMER	6.6e-17	27.6	228	84.0	47.8	92.2
WP_035147768.1	gnl|META|GLNQ-MONOMER	8.7e-17	27.6	217	83.6	51.2	85.7
WP_035147768.1	gnl|META|CYSA-MONOMER	8.7e-17	29.6	213	83.6	50.7	84.0
WP_035147768.1	gnl|META|YCBE-MONOMER	8.7e-17	27.9	208	83.6	52.4	86.6
WP_035147768.1	gnl|META|ABC-MONOMER	3.3e-16	25.3	233	81.6	51.1	90.5
WP_035148604.1	gnl|META|EG11353-MONOMER	1.3e-18	26.3	213	90.9	48.8	37.1
WP_039099510.1	gnl|META|G6131-MONOMER	1.2e-30	30.2	328	130.2	47.0	93.6
WP_041820810.1	gnl|META|MONOMER-19312	3.2e-131	57.9	411	464.5	72.0	100.0
WP_041820867.1	gnl|META|MONOMER-16999	6.7e-83	55.5	281	303.5	77.6	95.9
WP_041820867.1	gnl|META|CITRYLY-MONOMER	2.4e-80	53.5	288	295.0	74.3	98.3
WP_041820969.1	gnl|META|EG11724-MONOMER	6.4e-85	40.6	441	310.8	63.5	99.1
WP_041820969.1	gnl|META|EG11691-MONOMER	1.6e-83	40.5	440	306.2	63.4	98.9
WP_041820998.1	gnl|META|MONOMER-15646	3.1e-33	39.3	178	137.9	57.3	95.7
WP_041821006.1	gnl|META|MONOMER-20020	2.7e-132	46.7	507	468.4	66.1	98.6
WP_041821086.1	gnl|META|ARTJ-MONOMER	1.1e-23	28.0	232	106.7	50.0	86.1
WP_049762106.1	gnl|META|GUTB-MONOMER	3.0e-03	33.7	98	37.7	46.9	74.4
WP_049762132.1	gnl|META|MONOMER-16600	4.4e-17	28.5	249	84.7	47.4	83.8
WP_052039295.1	gnl|META|EG10850-MONOMER	1.0e-13	31.7	142	72.8	47.9	90.3
WP_056936390.1	gnl|META|HS03841-MONOMER	4.2e-63	30.0	610	238.8	47.5	96.2
WP_056936432.1	gnl|META|MONOMER-18245	4.3e-109	53.2	370	391.0	71.6	95.3
WP_056946643.1	gnl|META|BSU35570-MONOMER	1.5e-01	36.1	61	32.7	49.2	31.9
WP_056946668.1	gnl|META|AT1G15950-MONOMER	5.0e-37	40.0	280	151.4	51.8	80.1
WP_056946671.1	gnl|META|EG12347-MONOMER	2.4e-65	52.6	247	245.0	70.9	99.6
WP_056946671.1	gnl|META|GLNQ-MONOMER	3.2e-62	49.6	242	234.6	72.7	98.8
WP_056946671.1	gnl|META|GLTL-MONOMER	1.3e-58	50.2	241	222.6	70.5	99.2
WP_056946690.1	gnl|META|MONOMER-586	8.0e-57	36.7	305	217.2	58.7	82.7
WP_056946690.1	gnl|META|MONOMER-11683	3.0e-51	34.5	307	198.7	58.6	80.2
WP_056946696.1	gnl|META|EG10613-MONOMER	4.8e-56	27.4	500	215.3	50.4	86.2
WP_056946778.1	gnl|META|EG11404-MONOMER	9.0e-109	53.3	366	389.8	72.1	100.0
WP_056946786.1	gnl|META|EG10423-MONOMER	5.0e-211	45.8	884	730.7	63.0	98.8
WP_056946793.1	gnl|META|EG10997-MONOMER	1.0e-64	32.7	468	243.8	55.3	99.1
WP_056946828.1	gnl|META|DALADALALIGB-MONOMER	2.5e-39	31.9	348	159.1	46.8	96.9
WP_056946828.1	gnl|META|MONOMER-15463	5.5e-39	28.5	354	157.9	50.6	96.6
WP_056946828.1	gnl|META|DALADALALIGA-MONOMER	1.0e-37	29.6	351	153.7	48.4	97.1
WP_056946828.1	gnl|META|G185E-7236-MONOMER	3.9e-37	29.8	366	151.8	48.1	98.6
WP_056946874.1	gnl|META|EG10737-MONOMER	1.5e-24	37.8	180	109.0	53.9	97.8
WP_056946877.1	gnl|META|PHOR-MONOMER	8.7e-35	28.5	390	144.8	47.2	61.6
WP_056946885.1	gnl|META|EG10463-MONOMER	4.0e-36	33.3	414	148.7	48.1	96.0
WP_056946885.1	gnl|META|G7682-MONOMER	4.1e-33	33.6	295	138.7	52.2	69.9
WP_056946916.1	gnl|META|MONOMER-12602	9.0e-88	36.2	473	320.5	57.3	94.7
WP_056946924.1	gnl|META|MONOMER-13489	3.7e-34	34.7	239	141.4	52.7	96.7
WP_056947023.1	gnl|META|G6425-MONOMER	8.0e-33	32.4	275	137.1	52.0	97.9
WP_056947023.1	gnl|META|G6442-MONOMER	4.9e-30	30.2	278	127.9	48.2	98.2
WP_056947036.1	gnl|META|MONOMER-14600	8.1e-106	29.5	1022	381.3	48.1	97.3
WP_056947036.1	gnl|META|MONOMER-14601	2.6e-104	31.7	932	376.3	50.0	92.2
WP_056947036.1	gnl|META|MONOMER-14597	1.8e-100	29.0	1045	363.6	47.8	98.0
WP_056947036.1	gnl|META|MONOMER-14610	2.5e-99	29.3	984	359.8	47.6	98.6
WP_056947065.1	gnl|META|EG10243-MONOMER	7.8e-07	28.4	162	53.1	51.2	10.4
WP_056947067.1	gnl|META|PROS-MONOMER	8.1e-141	44.7	568	496.9	65.7	98.6
WP_056947082.1	gnl|META|G7649-MONOMER	2.6e-09	38.8	80	57.4	61.2	87.9
WP_056947085.1	gnl|META|MONOMER-19686	8.4e-02	39.0	41	33.9	58.5	16.6
WP_056947092.1	gnl|META|EG10613-MONOMER	3.8e-69	32.5	526	258.8	54.9	89.5
WP_056947145.1	gnl|META|PD00232	9.1e-05	21.7	240	43.9	39.2	81.1
WP_056947151.1	gnl|META|EG12098-MONOMER	1.0e-30	34.4	259	130.2	52.5	80.3
WP_056947193.1	gnl|META|MONOMER-13062	8.6e-119	66.9	326	422.9	77.6	99.4
WP_056947212.1	gnl|META|MONOMER-6727	8.8e-24	26.2	386	107.8	49.0	77.5
WP_056947215.1	gnl|META|MONOMER-18910	8.6e-37	32.7	254	150.2	58.3	96.2
WP_056947215.1	gnl|META|BSU11710-MONOMER	3.3e-36	33.2	250	148.3	57.6	94.7
WP_056947261.1	gnl|META|MONOMER-20445	1.0e-112	52.1	365	402.9	73.2	98.6
WP_056947267.1	gnl|META|EG10329-MONOMER	2.1e-49	40.8	272	192.2	55.9	97.8
WP_056947319.1	gnl|META|BAES-MONOMER	6.3e-23	27.4	277	104.8	48.7	69.2
WP_056947319.1	gnl|META|PHOR-MONOMER	9.1e-22	29.0	259	100.9	50.2	64.2
WP_056947319.1	gnl|META|CPXA-MONOMER	7.7e-21	26.4	269	97.8	48.7	66.9
WP_056947319.1	gnl|META|G6318-MONOMER	1.0e-20	28.6	259	97.4	49.0	64.2
WP_056947319.1	gnl|META|BARA-MONOMER	2.9e-20	26.3	304	95.9	47.4	70.2
WP_056947322.1	gnl|META|EG10203-MONOMER	3.7e-29	31.0	387	125.6	48.3	89.7
WP_056947322.1	gnl|META|EG10201-MONOMER	5.9e-27	28.8	371	118.2	48.8	84.1
WP_056947322.1	gnl|META|MONOMER-15473	8.5e-26	31.8	321	114.4	52.0	72.4
WP_056947324.1	gnl|META|MONOMER-16146	5.6e-40	29.1	468	161.8	47.4	90.1
WP_056947332.1	gnl|META|ZNUC-MONOMER	1.6e-28	36.7	207	122.5	57.5	91.2
WP_056947341.1	gnl|META|NUPC-MONOMER	3.3e-51	34.6	407	198.7	53.1	97.8
WP_056947347.1	gnl|META|MONOMER-13056	2.4e-292	60.6	817	1000.7	74.3	100.0
WP_056947356.1	gnl|META|GNTT-MONOMER	6.3e-104	50.0	412	374.0	70.1	90.9
WP_056947356.1	gnl|META|YJGT-MONOMER	8.4e-101	50.7	402	363.6	70.6	89.3
WP_056947426.1	gnl|META|ADENPRIBOSYLTRAN-MONOMER	7.6e-06	25.5	145	47.0	44.1	74.4
WP_056947449.1	gnl|META|EMRB-MONOMER	1.0e-38	28.8	416	157.5	49.3	83.1
WP_056947449.1	gnl|META|EMRY-MONOMER	3.2e-37	26.6	410	152.5	50.7	82.5
WP_056947506.1	gnl|META|CYSS-MONOMER	7.7e-97	41.2	480	350.5	55.2	99.8
WP_056947516.1	gnl|META|MONOMER-13473	5.0e-89	45.6	395	324.3	62.0	99.2
WP_056947516.1	gnl|META|ACKCLOS-MONOMER	1.2e-87	43.8	395	319.7	63.0	99.0
WP_056947516.1	gnl|META|MONOMER-428	4.5e-82	41.8	397	301.2	62.0	99.2
WP_056947516.1	gnl|META|STM2057-MONOMER	5.9e-82	42.8	388	300.8	62.4	98.2
WP_056947516.1	gnl|META|MONOMER-20612	5.9e-82	42.0	398	300.8	60.8	99.5
WP_056947532.1	gnl|META|EG11481-MONOMER	3.1e-31	31.5	257	131.7	51.4	97.3
WP_056947540.1	gnl|META|G185E-4233-MONOMER	1.6e-06	28.5	130	49.3	40.8	57.8
WP_056947545.1	gnl|META|MONOMER-20591	7.9e-09	27.7	159	57.4	53.5	56.2
WP_056947545.1	gnl|META|MONOMER-19906	5.1e-08	32.2	121	54.7	46.3	43.8
WP_056947549.1	gnl|META|MONOMER-6081	1.1e-14	22.9	327	77.0	42.8	94.2
WP_056947549.1	gnl|META|MONOMER-5981	1.4e-14	23.9	318	76.6	42.1	93.2
WP_056947558.1	gnl|META|MONOMER-12255	1.0e-77	38.1	443	287.0	58.0	95.0
WP_056947562.1	gnl|META|HOLO-ACP-SYNTH-MONOMER	2.3e-10	36.0	125	61.2	50.4	97.4
WP_056947578.1	gnl|META|EG11506-MONOMER	1.4e-147	48.9	618	519.6	65.9	88.0
WP_056947593.1	gnl|META|MONOMER-18446	5.8e-01	41.4	29	30.4	62.1	19.0
WP_056947594.1	gnl|META|MONOMER-17076	3.5e-52	29.6	540	202.6	47.8	80.4
WP_056947596.1	gnl|META|G185E-7013-MONOMER	3.7e-87	53.4	311	317.8	63.0	98.4
WP_056947596.1	gnl|META|THYMIDYLATESYN-MONOMER	1.0e-84	49.8	311	309.7	61.7	98.4
WP_056947598.1	gnl|META|MONOMER-9367	1.3e-22	35.1	168	102.4	55.4	91.0
WP_056947598.1	gnl|META|MONOMER-9361	2.4e-21	33.1	175	98.2	54.3	95.2
WP_056947598.1	gnl|META|DIHYDROFOLATEREDUCT-MONOMER	7.1e-21	32.3	167	96.7	55.1	98.2
WP_056947598.1	gnl|META|MONOMER-579	1.0e-19	33.3	147	92.8	54.4	86.1
WP_056947637.1	gnl|META|BSU15550-MONOMER	1.5e-56	49.8	237	215.7	65.4	99.2
WP_056947642.1	gnl|META|MONOMER-14472	2.5e-60	43.4	267	228.4	63.7	100.0
WP_056947642.1	gnl|META|BSU15530-MONOMER	1.6e-59	44.2	258	225.7	65.1	97.3
WP_056947644.1	gnl|META|BSU15520-MONOMER	0.0e+00	67.0	1054	1409.4	82.1	99.4
WP_056947656.1	gnl|META|YBHF-MONOMER	8.6e-44	43.2	222	173.7	60.4	70.9
WP_056947695.1	gnl|META|MONOMER-15636	2.5e-53	32.1	364	205.7	54.7	94.8
WP_056947695.1	gnl|META|MONOMER-16805	1.3e-49	32.1	349	193.4	54.7	91.1
WP_056947695.1	gnl|META|EG12293-MONOMER	2.1e-47	31.0	368	186.0	50.3	96.1
WP_056947703.1	gnl|META|YFEP-MONOMER	3.5e-50	33.3	448	195.7	53.8	84.5
WP_056947736.1	gnl|META|BCR-MONOMER	2.8e-31	25.7	385	132.5	49.1	96.2
WP_056947797.1	gnl|META|MONOMER-507	7.3e-43	29.8	416	171.0	50.2	98.5
WP_056947839.1	gnl|META|METI-MONOMER	6.6e-25	45.0	149	110.5	65.1	63.8
WP_056947845.1	gnl|META|EG10344-MONOMER	4.1e-22	25.2	381	102.1	47.5	93.7
WP_056947895.1	gnl|META|G7647-MONOMER	1.8e-40	49.4	170	161.8	67.1	100.0
WP_056947899.1	gnl|META|MONOMER-19906	2.9e-35	38.6	197	144.8	59.9	94.2
WP_056947923.1	gnl|META|FECE-MONOMER	4.2e-55	44.2	240	211.1	67.9	89.9
WP_056947923.1	gnl|META|FEPC-MONOMER	1.7e-53	41.2	245	205.7	66.5	91.8
WP_056947946.1	gnl|META|BAES-MONOMER	5.4e-29	27.4	307	125.2	51.8	64.0
WP_056947952.1	gnl|META|ENSG00000103257-MONOMER	1.2e-20	26.0	443	97.4	45.6	89.0
WP_056947971.1	gnl|META|MONOMER-16088	1.3e-09	39.1	87	58.9	57.5	67.4
WP_056947971.1	gnl|META|ENSG00000175198-MONOMER	2.8e-09	37.1	70	57.8	60.0	54.3
WP_056947971.1	gnl|META|MONOMER-8606	1.8e-08	35.7	70	55.1	60.0	54.3
WP_056947984.1	gnl|META|MONOMER-14605	5.8e-64	39.6	316	240.7	59.5	98.7
WP_056947986.1	gnl|META|EG11177-MONOMER	3.7e-39	40.9	230	158.3	55.7	75.4
WP_056948070.1	gnl|META|GLNH-MONOMER	6.1e-33	36.4	250	138.3	54.8	51.7
WP_056948107.1	gnl|META|CREC-MONOMER	2.8e-14	25.3	225	75.9	48.0	61.1
WP_056948107.1	gnl|META|HYDH-MONOMER	3.4e-12	26.1	222	68.9	45.9	61.4
WP_056948136.1	gnl|META|SYNPCC7942_0260-MONOMER	1.3e-235	51.8	822	812.4	71.9	99.0
WP_056948142.1	gnl|META|RPOB-MONOMER	7.5e-306	44.3	1367	1046.2	59.3	94.7
WP_056948146.1	gnl|META|VC0771-MONOMER	2.2e-10	27.2	180	62.0	45.6	94.7
WP_056948152.1	gnl|META|EG10904-MONOMER	8.9e-40	50.6	164	159.5	69.5	98.8
WP_056948277.1	gnl|META|EG12098-MONOMER	4.1e-27	29.0	272	118.2	48.2	84.8
WP_056948277.1	gnl|META|EG12609-MONOMER	5.0e-25	32.9	219	111.3	51.1	72.6
WP_056948319.1	gnl|META|MONOMER-20445	3.9e-88	45.6	351	321.2	63.0	97.0
WP_056948321.1	gnl|META|MONOMER-20274	2.3e-72	52.7	277	268.5	67.9	97.9
WP_056948321.1	gnl|META|CYCLODEHYCLTH-MONOMER	2.6e-71	50.4	276	265.0	68.1	97.5
WP_056948323.1	gnl|META|EG11072-MONOMER	6.7e-66	44.2	301	247.7	64.5	66.8
WP_056948325.1	gnl|META|MONOMER-11666	2.0e-55	49.2	250	212.2	66.0	84.8
WP_056948325.1	gnl|META|MONOMER-12171	1.7e-54	45.8	271	209.1	62.4	92.1
WP_056948325.1	gnl|META|AT3G14550-MONOMER	1.5e-53	44.5	274	206.1	60.9	92.4
WP_056948325.1	gnl|META|MONOMER-16157	5.5e-53	44.5	272	204.1	62.1	92.8
WP_056948325.1	gnl|META|MONOMER-11994	3.6e-52	42.8	271	201.4	61.3	92.4
WP_056948325.1	gnl|META|AT4G36810-MONOMER	1.4e-51	46.2	253	199.5	62.8	84.5
WP_056948325.1	gnl|META|AT2G18640-MONOMER	1.4e-51	41.7	271	199.5	61.3	92.4
WP_056948325.1	gnl|META|FPPSYN-MONOMER	2.0e-50	42.7	293	195.7	56.3	98.3
WP_056948325.1	gnl|META|AT2G23800-MONOMER	9.7e-50	41.7	271	193.4	59.8	88.6
WP_056948327.1	gnl|META|G185E-5885-MONOMER	5.5e-42	40.1	274	167.5	54.0	97.1
WP_056948340.1	gnl|META|G1I0R-1119-MONOMER	8.1e-146	48.5	553	513.5	70.2	99.6
WP_056948342.1	gnl|META|MONOMER-14086	1.0e-111	60.2	329	399.4	78.1	97.6
WP_056948344.1	gnl|META|G6665-MONOMER	6.5e-55	31.7	501	211.5	50.5	89.1
WP_056948344.1	gnl|META|OPPA-MONOMER	3.6e-53	31.1	495	205.7	49.1	88.7
WP_056948350.1	gnl|META|GKI-MONOMER	7.4e-98	50.5	372	353.6	69.1	97.6
WP_056948350.1	gnl|META|GLY3KIN-MONOMER	9.7e-98	50.5	376	353.2	68.9	98.7
WP_056948354.1	gnl|META|EG11023-MONOMER	2.0e-59	45.7	247	225.3	64.8	100.0
WP_056948356.1	gnl|META|EG10880-MONOMER	6.4e-29	55.4	112	122.9	73.2	97.4
WP_056948368.1	gnl|META|MONOMER-6142	4.6e-128	67.5	332	453.8	80.7	100.0
WP_056948377.1	gnl|META|G12WB-159-MONOMER	6.2e-34	34.8	204	140.6	61.3	83.4
WP_056948377.1	gnl|META|CYSA-MONOMER	1.5e-32	35.7	238	136.0	58.8	96.3
WP_056948397.1	gnl|META|MONOMER-17881	1.7e-146	60.6	429	515.4	77.6	99.1
WP_056948399.1	gnl|META|EG10826-MONOMER	3.6e-28	29.2	462	123.2	43.9	46.8
WP_056948489.1	gnl|META|YGGA-MONOMER	5.6e-12	25.6	164	67.4	50.0	79.3
WP_056948509.1	gnl|META|ASPS-MONOMER	4.6e-171	52.4	595	597.4	69.7	99.5
WP_056948511.1	gnl|META|EG12394-MONOMER	3.0e-28	46.3	121	120.9	68.6	83.2
WP_056948513.1	gnl|META|EG11433-MONOMER	6.4e-33	44.4	153	136.7	58.8	87.2
WP_056948568.1	gnl|META|MONOMER-15487	3.7e-151	61.0	413	530.8	77.2	98.3
WP_056948569.1	gnl|META|GPMA-MONOMER	1.9e-48	41.6	233	188.7	60.5	97.0
WP_056948569.1	gnl|META|HS09121-MONOMER	1.1e-43	40.8	233	172.9	57.1	96.2
WP_056948571.1	gnl|META|G6892-MONOMER	1.7e-18	45.0	111	90.1	64.0	24.3
WP_056948626.1	gnl|META|EG11353-MONOMER	4.9e-21	27.8	266	99.0	48.5	46.3
WP_056948630.1	gnl|META|EG11292-MONOMER	3.9e-86	53.8	290	314.3	72.1	98.0
WP_056948631.1	gnl|META|MONOMER66-341	1.4e-141	52.6	473	499.2	68.9	97.7
WP_056948643.1	gnl|META|FECE-MONOMER	1.8e-28	32.4	238	122.5	52.1	94.3
WP_056948663.1	gnl|META|EG10817-MONOMER	1.2e-26	44.6	139	115.5	65.5	100.0
WP_056948732.1	gnl|META|MONOMER-13041	2.1e-184	69.6	448	641.3	83.0	100.0
WP_056948732.1	gnl|META|MONOMER-13046	5.1e-183	69.0	448	636.7	83.0	100.0
WP_056948736.1	gnl|META|BSU02100-MONOMER	5.2e-60	31.5	413	228.0	52.3	98.1
WP_056948736.1	gnl|META|MONOMER-17298	3.2e-54	32.1	408	208.8	49.0	95.9
WP_056948739.1	gnl|META|SFUC-MONOMER	3.4e-22	33.3	204	101.7	54.9	81.0
WP_056948739.1	gnl|META|POTA-MONOMER	2.2e-21	33.2	217	99.0	53.9	84.9
WP_056948739.1	gnl|META|CYSA-MONOMER	1.1e-20	34.3	210	96.7	52.9	82.5
WP_056948739.1	gnl|META|FEPC-MONOMER	2.7e-19	31.7	221	92.0	50.2	87.3
WP_056948760.1	gnl|META|MONOMER-20004	5.8e-144	42.1	641	507.7	60.7	88.3
WP_056948816.1	gnl|META|EG11062-MONOMER	3.9e-211	56.3	670	730.7	72.7	98.1
WP_056948828.1	gnl|META|ENSG00000154316-MONOMER	7.2e-32	44.7	161	134.0	64.6	54.1
WP_056948881.1	gnl|META|BSU35530-MONOMER	1.8e-77	45.4	357	285.8	68.9	98.1
WP_056948881.1	gnl|META|MONOMER-19967	1.8e-77	45.4	357	285.8	68.9	98.1
WP_056948890.1	gnl|META|MONOMER-8681	4.7e-39	32.0	303	157.9	51.2	97.3
WP_056948890.1	gnl|META|MONOMER-13096	8.9e-38	33.2	304	153.7	50.7	97.3
WP_056948894.1	gnl|META|YKL216W-MONOMER	1.4e-110	61.1	298	395.6	77.2	94.9
WP_061827234.1	gnl|META|MONOMER-13060	2.8e-137	46.6	491	485.0	67.6	98.6
WP_061827254.1	gnl|META|EG11826-MONOMER	1.5e-03	35.7	70	39.7	51.4	28.5
WP_061827256.1	gnl|META|MONOMER-16196	2.6e-45	44.7	228	178.3	59.6	97.0
WP_061827257.1	gnl|META|EG11353-MONOMER	7.2e-14	22.1	271	74.3	46.5	82.4
WP_061827297.1	gnl|META|MONOMER-20307	1.1e-39	54.1	148	159.1	71.6	94.9
WP_061827363.1	gnl|META|PSTS-MONOMER	5.9e-10	29.2	226	61.2	42.0	65.6
WP_069468058.1	gnl|META|HS13887-MONOMER	5.2e-01	24.8	113	30.8	44.2	60.8
WP_076631836.1	gnl|META|MONOMER-14600	6.5e-129	33.9	1000	458.0	51.7	96.8
WP_076631836.1	gnl|META|MONOMER-14601	1.4e-128	33.4	1038	456.8	50.3	99.3
WP_076631836.1	gnl|META|MONOMER-14610	5.7e-117	33.4	976	418.3	50.2	98.6
WP_076631837.1	gnl|META|NAD-SYNTH-MONOMER	5.9e-97	63.6	272	350.1	77.9	98.9
WP_076631838.1	gnl|META|BSU35750-MONOMER	1.3e-44	37.9	240	176.0	57.1	98.3
WP_076631838.1	gnl|META|MONOMER-19961	6.7e-44	37.9	240	173.7	58.3	97.9
WP_076631838.1	gnl|META|MONOMER-19984	1.8e-41	37.7	239	165.6	57.7	97.5
WP_076631840.1	gnl|META|MONOMER-16137	1.7e-16	25.1	382	83.6	41.9	76.3
WP_076631841.1	gnl|META|G1G01-5484-MONOMER	2.7e-106	35.9	713	382.5	56.5	99.7
WP_076631841.1	gnl|META|YHHO-MONOMER	4.1e-102	36.3	697	368.6	54.9	99.1
WP_076631846.1	gnl|META|BSU15560-MONOMER	2.3e-56	52.0	200	214.9	69.0	94.3
WP_076631847.1	gnl|META|MONOMER-14471	2.1e-119	70.3	290	424.9	83.4	94.5
WP_076631847.1	gnl|META|BSU15540-MONOMER	2.0e-109	67.7	288	391.7	81.9	93.8
WP_076631848.1	gnl|META|BSU15490-MONOMER	2.6e-77	49.3	292	285.0	72.3	95.7
WP_076631849.1	gnl|META|URAA-MONOMER	7.4e-102	45.2	427	367.1	67.7	97.2
WP_076631851.1	gnl|META|NRDE-MONOMER	1.4e-206	51.3	718	715.7	66.9	98.9
WP_076631851.1	gnl|META|MONOMER-13835	1.3e-204	50.1	723	709.1	66.5	99.6
WP_076631852.1	gnl|META|PHET-MONOMER	1.4e-03	41.9	43	39.7	72.1	19.4
WP_076631854.1	gnl|META|CYSA-MONOMER	4.7e-12	29.5	217	68.2	43.8	67.9
WP_076631854.1	gnl|META|POTG-MONOMER	1.4e-11	27.1	229	66.6	45.9	74.5
WP_076631854.1	gnl|META|FECE-MONOMER	3.1e-11	23.7	232	65.5	44.4	73.8
WP_076631854.1	gnl|META|G12WB-159-MONOMER	4.0e-11	25.2	206	65.1	46.1	65.2
WP_076631854.1	gnl|META|YTFR-MONOMER	5.2e-11	26.5	211	64.7	45.0	68.6
WP_076631854.1	gnl|META|TAUB-MONOMER	8.9e-11	27.1	203	63.9	44.8	68.6
WP_076631854.1	gnl|META|MGLA-MONOMER	1.5e-10	26.7	217	63.2	44.7	70.0
WP_076631854.1	gnl|META|YHBG-MONOMER	2.0e-10	26.0	219	62.8	47.9	71.7
WP_076631854.1	gnl|META|YJCW-MONOMER	3.4e-10	26.6	207	62.0	41.5	66.2
WP_076631858.1	gnl|META|MONOMER-19812	7.8e-38	30.5	357	154.1	47.6	99.4
WP_076631859.1	gnl|META|MONOMER-15456	6.7e-90	34.5	629	328.2	55.5	78.9
WP_076631860.1	gnl|META|ASNS-MONOMER	3.0e-79	36.3	463	292.0	56.2	98.4
WP_076631861.1	gnl|META|EG11357-MONOMER	2.2e-18	23.3	688	90.9	39.5	69.8
WP_076631865.1	gnl|META|ENSG00000167508-MONOMER	4.9e-42	37.4	321	167.9	52.6	92.6
WP_076631866.1	gnl|META|MONOMER-14625	1.0e-45	32.6	356	180.3	55.9	97.1
WP_076631869.1	gnl|META|EG11195-MONOMER	5.5e-23	30.1	269	104.4	49.4	97.4
WP_076631877.1	gnl|META|MONOMER-13489	1.3e-39	37.9	248	159.5	56.0	98.8
WP_076631879.1	gnl|META|EMRB-MONOMER	9.2e-23	26.5	408	104.4	46.1	87.9
WP_076631879.1	gnl|META|EMRY-MONOMER	1.1e-20	25.0	412	97.4	46.1	87.5
WP_076631881.1	gnl|META|ATCG00500-MONOMER	3.9e-51	44.1	256	198.0	60.9	88.0
WP_076631881.1	gnl|META|MONOMER-17287	8.6e-51	41.6	262	196.8	59.2	90.5
WP_076631881.1	gnl|META|CARBOXYL-TRANSFERASE-BETA-MONOMER	7.3e-50	42.5	259	193.7	58.7	89.4
WP_076631882.1	gnl|META|MONOMER-19303	1.0e-60	49.4	245	229.6	66.1	99.2
WP_076631883.1	gnl|META|FABH-MONOMER	1.3e-47	35.7	328	186.4	53.0	100.0
WP_076631886.1	gnl|META|EG11344-MONOMER	1.1e-117	57.0	356	419.5	72.5	93.4
WP_076631887.1	gnl|META|HS01304-MONOMER	1.9e-61	37.8	368	232.6	57.1	93.6
WP_076631887.1	gnl|META|G3O-29283-MONOMER	1.3e-60	39.7	380	229.9	57.1	96.6
WP_076631887.1	gnl|META|MONOMER-20127	2.8e-60	37.4	380	228.8	58.4	97.7
WP_076631887.1	gnl|META|G7325-MONOMER	5.5e-56	38.8	374	214.5	55.9	93.6
WP_076631888.1	gnl|META|MONOMER-20306	6.8e-101	65.9	273	363.2	82.1	98.2
WP_076631890.1	gnl|META|MONOMER-20307	2.6e-84	63.7	273	308.1	76.2	99.6
WP_076631895.1	gnl|META|MONOMER-18623	6.3e-01	26.4	53	30.0	52.8	41.4
WP_076631896.1	gnl|META|G7853-MONOMER	1.5e-30	28.5	249	129.4	49.8	98.0
WP_076631897.1	gnl|META|ARGS-MONOMER	5.8e-75	31.3	562	278.1	53.9	96.6
WP_076631898.1	gnl|META|MACB	5.3e-56	29.7	661	215.3	45.8	99.7
WP_076631899.1	gnl|META|PHEP-MONOMER	1.8e-09	22.8	390	60.5	42.3	69.2
WP_076631899.1	gnl|META|GABP-MONOMER	3.1e-09	23.3	472	59.7	41.7	83.6
WP_076631899.1	gnl|META|ENSG00000103064-MONOMER	7.6e-08	25.2	465	55.1	45.4	83.8
WP_076631900.1	gnl|META|HS01140-MONOMER	7.3e-11	28.4	183	64.3	41.5	58.7
WP_076631901.1	gnl|META|G6425-MONOMER	1.5e-28	27.7	264	122.9	51.5	100.0
WP_076631901.1	gnl|META|G6442-MONOMER	3.4e-25	28.3	265	111.7	48.3	100.0
WP_076631903.1	gnl|META|MONOMER-16690	6.8e-04	29.6	71	40.4	50.7	38.2
WP_076631907.1	gnl|META|YHBG-MONOMER	4.2e-16	28.6	224	81.6	50.9	72.5
WP_076631908.1	gnl|META|EG10246-MONOMER	3.0e-09	29.6	115	60.1	47.8	17.2
WP_076631917.1	gnl|META|EMRB-MONOMER	1.3e-22	24.8	339	104.0	47.5	68.0
WP_076631918.1	gnl|META|GLUTATHIONE-REDUCT-NADPH-MONOMER	1.3e-48	30.6	447	190.3	47.2	98.9
WP_076631918.1	gnl|META|HS02602-MONOMER	2.5e-44	29.4	456	176.0	47.1	98.2
WP_076631919.1	gnl|META|YEHX-MONOMER	4.4e-56	45.8	236	214.5	64.8	75.6
WP_076631919.1	gnl|META|PROV-MONOMER	1.0e-52	43.2	236	203.4	65.7	74.4
WP_076631922.1	gnl|META|GALP-MONOMER	4.8e-59	34.7	452	224.9	54.0	97.4
WP_076631922.1	gnl|META|AT5G16150-MONOMER	7.2e-55	33.2	443	211.1	52.4	95.4
WP_076631922.1	gnl|META|XYLE-MONOMER	2.3e-53	31.3	479	206.1	51.8	96.3
WP_076631923.1	gnl|META|RIBULPEPIM-MONOMER	4.0e-73	58.4	231	270.8	70.6	94.3
WP_076631923.1	gnl|META|G7860-MONOMER	1.7e-71	54.1	229	265.4	72.9	93.9
WP_076631923.1	gnl|META|EG12287-MONOMER	7.4e-67	54.1	231	250.0	67.5	94.3
WP_076631924.1	gnl|META|ARABISOM-MONOMER	4.7e-126	46.9	467	447.6	64.7	97.9
WP_076631925.1	gnl|META|RIBAZOLEPHOSPHAT-MONOMER	3.4e-09	29.8	171	58.2	46.2	83.3
WP_076631927.1	gnl|META|YEHY-MONOMER	3.0e-22	38.3	196	102.8	56.6	35.6
WP_076631927.1	gnl|META|YEHW-MONOMER	3.9e-22	35.7	182	102.4	61.0	35.6
WP_076631929.1	gnl|META|MONOMER-20004	1.5e-149	44.0	634	526.2	62.9	92.3
WP_076631931.1	gnl|META|MONOMER-20028	1.6e-90	45.0	378	329.3	66.1	93.2
WP_076631935.1	gnl|META|MANZ-MONOMER	5.7e-77	48.8	299	283.9	66.2	98.3
WP_076631936.1	gnl|META|MANY-MONOMER	6.9e-42	42.2	230	167.2	61.7	85.4
WP_076631937.1	gnl|META|MANX-MONOMER	8.9e-60	39.7	320	226.9	58.1	96.3
WP_076631938.1	gnl|META|GLTP-MONOMER	3.5e-112	50.1	419	401.4	74.9	96.5
WP_076631940.1	gnl|META|STM4458-MONOMER	5.8e-20	40.9	127	93.2	63.0	100.0
WP_076631942.1	gnl|META|PD00232	4.1e-14	23.9	276	75.1	44.9	84.6
WP_076631946.1	gnl|META|MONOMER-7721	4.2e-72	26.0	849	269.2	45.7	94.8
WP_076631947.1	gnl|META|EG11500-MONOMER	3.5e-11	29.9	134	66.2	47.0	22.9
WP_076631948.1	gnl|META|EG10834-MONOMER	7.1e-36	38.2	199	146.7	58.8	100.0
WP_076631949.1	gnl|META|G6991-MONOMER	1.5e-11	30.2	129	66.2	53.5	52.7
WP_076631950.1	gnl|META|EG11171-MONOMER	1.6e-67	42.6	329	252.7	62.9	95.1
WP_076631951.1	gnl|META|MONOMER-17076	6.3e-57	31.4	535	218.4	48.2	77.5
WP_076631952.1	gnl|META|YEEF-MONOMER	3.8e-11	24.4	357	66.2	43.7	55.7
WP_076631953.1	gnl|META|MONOMER-15881	2.9e-32	33.8	222	135.2	52.3	82.1
WP_076631954.1	gnl|META|EG10625-MONOMER	8.2e-161	39.4	863	563.9	59.4	98.2
WP_076631955.1	gnl|META|EG11281-MONOMER	4.9e-57	29.6	622	218.8	48.9	93.6
WP_076631957.1	gnl|META|G12WB-2964-MONOMER	1.8e-119	58.5	342	425.2	77.2	99.7
WP_076631959.1	gnl|META|MONOMER-20022	5.4e-73	36.7	428	271.2	54.7	99.8
WP_076631961.1	gnl|META|MONOMER-13562	4.9e-26	28.2	319	114.8	48.0	93.8
WP_076631963.1	gnl|META|G7530-MONOMER	6.0e-37	45.5	191	151.4	57.6	46.3
WP_076631965.1	gnl|META|BSU04040-MONOMER	6.6e-19	24.9	265	90.9	47.9	93.6
WP_076631965.1	gnl|META|EG11195-MONOMER	4.7e-17	25.8	275	84.7	48.0	94.3
WP_076631972.1	gnl|META|IMP-DEHYDROG-MONOMER	1.7e-147	55.7	485	518.8	72.6	98.2
WP_076631975.1	gnl|META|BSU35650-MONOMER	3.1e-54	42.3	291	208.8	60.1	71.9
WP_076631975.1	gnl|META|MONOMER-19997	5.2e-54	43.0	286	208.0	60.8	71.1
WP_076631975.1	gnl|META|MONOMER-20031	4.3e-48	36.2	329	188.3	57.4	79.7
WP_076631976.1	gnl|META|MONOMER-13959	9.7e-167	59.4	485	582.8	76.1	98.0
WP_076631977.1	gnl|META|MONOMER-17956	3.5e-67	40.0	340	251.5	57.4	100.0
WP_076631978.1	gnl|META|MONOMER-8762	5.0e-98	72.2	255	353.6	82.0	99.2
WP_076631981.1	gnl|META|G7662-MONOMER	2.9e-06	27.3	165	48.9	38.8	58.9
WP_076631982.1	gnl|META|6PGLUCONDEHYDROG-MONOMER	2.5e-40	36.2	293	162.2	54.6	92.0
WP_076631982.1	gnl|META|MONOMER-6842	2.5e-40	35.1	288	162.2	53.8	91.0
WP_076631984.1	gnl|META|EG10242-MONOMER	1.1e-37	30.0	343	153.7	50.4	90.0
WP_076631985.1	gnl|META|EG10828-MONOMER	2.4e-24	25.7	378	109.4	46.0	98.9
WP_076631987.1	gnl|META|YGFU-MONOMER	1.8e-74	38.3	420	276.2	61.0	93.7
WP_076631989.1	gnl|META|G7853-MONOMER	1.0e-31	35.4	257	133.3	51.0	99.6
WP_076631999.1	gnl|META|BSU38300-MONOMER	1.7e-40	37.5	261	162.5	55.9	96.7
WP_076632000.1	gnl|META|BSU11710-MONOMER	5.5e-63	48.7	261	237.3	67.0	96.3
WP_076632001.1	gnl|META|BSU38290-MONOMER	1.6e-36	39.9	198	149.1	65.7	87.9
WP_076632046.1	gnl|META|KEFC-MONOMER	2.0e-12	23.6	537	70.5	41.9	82.7
WP_076632060.1	gnl|META|G7704-MONOMER	1.0e-33	34.2	272	140.2	52.2	89.2
WP_076632066.1	gnl|META|EG10830-MONOMER	2.4e-71	34.7	570	266.5	52.6	70.1
WP_076632067.1	gnl|META|EG12436-MONOMER	1.8e-36	28.9	460	149.8	46.7	98.6
WP_076632071.1	gnl|META|EG10454-MONOMER	1.0e-31	34.2	240	133.3	52.9	96.4
WP_076632074.1	gnl|META|G1G01-4405-MONOMER	1.0e-52	54.8	177	202.6	74.6	95.7
WP_076632076.1	gnl|META|EG11568-MONOMER	7.6e-13	30.8	146	70.5	49.3	61.6
WP_076632079.1	gnl|META|EG10595-MONOMER	1.4e-38	32.7	297	156.4	53.9	93.9
WP_076632079.1	gnl|META|AT2G27760-MONOMER	8.6e-36	36.7	264	147.1	54.2	79.0
WP_076632081.1	gnl|META|EG11158-MONOMER	1.2e-08	28.2	174	56.2	47.7	91.1
WP_076632082.1	gnl|META|EG10891-MONOMER	2.8e-02	45.5	33	33.1	69.7	67.3
WP_076632085.1	gnl|META|EG11073-MONOMER	9.5e-25	30.2	265	110.2	44.5	96.5
WP_076632088.1	gnl|META|EG11757-MONOMER	1.2e-17	33.6	116	85.9	57.8	74.7
WP_076632091.1	gnl|META|MONOMER-19771	8.9e-04	30.8	65	40.0	53.8	34.8
WP_076632091.1	gnl|META|MONOMER-10113	3.4e-03	33.3	57	38.1	54.4	30.5
WP_076632092.1	gnl|META|MONOMER-19315	8.4e-01	37.5	32	30.4	68.8	14.3
WP_076632094.1	gnl|META|EG11315-MONOMER	1.5e-59	40.1	327	226.1	57.8	97.9
WP_076632098.1	gnl|META|NARL-MONOMER	3.1e-29	33.8	210	124.8	58.1	97.6
WP_076632101.1	gnl|META|PHET-MONOMER	2.7e-126	34.4	813	449.1	55.2	100.0
WP_076632102.1	gnl|META|PHES-MONOMER	3.5e-86	49.2	327	314.7	66.4	94.0
WP_076632103.1	gnl|META|AT2G28800-MONOMER	4.9e-05	27.5	153	45.1	51.0	44.7
WP_076632103.1	gnl|META|MONOMER-16599	8.3e-05	23.7	219	44.3	43.8	54.7
WP_076632104.1	gnl|META|PHOR-MONOMER	4.5e-26	32.6	221	115.5	55.7	43.5
WP_076632104.1	gnl|META|CPXA-MONOMER	1.7e-25	27.6	351	113.6	47.6	69.1
WP_076632104.1	gnl|META|G6318-MONOMER	2.2e-25	23.1	493	113.2	46.9	94.0
WP_076632104.1	gnl|META|BAES-MONOMER	2.2e-25	26.2	301	113.2	48.8	59.9
WP_076632106.1	gnl|META|G7319-MONOMER	3.3e-05	45.0	60	45.8	61.7	15.3
WP_076632108.1	gnl|META|MONOMER3O-504	8.6e-29	39.6	197	123.2	60.4	94.6
WP_076632109.1	gnl|META|EG10746-MONOMER	6.2e-156	37.3	934	547.7	55.9	99.1
WP_076632112.1	gnl|META|EG11259-MONOMER	4.7e-115	35.3	757	411.8	53.0	95.5
WP_076632117.1	gnl|META|POTA-MONOMER	3.1e-77	49.0	290	285.0	70.0	78.2
WP_076632117.1	gnl|META|YDCT-MONOMER	1.9e-71	56.0	241	265.8	71.8	66.4
WP_076632118.1	gnl|META|MACB	2.2e-33	36.5	219	138.7	58.0	97.7
WP_076632118.1	gnl|META|ABC-MONOMER	2.2e-30	34.5	223	128.6	56.5	99.1
WP_076632127.1	gnl|META|PD00230	2.0e-28	45.9	148	121.7	60.1	89.5
WP_076632129.1	gnl|META|EG10833-MONOMER	6.4e-125	43.4	594	444.1	61.4	99.5
WP_076632132.1	gnl|META|G7055-MONOMER	2.9e-09	23.1	195	58.5	44.1	81.9
WP_076632133.1	gnl|META|BETAGALACTOSID-MONOMER	1.5e-92	34.1	639	336.7	50.2	97.8
WP_076632138.1	gnl|META|ADHP-MONOMER	1.1e-137	71.3	335	485.7	82.7	99.4
WP_076632139.1	gnl|META|MONOMER-20601	1.3e-09	26.1	115	59.3	49.6	66.9
WP_076632140.1	gnl|META|G7247-MONOMER	3.0e-29	27.6	344	125.6	50.3	96.0
WP_076632147.1	gnl|META|METG-MONOMER	3.8e-68	28.0	707	255.8	46.4	98.5
WP_076632148.1	gnl|META|KEFB-MONOMER	5.3e-19	23.9	360	91.7	50.6	92.0
WP_076632151.1	gnl|META|EG10942-MONOMER	1.8e-12	31.5	213	71.2	48.4	21.7
WP_076632152.1	gnl|META|HEMN-MONOMER	1.5e-29	27.5	295	126.7	48.1	74.1
WP_076632153.1	gnl|META|SYNPCC7942_0118-MONOMER	3.2e-02	35.1	57	35.8	50.9	16.2
WP_076632154.1	gnl|META|BIOTINLIG-MONOMER	1.0e-10	25.0	224	63.5	46.0	83.5
WP_076632155.1	gnl|META|EG10927-MONOMER	3.2e-06	26.1	211	50.8	46.9	16.1
WP_076632157.1	gnl|META|EG12163-MONOMER	2.2e-45	31.0	449	179.5	49.0	98.4
WP_076632158.1	gnl|META|EG11268-MONOMER	6.5e-63	41.9	310	237.3	60.6	97.5
WP_076632159.1	gnl|META|EG10763-MONOMER	1.7e-107	40.2	512	386.7	61.3	63.4
WP_076632160.1	gnl|META|GUANYL-KIN-MONOMER	1.7e-40	40.8	201	162.2	62.2	98.5
WP_076632162.1	gnl|META|HS08358-MONOMER	9.6e-83	40.7	423	303.5	57.9	99.0
WP_076632162.1	gnl|META|GLYCRIBONUCSYN-MONOMER	2.8e-82	43.3	425	302.0	59.5	99.5
WP_076632163.1	gnl|META|AICARTRANSIMPCYCLO-CPLX	4.1e-128	47.8	527	454.5	64.9	100.0
WP_076632164.1	gnl|META|HS08358-MONOMER	1.6e-32	38.9	180	135.6	61.1	95.2
WP_076632164.1	gnl|META|GART-MONOMER	1.6e-29	33.7	181	125.6	58.6	95.8
WP_076632165.1	gnl|META|HS05157-MONOMER	5.3e-93	42.8	463	337.8	58.7	90.1
WP_076632166.1	gnl|META|FGAMSYN-MONOMER	7.8e-27	24.8	766	118.6	39.9	89.3
WP_076632168.1	gnl|META|YOR128C-MONOMER	8.3e-49	32.6	371	190.7	53.1	93.2
WP_076632169.1	gnl|META|GLPF-MONOMER	8.6e-28	34.3	245	120.2	53.9	95.4
WP_076632180.1	gnl|META|OPPA-MONOMER	1.8e-44	27.5	539	176.8	46.9	96.2
WP_076632180.1	gnl|META|G6665-MONOMER	7.5e-43	29.9	501	171.4	46.5	88.8
WP_076632184.1	gnl|META|MONOMER-20459	1.3e-03	25.6	156	39.7	47.4	71.0
WP_076632187.1	gnl|META|AT2G36310-MONOMER	6.5e-47	35.6	278	184.1	59.7	87.1
WP_076632187.1	gnl|META|G6358-MONOMER	3.0e-44	34.6	312	175.3	55.1	97.5
WP_076632189.1	gnl|META|G185E-7535-MONOMER	9.9e-01	26.7	60	30.8	55.0	17.4
WP_076632189.1	gnl|META|MONOMER-6566	9.9e-01	29.5	61	30.8	52.5	17.7
WP_076632192.1	gnl|META|MONOMER-6122	2.5e-150	45.1	574	528.5	64.3	99.8
WP_076632193.1	gnl|META|MONOMER-17188	1.8e-74	43.9	335	275.8	63.6	98.5
WP_076632196.1	gnl|META|PSTB-MONOMER	1.5e-65	48.2	247	245.7	68.0	91.8
WP_076632197.1	gnl|META|PSTS-MONOMER	4.1e-08	27.9	226	55.1	42.5	68.2
WP_076632202.1	gnl|META|3-OXOACYL-ACP-REDUCT-MONOMER	4.1e-25	31.0	239	111.3	52.7	97.1
WP_076632202.1	gnl|META|MONOMER-16780	2.2e-23	32.0	241	105.5	49.4	97.9
WP_076632205.1	gnl|META|6PGLUCONOLACT-MONOMER	8.8e-26	29.7	239	114.0	50.6	69.2
WP_076632216.1	gnl|META|YOR128C-MONOMER	9.3e-21	24.2	298	97.4	43.6	79.2
WP_076632217.1	gnl|META|PD00219	6.8e-25	27.3	308	110.9	47.1	94.9
WP_076632219.1	gnl|META|EG10534-MONOMER	4.6e-151	44.4	658	531.2	62.8	96.2
WP_076632221.1	gnl|META|MONOMER-13955	1.0e-160	59.7	481	562.8	77.5	98.0
WP_076632222.1	gnl|META|MONOMER-20007	1.8e-82	47.7	321	302.4	67.6	93.9
WP_076632225.1	gnl|META|EG10844-MONOMER	2.6e-33	27.9	344	139.4	49.4	74.3
WP_076632225.1	gnl|META|EG10210-MONOMER	3.2e-31	30.6	327	132.5	48.9	72.1
WP_076632227.1	gnl|META|G495-MONOMER	1.4e-90	35.8	500	329.7	53.4	97.9
WP_076632227.1	gnl|META|EG10114-MONOMER	3.9e-88	37.8	481	321.6	53.2	98.1
WP_076632227.1	gnl|META|EG10085-MONOMER	3.9e-88	36.7	496	321.6	54.0	98.8
WP_076632227.1	gnl|META|MONOMER-18556	5.5e-82	35.7	488	301.2	53.5	97.1
WP_076632227.1	gnl|META|MONOMER-17687	1.2e-81	37.1	496	300.1	53.6	96.7
WP_076632231.1	gnl|META|EG10850-MONOMER	5.0e-05	30.2	96	43.9	45.8	62.7
WP_076632235.1	gnl|META|G6731-MONOMER	4.6e-03	27.8	108	38.1	44.4	42.7
WP_076632236.1	gnl|META|METHGLYSYN-MONOMER	1.2e-32	53.0	115	135.6	75.7	82.1
WP_076632240.1	gnl|META|MONOMER-14554	5.7e-03	29.5	88	37.7	47.7	36.4
WP_076632242.1	gnl|META|G7265-MONOMER	1.8e-23	25.9	367	106.3	42.8	93.2
WP_076632246.1	gnl|META|MONOMER-20544	2.3e-41	25.5	895	167.2	40.6	96.7
WP_076632247.1	gnl|META|G1I0R-1994-MONOMER	2.0e-40	40.7	241	162.2	54.8	97.2
WP_076632248.1	gnl|META|EG12354-MONOMER	1.1e-02	31.7	82	37.4	47.6	15.9
WP_076632249.1	gnl|META|EG12424-MONOMER	1.6e-28	33.2	253	122.9	51.4	87.2
WP_076632251.1	gnl|META|MONOMER-539	6.3e-171	66.8	464	596.7	78.9	97.5
WP_076632251.1	gnl|META|ATPD-MONOMER	3.4e-169	65.1	464	590.9	80.6	97.5
WP_076632251.1	gnl|META|SYNPCC7942_2315-MONOMER	7.9e-166	65.1	475	579.7	77.5	97.3
WP_076632253.1	gnl|META|ABC-MONOMER	1.3e-72	43.7	341	269.6	63.3	99.1
WP_076632254.1	gnl|META|METQ-MONOMER	5.0e-40	35.5	259	161.0	54.8	95.2
WP_076632256.1	gnl|META|RPOC-MONOMER	0.0e+00	43.9	1385	1127.9	60.4	97.0
WP_076632257.1	gnl|META|NICOTINAMID-MONOMER	7.6e-08	27.5	182	53.5	45.1	84.2
WP_076632258.1	gnl|META|EG10913-MONOMER	6.7e-09	52.3	44	55.5	72.7	72.1
WP_076632261.1	gnl|META|EG10878-MONOMER	4.7e-17	43.7	126	83.6	57.1	99.2
WP_076632262.1	gnl|META|G12WB-158-MONOMER	1.8e-69	48.9	276	258.8	70.3	97.5
WP_076632263.1	gnl|META|G12WB-159-MONOMER	7.2e-69	49.8	275	256.9	65.8	93.8
WP_076632267.1	gnl|META|MONOMER-19906	1.3e-20	38.6	158	95.9	54.4	83.5
WP_076632269.1	gnl|META|EG11061-MONOMER	1.9e-129	31.3	953	459.5	47.1	98.7
WP_076632276.1	gnl|META|YJDL-MONOMER	3.8e-46	31.4	411	182.2	51.3	83.5
WP_076632279.1	gnl|META|MONOMER-17948	7.2e-11	26.9	186	64.3	45.2	56.9
WP_076632286.1	gnl|META|MONOMER-19977	6.5e-62	34.3	394	234.2	55.6	98.4
WP_076632286.1	gnl|META|BSU35720-MONOMER	9.8e-58	36.3	339	220.3	57.2	85.0
WP_076632286.1	gnl|META|MONOMER-19963	1.7e-57	33.0	391	219.5	55.8	96.9
WP_076632287.1	gnl|META|RFBX-MONOMER	3.1e-13	22.2	406	72.8	44.3	83.9
WP_076632288.1	gnl|META|MONOMER-20014	6.7e-16	29.4	180	81.3	53.3	47.5
WP_076632289.1	gnl|META|MONOMER-20080	3.3e-27	34.7	225	118.6	54.2	70.7
WP_076632290.1	gnl|META|G6096-MONOMER	5.5e-15	32.1	224	78.6	46.9	48.6
WP_076632292.1	gnl|META|G1G01-5627-MONOMER	4.4e-42	34.7	375	168.3	52.3	97.6
WP_076632292.1	gnl|META|ALARACECAT-MONOMER	1.3e-41	32.9	371	166.8	52.3	96.6
WP_076632293.1	gnl|META|EG10844-MONOMER	5.2e-65	39.8	337	245.0	59.6	61.5
WP_076632293.1	gnl|META|EG10210-MONOMER	2.0e-64	38.9	396	243.0	53.3	74.3
WP_076632295.1	gnl|META|YCEE-MONOMER	1.3e-103	49.6	379	372.9	70.7	88.3
WP_076632297.1	gnl|META|MONOMER-15461	2.0e-120	53.4	408	428.7	72.8	97.1
WP_076632299.1	gnl|META|PD00219	1.9e-38	32.1	318	156.0	53.5	95.3
WP_076632300.1	gnl|META|MONOMER-18513	1.0e-156	40.3	725	550.1	55.4	99.4
WP_076632309.1	gnl|META|MONOMER-7721	6.3e-02	31.1	45	34.7	57.8	14.3
WP_076632315.1	gnl|META|ADENODEAMIN-MONOMER	2.2e-29	28.8	333	125.9	46.5	94.1
WP_076632321.1	gnl|META|EG10437-MONOMER	3.9e-55	36.0	383	211.8	55.4	89.1
WP_076632322.1	gnl|META|EG12293-MONOMER	3.0e-86	44.1	379	315.1	59.4	97.4
WP_076632322.1	gnl|META|MONOMER-16805	6.9e-83	42.6	380	303.9	59.5	97.7
WP_076632322.1	gnl|META|YGL256W-MONOMER	4.9e-81	42.4	384	297.7	59.9	97.9
WP_076632322.1	gnl|META|MONOMER-15636	7.1e-80	40.5	380	293.9	59.5	97.7
WP_076632323.1	gnl|META|MONOMER-6081	2.8e-20	25.6	312	95.5	46.8	93.6
WP_076632323.1	gnl|META|MONOMER-5981	6.9e-19	26.2	260	90.9	47.7	79.3
WP_076632324.1	gnl|META|ENSG00000092068-MONOMER	4.9e-40	29.1	440	161.8	49.3	95.3
WP_076632324.1	gnl|META|ENSG00000103064-MONOMER	3.0e-37	27.4	452	152.5	46.9	97.8
WP_076632324.1	gnl|META|ENSG00000103257-MONOMER	3.9e-37	28.8	444	152.1	50.0	95.6
WP_076632325.1	gnl|META|XASA-MONOMER	6.8e-16	21.7	446	81.6	41.7	89.1
WP_076632328.1	gnl|META|UXAC-MONOMER	3.0e-117	45.6	467	418.3	61.9	98.7
WP_076632329.1	gnl|META|PD00219	2.6e-38	31.5	340	155.6	52.9	96.2
WP_076632333.1	gnl|META|SYNPCC7942_0260-MONOMER	2.8e-178	51.7	627	621.7	70.7	83.9
WP_076632352.1	gnl|META|MONOMER-14165	6.0e-45	33.3	303	177.6	54.5	96.5
WP_076632354.1	gnl|META|EG12030-MONOMER	5.7e-64	41.8	306	240.7	61.4	98.4
WP_076632354.1	gnl|META|G6358-MONOMER	4.8e-63	39.8	309	237.7	59.9	99.0
WP_076632367.1	gnl|META|BSU33400-MONOMER	1.2e-71	46.5	282	266.2	66.0	99.6
WP_076632369.1	gnl|META|EG10986-MONOMER	2.6e-40	42.9	170	161.4	66.5	93.9
WP_076632370.1	gnl|META|PYRUVOXID-MONOMER	5.4e-66	29.3	549	248.4	51.0	89.0
WP_076632371.1	gnl|META|BGLF-MONOMER	2.4e-72	35.4	486	269.2	56.2	97.2
WP_076632373.1	gnl|META|GI40-529-MONOMER	2.8e-83	47.3	334	305.1	65.6	94.6
WP_076632376.1	gnl|META|CYTDEAM-MONOMER	2.9e-132	54.6	410	468.0	72.7	99.5
WP_076632379.1	gnl|META|CITTRANS-MONOMER	2.8e-153	55.7	481	538.1	75.1	94.1
WP_076632379.1	gnl|META|MONOMER-16998	7.5e-146	54.4	467	513.5	74.1	91.6
WP_076632380.1	gnl|META|MONOMER-17001	2.3e-47	34.1	328	185.7	55.8	97.9
WP_076632381.1	gnl|META|MONOMER-1055	8.0e-89	49.2	364	323.6	68.7	97.6
WP_076632383.1	gnl|META|EMRB-MONOMER	2.4e-29	25.8	418	126.3	46.7	85.4
WP_076632384.1	gnl|META|TYRS-MONOMER	2.4e-105	46.3	419	378.6	65.9	98.3
WP_076632385.1	gnl|META|MONOMER-6082	6.0e-54	33.2	346	207.6	54.6	96.8
WP_076632385.1	gnl|META|HS07125-MONOMER	5.6e-52	34.4	346	201.1	52.6	98.8
WP_076632390.1	gnl|META|SPOT-MONOMER	2.0e-147	38.5	727	519.2	59.0	97.8
WP_076632390.1	gnl|META|RELA-MONOMER	5.1e-143	38.5	703	504.6	60.3	92.7
WP_076632395.1	gnl|META|YEHX-MONOMER	5.8e-66	43.5	292	247.7	64.0	75.2
WP_076632396.1	gnl|META|EG11094-MONOMER	3.9e-01	41.2	51	32.3	56.9	12.6
WP_076632396.1	gnl|META|EG11094-MONOMER	1.5e+00	23.2	95	30.4	42.1	23.7
WP_076632397.1	gnl|META|PHET-MONOMER	2.4e-18	43.2	118	88.6	58.5	56.5
WP_076632400.1	gnl|META|MONOMER-4801	1.7e-53	32.0	434	206.5	49.5	94.2
WP_076632402.1	gnl|META|BSU29590-MONOMER	1.2e-84	44.6	372	309.7	64.2	96.6
WP_076632403.1	gnl|META|MONOMER-12729	7.6e-01	45.7	35	30.4	54.3	16.4
WP_076632404.1	gnl|META|MONOMER-17423	2.0e-38	33.3	300	157.1	54.3	39.3
WP_076632404.1	gnl|META|MONOMER-17421	4.2e-36	29.8	376	149.4	48.9	49.4
WP_076632405.1	gnl|META|EG10924-MONOMER	5.2e-07	26.9	119	52.0	49.6	27.2
WP_076632407.1	gnl|META|MONOMER-17112	7.7e-44	37.5	277	173.7	55.2	95.0
WP_076632409.1	gnl|META|HS04306-MONOMER	3.1e-26	34.0	250	115.2	52.8	89.2
WP_076632409.1	gnl|META|MONOMER-13489	1.3e-24	36.1	191	109.8	57.1	69.9
WP_076632411.1	gnl|META|MONOMER-19009	9.4e-01	35.5	62	30.4	48.4	24.8
WP_076632412.1	gnl|META|MONOMER-2745	1.0e-36	34.9	315	150.2	49.5	99.7
WP_076632413.1	gnl|META|EG11063-MONOMER	1.3e-85	34.1	610	313.5	54.3	98.5
WP_076632414.1	gnl|META|G7037-MONOMER	5.0e-30	38.8	201	128.6	60.7	41.1
WP_076632414.1	gnl|META|GLNP-MONOMER	6.5e-30	34.9	212	128.3	61.8	42.9
WP_076632415.1	gnl|META|EG10270-MONOMER	2.5e-04	24.8	165	42.0	47.9	80.4
WP_076632415.1	gnl|META|G7319-MONOMER	1.6e-03	28.9	128	39.3	46.9	61.8
WP_076632416.1	gnl|META|EG10942-MONOMER	2.4e-30	31.3	339	129.4	46.0	84.1
WP_076632422.1	gnl|META|EG10529-MONOMER	6.6e-40	27.3	505	161.8	47.1	77.3
WP_076632423.1	gnl|META|MONOMER-11684	2.3e-79	45.0	327	292.0	63.6	100.0
WP_076632424.1	gnl|META|HS02790-MONOMER	8.6e-01	35.1	37	30.4	62.2	16.3
WP_076632425.1	gnl|META|EG10613-MONOMER	4.5e-62	27.5	581	235.3	49.6	98.5
WP_076632426.1	gnl|META|MONOMER-20007	2.5e-14	25.5	290	75.9	44.8	89.4
WP_076632429.1	gnl|META|MONOMER-13396	1.1e-29	44.2	163	125.9	59.5	97.6
WP_076632430.1	gnl|META|H2PTEROATESYNTH-MONOMER	4.6e-33	33.3	261	138.3	53.3	70.1
WP_076632431.1	gnl|META|AT5G41480-MONOMER	5.8e-38	28.4	423	154.8	51.5	90.8
WP_076632431.1	gnl|META|MONOMER-4801	3.5e-35	30.3	379	145.6	46.4	83.4
WP_076632432.1	gnl|META|H2NEOPTERINALDOL-MONOMER	7.2e-04	27.5	80	39.7	53.8	67.2
WP_076632433.1	gnl|META|EG11207-MONOMER	4.4e-19	41.3	126	90.5	55.6	86.6
WP_076632437.1	gnl|META|FLAVODOXIN1-MONOMER	3.4e-02	28.6	77	34.7	40.3	44.8
WP_076632437.1	gnl|META|MONOMER-13232	4.5e-02	28.6	77	34.3	40.3	44.8
WP_076632440.1	gnl|META|MONOMER-20807	1.5e-11	25.0	312	66.6	43.3	89.4
WP_076632440.1	gnl|META|MONOMER-20808	5.8e-11	24.7	312	64.7	42.9	89.4
WP_076632442.1	gnl|META|EMRY-MONOMER	5.1e-33	26.4	409	138.7	50.4	78.1
WP_076632442.1	gnl|META|EMRB-MONOMER	1.1e-32	25.2	461	137.5	47.3	88.6
WP_076632443.1	gnl|META|PD00219	5.1e-42	33.6	330	167.9	51.8	96.2
WP_076632445.1	gnl|META|MONOMER-428	1.1e-104	50.6	397	376.3	67.8	99.2
WP_076632445.1	gnl|META|MONOMER-20612	8.7e-102	47.3	393	366.7	66.7	99.0
WP_076632445.1	gnl|META|ACKCLOS-MONOMER	2.2e-100	47.4	392	362.1	67.9	98.2
WP_076632445.1	gnl|META|MONOMER-13473	2.8e-100	45.5	391	361.7	68.5	98.2
WP_076632445.1	gnl|META|STM2057-MONOMER	2.0e-98	47.7	392	355.5	67.9	99.2
WP_076632448.1	gnl|META|G6892-MONOMER	6.0e-14	37.9	103	75.1	60.2	21.6
WP_076632450.1	gnl|META|MONOMER-14580	8.0e-01	38.7	31	31.2	64.5	8.6
WP_076632451.1	gnl|META|YHFM-MONOMER	1.7e-19	26.3	468	93.6	44.4	95.5
WP_076632451.1	gnl|META|YEEF-MONOMER	3.7e-19	23.6	444	92.4	46.2	92.2
WP_076632451.1	gnl|META|ENSG00000103257-MONOMER	9.2e-18	26.1	449	87.8	43.2	92.9
WP_076632451.1	gnl|META|B0260-MONOMER	2.1e-17	22.4	438	86.7	43.6	88.3
WP_076632452.1	gnl|META|MONOMER-6111	8.5e-25	28.4	313	110.5	48.6	98.7
WP_076632452.1	gnl|META|MONOMER-5981	1.5e-24	28.2	309	109.8	46.0	97.0
WP_076632452.1	gnl|META|MONOMER-17510	3.2e-24	30.9	262	108.6	49.6	84.2
WP_076632452.1	gnl|META|MONOMER-14506	9.4e-24	27.9	298	107.1	49.7	90.6
WP_076632465.1	gnl|META|MONOMER-18049	1.8e-47	28.7	421	186.4	48.2	93.3
WP_076632466.1	gnl|META|MONOMER-19589	4.6e-01	27.3	88	32.3	45.5	16.9
WP_076632473.1	gnl|META|EMRB-MONOMER	1.6e-41	26.9	427	166.8	48.9	91.0
WP_076632473.1	gnl|META|EMRY-MONOMER	4.6e-41	29.1	426	165.2	48.6	89.5
WP_076632475.1	gnl|META|ZNUB-MONOMER	3.2e-13	27.8	255	72.0	47.5	89.1
WP_076632477.1	gnl|META|XASA-MONOMER	2.3e-09	21.9	507	60.1	40.4	98.2
WP_076632479.1	gnl|META|EG10238-MONOMER	2.9e-171	33.4	1160	599.0	54.6	99.5
WP_076632483.1	gnl|META|EG10833-MONOMER	2.7e-68	43.5	336	255.8	61.6	68.8
WP_076632485.1	gnl|META|G7319-MONOMER	6.1e-88	37.9	456	320.9	61.0	97.9
WP_076632487.1	gnl|META|MACB	2.8e-34	36.4	225	141.7	59.1	92.1
WP_076632490.1	gnl|META|EG10690-MONOMER	1.2e-26	36.0	211	117.1	53.6	49.6
WP_076632492.1	gnl|META|EG10530-MONOMER	5.4e-11	25.6	234	63.9	38.0	85.2
WP_076632493.1	gnl|META|EG10861-MONOMER	6.5e-42	50.0	194	167.2	62.4	76.3
WP_076632495.1	gnl|META|G7868-MONOMER	6.7e-43	36.3	281	170.6	53.4	96.9
WP_076632496.1	gnl|META|EG10375-MONOMER	7.6e-14	46.7	90	74.7	60.0	20.6
WP_076632498.1	gnl|META|EG11676-MONOMER	3.2e-43	52.5	179	171.0	69.3	98.9
WP_076632499.1	gnl|META|MONOMER-8684	8.7e-196	62.1	556	679.5	77.5	98.9
WP_076632500.1	gnl|META|MONOMER-8702	1.3e-44	37.5	232	176.0	61.6	97.1
WP_076632501.1	gnl|META|EG10423-MONOMER	1.4e-133	36.7	799	473.4	55.1	92.4
WP_076632502.1	gnl|META|PD00232	4.7e-05	19.8	202	45.1	44.6	59.8
WP_076632503.1	gnl|META|MHPCHYDROL-MONOMER	5.3e-13	27.5	265	71.2	45.7	93.1
WP_076632503.1	gnl|META|MONOMER-11393	1.2e-12	21.7	277	70.1	43.3	93.9
WP_076632503.1	gnl|META|MONOMER-15978	2.9e-11	27.0	248	65.5	41.9	89.2
WP_076632504.1	gnl|META|MONOMER-14068	1.0e-26	27.8	345	117.1	44.6	99.4
WP_076632506.1	gnl|META|G1I0R-1336-MONOMER	9.4e-42	35.7	277	166.8	56.7	98.6
WP_076632512.1	gnl|META|EG10375-MONOMER	4.1e-170	51.0	616	594.3	67.7	97.6
WP_076632516.1	gnl|META|G6115-MONOMER	1.9e-17	23.7	367	86.7	44.1	84.6
WP_076632518.1	gnl|META|MONOMER-15456	5.6e-53	29.4	647	205.7	46.4	72.5
WP_076632520.1	gnl|META|G7248-MONOMER	1.4e-40	39.1	230	163.3	54.3	61.6
WP_076632539.1	gnl|META|LSERINEDEAM1-MONOMER	1.8e-30	35.6	281	129.4	52.0	90.9
WP_076632539.1	gnl|META|LSERINEDEAM2-MONOMER	3.9e-30	34.8	282	128.3	53.9	92.6
WP_076632539.1	gnl|META|MONOMER-8569	1.5e-29	33.3	267	126.3	54.3	86.2
WP_076632539.1	gnl|META|LSERINEDEAM3-MONOMER	7.4e-29	33.8	275	124.0	53.1	90.9
WP_076632540.1	gnl|META|MONOMER-8569	2.4e-08	28.0	193	55.5	41.5	78.7
WP_076632540.1	gnl|META|LSERINEDEAM3-MONOMER	2.0e-07	38.7	93	52.4	51.6	39.4
WP_076632540.1	gnl|META|LSERINEDEAM2-MONOMER	4.5e-07	35.3	153	51.2	44.4	59.3
WP_076632541.1	gnl|META|MONOMER-20141	1.7e-06	28.2	216	49.3	41.2	93.4
WP_076632543.1	gnl|META|G7147-MONOMER	6.5e-09	36.3	102	58.5	48.0	20.4
WP_076632544.1	gnl|META|G6934-MONOMER	6.9e-122	52.8	445	433.7	73.0	95.5
WP_076632564.1	gnl|META|KUP-MONOMER	4.6e-74	36.8	457	275.4	60.2	65.4
WP_076632574.1	gnl|META|EG10270-MONOMER	2.7e-63	40.7	290	238.4	65.5	96.0
WP_076632575.1	gnl|META|GLYS-MONOMER	7.4e-96	34.0	695	347.8	50.4	99.3
WP_076632577.1	gnl|META|EG10239-MONOMER	2.5e-66	34.2	453	249.6	52.3	71.5
WP_076632578.1	gnl|META|BSU25180-MONOMER	3.2e-43	40.7	236	171.4	57.6	97.9
WP_076632580.1	gnl|META|AROD-MONOMER	1.8e-25	33.6	238	112.5	54.2	95.8
WP_076632580.1	gnl|META|MONOMER-33	1.2e-24	33.3	240	109.8	51.7	95.4
WP_076632582.1	gnl|META|MONOMER-20863	2.4e-05	28.1	89	45.8	44.9	32.5
WP_076632583.1	gnl|META|EG11234-MONOMER	1.8e-40	35.6	281	162.5	54.1	96.2
WP_076632584.1	gnl|META|KDO-8PSYNTH-MONOMER	6.0e-19	28.0	218	91.3	50.0	61.9
WP_076632585.1	gnl|META|AROB-MONOMER	4.8e-59	40.0	345	224.6	58.3	94.6
WP_076632585.1	gnl|META|YDR127W-MONOMER	7.2e-55	39.0	344	210.7	56.4	82.8
WP_076632586.1	gnl|META|AROK-MONOMER	5.1e-17	31.7	161	84.0	52.8	89.8
WP_076632587.1	gnl|META|SUPEROX-DISMUTMN-MONOMER	8.7e-58	51.5	198	219.5	68.7	96.5
WP_076632588.1	gnl|META|G7324-MONOMER	1.7e-06	26.7	135	48.9	48.9	80.9
WP_076632589.1	gnl|META|G6906-MONOMER	1.9e-115	51.4	399	412.1	68.2	96.6
WP_076632591.1	gnl|META|YHBG-MONOMER	8.3e-16	26.8	254	80.5	48.4	97.7
WP_076632592.1	gnl|META|G3O-34097-MONOMER	4.7e-11	26.6	124	65.1	56.5	36.1
WP_076632594.1	gnl|META|MONOMER-17900	2.2e-09	35.2	91	57.8	56.0	85.9
WP_076645825.1	gnl|META|PROCST-MONOMER	5.0e-40	39.8	264	161.0	58.0	98.5
WP_076645825.1	gnl|META|PYRROLINECARBREDUCT-MONOMER	5.7e-36	36.7	267	147.5	56.2	99.6
WP_076981371.1	gnl|META|GLPF-MONOMER	3.4e-24	33.1	251	108.2	48.6	98.3
WP_076981375.1	gnl|META|MONOMER-18798	6.7e-79	36.7	433	290.8	60.0	98.6
WP_076981377.1	gnl|META|GLYOHMETRANS-MONOMER	2.2e-132	58.0	410	468.4	73.2	98.1
WP_076981377.1	gnl|META|MONOMER-8567	9.4e-131	57.8	415	463.0	72.5	98.1
WP_076981377.1	gnl|META|MONOMER-581	4.9e-119	54.5	404	424.1	69.6	97.1
WP_076981377.1	gnl|META|MONOMER-4244	6.3e-119	54.3	414	423.7	69.6	98.1
WP_076981391.1	gnl|META|ARCB-MONOMER	5.4e-01	25.6	78	31.2	48.7	30.9
WP_076981411.1	gnl|META|EG10824-MONOMER	1.7e-21	22.1	960	101.7	40.1	72.0
WP_076981411.1	gnl|META|EG10837-MONOMER	8.2e-21	23.9	465	99.4	40.4	36.5
WP_076981411.1	gnl|META|EG10837-MONOMER	1.3e-02	38.6	70	38.9	51.4	5.5
WP_076981411.1	gnl|META|EG11064-MONOMER	7.7e-19	23.3	451	92.8	42.1	36.1
WP_076981411.1	gnl|META|EG11064-MONOMER	1.1e-01	27.7	166	35.8	45.2	13.2
WP_076981414.1	gnl|META|G12WB-675-MONOMER	7.1e-48	33.4	302	187.6	54.0	77.7
WP_076981460.1	gnl|META|MONOMER-9982	2.4e-80	28.2	783	296.6	47.0	88.0
WP_076981500.1	gnl|META|EG11061-MONOMER	0.0e+00	58.5	940	1096.3	74.9	98.4
WP_076981516.1	gnl|META|EMRD-MONOMER	6.3e-12	22.4	183	68.2	47.0	47.2
WP_076981516.1	gnl|META|BCR-MONOMER	3.5e-10	22.3	350	62.4	40.0	87.4
WP_082267653.1	gnl|META|EG10823-MONOMER	2.6e-104	52.9	350	375.2	75.1	83.9
WP_082267699.1	gnl|META|MONOMER-13042	1.2e-111	62.4	287	399.1	81.5	95.7
WP_082267756.1	gnl|META|FECD-MONOMER	2.5e-41	32.0	322	165.6	54.7	96.7
WP_082267756.1	gnl|META|BTUC-MONOMER	2.2e-37	34.5	322	152.5	54.7	96.7
WP_082267771.1	gnl|META|AT1G23740-MONOMER	1.4e-25	31.7	290	113.2	47.6	83.5
WP_082267771.1	gnl|META|MONOMER-14068	2.5e-25	31.7	290	112.5	48.3	83.5
WP_082267772.1	gnl|META|YBHF-MONOMER	4.6e-32	25.7	565	135.6	44.1	92.9
WP_082267772.1	gnl|META|YEJF-MONOMER	3.9e-31	27.4	515	132.5	44.7	88.3
WP_082267772.1	gnl|META|YLIA-MONOMER	1.6e-29	25.5	546	127.1	45.4	92.7
WP_082267772.1	gnl|META|G12WB-159-MONOMER	3.1e-28	31.2	234	122.9	55.1	42.0
WP_082267775.1	gnl|META|G185E-7476-MONOMER	2.2e-04	30.0	80	41.6	50.0	56.9
WP_082267776.1	gnl|META|MONOMER-12254	5.5e-80	52.5	284	293.9	69.0	93.7
WP_082267779.1	gnl|META|G6340-MONOMER	1.1e-14	27.2	169	76.3	49.1	89.3
WP_082267783.1	gnl|META|AIRS-MONOMER	9.5e-81	47.9	338	296.6	61.8	97.3
WP_082267783.1	gnl|META|HS08358-MONOMER	9.9e-78	47.1	329	286.6	64.7	95.3
WP_082267783.1	gnl|META|YGL234W-MONOMER	4.3e-73	46.7	332	271.2	61.1	95.3
WP_082267784.1	gnl|META|MONOMER-19973	9.5e-32	31.4	312	134.0	51.9	76.6
WP_082267785.1	gnl|META|MONOMER-15459	3.1e-140	56.4	431	494.6	73.3	97.1
WP_082267789.1	gnl|META|CELB-MONOMER	7.8e-19	25.6	301	91.3	45.8	64.8
WP_082267790.1	gnl|META|G6246-MONOMER	1.0e-08	26.2	240	57.0	41.2	86.5
WP_082267793.1	gnl|META|MONOMER-18243	4.2e-22	30.2	298	101.7	48.7	94.6
WP_082267794.1	gnl|META|H2PTERIDINEPYROPHOSPHOKIN-MONOMER	3.7e-20	39.1	128	94.4	57.8	72.2
WP_082267795.1	gnl|META|BSU22780-MONOMER	1.1e-41	43.9	189	166.0	67.2	100.0
WP_082267798.1	gnl|META|MONOMER-14952	1.4e-01	28.0	82	35.0	50.0	8.6
WP_082267806.1	gnl|META|NUPC-MONOMER	1.2e-49	42.6	263	193.0	68.1	95.6
WP_082267807.1	gnl|META|ACETYLORNDEACET-MONOMER	3.8e-23	26.5	392	105.5	43.6	91.0
WP_082267808.1	gnl|META|HS07681-MONOMER	1.5e-09	35.0	100	60.5	53.0	22.3
WP_082267809.1	gnl|META|G7845-MONOMER	6.0e-39	34.0	244	157.5	58.2	82.0
WP_082267827.1	gnl|META|BSU33400-MONOMER	6.2e-65	47.9	261	243.8	66.7	90.3
WP_082267827.1	gnl|META|MONOMER-17833	2.3e-59	42.9	261	225.3	64.4	89.6
WP_082267829.1	gnl|META|EG12115-MONOMER	1.3e-25	31.6	225	112.8	53.8	97.0
WP_082267832.1	gnl|META|YBHF-MONOMER	1.9e-21	32.7	220	99.4	50.5	73.1
WP_082267832.1	gnl|META|POTG-MONOMER	4.7e-20	30.7	215	94.7	52.6	71.7
WP_082267838.1	gnl|META|MONOMER-16539	4.1e-01	50.0	28	32.3	67.9	6.8
WP_082267845.1	gnl|META|G3O-34097-MONOMER	2.8e-08	25.0	108	56.2	55.6	24.2
WP_082267845.1	gnl|META|GLYCPDIESTER-PERI-MONOMER	5.3e-07	46.4	56	52.0	62.5	12.8
WP_082268012.1	gnl|META|MALTACETYLTRAN-MONOMER	1.9e-03	51.2	86	38.1	64.0	78.3
WP_082268413.1	gnl|META|ABC-MONOMER	5.2e-27	36.0	189	117.5	59.3	84.1
WP_082268413.1	gnl|META|MACB	8.8e-27	35.3	201	116.7	55.7	90.0
WP_082268413.1	gnl|META|GLTL-MONOMER	1.5e-26	36.0	200	115.9	60.0	89.5
WP_082268413.1	gnl|META|TAUB-MONOMER	1.1e-24	35.1	191	109.8	54.5	86.8
WP_082268413.1	gnl|META|PROV-MONOMER	2.4e-24	31.9	185	108.6	57.8	82.7
WP_082268413.1	gnl|META|EG12347-MONOMER	5.3e-24	34.7	193	107.5	55.4	84.1
WP_082268413.1	gnl|META|GLNQ-MONOMER	7.0e-24	33.7	199	107.1	57.8	89.5
WP_082268413.1	gnl|META|CYSA-MONOMER	7.0e-24	33.5	185	107.1	57.8	82.3
WP_089535041.1	gnl|META|G6131-MONOMER	2.3e-26	31.8	343	115.9	46.9	95.6
WP_089535043.1	gnl|META|MONOMER-17413	1.4e-06	27.8	115	48.9	42.6	76.9
WP_089535049.1	gnl|META|G495-MONOMER	1.4e-173	58.7	479	605.5	74.1	99.8
WP_089535052.1	gnl|META|MONOMER-14165	4.4e-31	28.8	302	131.7	50.0	82.6
WP_089535054.1	gnl|META|G7558-MONOMER	2.3e-108	57.7	326	388.3	75.2	98.2
WP_089535056.1	gnl|META|EG12128-MONOMER	8.8e-24	27.6	279	107.1	48.0	91.7
WP_089535058.1	gnl|META|YBHF-MONOMER	4.5e-34	35.1	248	141.4	58.5	81.8
WP_089535059.1	gnl|META|G3O-34012-MONOMER	1.7e-03	36.4	77	40.8	51.9	12.0
WP_089535061.1	gnl|META|YEHZ-MONOMER	1.4e-14	23.7	317	76.6	43.8	95.5
WP_089535064.1	gnl|META|EG10857-MONOMER	1.7e-28	34.3	236	122.5	55.5	99.6
WP_089535066.1	gnl|META|MONOMER-15471	2.6e-133	40.5	703	472.2	57.0	99.4
WP_089535067.1	gnl|META|GALACTOKIN-MONOMER	2.0e-66	38.0	363	249.2	60.1	93.0
WP_089535067.1	gnl|META|MONOMER-505	4.3e-61	36.8	364	231.5	56.3	93.8
WP_089535073.1	gnl|META|MONOMER-14622	4.9e-14	31.7	167	75.1	52.7	45.5
WP_089535074.1	gnl|META|MONOMER-12104	1.3e-64	45.8	238	242.7	67.2	87.8
WP_089535075.1	gnl|META|EG11881-MONOMER	3.1e-117	49.4	472	418.3	68.0	98.1
WP_089535076.1	gnl|META|MONOMER-14068	8.9e-26	29.6	351	114.0	47.9	98.5
WP_089535077.1	gnl|META|MONOMER-20049	1.7e-38	47.7	153	155.2	68.6	86.5
WP_089535081.1	gnl|META|MONOMER-15460	2.7e-136	59.8	418	481.5	76.8	96.3
WP_089535086.1	gnl|META|CODB-MONOMER	1.2e-01	22.8	408	34.3	38.0	86.5
WP_089535105.1	gnl|META|EG10211-MONOMER	1.7e-06	51.9	52	47.4	63.5	89.7
WP_089535113.1	gnl|META|MONOMER-19356	9.1e-01	41.7	36	30.4	58.3	14.9
WP_089535114.1	gnl|META|EG12045-MONOMER	2.7e-22	25.3	371	102.8	43.1	71.7
WP_089535122.1	gnl|META|G7706-MONOMER	5.2e-03	35.8	53	36.6	66.0	53.5
WP_089535124.1	gnl|META|MONOMER-15472	5.4e-110	36.0	706	394.8	55.4	98.9
WP_089535126.1	gnl|META|POTC-MONOMER	3.8e-35	35.4	237	144.8	61.6	86.5
WP_089535128.1	gnl|META|EG11494-MONOMER	4.2e-16	33.5	164	82.0	51.8	41.5
WP_089535129.1	gnl|META|AT1G23740-MONOMER	3.5e-21	27.2	324	98.6	44.8	99.4
WP_089535129.1	gnl|META|MONOMER-14068	2.5e-19	27.1	303	92.4	43.6	92.3
WP_089535131.1	gnl|META|CYCA-MONOMER	2.3e-03	21.0	491	40.0	40.9	99.8
WP_089535132.1	gnl|META|YDEA-MONOMER	7.3e-32	29.2	384	134.4	51.0	95.4
WP_089535133.1	gnl|META|MONOMER-14503	3.5e-82	33.3	685	302.4	52.7	93.6
WP_089535134.1	gnl|META|MONOMER-11829	5.5e-78	39.2	421	287.7	59.4	98.8
WP_089535134.1	gnl|META|MONOMER-18244	2.1e-77	42.3	418	285.8	62.2	98.6
WP_089535134.1	gnl|META|MONOMER-17205	2.7e-77	40.8	426	285.4	59.9	98.6
WP_089535135.1	gnl|META|MONOMER-13086	4.4e-109	52.9	391	391.0	70.6	98.0
WP_089535135.1	gnl|META|MONOMER-13468	4.5e-106	52.3	392	380.9	70.2	98.0
WP_089535135.1	gnl|META|ACETYL-COA-ACETYLTRANSFER-MONOMER	6.1e-103	54.5	391	370.5	66.5	98.0
WP_089535135.1	gnl|META|MONOMER-18244	1.5e-101	53.1	386	365.9	70.7	97.0
WP_089535135.1	gnl|META|THLCLOS-MONOMER	1.4e-99	50.8	386	359.4	67.6	97.0
WP_089535138.1	gnl|META|DTDPGLUCDEHYDRAT2-MONOMER	5.9e-83	48.1	339	303.9	62.8	94.3
WP_089535138.1	gnl|META|DTDPGLUCDEHYDRAT-MONOMER	4.7e-80	45.8	347	294.3	60.8	95.8
WP_089535138.1	gnl|META|MONOMER-18087	5.7e-78	45.3	329	287.3	60.5	96.7
WP_089535138.1	gnl|META|MONOMER-17071	5.7e-78	46.7	319	287.3	63.3	94.3
WP_089535138.1	gnl|META|MONOMER-18133	2.2e-77	43.4	346	285.4	61.0	94.3
WP_089535138.1	gnl|META|MONOMER-18352	4.8e-77	45.8	323	284.3	61.6	94.9
WP_089535138.1	gnl|META|MONOMER-17068	1.8e-76	45.3	322	282.3	62.4	94.6
WP_089535138.1	gnl|META|MONOMER-16952	7.0e-76	45.5	321	280.4	62.9	94.3
WP_089535138.1	gnl|META|MONOMER-17087	9.1e-76	44.9	321	280.0	62.6	94.3
WP_089535138.1	gnl|META|MONOMER-17549	7.7e-75	44.8	326	276.9	60.7	95.8
WP_089535138.1	gnl|META|MONOMER-19394	1.7e-74	43.8	320	275.8	63.4	94.6
WP_089535144.1	gnl|META|MONOMER-20063	2.2e-12	36.7	109	68.6	54.1	61.3
WP_089535145.1	gnl|META|MONOMER-20063	7.0e-01	25.4	122	30.4	49.2	61.1
WP_089535146.1	gnl|META|G7105-MONOMER	6.9e-28	32.4	204	120.6	54.9	82.3
WP_089535146.1	gnl|META|EG11826-MONOMER	9.0e-28	33.2	208	120.2	53.4	83.9
WP_089535147.1	gnl|META|BSU35650-MONOMER	2.2e-58	40.6	293	222.2	62.5	90.4
WP_089535147.1	gnl|META|MONOMER-19997	5.4e-57	41.0	288	217.6	61.8	88.9
WP_089535147.1	gnl|META|MONOMER-20031	5.0e-55	41.5	311	211.1	61.7	91.3
WP_089535148.1	gnl|META|EG10570-MONOMER	1.7e-40	36.8	253	162.5	55.3	95.1
WP_089535149.1	gnl|META|MONOMER-17204	9.0e-07	26.2	145	49.7	47.6	94.0
WP_089535149.1	gnl|META|MONOMER-18499	3.4e-06	31.7	139	47.8	48.2	86.0
WP_089535149.1	gnl|META|MONOMER-13232	1.7e-05	28.5	123	45.4	48.8	77.3
WP_089535152.1	gnl|META|EG11247-MONOMER	1.0e-37	28.0	440	154.1	46.8	96.0
WP_089535153.1	gnl|META|EG11064-MONOMER	3.0e-151	39.9	749	531.9	59.5	99.9
WP_089535154.1	gnl|META|MONOMER-16296	1.8e-12	27.5	193	69.7	44.0	57.3
WP_089535161.1	gnl|META|YFEP-MONOMER	9.6e-65	35.9	415	243.8	59.3	93.2
WP_089535165.1	gnl|META|G1G01-5484-MONOMER	1.2e-84	36.3	623	310.5	56.3	98.5
WP_089535165.1	gnl|META|YHHO-MONOMER	9.9e-76	36.0	608	280.8	55.9	96.3
WP_089535166.1	gnl|META|G6131-MONOMER	3.3e-24	29.3	311	108.6	43.7	92.5
WP_089535168.1	gnl|META|MONOMER-14570	3.5e-01	30.7	88	32.3	53.4	23.4
WP_089535170.1	gnl|META|AT1G23740-MONOMER	2.3e-44	37.2	320	175.6	54.1	98.1
WP_089535170.1	gnl|META|MONOMER-14068	1.1e-43	36.1	302	173.3	55.0	92.4
WP_089535173.1	gnl|META|PD00219	2.1e-25	30.0	280	112.8	50.7	76.5
WP_089535174.1	gnl|META|EG10424-MONOMER	5.6e-170	43.5	800	594.0	57.1	96.3
WP_089535176.1	gnl|META|EG10844-MONOMER	1.0e-04	22.6	327	45.1	41.0	44.0
WP_089535176.1	gnl|META|EG10833-MONOMER	6.5e-04	26.1	88	42.4	50.0	12.9
WP_089535178.1	gnl|META|G6339-MONOMER	1.0e-35	39.1	279	146.7	55.2	96.5
WP_089535181.1	gnl|META|BSU35660-MONOMER	2.5e-138	64.6	373	488.0	80.7	100.0
WP_089535181.1	gnl|META|MONOMER-19966	9.4e-138	64.6	373	486.1	80.7	100.0
WP_089535181.1	gnl|META|MONOMER-19982	9.7e-127	58.7	373	449.5	77.5	100.0
WP_089535182.1	gnl|META|LYSU-MONOMER	1.9e-138	50.9	491	488.8	68.0	98.6
WP_089535182.1	gnl|META|LYSS-MONOMER	1.4e-136	50.0	492	482.6	68.5	98.8
WP_089535188.1	gnl|META|CYDC-MONOMER	1.4e-09	22.1	398	60.8	43.5	71.4
WP_089535188.1	gnl|META|EG10613-MONOMER	1.2e-08	20.7	468	57.8	38.9	81.5
WP_089535189.1	gnl|META|MONOMER0-146	4.0e-01	28.4	67	31.6	47.8	28.0
WP_089535192.1	gnl|META|YBHF-MONOMER	4.5e-34	36.4	220	141.4	55.5	72.3
WP_089535192.1	gnl|META|BSU02750-MONOMER	4.3e-32	31.9	229	134.8	56.3	73.0
WP_089535192.1	gnl|META|YHBG-MONOMER	4.7e-31	29.5	217	131.3	59.9	70.3
WP_089535200.1	gnl|META|EG10737-MONOMER	1.6e-11	29.7	195	65.9	45.6	96.5
WP_089535207.1	gnl|META|EG10836-MONOMER	2.0e-01	31.4	51	30.8	52.9	73.9
WP_089535212.1	gnl|META|MONOMER-15967	8.5e-01	29.6	54	32.0	51.9	7.6
WP_089535213.1	gnl|META|G6892-MONOMER	3.6e-12	33.3	105	68.9	53.3	26.3
WP_089535219.1	gnl|META|EG11013-MONOMER	8.3e-07	21.0	613	52.0	37.7	83.6
WP_099049013.1	gnl|META|EG12354-MONOMER	1.8e-03	32.6	92	40.0	48.9	18.3
WP_099713108.1	gnl|META|G7099-MONOMER	2.3e-13	29.4	136	71.6	52.2	87.2
WP_099713212.1	gnl|META|CARDIOLIPSYN-MONOMER	2.2e-46	27.5	484	183.0	46.3	99.2
WP_099735354.1	gnl|META|MONOMER-20008	3.3e-20	33.9	177	94.7	56.5	87.6
WP_099769357.1	gnl|META|EG10004-MONOMER	8.7e-73	42.0	405	270.4	60.2	99.5
WP_112234043.1	gnl|META|MONOMER-16108	6.0e-01	24.0	129	31.6	43.4	34.8
WP_157779302.1	gnl|META|MONOMER-17340	6.9e-17	27.0	315	84.3	47.9	93.7
WP_157779306.1	gnl|META|EG10828-MONOMER	1.5e-01	43.3	30	33.9	73.3	6.7
WP_157779309.1	gnl|META|MONOMER-12998	3.9e-05	22.3	251	45.1	37.8	87.9
