WP_002563183.1	gnl|META|EG11232-MONOMER	1.3e-07	60.5	38	50.4	76.3	100.0
WP_003148139.1	gnl|META|BSU15490-MONOMER	6.3e-55	42.0	295	210.7	59.7	94.9
WP_003148140.1	gnl|META|EG10877-MONOMER	4.2e-38	56.0	134	153.7	76.1	95.0
WP_003148141.1	gnl|META|EG10867-MONOMER	4.6e-33	42.1	190	137.5	60.0	91.3
WP_003148143.1	gnl|META|YADQ-MONOMER	3.5e-40	30.4	425	162.5	49.2	76.1
WP_003148145.1	gnl|META|BSU15500-MONOMER	3.2e-89	41.5	427	325.1	57.1	98.2
WP_003148147.1	gnl|META|AT5G62790-MONOMER	1.3e-73	42.4	394	273.1	58.1	96.5
WP_003148147.1	gnl|META|DXPREDISOM-MONOMER	3.3e-72	41.2	393	268.5	56.5	95.5
WP_003148147.1	gnl|META|MONOMER-16159	2.8e-71	42.0	393	265.4	57.0	96.2
WP_003148147.1	gnl|META|MONOMER-18397	2.2e-68	38.7	403	255.8	56.3	94.2
WP_003148148.1	gnl|META|MONOMER-18601	6.8e-16	29.6	189	80.9	45.0	67.1
WP_003148150.1	gnl|META|MONOMER-12255	4.7e-49	33.5	466	191.8	50.0	94.1
WP_003148150.1	gnl|META|G185E-6365-MONOMER	7.0e-45	31.8	484	177.9	46.7	95.4
WP_003148152.1	gnl|META|G185E-6255-MONOMER	8.8e-14	25.8	229	73.6	44.5	94.2
WP_003148153.1	gnl|META|EG10906-MONOMER	3.4e-41	49.4	156	164.1	75.0	100.0
WP_003148155.1	gnl|META|EG11081-MONOMER	4.3e-34	31.1	286	141.4	53.5	97.5
WP_003148156.1	gnl|META|G7319-MONOMER	3.2e-84	38.0	461	308.5	59.9	98.4
WP_003148157.1	gnl|META|LIVJ-MONOMER	6.0e-18	26.1	253	88.2	45.1	63.1
WP_003148157.1	gnl|META|LIVK-MONOMER	5.6e-16	22.2	343	81.6	41.7	87.0
WP_003148158.1	gnl|META|MONOMER-502	1.0e-79	39.1	440	293.5	53.4	97.7
WP_003148162.1	gnl|META|G185E-7206-MONOMER	1.2e-06	33.0	88	50.1	51.1	32.0
WP_003148162.1	gnl|META|MONOMER-19635	1.2e-06	33.0	88	50.1	51.1	32.0
WP_003148165.1	gnl|META|FORMYLSYNTHCLTH-MONOMER	1.1e-206	64.0	561	715.7	79.1	100.0
WP_003148165.1	gnl|META|MONOMER-13114	4.1e-206	64.4	556	713.8	78.2	99.1
WP_003148165.1	gnl|META|MONOMER-3942	7.8e-189	59.9	556	656.4	76.3	99.1
WP_003148166.1	gnl|META|BSU00880-MONOMER	4.2e-42	28.2	337	168.3	53.4	93.9
WP_003148167.1	gnl|META|EG10919-MONOMER	1.2e-14	49.4	87	75.1	73.6	100.0
WP_003148169.1	gnl|META|EG10613-MONOMER	7.0e-31	29.1	333	131.7	52.3	54.9
WP_003148169.1	gnl|META|CYDC-MONOMER	1.2e-30	35.7	241	131.0	54.4	39.8
WP_003148169.1	gnl|META|CYDD-MONOMER	3.8e-29	28.5	389	125.9	47.0	64.3
WP_003148171.1	gnl|META|DGTPTRIPHYDRO-MONOMER	6.2e-14	30.8	182	74.7	43.4	37.5
WP_003148175.1	gnl|META|MONOMER-18127	1.9e-15	28.3	159	78.6	49.1	98.1
WP_003148175.1	gnl|META|MANX-MONOMER	2.5e-15	28.6	161	78.2	53.4	99.4
WP_003148176.1	gnl|META|MONOMER-20016	4.3e-26	30.5	262	114.8	50.4	92.9
WP_003148177.1	gnl|META|LSERINEDEAM2-MONOMER	9.9e-40	30.1	519	161.0	45.3	93.4
WP_003148177.1	gnl|META|LSERINEDEAM3-MONOMER	1.4e-38	29.0	524	157.1	45.8	95.1
WP_003148177.1	gnl|META|LSERINEDEAM1-MONOMER	6.0e-37	28.9	530	151.8	42.3	93.1
WP_003148178.1	gnl|META|MONOMER-20238	4.0e-114	38.1	593	408.3	56.3	98.2
WP_003148181.1	gnl|META|DIACYLGLYKIN-MONOMER	3.7e-06	28.2	85	47.4	61.2	68.0
WP_003148182.1	gnl|META|MONOMER-15863	1.1e-04	31.7	63	43.1	65.1	32.5
WP_003148186.1	gnl|META|HS06563-MONOMER	2.0e-32	29.4	316	136.0	49.1	97.8
WP_003148186.1	gnl|META|MONOMER-16803	2.0e-32	31.3	316	136.0	48.4	98.4
WP_003148187.1	gnl|META|EG12235-MONOMER	1.7e-03	40.3	67	38.5	55.2	53.7
WP_003148188.1	gnl|META|MONOMER-16338	6.4e-23	23.9	461	105.1	38.0	75.2
WP_003148188.1	gnl|META|MONOMER-261	3.9e-20	29.4	289	95.9	46.4	47.2
WP_003148189.1	gnl|META|TRPS-MONOMER	2.8e-35	30.9	327	145.6	48.0	91.4
WP_003148191.1	gnl|META|G6364-MONOMER	8.3e-88	40.0	445	320.5	60.7	96.5
WP_003148193.1	gnl|META|PD00219	8.0e-30	28.3	346	127.5	47.4	97.2
WP_003148197.1	gnl|META|EG12097-MONOMER	4.1e-18	33.1	236	88.2	42.4	86.6
WP_003148198.1	gnl|META|MONOMER3O-3915	2.6e-17	26.8	257	85.9	47.1	69.5
WP_003148199.1	gnl|META|G6110-MONOMER	3.3e-05	30.0	80	43.9	51.2	79.2
WP_003148200.1	gnl|META|MONOMER-18184	2.3e-11	28.1	267	65.9	39.0	77.4
WP_003148202.1	gnl|META|MONOMER-13809	1.3e-08	28.4	148	56.6	46.6	55.8
WP_003148202.1	gnl|META|MONOMER-15090	2.2e-08	38.6	114	55.8	51.8	42.3
WP_003148202.1	gnl|META|MONOMER-15145	1.4e-07	36.8	117	53.1	52.1	43.8
WP_003148203.1	gnl|META|G6906-MONOMER	4.3e-40	30.9	388	161.8	47.4	96.4
WP_003148203.1	gnl|META|G7454-MONOMER	2.3e-38	30.1	389	156.0	46.3	96.9
WP_003148205.1	gnl|META|EG10606-MONOMER	5.7e-61	29.7	546	231.9	47.1	80.6
WP_003148212.1	gnl|META|MONOMER-11548	1.3e-18	25.7	319	90.5	42.3	68.9
WP_003148217.1	gnl|META|EG10902-MONOMER	2.5e-48	42.8	236	188.3	60.6	100.0
WP_003148220.1	gnl|META|DCTP-DEAM-MONOMER	1.4e-38	44.5	191	155.6	59.7	98.4
WP_003148223.1	gnl|META|DIHYDRODIPICSYN-MONOMER	4.2e-64	42.1	290	241.1	63.4	97.3
WP_003148223.1	gnl|META|MONOMER-6565	2.4e-59	40.4	277	225.3	62.5	93.3
WP_003148225.1	gnl|META|THRS-MONOMER	1.9e-153	47.3	584	538.9	64.0	98.6
WP_003148226.1	gnl|META|MONOMER-19823	3.0e-03	37.9	66	39.3	51.5	16.9
WP_003148228.1	gnl|META|HS00528-MONOMER	1.5e-35	32.3	316	146.4	47.2	88.2
WP_003148229.1	gnl|META|BSU15530-MONOMER	4.6e-30	30.9	256	127.9	51.2	95.1
WP_003148230.1	gnl|META|VALS-MONOMER	8.7e-190	39.4	963	660.2	56.0	99.1
WP_003148231.1	gnl|META|EG10529-MONOMER	1.3e-23	23.8	504	107.8	37.9	70.1
WP_003148235.1	gnl|META|DTDPGLUCDEHYDRAT2-MONOMER	2.1e-99	51.6	353	358.6	64.3	97.2
WP_003148235.1	gnl|META|DTDPGLUCDEHYDRAT-MONOMER	2.8e-99	49.6	361	358.2	63.7	98.9
WP_003148235.1	gnl|META|MONOMER-18133	1.0e-96	49.7	354	349.7	64.7	95.8
WP_003148235.1	gnl|META|MONOMER-17002	1.4e-90	50.0	336	329.3	63.7	93.0
WP_003148237.1	gnl|META|BSU29580-MONOMER	1.2e-53	32.6	380	206.8	53.7	91.5
WP_003148238.1	gnl|META|LIVF-MONOMER	8.8e-65	56.8	234	243.0	72.6	97.9
WP_003148239.1	gnl|META|MONOMER-4906	3.5e-22	31.4	191	101.3	50.3	93.1
WP_003148243.1	gnl|META|MONOMER-17242	8.3e-01	35.1	57	31.2	52.6	15.1
WP_003148244.1	gnl|META|EG10484-MONOMER	9.8e-50	45.2	219	193.0	61.6	97.8
WP_003148247.1	gnl|META|MONOMER-15847	8.8e-304	59.6	858	1038.9	77.5	98.2
WP_003148247.1	gnl|META|ADHE-MONOMER	2.7e-289	57.5	866	990.7	74.7	98.5
WP_003148247.1	gnl|META|GIO2-535-MONOMER	2.6e-279	55.9	860	957.6	71.7	97.9
WP_003148247.1	gnl|META|AADCLOS-MONOMER	2.1e-273	55.4	858	937.9	72.1	98.2
WP_003148248.1	gnl|META|MONOMER-14610	1.4e-60	28.2	701	231.1	46.9	63.1
WP_003148248.1	gnl|META|AT4G30190-MONOMER	9.4e-57	24.2	806	218.4	46.8	82.7
WP_003148248.1	gnl|META|G3O-30531-MONOMER	3.6e-56	28.0	640	216.5	47.7	64.9
WP_003148248.1	gnl|META|MONOMER-14600	1.1e-54	25.5	881	211.5	45.3	78.5
WP_003148250.1	gnl|META|EG11003-MONOMER	8.3e-22	27.5	437	101.3	45.5	86.6
WP_003148251.1	gnl|META|EG10914-MONOMER	9.7e-20	47.7	88	92.0	71.6	95.7
WP_003148252.1	gnl|META|G6488-MONOMER	3.3e-118	36.0	753	422.2	52.2	99.1
WP_003148258.1	gnl|META|PITB-MONOMER	7.3e-25	25.6	481	110.9	39.7	95.8
WP_003148258.1	gnl|META|PITA-MONOMER	4.7e-24	26.1	494	108.2	39.3	97.3
WP_003148259.1	gnl|META|EG10911-MONOMER	3.1e-45	71.5	123	177.2	82.1	100.0
WP_003148260.1	gnl|META|GLYS-MONOMER	4.6e-114	36.3	695	408.3	52.8	98.9
WP_003148261.1	gnl|META|DIAMINOPIMDECARB-MONOMER	4.2e-33	29.7	427	138.7	47.3	94.6
WP_003148261.1	gnl|META|STM2360-MONOMER	1.5e-30	26.3	426	130.2	44.8	93.0
WP_003148268.1	gnl|META|EG11057-MONOMER	9.7e-10	30.4	125	60.1	51.2	56.4
WP_003148270.1	gnl|META|EG10613-MONOMER	1.1e-47	26.3	555	187.6	49.0	95.0
WP_003148271.1	gnl|META|EG10344-MONOMER	8.1e-34	32.8	354	141.0	52.8	83.6
WP_003148276.1	gnl|META|ENSG00000110871-MONOMER	2.5e-07	27.4	117	52.0	47.9	51.7
WP_003148276.1	gnl|META|2-OCTAPRENYL-METHOXY-BENZOQ-METH-MONOMER	2.5e-07	33.6	113	52.0	54.0	51.2
WP_003148276.1	gnl|META|MONOMER-15090	9.5e-07	33.6	110	50.1	48.2	50.2
WP_003148276.1	gnl|META|MONOMER-20788	1.2e-06	34.4	96	49.7	49.0	45.4
WP_003148276.1	gnl|META|MONOMER-19334	2.1e-06	26.5	117	48.9	46.2	51.7
WP_003148276.1	gnl|META|MONOMER-17600	6.2e-06	27.4	124	47.4	47.6	54.1
WP_003148279.1	gnl|META|MONOMER-3943	2.5e-21	35.4	198	98.6	53.0	89.0
WP_003148283.1	gnl|META|GDHA-MONOMER	3.1e-148	59.2	441	521.2	73.2	98.9
WP_003148284.1	gnl|META|EG10529-MONOMER	5.5e-188	54.1	593	653.7	74.0	98.3
WP_003148285.1	gnl|META|G1G01-1865-MONOMER	5.2e-09	23.5	221	57.8	41.6	89.0
WP_003148285.1	gnl|META|MONOMER-20723	1.2e-08	27.7	184	56.6	42.9	76.7
WP_003148286.1	gnl|META|MONOMER-10303	4.6e-66	32.4	389	248.1	54.8	98.0
WP_003148288.1	gnl|META|PYRUVFORMLY-MONOMER	1.4e-259	64.5	678	891.7	78.2	92.6
WP_003148288.1	gnl|META|KETOBUTFORMLY-INACT-MONOMER	1.6e-242	61.8	671	835.1	75.1	91.6
WP_003148288.1	gnl|META|MONOMER-17779	5.9e-237	60.6	667	816.6	75.0	91.5
WP_003148288.1	gnl|META|MONOMER-12106	6.1e-234	58.9	664	806.6	75.2	91.5
WP_003148289.1	gnl|META|EG10595-MONOMER	1.4e-41	36.4	305	166.4	56.4	96.2
WP_003148290.1	gnl|META|EG10872-MONOMER	1.4e-38	57.4	141	155.2	72.3	98.6
WP_003148293.1	gnl|META|G7682-MONOMER	1.2e-45	35.7	359	180.6	54.9	63.7
WP_003148293.1	gnl|META|EG10463-MONOMER	4.5e-45	39.5	266	178.7	59.4	50.7
WP_003148294.1	gnl|META|EG10375-MONOMER	1.3e-05	35.3	116	47.4	44.8	25.2
WP_003148294.1	gnl|META|G3O-30709-MONOMER	2.3e-05	21.7	420	46.6	38.3	79.5
WP_003148299.1	gnl|META|EG10883-MONOMER	2.0e-10	48.3	87	61.2	59.8	86.9
WP_003148302.1	gnl|META|AROB-MONOMER	1.4e-53	36.9	350	206.5	54.6	91.9
WP_003148309.1	gnl|META|LIVG-MONOMER	8.1e-62	47.6	250	233.4	64.0	90.6
WP_003148310.1	gnl|META|G6457-MONOMER	6.8e-126	43.1	559	447.2	60.1	99.2
WP_003148312.1	gnl|META|MONOMER-17040	3.8e-01	36.0	50	32.7	58.0	9.4
WP_003148314.1	gnl|META|EG12128-MONOMER	1.4e-50	41.0	283	196.1	55.8	96.0
WP_003148318.1	gnl|META|LIVM-MONOMER	6.3e-33	37.7	247	137.9	56.3	56.3
WP_003148322.1	gnl|META|TYRS-MONOMER	7.4e-40	29.6	405	161.0	48.9	95.0
WP_003148323.1	gnl|META|MONOMER-14812	1.7e-01	38.2	34	33.9	58.8	6.7
WP_003148327.1	gnl|META|PROS-MONOMER	4.5e-131	45.5	574	464.5	61.5	98.2
WP_003148332.1	gnl|META|EG10866-MONOMER	1.1e-47	50.2	203	186.0	65.0	98.1
WP_003148333.1	gnl|META|UPPSYN-MONOMER	4.0e-55	46.1	228	211.1	63.6	87.7
WP_003148333.1	gnl|META|MONOMER-15682	2.0e-54	45.5	231	208.8	60.6	88.8
WP_003148334.1	gnl|META|G6475-MONOMER	1.9e-01	29.7	74	33.9	50.0	11.9
WP_003148335.1	gnl|META|NICONUCADENYLYLTRAN-MONOMER	4.0e-22	30.0	207	101.3	45.9	83.2
WP_003148337.1	gnl|META|EG10865-MONOMER	1.5e-84	59.6	275	308.9	69.5	98.9
WP_003148339.1	gnl|META|MONOMER-18819	9.7e-97	37.0	578	351.3	53.1	57.3
WP_003148340.1	gnl|META|EG11158-MONOMER	4.0e-10	29.5	149	61.2	47.7	72.0
WP_003148341.1	gnl|META|FRUB-MONOMER	7.3e-12	34.4	90	65.9	57.8	100.0
WP_003148341.1	gnl|META|PTSH-MONOMER	1.4e-10	40.5	84	61.6	60.7	93.3
WP_003148342.1	gnl|META|MONOMER-14087	5.2e-10	26.3	213	61.2	44.1	78.1
WP_003148343.1	gnl|META|PD00230	2.3e-06	39.1	69	47.8	60.9	67.0
WP_003148345.1	gnl|META|EG10916-MONOMER	9.0e-15	53.2	79	75.5	62.0	87.5
WP_003148347.1	gnl|META|MONOMER-14086	6.2e-61	43.2	322	230.7	59.9	97.6
WP_003148348.1	gnl|META|MONOMER-19684	3.9e-03	30.6	124	37.4	40.3	84.3
WP_003148350.1	gnl|META|NACGLCTRANS-MONOMER	1.2e-36	33.5	370	150.2	49.5	96.8
WP_003148350.1	gnl|META|G185E-6361-MONOMER	2.3e-35	33.4	347	146.0	48.4	88.7
WP_003148353.1	gnl|META|EG11384-MONOMER	2.3e-60	55.6	187	228.0	73.8	100.0
WP_003148356.1	gnl|META|LYSU-MONOMER	1.6e-122	46.8	502	436.0	63.1	95.2
WP_003148356.1	gnl|META|LYSS-MONOMER	3.2e-120	45.7	505	428.3	63.4	95.8
WP_003148361.1	gnl|META|MONOMER-3561	7.5e-01	46.9	32	30.8	62.5	12.4
WP_003148361.1	gnl|META|3-ISOPROPYLMALDEHYDROG-MONOMER	9.8e-01	35.8	53	30.4	47.2	17.0
WP_003148362.1	gnl|META|AT2G41880-MONOMER	3.4e-38	46.6	178	154.5	65.7	88.3
WP_003148372.1	gnl|META|MONOMER-18049	5.9e-46	30.7	417	181.4	45.3	91.8
WP_003148373.1	gnl|META|EG11064-MONOMER	3.0e-139	39.7	751	492.3	55.0	87.1
WP_003148376.1	gnl|META|EG50001-MONOMER	1.2e-11	33.7	101	65.5	60.4	86.2
WP_003148377.1	gnl|META|EG10887-MONOMER	2.6e-04	41.8	55	40.4	61.8	77.5
WP_003148381.1	gnl|META|EG10873-MONOMER	1.3e-17	41.7	127	85.5	54.3	100.0
WP_003148385.1	gnl|META|G6906-MONOMER	6.0e-88	41.5	402	320.9	60.7	92.8
WP_003148387.1	gnl|META|MONOMER-16085	1.0e-01	34.5	55	33.5	50.9	24.6
WP_003148389.1	gnl|META|EG10880-MONOMER	2.5e-25	47.7	109	110.9	68.8	96.5
WP_003148390.1	gnl|META|PITB-MONOMER	6.7e-13	23.7	477	71.2	35.8	90.5
WP_003148390.1	gnl|META|PITA-MONOMER	2.8e-11	22.6	482	65.9	35.3	92.0
WP_003148394.1	gnl|META|CDPDIGLYSYN-MONOMER	1.5e-23	40.6	138	106.7	58.7	35.7
WP_003148394.1	gnl|META|MONOMER-20006	4.3e-23	43.2	139	105.1	56.8	39.0
WP_003148396.1	gnl|META|EG10743-MONOMER	1.4e-161	47.7	686	566.2	65.2	92.8
WP_003148398.1	gnl|META|MONOMER-20016	1.5e-19	27.2	257	93.2	45.5	82.5
WP_003148398.1	gnl|META|MONOMER-20015	4.2e-19	26.1	272	91.7	40.4	86.0
WP_003148398.1	gnl|META|MONOMER-18962	4.7e-18	27.8	281	88.2	41.6	85.7
WP_003148399.1	gnl|META|SPERMACTRAN-MONOMER	2.4e-03	34.4	61	39.3	54.1	20.9
WP_003148405.1	gnl|META|EG10613-MONOMER	6.6e-58	29.5	518	221.5	51.9	88.6
WP_003148406.1	gnl|META|TAUC-MONOMER	1.8e-18	28.1	249	89.4	48.2	94.2
WP_003148407.1	gnl|META|MONOMER-20127	6.8e-59	40.3	370	224.2	57.0	96.3
WP_003148408.1	gnl|META|EG11098-MONOMER	2.1e-08	43.7	71	54.3	64.8	81.6
WP_003148410.1	gnl|META|EG11404-MONOMER	7.4e-15	32.3	155	78.2	50.3	28.2
WP_003148413.1	gnl|META|EG11195-MONOMER	3.3e-31	32.9	283	131.7	51.9	98.5
WP_003148415.1	gnl|META|AT4G21470-MONOMER	9.8e-12	26.9	186	67.8	48.9	39.1
WP_003148416.1	gnl|META|EG11888-MONOMER	1.7e-25	33.2	217	112.5	47.9	98.2
WP_003148418.1	gnl|META|HS04663-MONOMER	1.9e-16	24.9	373	83.6	40.5	71.8
WP_003148419.1	gnl|META|G185E-7013-MONOMER	3.4e-31	34.4	253	131.7	49.8	88.7
WP_003148419.1	gnl|META|THYMIDYLATESYN-MONOMER	3.4e-31	32.8	253	131.7	51.0	88.7
WP_003148419.1	gnl|META|HS11096-MONOMER	1.6e-28	30.6	268	122.9	47.8	86.9
WP_003148419.1	gnl|META|MONOMER-9361	1.7e-27	29.0	286	119.4	44.8	93.6
WP_003148422.1	gnl|META|MONOMER-13706	3.2e-08	39.5	76	53.5	63.2	97.4
WP_003148424.1	gnl|META|EG10748-MONOMER	1.5e-70	28.1	793	263.8	42.4	82.1
WP_003148425.1	gnl|META|EG10881-MONOMER	7.8e-30	57.3	117	125.9	73.5	98.3
WP_003148427.1	gnl|META|MONOMER-17188	1.6e-59	40.1	332	226.1	56.0	99.1
WP_003148428.1	gnl|META|RIBOKIN-MONOMER	3.8e-36	33.0	303	148.3	49.2	98.1
WP_003148428.1	gnl|META|AT1G17160-MONOMER	1.8e-33	33.7	297	139.4	51.9	94.5
WP_003148428.1	gnl|META|MONOMER-20827	5.2e-33	31.3	307	137.9	51.1	98.7
WP_003148429.1	gnl|META|MALTACETYLTRAN-MONOMER	2.1e-22	42.0	181	102.1	54.1	89.1
WP_003148430.1	gnl|META|BSU35680-MONOMER	5.9e-09	32.7	101	58.2	53.5	28.9
WP_003148430.1	gnl|META|MONOMER-19974	5.9e-09	30.9	110	58.2	53.6	31.2
WP_003148430.1	gnl|META|BSU35690-MONOMER	1.9e-07	32.0	100	53.1	55.0	27.8
WP_003148431.1	gnl|META|STM4458-MONOMER	5.6e-18	35.7	129	86.7	57.4	100.0
WP_003148435.1	gnl|META|EG12433-MONOMER	7.0e-34	34.6	266	140.6	52.6	96.7
WP_003148436.1	gnl|META|EG10344-MONOMER	5.9e-47	35.6	360	184.9	53.6	71.8
WP_003148437.1	gnl|META|PANTEPADENYLYLTRAN-MONOMER	1.0e-30	42.3	156	129.4	65.4	92.3
WP_003148438.1	gnl|META|EG10530-MONOMER	2.0e-11	24.9	253	65.5	37.5	89.3
WP_003148440.1	gnl|META|MONOMER-18370	3.7e-07	44.6	56	49.7	57.1	91.8
WP_003148441.1	gnl|META|EG10882-MONOMER	1.2e-22	51.8	110	102.1	69.1	91.7
WP_003148449.1	gnl|META|MONOMER-12104	1.8e-50	40.8	240	195.7	58.3	87.2
WP_003148450.1	gnl|META|LIVH-MONOMER	1.2e-47	40.4	302	186.4	59.3	99.3
WP_003148451.1	gnl|META|EG11231-MONOMER	1.7e-07	48.3	58	50.8	65.5	90.6
WP_003148456.1	gnl|META|EG10901-MONOMER	2.4e-60	47.9	240	228.4	69.2	95.6
WP_003148458.1	gnl|META|G185E-4233-MONOMER	3.7e-03	46.7	45	39.7	57.8	7.5
WP_003148459.1	gnl|META|EG10240-MONOMER	5.2e-24	37.3	276	108.2	48.2	75.3
WP_003148461.1	gnl|META|FRWB-MONOMER	1.5e-21	51.6	93	98.2	71.0	88.6
WP_003148462.1	gnl|META|MONOMER-14659	1.1e-34	25.2	659	144.8	44.0	70.4
WP_003148462.1	gnl|META|HS02790-MONOMER	5.5e-34	25.8	712	142.5	41.9	71.9
WP_003148462.1	gnl|META|MONOMER-14600	5.5e-34	23.8	801	142.5	42.7	78.8
WP_003148462.1	gnl|META|AT4G30190-MONOMER	2.1e-33	26.3	529	140.6	44.2	61.8
WP_003148462.1	gnl|META|MONOMER-14610	1.4e-32	23.9	725	137.9	41.9	72.0
WP_003148462.1	gnl|META|MONOMER-14662	2.6e-31	24.3	625	133.7	44.3	67.7
WP_003148462.1	gnl|META|MONOMER-14661	5.7e-31	24.2	662	132.5	42.3	70.0
WP_003148462.1	gnl|META|G3O-30531-MONOMER	7.4e-31	24.4	745	132.1	42.4	88.0
WP_003148462.1	gnl|META|MONOMER-14495	9.7e-31	23.7	561	131.7	42.6	65.3
WP_003148464.1	gnl|META|AT3G06350-MONOMER	3.3e-20	29.3	276	95.9	48.2	57.5
WP_003148471.1	gnl|META|EG10918-MONOMER	2.2e-29	65.1	86	124.0	81.4	100.0
WP_003148475.1	gnl|META|EG10875-MONOMER	5.4e-42	67.5	123	166.4	78.9	100.0
WP_003148483.1	gnl|META|MONOMER-17076	1.2e-49	29.9	542	194.1	48.0	76.2
WP_003148485.1	gnl|META|EG10857-MONOMER	1.4e-28	33.8	228	122.9	54.8	92.2
WP_003148487.1	gnl|META|G12WB-2964-MONOMER	2.8e-84	45.3	386	308.5	60.4	99.7
WP_003148491.1	gnl|META|ARGS-MONOMER	1.3e-27	23.1	653	120.9	40.3	99.3
WP_003148494.1	gnl|META|EG12172-MONOMER	1.6e-19	37.1	116	91.7	55.2	98.3
WP_003148497.1	gnl|META|G6425-MONOMER	5.3e-11	22.2	261	64.7	41.8	87.5
WP_003148498.1	gnl|META|G12WB-160-MONOMER	1.8e-15	30.4	253	79.3	48.2	94.4
WP_003148501.1	gnl|META|AT2G02500-MONOMER	2.9e-32	36.4	225	135.2	52.4	83.3
WP_003148505.1	gnl|META|EG10830-MONOMER	1.9e-69	35.5	490	260.8	54.5	41.0
WP_003148506.1	gnl|META|MONOMER-20544	2.5e-51	27.8	942	200.3	41.4	94.5
WP_003148508.1	gnl|META|MONOMER-20601	1.2e-07	28.8	118	52.8	45.8	68.2
WP_003148510.1	gnl|META|EG12209-MONOMER	4.0e-13	37.9	103	70.5	53.4	82.9
WP_003148512.1	gnl|META|6PFK-2-MONOMER	4.3e-35	36.1	294	144.8	50.3	93.6
WP_003148512.1	gnl|META|1-PFK-MONOMER	1.6e-34	33.8	305	142.9	48.2	97.8
WP_003148519.1	gnl|META|BGLF-MONOMER	1.7e-23	38.4	146	105.5	60.3	79.8
WP_003148519.1	gnl|META|CRR-MONOMER	3.5e-21	29.2	178	97.8	50.6	97.3
WP_003148521.1	gnl|META|MONOMER-13265	3.6e-01	30.3	66	33.1	47.0	10.7
WP_003148526.1	gnl|META|CYCLODEHYCLTH-MONOMER	4.0e-40	37.1	280	161.4	53.9	98.2
WP_003148526.1	gnl|META|HS02138-MONOMER	9.9e-39	36.2	293	156.8	53.6	98.9
WP_003148526.1	gnl|META|MONOMER-20274	4.6e-36	32.9	280	147.9	52.1	98.2
WP_003148528.1	gnl|META|MONOMER-18129	2.9e-39	32.9	286	159.5	54.9	52.8
WP_003148528.1	gnl|META|MANZ-MONOMER	1.1e-35	34.5	275	147.5	51.6	50.0
WP_003148535.1	gnl|META|MONOMER-17074	1.4e-12	26.2	290	70.1	41.4	80.9
WP_003148535.1	gnl|META|BSU33530-MONOMER	2.6e-11	26.0	223	65.9	43.9	66.5
WP_003148535.1	gnl|META|MONOMER-16373	4.5e-11	25.4	276	65.1	42.0	80.3
WP_003148535.1	gnl|META|MONOMER-16620	5.9e-11	24.5	277	64.7	40.1	82.2
WP_003148535.1	gnl|META|MONOMER-13277	1.3e-10	27.6	203	63.5	42.9	58.2
WP_003148537.1	gnl|META|KETOBUTFORMLY-INACT-MONOMER	2.2e-23	63.0	81	104.0	75.3	91.6
WP_003148537.1	gnl|META|MONOMER-17779	3.8e-23	61.3	75	103.2	76.0	90.4
WP_003148537.1	gnl|META|MONOMER-12106	3.8e-23	62.2	74	103.2	81.1	89.2
WP_003148537.1	gnl|META|PYRUVFORMLY-MONOMER	2.5e-22	63.2	76	100.5	78.9	85.5
WP_003148546.1	gnl|META|EG11064-MONOMER	5.7e-16	20.4	750	83.2	34.9	63.5
WP_003148546.1	gnl|META|EG10837-MONOMER	1.7e-15	23.5	425	81.6	40.0	35.8
WP_003148546.1	gnl|META|EG10837-MONOMER	2.8e-10	33.8	139	64.3	51.1	11.6
WP_003148546.1	gnl|META|EG10824-MONOMER	2.4e-14	22.2	793	77.8	39.6	62.0
WP_003148548.1	gnl|META|MONOMER-15932	6.4e-04	31.0	71	40.4	49.3	40.6
WP_003148550.1	gnl|META|G7748-MONOMER	5.2e-06	35.0	60	46.2	53.3	76.9
WP_003148551.1	gnl|META|SYNPCC7942_1554-MONOMER	5.6e-68	63.9	191	253.4	81.7	92.7
WP_003148551.1	gnl|META|EG10158-MONOMER	4.6e-62	58.8	199	233.8	74.9	96.6
WP_003148554.1	gnl|META|EG11023-MONOMER	2.2e-56	43.6	241	215.3	62.7	91.6
WP_003148561.1	gnl|META|GLYS-MONOMER	1.6e-02	30.6	108	37.4	42.6	19.3
WP_003148563.1	gnl|META|EG10238-MONOMER	4.7e-181	35.1	1171	631.7	50.5	90.0
WP_003148564.1	gnl|META|EG10763-MONOMER	7.9e-99	33.1	774	357.8	50.5	99.3
WP_003148567.1	gnl|META|GALACTOKIN-MONOMER	1.4e-22	26.1	364	103.6	44.0	89.1
WP_003148570.1	gnl|META|EG10613-MONOMER	4.2e-36	27.0	482	149.1	47.5	83.0
WP_003148572.1	gnl|META|FRWC-MONOMER	4.8e-54	35.7	350	208.0	54.9	95.6
WP_003148573.1	gnl|META|EG10613-MONOMER	7.5e-68	29.4	588	254.6	49.3	96.2
WP_003148574.1	gnl|META|MONOMER-15328	3.0e-30	42.0	143	128.6	65.7	48.6
WP_003148574.1	gnl|META|MONOMER-15335	2.5e-29	41.7	139	125.6	65.5	47.3
WP_003148577.1	gnl|META|EG10884-MONOMER	1.3e-20	54.9	102	95.1	66.7	96.2
WP_003148579.1	gnl|META|MONOMER-19375	1.4e-195	60.4	535	678.7	78.3	98.0
WP_003148580.1	gnl|META|ADENPRIBOSYLTRAN-MONOMER	1.2e-42	50.6	158	169.1	67.1	88.3
WP_003148582.1	gnl|META|EG10201-MONOMER	2.6e-01	35.9	39	31.6	61.5	25.3
WP_003148590.1	gnl|META|EG11724-MONOMER	8.3e-69	34.9	441	257.3	56.5	99.1
WP_003148590.1	gnl|META|EG11691-MONOMER	9.5e-65	35.5	439	243.8	56.5	99.5
WP_003148591.1	gnl|META|G185E-6360-MONOMER	6.3e-91	42.0	474	330.9	55.9	96.4
WP_003148591.1	gnl|META|UDP-NACMUR-ALA-LIG-MONOMER	2.5e-87	39.9	459	318.9	58.6	95.1
WP_003148592.1	gnl|META|MONOMER-6563	8.1e-72	36.7	452	267.3	53.5	98.0
WP_003148596.1	gnl|META|EG10626-MONOMER	5.4e-12	39.5	81	67.0	59.3	54.0
WP_003148596.1	gnl|META|G6954-MONOMER	2.7e-11	33.1	130	64.7	45.4	78.7
WP_003148597.1	gnl|META|GPH-MONOMER	1.2e-20	25.1	235	96.3	47.7	97.7
WP_003148598.1	gnl|META|EG10828-MONOMER	6.9e-01	35.8	53	33.1	56.6	4.5
WP_003148599.1	gnl|META|G7704-MONOMER	4.3e-02	38.5	65	36.6	52.3	7.6
WP_003148606.1	gnl|META|EG10757-MONOMER	5.5e-19	36.4	165	90.5	47.9	88.9
WP_003148606.1	gnl|META|MONOMER-7720	2.7e-18	35.7	154	88.2	51.9	82.8
WP_003148608.1	gnl|META|MONOMER-20007	1.0e-20	29.0	286	97.1	47.9	90.6
WP_003148618.1	gnl|META|EG10240-MONOMER	3.5e-42	40.2	348	168.7	52.9	88.7
WP_003148620.1	gnl|META|EG12163-MONOMER	6.8e-16	25.2	393	81.6	42.7	79.2
WP_003148624.1	gnl|META|EG10437-MONOMER	9.6e-70	43.0	370	260.4	61.9	85.5
WP_003148632.1	gnl|META|EG10942-MONOMER	1.1e-35	30.9	337	147.1	48.1	83.5
WP_003148638.1	gnl|META|EG10343-MONOMER	2.2e-17	36.7	158	85.5	53.8	71.8
WP_003148639.1	gnl|META|EG10159-MONOMER	8.6e-135	58.3	417	476.5	74.6	95.4
WP_003148639.1	gnl|META|SYNPCC7942_2526-MONOMER	7.6e-123	52.6	439	436.8	69.5	95.9
WP_003148645.1	gnl|META|DCUC-MONOMER	1.6e-46	30.6	474	183.3	54.0	99.6
WP_003148646.1	gnl|META|BSU15540-MONOMER	9.0e-70	44.7	300	260.0	65.7	96.8
WP_003148649.1	gnl|META|MONOMER-20023	9.3e-25	31.2	279	110.5	50.9	83.6
WP_003148654.1	gnl|META|G6932-MONOMER	1.0e-19	33.0	200	93.2	50.5	90.3
WP_003148654.1	gnl|META|AT4G21470-MONOMER	1.7e-19	33.3	183	92.4	52.5	84.3
WP_003148659.1	gnl|META|EG12216-MONOMER	3.0e-02	42.4	33	33.5	66.7	48.5
WP_003148661.1	gnl|META|EG11062-MONOMER	1.1e-04	24.8	137	45.1	47.4	17.2
WP_003148661.1	gnl|META|EG10833-MONOMER	5.3e-04	33.3	66	42.7	56.1	9.2
WP_003148661.1	gnl|META|EG10844-MONOMER	1.5e-03	23.2	328	41.2	39.3	42.2
WP_003148663.1	gnl|META|MONOMER-17551	5.0e-49	42.6	298	191.0	53.0	97.0
WP_003148666.1	gnl|META|MONOMER-13959	4.5e-95	37.2	492	344.7	59.3	97.6
WP_003148666.1	gnl|META|GLURS-MONOMER	3.8e-94	39.6	492	341.7	56.5	98.2
WP_003148667.1	gnl|META|AT2G39800-MONOMER	1.1e-02	37.5	56	37.0	55.4	20.7
WP_003148669.1	gnl|META|MONOMER-20005	1.9e-09	25.9	147	59.3	53.7	58.8
WP_003148673.1	gnl|META|YHBG-MONOMER	5.6e-20	29.2	233	94.4	50.6	87.2
WP_003148673.1	gnl|META|POTA-MONOMER	2.6e-17	28.6	234	85.5	53.0	87.5
WP_003148677.1	gnl|META|MONOMER-6122	1.5e-115	41.8	552	412.9	60.1	95.3
WP_003148679.1	gnl|META|SYNPCC7942_0260-MONOMER	3.5e-244	52.8	844	840.9	70.1	95.6
WP_003148684.1	gnl|META|MONOMER-18938	5.4e-48	33.4	362	188.0	54.1	93.2
WP_003148688.1	gnl|META|G7456-MONOMER	1.1e-14	30.1	186	76.6	46.8	74.7
WP_003148691.1	gnl|META|TAUB-MONOMER	8.9e-35	37.5	208	143.7	57.2	71.5
WP_003148691.1	gnl|META|CYSA-MONOMER	5.4e-32	35.7	241	134.4	53.5	75.6
WP_003148691.1	gnl|META|PROV-MONOMER	1.6e-31	36.3	204	132.9	55.9	67.0
WP_003148691.1	gnl|META|POTA-MONOMER	6.0e-31	38.5	195	131.0	54.9	66.0
WP_003148691.1	gnl|META|POTG-MONOMER	7.8e-31	35.2	233	130.6	54.1	78.7
WP_003148695.1	gnl|META|EG10613-MONOMER	2.2e-75	31.0	584	279.6	52.7	92.9
WP_003148699.1	gnl|META|DUTP-PYROP-MONOMER	5.2e-18	41.6	125	87.0	61.6	77.6
WP_003148702.1	gnl|META|EG10923-MONOMER	3.0e-24	37.8	185	108.2	58.9	86.3
WP_003148708.1	gnl|META|EG10925-MONOMER	1.8e-27	38.9	167	118.6	59.9	99.4
WP_003148712.1	gnl|META|EG10858-MONOMER	1.3e-46	31.8	368	183.3	51.4	95.2
WP_003148714.1	gnl|META|G6435-MONOMER	1.7e-64	34.1	443	243.0	54.0	95.4
WP_003148720.1	gnl|META|G185E-6363-MONOMER	1.3e-51	34.2	438	200.3	46.6	84.5
WP_003148720.1	gnl|META|UDP-NACMURALA-GLU-LIG-MONOMER	1.4e-50	34.7	461	196.8	48.8	96.4
WP_003148722.1	gnl|META|ASPKINIHOMOSERDEHYDROGI-MONOMER	3.0e-14	34.3	140	75.9	51.4	35.3
WP_003148725.1	gnl|META|DIHYDROPICRED-MONOMER	5.0e-31	35.7	207	131.0	53.1	82.4
WP_003148726.1	gnl|META|EG10909-MONOMER	1.4e-32	59.8	102	134.8	81.4	100.0
WP_003148728.1	gnl|META|G7409-MONOMER	1.3e-20	40.3	159	95.9	54.7	87.6
WP_003148739.1	gnl|META|G1I0R-1119-MONOMER	1.3e-87	37.6	545	320.1	56.1	97.1
WP_003148741.1	gnl|META|THIOREDOXIN-REDUCT-NADPH-MONOMER	4.8e-42	33.8	325	167.9	52.6	99.7
WP_003148741.1	gnl|META|MONOMER-543	1.8e-41	34.1	296	166.0	52.4	93.4
WP_003148741.1	gnl|META|EG11385-MONOMER	3.2e-38	32.0	309	155.2	53.1	95.9
WP_003148742.1	gnl|META|MONOMER-9361	5.5e-18	35.4	147	87.0	56.5	79.1
WP_003148744.1	gnl|META|MONOMER-14558	1.5e-128	56.9	415	455.7	71.8	98.3
WP_003148746.1	gnl|META|G6364-MONOMER	2.7e-32	26.9	398	136.0	47.7	86.2
WP_003148748.1	gnl|META|G6892-MONOMER	7.5e-08	36.3	102	54.7	51.0	23.4
WP_003148750.1	gnl|META|AROA-MONOMER	6.0e-43	29.7	417	171.4	48.2	94.3
WP_003148754.1	gnl|META|EG11268-MONOMER	3.8e-44	40.5	294	174.9	56.5	94.4
WP_003148756.1	gnl|META|MONOMER-17076	1.9e-64	33.1	519	243.4	51.4	73.2
WP_003148759.1	gnl|META|OROTPDECARB-MONOMER	8.2e-42	40.8	228	166.8	60.5	93.8
WP_003148760.1	gnl|META|LIVF-MONOMER	2.3e-01	36.6	41	32.7	56.1	13.6
WP_003148760.1	gnl|META|HS10144-MONOMER	2.3e-01	21.0	119	32.7	37.8	39.2
WP_003148760.1	gnl|META|YLIA-MONOMER	2.3e-01	30.5	82	32.7	45.1	26.2
WP_003148761.1	gnl|META|G185E-6364-MONOMER	2.4e-47	34.7	360	185.7	53.3	96.2
WP_003148761.1	gnl|META|PHOSNACMURPENTATRANS-MONOMER	5.9e-46	33.3	351	181.0	50.1	96.8
WP_003148761.1	gnl|META|MONOMER-12257	1.5e-44	33.9	319	176.4	53.3	92.1
WP_003148764.1	gnl|META|MONOMER-16314	1.8e-45	30.1	356	179.9	48.6	70.0
WP_003148765.1	gnl|META|KUP-MONOMER	9.9e-73	39.0	446	271.2	58.5	56.4
WP_003148768.1	gnl|META|EG11440-MONOMER	3.6e-26	39.9	153	114.4	57.5	83.6
WP_003148770.1	gnl|META|EG10915-MONOMER	8.6e-16	46.9	81	79.3	70.4	64.8
WP_003148776.1	gnl|META|EG11082-MONOMER	1.6e-74	48.7	298	275.8	69.1	96.1
WP_003148778.1	gnl|META|EG10613-MONOMER	1.6e-24	24.9	497	110.5	43.1	86.8
WP_003148780.1	gnl|META|EG50002-MONOMER	3.4e-19	64.3	70	90.1	77.1	83.3
WP_003148782.1	gnl|META|EG10924-MONOMER	4.5e-105	56.6	332	377.5	75.3	92.7
WP_003148784.1	gnl|META|CMPKI-MONOMER	2.9e-36	37.8	217	149.4	61.3	42.1
WP_003148785.1	gnl|META|MONOMER-428	1.0e-94	45.4	403	343.2	66.0	100.0
WP_003148785.1	gnl|META|MONOMER-20612	8.9e-91	44.1	397	330.1	61.7	99.5
WP_003148785.1	gnl|META|ACKCLOS-MONOMER	1.2e-90	44.1	401	329.7	61.3	100.0
WP_003148785.1	gnl|META|MONOMER-13473	1.3e-89	43.1	401	326.2	61.8	100.0
WP_003148787.1	gnl|META|MONOMER-15476	8.7e-01	25.3	150	31.2	46.7	37.0
WP_003148789.1	gnl|META|EG10823-MONOMER	4.0e-117	63.4	322	417.5	82.3	88.5
WP_003148791.1	gnl|META|HOMOSERKIN-MONOMER	5.4e-22	28.2	280	101.3	45.7	84.5
WP_003148793.1	gnl|META|CHORISMUTPREPHENDEHYDROG-MONOMER	1.2e-03	40.0	55	38.5	50.9	61.8
WP_003148793.1	gnl|META|MONOMER-20701	2.7e-03	35.6	45	37.4	55.6	50.6
WP_003148800.1	gnl|META|G6115-MONOMER	1.3e-45	38.1	273	180.3	56.4	61.0
WP_003148802.1	gnl|META|EG11298-MONOMER	2.6e-31	45.4	194	131.7	57.7	88.2
WP_003148805.1	gnl|META|AROC-MONOMER	1.8e-59	39.5	362	226.1	56.9	94.8
WP_003148806.1	gnl|META|EG10004-MONOMER	1.3e-68	42.4	370	256.5	61.4	89.3
WP_003148807.1	gnl|META|HS07681-MONOMER	2.7e-12	39.4	99	69.3	51.5	25.4
WP_003148807.1	gnl|META|MONOMER-6421	1.8e-11	37.1	89	66.6	51.7	23.3
WP_003148808.1	gnl|META|DTDPGLUCOSEPP-MONOMER	8.1e-108	66.2	284	386.3	79.6	94.7
WP_003148808.1	gnl|META|MONOMER-18132	9.0e-107	64.6	291	382.9	78.7	97.0
WP_003148808.1	gnl|META|MONOMER-17004	1.2e-106	64.0	297	382.5	78.1	99.0
WP_003148808.1	gnl|META|DTDPGLUCOSEPP2-MONOMER	1.9e-104	63.1	293	375.2	77.5	97.3
WP_003148808.1	gnl|META|MONOMER-17088	2.0e-98	59.0	295	355.1	73.6	98.3
WP_003148809.1	gnl|META|EG10613-MONOMER	1.5e-49	28.2	486	193.7	50.6	80.6
WP_003148811.1	gnl|META|CYSS-MONOMER	3.0e-110	43.1	501	395.2	57.7	97.7
WP_003148813.1	gnl|META|G7449-MONOMER	1.3e-21	31.7	240	99.8	45.8	93.5
WP_003148813.1	gnl|META|EG11118-MONOMER	8.1e-21	30.8	237	97.1	48.9	94.8
WP_003148813.1	gnl|META|EG12098-MONOMER	1.2e-19	29.9	241	93.2	43.6	95.2
WP_003148813.1	gnl|META|EG12609-MONOMER	3.4e-19	30.6	232	91.7	45.7	93.1
WP_003148816.1	gnl|META|MONOMER-14146	2.6e-08	25.5	322	57.0	42.2	41.1
WP_003148819.1	gnl|META|GPMA-MONOMER	6.5e-82	59.2	245	300.1	73.5	96.5
WP_003148819.1	gnl|META|HS10286-MONOMER	1.8e-79	56.2	249	292.0	71.9	96.9
WP_003148819.1	gnl|META|HS09121-MONOMER	4.2e-73	53.4	251	270.8	68.9	96.5
WP_003148821.1	gnl|META|PTSI-MONOMER	2.0e-115	41.2	565	412.5	60.7	99.1
WP_003148828.1	gnl|META|RPOC-MONOMER	7.4e-271	39.9	1468	930.2	53.5	85.4
WP_003148830.1	gnl|META|CELB-MONOMER	9.4e-47	32.2	459	184.1	49.5	94.8
WP_003148833.1	gnl|META|MONOMER-4801	9.9e-44	33.9	451	174.1	47.5	93.2
WP_003148834.1	gnl|META|HISS-MONOMER	1.4e-79	38.7	437	293.1	55.1	99.3
WP_003148835.1	gnl|META|MONOMER-1290	1.9e-35	37.1	232	145.6	59.1	97.9
WP_003148835.1	gnl|META|MONOMER-14562	9.4e-35	40.5	232	143.3	57.8	97.9
WP_003148835.1	gnl|META|EG11090-MONOMER	8.8e-33	37.2	234	136.7	56.8	98.7
WP_003148836.1	gnl|META|G6109-MONOMER	4.7e-14	37.1	89	73.2	70.8	95.7
WP_003148861.1	gnl|META|G1I0R-1995-MONOMER	3.4e-44	30.3	403	175.6	47.4	84.9
WP_003148870.1	gnl|META|ZNUA-MONOMER	3.9e-07	20.6	252	52.0	40.9	72.6
WP_003148874.1	gnl|META|KDGT-MONOMER	2.0e-30	32.7	272	129.4	51.1	79.8
WP_003148876.1	gnl|META|EG10613-MONOMER	1.1e-36	22.3	575	151.0	45.0	95.0
WP_003148879.1	gnl|META|MONOMER-20451	1.4e-05	22.8	123	47.8	52.0	19.2
WP_003148884.1	gnl|META|EG10892-MONOMER	6.7e-11	77.3	44	61.6	84.1	100.0
WP_003148889.1	gnl|META|MONOMER0-2121	2.7e-07	31.9	94	50.8	46.8	94.9
WP_003148891.1	gnl|META|MONOMER-20361	2.5e-42	43.4	212	168.3	61.3	98.1
WP_003148893.1	gnl|META|EG10834-MONOMER	2.4e-42	42.5	193	168.3	63.2	94.6
WP_003148895.1	gnl|META|EG10874-MONOMER	7.9e-40	54.0	137	159.5	73.0	93.8
WP_003148897.1	gnl|META|EG11073-MONOMER	1.5e-23	27.7	267	106.3	44.9	88.6
WP_003148898.1	gnl|META|MONOMER-15967	1.2e-42	28.5	372	170.2	50.0	97.6
WP_003148907.1	gnl|META|MONOMER-13185	2.4e-49	46.2	225	191.8	59.6	91.8
WP_003148907.1	gnl|META|MONOMER-13104	9.1e-49	43.2	241	189.9	63.9	98.4
WP_003148908.1	gnl|META|MONOMER-12630	2.1e-42	35.7	319	169.1	52.0	98.7
WP_003148910.1	gnl|META|MONOMER-15476	1.6e-36	30.6	373	149.8	49.1	95.8
WP_003148916.1	gnl|META|MONOMER-20001	5.5e-56	44.9	294	214.2	58.8	97.3
WP_003148916.1	gnl|META|BSU35670-MONOMER	7.9e-55	43.3	293	210.3	59.0	97.0
WP_003148922.1	gnl|META|G7860-MONOMER	2.5e-21	29.6	203	98.6	48.3	83.5
WP_003148922.1	gnl|META|FUCPALDOL-MONOMER	2.3e-19	26.3	213	92.0	49.3	97.7
WP_003148925.1	gnl|META|H2PTEROATESYNTH-MONOMER	6.6e-35	31.4	287	144.8	49.8	59.8
WP_003148928.1	gnl|META|DEOD-MONOMER	1.6e-53	47.8	232	205.7	60.8	96.3
WP_003148934.1	gnl|META|SYNPCC7942_0335-MONOMER	3.0e-05	26.4	110	44.7	47.3	67.5
WP_003148941.1	gnl|META|MONOMER-12625	2.2e-92	42.6	474	336.3	58.4	68.0
WP_003148944.1	gnl|META|GLUC1PADENYLTRANS-MONOMER	8.5e-78	45.4	324	287.0	64.5	79.0
WP_003148959.1	gnl|META|SGCC-MONOMER	1.1e-79	38.4	430	293.5	63.5	92.7
WP_003148961.1	gnl|META|HS08358-MONOMER	4.8e-35	38.8	196	144.1	62.2	95.1
WP_003148970.1	gnl|META|EG10021-MONOMER	1.5e-26	29.3	300	116.7	48.3	77.0
WP_003148983.1	gnl|META|EG10242-MONOMER	1.0e-32	26.8	373	137.1	46.9	100.0
WP_003148985.1	gnl|META|MONOMER-19997	8.1e-23	30.0	257	104.4	48.2	63.5
WP_003148985.1	gnl|META|BSU35520-MONOMER	5.3e-22	28.6	273	101.7	48.4	65.3
WP_003148985.1	gnl|META|BSU35650-MONOMER	9.0e-22	29.9	251	100.9	48.6	62.5
WP_003148985.1	gnl|META|MONOMER-19996	1.2e-21	28.2	273	100.5	48.4	65.3
WP_003148988.1	gnl|META|G6442-MONOMER	9.9e-15	23.5	272	77.0	42.3	94.7
WP_003148988.1	gnl|META|G6425-MONOMER	9.9e-15	24.5	273	77.0	42.9	94.0
WP_003148988.1	gnl|META|EG11195-MONOMER	5.5e-13	25.0	280	71.2	42.1	93.6
WP_003148995.1	gnl|META|SYNPCC7942_2316-MONOMER	5.8e-11	29.6	115	63.5	53.0	79.3
WP_003148996.1	gnl|META|PPENTOMUT-MONOMER	1.9e-27	29.3	430	119.8	41.6	96.1
WP_003148998.1	gnl|META|BSU38860-MONOMER	1.6e-115	57.8	339	412.1	73.5	96.6
WP_003148998.1	gnl|META|UDPGLUCEPIM-MONOMER	4.6e-110	54.4	338	394.0	70.7	96.3
WP_003148998.1	gnl|META|HS04117-MONOMER	3.3e-108	54.7	344	387.9	70.3	96.3
WP_003148998.1	gnl|META|AT1G12780-MONOMER	6.8e-106	51.0	341	380.2	70.4	96.6
WP_003149000.1	gnl|META|MONOMER-6081	6.5e-42	36.5	310	167.5	51.9	91.5
WP_003149004.1	gnl|META|CHAINF-MONOMER	1.3e-93	51.2	326	339.3	69.6	97.6
WP_003149004.1	gnl|META|CHAINI-MONOMER	8.1e-93	49.7	326	336.7	69.9	97.6
WP_003149004.1	gnl|META|MONOMER-533	2.0e-91	50.3	344	332.0	67.2	99.7
WP_003149016.1	gnl|META|MONOMER-20694	1.6e-03	32.7	55	39.7	56.4	20.8
WP_003149020.1	gnl|META|HS01140-MONOMER	7.4e-19	27.1	295	90.9	42.4	90.5
WP_003149022.1	gnl|META|EG11757-MONOMER	2.3e-15	35.1	134	78.6	53.7	70.2
WP_003149029.1	gnl|META|SGAT-MONOMER	3.8e-38	29.4	419	155.6	47.7	83.8
WP_003149031.1	gnl|META|EG10613-MONOMER	2.4e-23	20.9	460	106.7	45.9	78.0
WP_003149031.1	gnl|META|CYDC-MONOMER	4.1e-23	24.6	569	105.9	42.9	91.3
WP_003149040.1	gnl|META|EG10976-MONOMER	2.9e-14	38.0	100	74.7	60.0	61.0
WP_003149046.1	gnl|META|G185E-6366-MONOMER	1.4e-38	33.0	403	157.1	47.6	75.5
WP_003149046.1	gnl|META|MONOMER-16146	4.0e-38	28.2	528	155.6	46.4	99.0
WP_003149048.1	gnl|META|G185E-5383-MONOMER	8.3e-14	26.6	319	74.3	41.4	78.8
WP_003149048.1	gnl|META|GLUC1PADENYLTRANS-MONOMER	1.4e-13	24.6	346	73.6	40.5	84.3
WP_003149050.1	gnl|META|MONOMER-13089	6.9e-44	42.1	242	173.7	59.9	95.6
WP_003149055.1	gnl|META|YJFU-MONOMER	1.3e-24	35.6	146	109.0	58.9	95.4
WP_003149057.1	gnl|META|EG10889-MONOMER	1.5e-16	53.1	64	82.0	73.4	45.0
WP_003149059.1	gnl|META|MONOMER-2602	4.4e-02	43.2	37	35.4	59.5	9.8
WP_003149061.1	gnl|META|AICARTRANSIMPCYCLO-CPLX	1.7e-148	52.8	536	522.3	67.9	99.1
WP_003149071.1	gnl|META|MONOMER-4461	4.0e-19	25.3	265	92.8	44.9	39.4
WP_003149078.1	gnl|META|HYPOXANPRIBOSYLTRAN-MONOMER	1.4e-33	43.4	166	139.0	66.3	90.1
WP_003149078.1	gnl|META|AT1G71750-MONOMER	1.7e-31	38.7	181	132.1	61.9	95.6
WP_003149080.1	gnl|META|YJFT-MONOMER	3.2e-02	51.6	31	33.9	64.5	33.0
WP_003149084.1	gnl|META|NAG1P-URIDYLTRANS-MONOMER	3.9e-85	39.6	449	311.6	57.5	96.8
WP_003149087.1	gnl|META|YEHX-MONOMER	5.7e-62	49.4	237	233.8	66.7	94.0
WP_003149091.1	gnl|META|GATA-MONOMER	1.6e-11	28.0	125	65.5	48.0	83.3
WP_003149093.1	gnl|META|MONOMER-19495	1.2e-06	22.5	249	50.1	43.8	90.2
WP_003149093.1	gnl|META|NIFHKLEB-MONOMER	2.3e-05	22.1	249	45.8	43.0	90.2
WP_003149095.1	gnl|META|YIDY-MONOMER	2.5e-04	27.5	160	43.1	42.5	34.0
WP_003149099.1	gnl|META|MONOMER-13658	3.7e-78	43.2	366	288.1	56.0	96.5
WP_003149101.1	gnl|META|EG10243-MONOMER	1.7e-05	28.2	103	46.2	51.5	37.8
WP_003149103.1	gnl|META|YJCV-MONOMER	2.0e-05	29.9	97	46.6	55.7	24.4
WP_003149107.1	gnl|META|MONOMER-6842	1.7e-44	38.4	292	176.0	55.8	92.3
WP_003149107.1	gnl|META|HS06949-MONOMER	2.7e-42	34.6	315	168.7	53.3	97.3
WP_003149107.1	gnl|META|6PGLUCONDEHYDROG-MONOMER	1.3e-41	33.8	299	166.4	56.9	94.6
WP_003149109.1	gnl|META|ADENYLOSUCCINATE-SYN-MONOMER	2.9e-111	47.5	419	398.3	64.4	97.9
WP_003149109.1	gnl|META|AT3G57610-MONOMER	1.5e-107	46.8	421	386.0	63.4	98.1
WP_003149109.1	gnl|META|YNL220W-MONOMER	2.3e-100	42.4	429	362.1	60.6	98.6
WP_003149116.1	gnl|META|MONOMER-14472	9.8e-15	26.3	255	77.0	47.5	86.8
WP_003149118.1	gnl|META|EG10240-MONOMER	7.0e-30	32.8	366	127.5	47.5	95.8
WP_003149120.1	gnl|META|AT5G24300-MONOMER	8.2e-81	35.2	503	297.4	51.7	95.2
WP_003149120.1	gnl|META|GLYCOGENSYN-MONOMER	6.3e-73	33.9	496	271.2	51.6	95.6
WP_003149138.1	gnl|META|EG10908-MONOMER	1.5e-29	52.8	125	125.2	68.8	94.7
WP_003149139.1	gnl|META|MONOMER-20114	6.9e-02	33.3	57	33.1	54.4	44.5
WP_003149141.1	gnl|META|G7413-MONOMER	1.3e-68	34.8	388	256.5	57.2	96.5
WP_003149141.1	gnl|META|MONOMER-18960	1.7e-68	39.9	371	256.1	57.1	91.7
WP_003149144.1	gnl|META|HS11931-MONOMER	1.5e-70	43.9	312	262.7	64.1	94.3
WP_003149144.1	gnl|META|HS07410-MONOMER	5.7e-70	43.9	312	260.8	63.5	94.3
WP_003149144.1	gnl|META|HS02317-MONOMER	2.2e-69	43.6	312	258.8	63.8	94.3
WP_003149144.1	gnl|META|PRPPSYN-MONOMER	1.5e-67	44.5	317	252.7	64.4	94.3
WP_003149158.1	gnl|META|MONOMER-20738	9.5e-01	31.0	42	29.6	57.1	27.7
WP_003149162.1	gnl|META|MONOMER-14165	4.4e-52	40.7	270	201.4	60.4	74.2
WP_003149166.1	gnl|META|SYNPCC7942_0336-MONOMER	3.1e-145	54.2	504	511.5	70.0	90.3
WP_003149166.1	gnl|META|ATPA-MONOMER	6.7e-140	50.5	523	493.8	67.7	91.6
WP_003149166.1	gnl|META|MONOMER-538	7.9e-133	47.9	514	470.3	65.0	92.1
WP_003149168.1	gnl|META|RPOE-MONOMER	8.6e-11	26.7	172	65.1	48.8	27.7
WP_003149175.1	gnl|META|MONOMER-17065	2.3e-01	47.6	42	33.5	66.7	7.7
WP_003149177.1	gnl|META|ANSA-MONOMER	1.5e-39	31.1	338	159.8	51.2	89.7
WP_003149189.1	gnl|META|EG10572-MONOMER	4.2e-48	41.7	264	188.0	59.5	86.6
WP_003149191.1	gnl|META|MONOMER-663	5.9e-56	42.2	315	214.2	58.7	96.9
WP_003149191.1	gnl|META|MONOMER-11204	2.1e-53	41.1	316	205.7	57.6	96.3
WP_003149193.1	gnl|META|MONOMER-20956	6.5e-44	37.8	283	174.1	54.4	90.6
WP_003149199.1	gnl|META|EG10376-MONOMER	9.2e-17	30.4	214	83.6	53.3	87.3
WP_003149201.1	gnl|META|GLYCEROL-KIN-MONOMER	1.9e-157	54.5	494	552.0	70.2	98.4
WP_003149208.1	gnl|META|EG11372-MONOMER	3.7e-32	50.0	146	134.4	65.8	73.7
WP_003149215.1	gnl|META|SYNPCC7942_0260-MONOMER	2.6e-199	45.6	844	691.8	62.8	95.0
WP_003149219.1	gnl|META|CMTB-MONOMER	6.4e-21	34.6	130	96.7	60.8	87.2
WP_003149219.1	gnl|META|SGCA-MONOMER	1.2e-19	36.6	131	92.4	56.5	87.2
WP_003149219.1	gnl|META|YJFU-MONOMER	3.5e-19	35.6	132	90.9	57.6	87.2
WP_003149225.1	gnl|META|MONOMER-20957	2.1e-37	32.6	282	152.5	53.9	89.5
WP_003149229.1	gnl|META|RED-THIOREDOXIN-MONOMER	1.7e-23	46.5	101	104.8	63.4	96.2
WP_003149240.1	gnl|META|G6449-MONOMER	2.3e-21	23.8	429	99.8	39.6	94.0
WP_003149240.1	gnl|META|EG11247-MONOMER	3.3e-20	36.9	149	95.9	57.7	32.7
WP_003149245.1	gnl|META|MONOMER-16296	7.1e-20	26.3	224	94.4	47.8	66.1
WP_003149245.1	gnl|META|MONOMER-16620	1.8e-18	29.4	293	89.7	44.0	83.6
WP_003149252.1	gnl|META|SYNPCC7942_2315-MONOMER	2.9e-163	63.8	478	571.2	74.7	94.9
WP_003149252.1	gnl|META|ATPD-MONOMER	1.0e-155	62.0	461	546.2	75.5	93.3
WP_003149252.1	gnl|META|MONOMER-539	6.5e-155	61.1	463	543.5	74.3	93.3
WP_003149256.1	gnl|META|CPXR-MONOMER	2.0e-27	37.0	181	118.6	59.1	95.7
WP_003149261.1	gnl|META|MONOMER-14627	1.9e-42	39.1	307	169.5	54.7	83.3
WP_003149263.1	gnl|META|MONOMER-20956	1.6e-54	41.3	271	209.1	60.5	97.8
WP_003149265.1	gnl|META|MONOMER-13489	4.0e-29	35.4	209	124.8	52.2	74.6
WP_003149265.1	gnl|META|G6269-MONOMER	5.2e-29	33.2	271	124.4	49.1	97.8
WP_003149267.1	gnl|META|MONOMER-14049	2.5e-02	35.6	59	36.2	50.8	16.2
WP_003149269.1	gnl|META|EG10423-MONOMER	2.0e-205	45.4	873	712.2	62.9	90.2
WP_003149278.1	gnl|META|EG10905-MONOMER	4.0e-16	43.5	92	80.1	63.0	94.8
WP_003149280.1	gnl|META|G1I0R-1994-MONOMER	9.6e-14	27.8	162	73.6	46.9	65.3
WP_003149284.1	gnl|META|EG12401-MONOMER	7.1e-50	32.2	345	194.1	52.8	92.8
WP_003149287.1	gnl|META|HOMOSERKIN-MONOMER	1.1e-05	24.8	286	47.0	40.6	88.5
WP_003149294.1	gnl|META|EG10458-MONOMER	1.1e-16	25.0	256	85.1	43.0	28.2
WP_003149297.1	gnl|META|BARA-MONOMER	9.9e-08	31.9	116	53.5	50.9	47.3
WP_003149297.1	gnl|META|CPXR-MONOMER	1.4e-06	30.8	117	49.7	51.3	48.5
WP_003149299.1	gnl|META|GLURS-MONOMER	5.4e-41	31.9	295	164.5	49.5	91.6
WP_003149299.1	gnl|META|MONOMER-13959	5.4e-41	32.8	296	164.5	52.7	88.5
WP_003149299.1	gnl|META|EG11362-MONOMER	5.9e-40	36.4	250	161.0	54.4	76.9
WP_003149301.1	gnl|META|PPX-MONOMER	5.8e-09	25.4	303	58.2	41.9	88.3
WP_003149302.1	gnl|META|MONOMER-8681	1.2e-43	32.3	303	173.3	55.1	93.5
WP_003149302.1	gnl|META|MONOMER-601	8.3e-42	33.8	305	167.2	52.5	94.4
WP_003149303.1	gnl|META|EG11180-MONOMER	3.2e-14	38.4	112	74.3	60.7	75.4
WP_003149304.1	gnl|META|YOR128C-MONOMER	1.3e-37	55.6	142	152.1	71.8	92.8
WP_003149305.1	gnl|META|SERS-MONOMER	6.3e-114	49.8	432	407.1	63.9	99.1
WP_003149307.1	gnl|META|PHOSGLUCOSAMINEMUT-MONOMER	3.6e-75	39.4	431	278.5	54.5	95.1
WP_003149319.1	gnl|META|TAGAALDOL2-MONOMER	6.6e-38	33.1	236	154.1	53.8	81.1
WP_003149319.1	gnl|META|TAGAALDOL1-MONOMER	2.3e-35	32.6	236	145.6	53.4	81.1
WP_003149319.1	gnl|META|MONOMER-18279	2.3e-35	32.6	236	145.6	53.4	81.1
WP_003149321.1	gnl|META|EG10917-MONOMER	2.7e-14	52.3	65	73.9	70.8	72.2
WP_003149325.1	gnl|META|G7530-MONOMER	2.8e-38	49.2	199	154.8	60.8	92.0
WP_003149326.1	gnl|META|EG10236-MONOMER	2.6e-71	36.8	451	265.8	58.5	91.1
WP_003149330.1	gnl|META|EG10442-MONOMER	1.6e-01	28.2	71	32.7	53.5	32.7
WP_003149331.1	gnl|META|GLYCRIBONUCSYN-MONOMER	1.1e-102	47.0	423	370.5	64.8	58.1
WP_003149331.1	gnl|META|HS08358-MONOMER	4.2e-102	46.9	424	368.6	64.9	58.1
WP_003149332.1	gnl|META|G185E-5505-MONOMER	1.4e-163	44.4	639	572.8	60.3	92.8
WP_003149332.1	gnl|META|GLYCOGEN-BRANCH-MONOMER	7.4e-149	42.3	636	523.9	59.7	92.1
WP_003149339.1	gnl|META|MONOMER-11811	4.8e-31	36.6	213	131.0	57.7	89.7
WP_003149344.1	gnl|META|GLUSYNSMALL-MONOMER	9.7e-76	35.9	459	280.4	54.2	95.5
WP_003149344.1	gnl|META|MONOMER-4214	3.5e-73	38.4	438	271.9	55.7	87.5
WP_003149344.1	gnl|META|MONOMER-13080	4.7e-70	35.5	468	261.5	53.0	98.1
WP_003149345.1	gnl|META|SYNPCC7942_0337-MONOMER	1.1e-38	32.5	314	156.8	52.5	99.0
WP_003149345.1	gnl|META|ATPG-MONOMER	7.6e-37	30.4	303	150.6	51.8	99.0
WP_003149346.1	gnl|META|G6475-MONOMER	3.2e-02	30.4	69	35.4	50.7	24.3
WP_003149346.1	gnl|META|GLYOXII-MONOMER	1.2e-01	35.0	60	33.5	53.3	18.8
WP_003149349.1	gnl|META|G6318-MONOMER	1.8e-25	27.1	292	113.2	48.3	69.6
WP_003149350.1	gnl|META|PFOCLOS-MONOMER	0.0e+00	58.6	1175	1380.9	73.1	98.5
WP_003149350.1	gnl|META|NIFJKLEB-MONOMER	0.0e+00	54.6	1176	1267.7	70.4	98.7
WP_003149362.1	gnl|META|EG11905-MONOMER	2.0e-26	31.4	220	115.5	53.2	96.9
WP_003149362.1	gnl|META|G6428-MONOMER	1.3e-25	31.1	225	112.8	53.3	97.4
WP_003149362.1	gnl|META|MONOMER-18839	3.2e-24	32.7	223	108.2	52.0	96.5
WP_003149367.1	gnl|META|SGAT-MONOMER	5.8e-46	29.1	423	181.4	52.2	95.0
WP_003149368.1	gnl|META|HS00926-MONOMER	6.5e-01	42.1	38	31.2	57.9	13.0
WP_003149370.1	gnl|META|TREB-MONOMER	8.1e-121	50.3	453	430.3	67.3	91.1
WP_003149375.1	gnl|META|G7243-MONOMER	2.0e-41	30.0	367	166.4	51.5	80.9
WP_003149377.1	gnl|META|MONOMER-19508	1.1e-01	27.4	124	33.1	41.1	63.4
WP_003149382.1	gnl|META|EG11549-MONOMER	5.9e-80	39.8	410	294.3	57.8	96.2
WP_003149386.1	gnl|META|MONOMER-17847	1.8e-44	32.2	304	176.0	51.3	89.7
WP_003149393.1	gnl|META|RIB5PISOMB-MONOMER	7.6e-30	46.8	139	126.3	61.9	92.1
WP_003149395.1	gnl|META|MONOMER-535	1.8e-05	23.9	188	46.2	47.3	69.8
WP_003149409.1	gnl|META|EG11500-MONOMER	2.6e-19	41.0	139	93.6	54.7	18.8
WP_003149416.1	gnl|META|BCRATHAUERA-MONOMER	4.3e-01	43.2	37	31.6	64.9	14.1
WP_003149421.1	gnl|META|GLYCOPHOSPHORYL-MONOMER	8.7e-173	43.1	777	603.6	60.6	94.8
WP_003149421.1	gnl|META|HS00949-MONOMER	1.7e-168	39.6	816	589.3	59.7	99.0
WP_003149421.1	gnl|META|MONOMER-17099	2.2e-168	42.2	763	589.0	62.0	92.9
WP_003149421.1	gnl|META|HS02178-MONOMER	1.9e-167	41.8	763	585.9	61.6	92.9
WP_003149421.1	gnl|META|HS02099-MONOMER	6.0e-166	40.4	816	580.9	58.2	99.0
WP_003149421.1	gnl|META|MALDEXPHOSPHORYL-MONOMER	2.9e-160	40.9	749	562.0	59.0	92.1
WP_003149421.1	gnl|META|YPR160W-MONOMER	3.8e-160	39.2	847	561.6	56.8	99.4
WP_003149421.1	gnl|META|AT3G29320-MONOMER	2.2e-155	38.7	821	545.8	54.4	92.3
WP_003149429.1	gnl|META|MONOMER-12654	0.0e+00	70.5	826	1271.5	83.9	100.0
WP_003149429.1	gnl|META|MONOMER-12656	0.0e+00	69.9	826	1262.3	83.2	100.0
WP_003149431.1	gnl|META|ZNUB-MONOMER	4.3e-07	25.6	250	51.6	46.4	91.2
WP_003149433.1	gnl|META|EG10529-MONOMER	4.4e-44	28.2	511	175.6	46.2	77.3
WP_003149437.1	gnl|META|AT5G64860-MONOMER	2.2e-68	34.4	488	257.3	46.9	37.2
WP_003149437.1	gnl|META|GIO2-442-MONOMER	1.4e-67	32.5	514	254.6	48.1	40.0
WP_003149437.1	gnl|META|MALTODEXGLUCOSID-MONOMER	7.1e-67	32.2	534	252.3	45.5	44.2
WP_003149442.1	gnl|META|BSU02750-MONOMER	9.5e-19	26.2	202	90.5	48.5	64.7
WP_003149446.1	gnl|META|EG10210-MONOMER	3.0e-53	35.0	380	205.7	50.3	82.9
WP_003149446.1	gnl|META|EG10844-MONOMER	3.9e-53	33.9	372	205.3	51.6	80.5
WP_003149448.1	gnl|META|MONOMER-18866	2.9e-14	23.5	234	76.3	46.2	45.3
WP_003149451.1	gnl|META|MONOMER-20840	7.4e-47	51.9	206	183.3	65.0	96.7
WP_003149455.1	gnl|META|EG11357-MONOMER	4.0e-29	25.7	697	126.7	41.5	63.7
WP_003149465.1	gnl|META|EG10662-MONOMER	7.8e-34	37.7	204	140.2	54.9	88.3
WP_003149467.1	gnl|META|G6428-MONOMER	2.0e-39	41.9	222	158.7	62.2	99.1
WP_003149467.1	gnl|META|EG11905-MONOMER	7.7e-39	42.5	221	156.8	58.8	99.1
WP_003149474.1	gnl|META|YPL231W-MONOMER	9.5e-13	39.2	120	69.7	53.3	70.0
WP_003149474.1	gnl|META|HOLO-ACP-SYNTH-MONOMER	1.4e-11	30.9	123	65.9	52.8	71.8
WP_003149475.1	gnl|META|MONOMER-3322	1.8e-33	31.9	326	139.4	50.0	98.0
WP_003149475.1	gnl|META|MONOMER-3321	1.8e-33	31.9	326	139.4	50.0	98.0
WP_003149482.1	gnl|META|PDXK-MONOMER	2.8e-20	31.2	266	95.5	46.6	88.0
WP_003149492.1	gnl|META|MONOMER-16600	1.4e-15	34.4	122	79.7	51.6	48.4
WP_003149492.1	gnl|META|AT2G28800-MONOMER	1.2e-14	36.7	128	76.6	54.7	48.8
WP_003149492.1	gnl|META|MONOMER-16599	2.0e-14	39.8	93	75.9	63.4	36.9
WP_003149493.1	gnl|META|EG10828-MONOMER	4.8e-14	23.5	315	75.1	39.7	86.7
WP_003149498.1	gnl|META|MONOMER-20614	1.1e-25	30.5	259	115.9	47.9	16.3
WP_003149501.1	gnl|META|EG10241-MONOMER	3.7e-187	62.5	528	651.0	80.1	82.2
WP_003149502.1	gnl|META|MONOMER-18798	2.6e-70	35.7	434	262.3	57.1	95.8
WP_003149510.1	gnl|META|ATPF-MONOMER	1.8e-02	36.8	152	35.8	53.3	74.9
WP_003149526.1	gnl|META|SYNPCC7942_2525-MONOMER	7.7e-14	32.4	142	73.9	56.3	52.3
WP_003149526.1	gnl|META|SYNPCC7942_2537-MONOMER	9.4e-12	31.6	136	67.0	52.9	51.2
WP_003149535.1	gnl|META|MONOMER-14563	9.8e-39	44.4	160	156.0	65.0	97.6
WP_003149537.1	gnl|META|G185E-5101-MONOMER	5.9e-184	57.8	564	640.2	70.6	98.6
WP_003149540.1	gnl|META|EG10424-MONOMER	1.2e-161	41.2	815	566.2	56.4	99.1
WP_003149543.1	gnl|META|CPXR-MONOMER	2.5e-43	40.4	230	171.8	59.1	93.4
WP_003149548.1	gnl|META|EG10870-MONOMER	1.8e-17	39.5	147	85.5	56.5	78.8
WP_003149549.1	gnl|META|TRE6PHYDRO-MONOMER	7.7e-168	52.5	535	586.6	66.4	94.5
WP_003149549.1	gnl|META|MONOMER-5946	5.2e-164	54.0	498	573.9	70.3	87.4
WP_003149555.1	gnl|META|DALADALALIGB-MONOMER	2.1e-48	35.8	307	189.1	55.7	93.8
WP_003149555.1	gnl|META|DALADALALIGA-MONOMER	3.5e-48	32.8	360	188.3	53.6	98.1
WP_003149555.1	gnl|META|MONOMER-15463	1.5e-43	32.6	350	172.9	50.0	97.8
WP_003149557.1	gnl|META|MANNPISOM-MONOMER	1.2e-03	31.6	95	40.4	46.3	25.5
WP_003149559.1	gnl|META|BSU25300-MONOMER	1.5e-29	51.9	133	125.6	61.7	77.3
WP_003149564.1	gnl|META|MONOMER-12602	3.5e-63	33.5	486	238.8	48.6	94.5
WP_003149564.1	gnl|META|MONOMER-12621	2.8e-60	34.1	469	229.2	46.9	91.3
WP_003149565.1	gnl|META|MONOMER-20957	1.1e-43	34.0	291	173.3	56.4	93.5
WP_003149567.1	gnl|META|YAR015W-MONOMER	1.3e-73	47.4	289	272.7	66.4	91.8
WP_003149570.1	gnl|META|AIRS-MONOMER	3.3e-79	49.2	321	291.6	64.5	88.4
WP_003149570.1	gnl|META|HS08358-MONOMER	1.7e-75	44.2	344	279.3	61.6	94.2
WP_003149570.1	gnl|META|YGL234W-MONOMER	1.0e-72	46.1	334	270.0	62.3	90.9
WP_003149575.1	gnl|META|MONOMER-507	6.2e-42	26.6	417	167.9	49.9	99.0
WP_003149582.1	gnl|META|URACIL-PRIBOSYLTRANS-MONOMER	1.5e-55	50.2	207	212.2	70.5	96.7
WP_003149587.1	gnl|META|MONOMER-13657	2.3e-124	50.3	429	441.8	69.7	99.5
WP_003149591.1	gnl|META|SYNPCC7942_0332-MONOMER	5.7e-03	43.6	39	35.8	64.1	60.9
WP_003149594.1	gnl|META|POTA-MONOMER	1.2e-68	46.5	271	256.5	67.2	75.5
WP_003149594.1	gnl|META|MALK-MONOMER	2.5e-63	39.8	349	238.8	59.3	95.5
WP_003149594.1	gnl|META|UGPC-MONOMER	2.8e-62	48.1	239	235.3	70.3	66.6
WP_003149597.1	gnl|META|HS05157-MONOMER	7.9e-100	40.0	508	360.5	56.5	91.5
WP_003149602.1	gnl|META|FEPC-MONOMER	7.9e-24	30.4	230	107.1	50.0	88.4
WP_003149602.1	gnl|META|ZNUC-MONOMER	6.7e-23	33.9	221	104.0	49.8	86.8
WP_003149602.1	gnl|META|FHUC-MONOMER	1.1e-22	31.6	225	103.2	51.6	87.2
WP_003149602.1	gnl|META|FECE-MONOMER	3.3e-22	29.6	233	101.7	50.2	90.8
WP_003149606.1	gnl|META|PPENTOMUT-MONOMER	4.2e-80	42.1	404	294.7	57.7	96.7
WP_003149610.1	gnl|META|MONOMER-15460	8.9e-108	48.1	418	386.7	67.5	97.2
WP_003149610.1	gnl|META|G185E-5489-MONOMER	2.4e-105	48.4	411	378.6	65.2	96.0
WP_003149617.1	gnl|META|YJFT-MONOMER	4.6e-01	27.3	88	30.0	43.2	91.5
WP_003149620.1	gnl|META|G6442-MONOMER	3.0e-21	28.7	272	98.6	45.6	98.5
WP_003149622.1	gnl|META|YTFT-MONOMER	4.8e-02	21.8	280	35.0	40.4	87.1
WP_003149623.1	gnl|META|MODB-MONOMER	1.8e-15	26.6	214	80.5	50.5	36.7
WP_003149630.1	gnl|META|MONOMER-12621	1.2e-60	36.7	458	230.3	48.7	93.8
WP_003149630.1	gnl|META|MONOMER-12602	1.5e-58	32.9	486	223.4	49.0	97.3
WP_003149632.1	gnl|META|MONOMER-18163	7.4e-02	27.4	73	34.7	49.3	19.6
WP_003149635.1	gnl|META|BSU02750-MONOMER	4.2e-32	31.3	214	134.8	54.7	71.7
WP_003149640.1	gnl|META|G7454-MONOMER	5.6e-02	29.9	67	35.0	44.8	18.3
WP_003149644.1	gnl|META|MGLA-MONOMER	4.9e-81	33.3	496	298.1	56.0	97.4
WP_003149644.1	gnl|META|XYLG-MONOMER	8.4e-81	35.9	498	297.4	57.2	96.7
WP_003149644.1	gnl|META|RBSA-MONOMER	1.1e-80	35.5	493	297.0	56.0	96.7
WP_003149644.1	gnl|META|YTFR-MONOMER	1.2e-74	34.9	481	276.9	55.5	94.3
WP_003149646.1	gnl|META|EG10344-MONOMER	2.9e-26	27.3	366	117.1	49.2	36.6
WP_003149656.1	gnl|META|DALADALALIGB-MONOMER	1.6e-35	29.4	326	146.4	47.5	97.6
WP_003149660.1	gnl|META|EG11758-MONOMER	3.7e-34	29.9	499	142.5	44.9	91.4
WP_003149661.1	gnl|META|EG11062-MONOMER	2.8e-07	22.4	255	54.3	40.4	20.2
WP_003149662.1	gnl|META|HS10240-MONOMER	9.2e-27	28.6	322	117.5	48.1	76.5
WP_003149662.1	gnl|META|HS06422-MONOMER	3.5e-26	26.8	325	115.5	48.9	77.8
WP_003149662.1	gnl|META|MONOMER-18938	1.3e-25	26.2	385	113.6	46.0	94.1
WP_003149663.1	gnl|META|BAES-MONOMER	1.7e-38	30.6	304	156.4	53.6	82.8
WP_003149664.1	gnl|META|G7855-MONOMER	7.1e-119	53.4	358	423.3	69.0	100.0
WP_003149674.1	gnl|META|MONOMER-20008	1.2e-11	35.9	117	66.6	58.1	45.0
WP_003149679.1	gnl|META|EG10416-MONOMER	2.5e-18	36.4	184	89.0	52.2	64.0
WP_003149682.1	gnl|META|G6096-MONOMER	4.3e-13	24.2	240	72.4	47.1	46.9
WP_003149686.1	gnl|META|AT4G15560-MONOMER	5.7e-81	31.9	589	298.1	51.8	91.2
WP_003149686.1	gnl|META|MONOMER-16158	1.1e-79	31.6	586	293.9	50.9	91.2
WP_003149686.1	gnl|META|DXS-MONOMER	1.8e-79	30.1	617	293.1	47.2	99.0
WP_003149686.1	gnl|META|BSU24270-MONOMER	5.9e-78	31.4	618	288.1	48.5	96.4
WP_003149717.1	gnl|META|EG10869-MONOMER	2.4e-43	49.7	175	171.4	66.3	98.3
WP_003149719.1	gnl|META|CELA-MONOMER	1.7e-09	42.9	91	58.2	58.2	91.0
WP_003149720.1	gnl|META|EG10893-MONOMER	3.7e-63	43.4	316	238.0	63.9	99.4
WP_003149723.1	gnl|META|G18NG-10412-MONOMER	2.0e-01	39.5	38	31.2	52.6	42.7
WP_003149726.1	gnl|META|UGPE-MONOMER	6.6e-11	23.3	210	64.3	47.1	72.4
WP_003149726.1	gnl|META|MALG-MONOMER	8.6e-11	28.0	211	63.9	46.0	73.1
WP_003149727.1	gnl|META|YBHF-MONOMER	8.3e-31	31.2	292	130.6	51.0	87.7
WP_003149727.1	gnl|META|BSU02750-MONOMER	2.0e-29	30.9	204	125.9	55.9	63.9
WP_003149729.1	gnl|META|G185E-8078-MONOMER	7.3e-09	27.7	213	57.8	39.9	60.5
WP_003149733.1	gnl|META|MACB	1.1e-46	30.9	395	183.7	50.6	96.3
WP_003149734.1	gnl|META|G12WB-160-MONOMER	4.1e-04	24.5	245	41.6	42.0	91.2
WP_003149736.1	gnl|META|HS10587-MONOMER	4.5e-18	23.2	612	89.4	39.1	83.1
WP_003149738.1	gnl|META|G6318-MONOMER	4.6e-24	33.0	230	108.6	53.0	53.2
WP_003149738.1	gnl|META|PHOR-MONOMER	3.0e-23	29.9	241	105.9	54.8	55.6
WP_003149738.1	gnl|META|BAES-MONOMER	6.2e-21	30.5	226	98.2	55.3	52.5
WP_003149739.1	gnl|META|EG11404-MONOMER	5.8e-105	52.9	363	377.1	71.3	100.0
WP_003149741.1	gnl|META|STM14_RS23775-MONOMER	1.6e-51	43.1	260	199.1	62.3	99.6
WP_003149744.1	gnl|META|EG11955-MONOMER	8.5e-02	27.2	81	34.3	48.1	23.7
WP_003149748.1	gnl|META|HS00157-MONOMER	1.5e-06	29.7	175	50.4	45.7	37.6
WP_003149749.1	gnl|META|MONOMER-16303	6.9e-01	33.3	45	29.6	51.1	40.7
WP_003149751.1	gnl|META|NIFJKLEB-MONOMER	3.5e-03	30.0	90	39.3	37.8	15.3
WP_003149758.1	gnl|META|EG10868-MONOMER	9.0e-65	63.8	177	242.7	80.2	95.2
WP_003149759.1	gnl|META|MONOMER-4503	1.6e-105	52.2	360	379.0	71.7	98.6
WP_003149759.1	gnl|META|GLYCDEH-MONOMER	3.1e-101	53.7	363	364.8	68.3	99.4
WP_003149766.1	gnl|META|ZNUA-MONOMER	2.6e-17	29.8	265	85.9	49.1	77.4
WP_003149771.1	gnl|META|G185E-7524-MONOMER	1.2e-02	34.0	50	34.3	50.0	82.2
WP_003149775.1	gnl|META|G7185-MONOMER	2.3e-43	43.7	199	171.8	66.8	91.3
WP_003149786.1	gnl|META|EG10570-MONOMER	4.2e-52	40.5	247	201.1	61.5	93.9
WP_003149791.1	gnl|META|MACA	1.7e-04	24.3	399	43.9	39.3	75.0
WP_003149801.1	gnl|META|EG10912-MONOMER	1.4e-29	49.6	117	125.2	71.8	95.9
WP_003149805.1	gnl|META|EG12656-MONOMER	1.7e-02	28.4	81	37.4	42.0	13.0
WP_003149812.1	gnl|META|MONOMER-14610	1.5e-128	34.5	982	456.8	52.7	99.0
WP_003149814.1	gnl|META|MONOMER-18237	2.2e-05	24.6	224	46.6	42.4	46.5
WP_003149818.1	gnl|META|G7704-MONOMER	1.1e-07	34.2	120	54.3	50.8	26.2
WP_003149820.1	gnl|META|ARSA-MONOMER	7.4e-01	28.2	117	31.6	47.0	25.3
WP_003149821.1	gnl|META|EG10600-MONOMER	5.7e-15	44.8	96	76.3	63.5	99.0
WP_003149834.1	gnl|META|G1G01-5484-MONOMER	5.1e-96	38.1	570	348.2	57.5	88.9
WP_003149834.1	gnl|META|YHHO-MONOMER	1.0e-91	38.2	595	334.0	53.3	94.0
WP_003149841.1	gnl|META|MONOMER-20278	1.4e-91	34.3	641	333.6	47.6	95.8
WP_003149843.1	gnl|META|ZNUB-MONOMER	4.6e-09	28.2	266	58.2	45.5	97.4
WP_003149851.1	gnl|META|EG11259-MONOMER	1.7e-87	35.6	637	320.1	51.8	91.0
WP_003149852.1	gnl|META|CYDD-MONOMER	1.3e-64	28.9	568	243.8	53.0	96.0
WP_003149853.1	gnl|META|MONOMER-2746	2.7e-70	33.5	481	262.3	53.2	99.1
WP_003149854.1	gnl|META|ASNSYNA-MONOMER	7.2e-65	44.4	311	243.8	58.2	90.1
WP_003149861.1	gnl|META|CHLREDRAFT_168073-MONOMER	6.9e-01	43.8	32	29.6	59.4	29.9
WP_003149863.1	gnl|META|EG10613-MONOMER	3.1e-61	29.3	526	232.6	51.3	84.5
WP_003149865.1	gnl|META|EG10907-MONOMER	6.2e-36	57.6	132	146.4	78.0	99.2
WP_003149868.1	gnl|META|G12WB-159-MONOMER	5.1e-31	32.4	259	132.1	56.8	45.5
WP_003149868.1	gnl|META|G12WB-158-MONOMER	6.6e-31	29.3	259	131.7	52.5	46.0
WP_003149869.1	gnl|META|EG11131-MONOMER	1.9e-02	29.9	87	34.7	57.5	90.4
WP_003149882.1	gnl|META|MONOMER-19739	1.7e-01	34.1	44	33.5	54.5	11.5
WP_003149884.1	gnl|META|PKI-MONOMER	1.8e-112	46.6	453	402.5	63.8	94.2
WP_003149890.1	gnl|META|GMP-SYN-MONOMER	1.9e-144	50.0	540	508.8	65.0	100.0
WP_003149890.1	gnl|META|YMR217W-MONOMER	1.9e-131	46.7	529	465.7	63.7	98.3
WP_003149897.1	gnl|META|EG10903-MONOMER	1.4e-39	49.7	163	159.1	67.5	82.7
WP_003149899.1	gnl|META|EG11506-MONOMER	1.6e-06	32.1	131	50.1	47.3	35.4
WP_003149902.1	gnl|META|EG10879-MONOMER	2.6e-12	39.7	116	67.8	51.7	95.1
WP_003149915.1	gnl|META|MONOMER18C3-28	3.5e-01	31.9	47	31.6	53.2	20.6
WP_003149919.1	gnl|META|STM14_RS23780-MONOMER	4.7e-52	41.6	250	201.1	64.4	85.3
WP_003149921.1	gnl|META|EG10888-MONOMER	2.8e-07	48.3	60	50.1	65.0	98.4
WP_003149923.1	gnl|META|ABC-MONOMER	1.4e-41	40.3	201	166.4	64.7	61.3
WP_003149933.1	gnl|META|MACB	1.9e-54	47.1	223	208.8	67.3	90.7
WP_003149937.1	gnl|META|MONOMER-19925	2.2e-05	25.7	140	45.4	47.9	71.4
WP_003149942.1	gnl|META|CELC-MONOMER	3.2e-09	32.0	103	57.4	53.4	92.8
WP_003149944.1	gnl|META|CELB-MONOMER	3.7e-30	26.4	469	129.0	42.6	93.7
WP_003149946.1	gnl|META|PHET-MONOMER	3.8e-115	35.1	823	412.1	50.8	98.5
WP_003149948.1	gnl|META|EG10613-MONOMER	3.1e-40	27.1	557	163.7	46.9	49.3
WP_003149951.1	gnl|META|EG11171-MONOMER	4.1e-69	44.1	340	259.2	57.1	41.7
WP_003149957.1	gnl|META|MONOMER-7723	9.4e-01	31.7	60	30.4	46.7	24.0
WP_003149961.1	gnl|META|EG10599-MONOMER	1.0e-169	60.4	525	592.8	75.8	96.0
WP_003149970.1	gnl|META|BSU35760-MONOMER	2.9e-01	21.4	271	33.5	42.4	37.8
WP_003149972.1	gnl|META|EG10921-MONOMER	3.8e-17	32.0	150	84.3	49.3	87.7
WP_003149975.1	gnl|META|MONOMER-17535	8.9e-18	30.2	179	86.7	49.2	87.6
WP_003149975.1	gnl|META|EG11723-MONOMER	2.2e-16	36.5	148	82.0	56.8	70.3
WP_003149975.1	gnl|META|MONOMER-17150	2.2e-16	30.9	175	82.0	49.7	84.2
WP_003149978.1	gnl|META|UGPA-MONOMER	2.8e-17	27.5	244	85.5	48.0	80.6
WP_003149978.1	gnl|META|MALF-MONOMER	2.0e-15	25.2	250	79.3	44.4	80.6
WP_003149994.1	gnl|META|G7841-MONOMER	3.5e-18	27.2	272	89.0	47.4	68.4
WP_003149997.1	gnl|META|MONOMER-17076	6.2e-23	24.9	523	105.1	43.2	88.7
WP_003149998.1	gnl|META|EG11920-MONOMER	8.2e-11	37.0	100	63.5	53.0	48.8
WP_003150000.1	gnl|META|STM14_RS23770-MONOMER	5.9e-33	48.3	149	136.7	65.8	94.3
WP_003150014.1	gnl|META|STM14_RS23790-MONOMER	2.2e-67	40.8	348	252.3	60.3	97.7
WP_003150016.1	gnl|META|MONOMER-20004	1.4e-01	56.0	25	34.7	80.0	3.6
WP_003150018.1	gnl|META|MONOMER-19994	9.2e-36	35.6	312	147.9	54.2	51.8
WP_003150023.1	gnl|META|EG10910-MONOMER	3.4e-34	57.5	120	140.6	73.3	90.2
WP_003150027.1	gnl|META|EG11723-MONOMER	3.1e-17	30.4	184	85.9	54.9	44.2
WP_003150027.1	gnl|META|MONOMER-17535	6.4e-15	27.5	182	78.2	48.4	43.5
WP_003150031.1	gnl|META|G6475-MONOMER	5.4e-08	25.7	179	54.7	49.2	60.8
WP_003150032.1	gnl|META|EG10836-MONOMER	1.4e-01	31.0	71	32.0	49.3	62.7
WP_003150034.1	gnl|META|YGL037C-MONOMER	1.9e-04	30.7	75	42.0	53.3	49.3
WP_003150040.1	gnl|META|EG10878-MONOMER	5.2e-17	41.3	126	84.0	62.7	69.2
WP_003150042.1	gnl|META|STM14_RS23765-MONOMER	7.3e-19	35.5	141	89.7	61.0	100.0
WP_003150043.1	gnl|META|AT5G08335-MONOMER	1.0e-03	29.6	81	39.7	53.1	47.9
WP_003150047.1	gnl|META|AT5G64860-MONOMER	6.7e-99	38.7	504	357.5	55.8	98.6
WP_003150047.1	gnl|META|GIO2-442-MONOMER	4.3e-98	38.7	511	354.8	55.0	99.0
WP_003150051.1	gnl|META|G7724-MONOMER	1.4e-24	26.5	268	109.8	44.4	94.3
WP_003150056.1	gnl|META|FEOB-MONOMER	2.8e-57	30.5	604	219.5	46.5	80.8
WP_003150068.1	gnl|META|ADENYL-KIN-MONOMER	1.2e-41	44.2	217	166.0	60.4	99.0
WP_003150072.1	gnl|META|EG12045-MONOMER	8.5e-25	29.5	339	112.1	44.8	36.0
WP_003150074.1	gnl|META|MONOMER-15991	2.7e-21	29.5	261	99.4	47.5	63.5
WP_003150078.1	gnl|META|G7005-MONOMER	3.6e-41	53.9	152	164.1	67.8	93.3
WP_003150081.1	gnl|META|PD00219	2.0e-41	32.8	341	166.0	51.6	97.1
WP_003150083.1	gnl|META|DLACTDEHYDROGNAD-MONOMER	1.5e-78	46.0	326	289.3	65.0	97.3
WP_003150092.1	gnl|META|EG10876-MONOMER	1.6e-16	42.2	147	82.0	53.1	99.3
WP_003150097.1	gnl|META|EG12207-MONOMER	5.6e-02	41.0	39	34.7	56.4	14.0
WP_003150106.1	gnl|META|MONOMER-20837	9.0e-67	38.7	357	250.4	56.9	91.8
WP_003150106.1	gnl|META|GLY3KIN-MONOMER	1.5e-61	39.1	353	233.0	56.7	90.7
WP_003150112.1	gnl|META|PHES-MONOMER	5.3e-82	45.9	338	300.8	62.4	95.2
WP_003150118.1	gnl|META|EG10904-MONOMER	4.3e-37	47.5	160	150.6	70.0	92.5
WP_003150119.1	gnl|META|CPXR-MONOMER	5.5e-24	33.5	227	107.5	55.9	96.5
WP_003150120.1	gnl|META|MONOMER-17416	1.5e-01	35.8	67	32.7	56.7	32.0
WP_003150142.1	gnl|META|MONOMER-15399	1.4e-95	40.2	453	346.3	60.9	99.3
WP_003150142.1	gnl|META|G7492-MONOMER	2.6e-86	39.6	444	315.5	57.0	97.6
WP_003150150.1	gnl|META|EG11724-MONOMER	3.8e-80	39.2	459	295.0	62.3	99.8
WP_003150150.1	gnl|META|EG11691-MONOMER	1.2e-73	38.0	461	273.5	58.1	99.6
WP_003150153.1	gnl|META|ENSG00000139977-MONOMER	9.1e-04	31.9	94	39.7	44.7	60.3
WP_003150155.1	gnl|META|BGLF-MONOMER	1.7e-23	32.8	174	105.5	55.2	93.0
WP_003150155.1	gnl|META|CRR-MONOMER	9.5e-22	31.3	179	99.8	56.4	95.2
WP_003150156.1	gnl|META|EG10900-MONOMER	1.2e-70	43.9	312	263.5	65.1	70.3
WP_003150157.1	gnl|META|MONOMER-13158	1.4e-206	51.2	691	715.7	68.5	98.7
WP_003150158.1	gnl|META|ARCB-MONOMER	5.9e-09	27.3	238	58.2	45.0	63.5
WP_003150167.1	gnl|META|EG11724-MONOMER	5.1e-77	38.8	456	284.6	60.1	99.1
WP_003150167.1	gnl|META|EG11691-MONOMER	1.0e-69	36.5	460	260.4	58.0	99.3
WP_003150169.1	gnl|META|EG10780-MONOMER	1.3e-12	37.7	77	68.6	68.8	71.7
WP_003150171.1	gnl|META|G7808-MONOMER	9.4e-03	34.3	70	37.0	51.4	29.6
WP_003150173.1	gnl|META|G1I0R-1336-MONOMER	3.1e-19	27.5	280	92.0	50.7	94.8
WP_003150176.1	gnl|META|EG10613-MONOMER	3.4e-41	29.6	517	166.0	48.5	82.8
WP_003150176.1	gnl|META|CYDC-MONOMER	1.5e-36	27.6	493	150.6	46.0	81.5
WP_003150180.1	gnl|META|EG10613-MONOMER	6.3e-59	31.2	526	224.9	51.9	84.8
WP_003150188.1	gnl|META|METG-MONOMER	4.0e-41	25.0	533	165.6	41.7	93.7
WP_003150191.1	gnl|META|EG11500-MONOMER	4.7e-15	29.4	214	78.6	45.3	53.1
WP_003150192.1	gnl|META|G1I0R-1336-MONOMER	1.9e-21	25.6	277	99.4	47.7	93.2
WP_003150193.1	gnl|META|EG11549-MONOMER	6.1e-77	37.8	413	284.3	58.8	98.1
WP_003150196.1	gnl|META|MONOMER-15381	1.4e-60	24.7	1101	231.1	41.3	95.7
WP_003150197.1	gnl|META|EG11666-MONOMER	7.5e-44	60.5	152	172.9	71.7	94.3
WP_003150200.1	gnl|META|EG11013-MONOMER	1.1e-58	29.4	725	224.6	46.6	81.8
WP_003150201.1	gnl|META|MONOMER-13555	7.1e-23	26.6	463	104.8	41.0	96.2
WP_003150201.1	gnl|META|MONOMER-13542	1.2e-22	26.6	463	104.0	41.0	96.2
WP_003150205.1	gnl|META|RBSC-MONOMER	4.2e-05	26.3	133	45.4	49.6	33.9
WP_003150211.1	gnl|META|DPPF-MONOMER	1.0e-83	48.9	319	306.6	66.5	86.4
WP_003150211.1	gnl|META|OPPF-MONOMER	3.8e-83	49.4	320	304.7	68.4	85.6
WP_003150213.1	gnl|META|G6645-MONOMER	7.6e-28	31.0	248	120.6	51.2	89.4
WP_003150216.1	gnl|META|HRSA-MONOMER	9.7e-17	31.4	140	82.8	50.0	92.1
WP_003150222.1	gnl|META|EG11479-MONOMER	2.6e-22	31.1	228	102.1	53.1	88.0
WP_003150224.1	gnl|META|YLIB-MONOMER	5.0e-31	26.8	452	132.1	44.5	79.8
WP_003150224.1	gnl|META|DPPA-MONOMER	5.6e-30	25.8	431	128.6	43.4	73.8
WP_003150232.1	gnl|META|EG10534-MONOMER	3.8e-148	42.6	700	521.5	59.3	98.2
WP_003150234.1	gnl|META|L-GLN-FRUCT-6-P-AMINOTRANS-MONOMER	4.0e-138	45.2	613	488.0	63.1	100.0
WP_003150236.1	gnl|META|HS11329-MONOMER	4.5e-46	24.3	1188	183.3	38.6	84.3
WP_003150236.1	gnl|META|YGR061C-MONOMER	1.1e-44	25.0	1211	178.7	39.0	84.9
WP_003150243.1	gnl|META|NHAA-MONOMER	3.0e-61	37.9	420	232.3	55.2	91.2
WP_003150249.1	gnl|META|FEOB-MONOMER	4.4e-77	27.4	909	285.8	42.8	97.2
WP_003150257.1	gnl|META|G6278-MONOMER	1.5e-34	32.5	280	143.3	51.8	74.6
WP_003150257.1	gnl|META|TSA-REDUCT-MONOMER	5.7e-34	29.7	283	141.4	49.1	75.7
WP_003150257.1	gnl|META|MONOMER-13674	1.6e-33	31.9	279	139.8	48.7	74.3
WP_003150257.1	gnl|META|MONOMER-11664	2.2e-33	34.3	251	139.4	51.0	64.7
WP_003150258.1	gnl|META|G7485-MONOMER	1.1e-177	43.8	772	619.8	61.5	98.6
WP_003150261.1	gnl|META|MACB	8.7e-41	39.6	217	163.3	61.8	91.0
WP_003150261.1	gnl|META|GLNQ-MONOMER	6.9e-38	41.4	222	153.7	62.2	92.3
WP_003150261.1	gnl|META|ABC-MONOMER	1.5e-37	37.6	205	152.5	63.4	85.8
WP_003150266.1	gnl|META|MODB-MONOMER	2.8e-31	39.4	208	131.7	57.2	90.4
WP_003150267.1	gnl|META|MGLC-MONOMER	2.1e-02	29.2	72	36.2	48.6	23.2
WP_003150267.1	gnl|META|ARAH-MONOMER	3.6e-02	27.1	129	35.4	45.0	37.6
WP_003150270.1	gnl|META|MONOMER-4214	3.0e-50	34.4	442	196.8	49.1	40.4
WP_003150271.1	gnl|META|YLIC-MONOMER	7.5e-64	41.4	304	240.4	64.8	97.7
WP_003150271.1	gnl|META|DPPB-MONOMER	1.0e-57	37.5	336	219.9	58.9	97.7
WP_003150280.1	gnl|META|EG10860-MONOMER	1.0e-41	53.8	158	166.0	66.5	89.3
WP_003150282.1	gnl|META|ENSG00000171723-MONOMER	3.0e-22	39.9	173	101.3	53.2	98.3
WP_003150282.1	gnl|META|EG11511-MONOMER	1.8e-19	41.1	151	92.0	56.3	84.3
WP_003150284.1	gnl|META|MONOMER-18459	1.4e-73	37.7	446	273.1	56.7	97.7
WP_003150285.1	gnl|META|AT5G05870-MONOMER	7.8e-01	27.3	55	31.2	54.5	15.7
WP_003150286.1	gnl|META|EG12312-MONOMER	1.0e-13	34.6	191	73.2	49.2	92.2
WP_003150286.1	gnl|META|HS00931-MONOMER	8.8e-13	25.7	206	70.1	44.2	100.0
WP_003150287.1	gnl|META|G3O-29201-MONOMER	8.1e-09	33.0	97	58.2	53.6	19.9
WP_003150287.1	gnl|META|HS07681-MONOMER	3.1e-08	25.1	179	56.2	41.3	33.5
WP_003150290.1	gnl|META|OPPD-MONOMER	1.4e-85	49.8	325	312.8	65.2	90.0
WP_003150292.1	gnl|META|STM4458-MONOMER	7.3e-26	47.6	124	112.8	65.3	96.0
WP_003150294.1	gnl|META|MONOMER-17842	1.0e-36	43.1	181	149.4	55.8	96.8
WP_003150294.1	gnl|META|BTUE-MONOMER	3.1e-33	42.5	167	137.9	53.3	89.3
WP_003150296.1	gnl|META|MONOMER-15932	9.6e-04	35.1	57	40.8	54.4	16.5
WP_003150301.1	gnl|META|CYSA-MONOMER	4.6e-25	36.9	195	110.9	57.4	88.0
WP_003150301.1	gnl|META|YDCT-MONOMER	2.5e-23	37.5	192	105.1	57.3	86.1
WP_003150301.1	gnl|META|POTG-MONOMER	4.3e-23	32.5	203	104.4	55.7	92.3
WP_003150301.1	gnl|META|GLTL-MONOMER	9.6e-23	32.8	195	103.2	55.4	87.6
WP_003150301.1	gnl|META|TAUB-MONOMER	2.1e-22	33.3	201	102.1	53.7	91.9
WP_003150301.1	gnl|META|POTA-MONOMER	2.8e-22	35.8	201	101.7	52.2	91.4
WP_003150309.1	gnl|META|MONOMER-11935	4.1e-08	31.0	126	54.7	50.0	56.6
WP_003150311.1	gnl|META|G7487-MONOMER	9.8e-39	53.4	146	156.0	69.9	87.8
WP_003150311.1	gnl|META|MONOMER-962	2.2e-35	46.1	152	144.8	62.5	92.7
WP_003150313.1	gnl|META|G7641-MONOMER	1.7e-36	40.6	249	149.4	55.0	81.5
WP_003150316.1	gnl|META|NICOTINAMID-MONOMER	1.2e-19	33.0	206	92.8	49.5	95.9
WP_003150318.1	gnl|META|HMP-KIN-MONOMER	7.3e-14	33.5	170	73.6	48.2	87.3
WP_003150322.1	gnl|META|MODA-MONOMER	2.0e-18	29.2	260	89.4	47.7	88.0
WP_003150323.1	gnl|META|G7490-MONOMER	8.7e-105	50.8	378	376.7	67.7	92.6
WP_003150327.1	gnl|META|DPPA-MONOMER	3.6e-34	27.6	503	142.5	46.1	89.3
WP_003150327.1	gnl|META|YLIB-MONOMER	6.4e-31	27.6	446	131.7	46.4	79.9
WP_003150331.1	gnl|META|EG10523-MONOMER	3.2e-25	31.3	297	112.1	45.8	90.2
WP_003150334.1	gnl|META|RBSA-MONOMER	5.6e-85	35.7	515	311.2	55.3	100.0
WP_003150334.1	gnl|META|YJCW-MONOMER	9.3e-80	34.5	502	293.9	57.0	97.4
WP_003150334.1	gnl|META|XYLG-MONOMER	2.1e-79	37.4	487	292.7	58.9	94.5
WP_003150344.1	gnl|META|AT2G31955-MONOMER	3.3e-51	36.7	324	198.4	52.8	99.4
WP_003150344.1	gnl|META|EG11595-MONOMER	4.9e-47	34.5	310	184.5	54.2	94.0
WP_003150346.1	gnl|META|G1G01-5484-MONOMER	1.2e-59	28.8	576	227.6	49.5	78.1
WP_003150346.1	gnl|META|YHHO-MONOMER	9.2e-57	29.7	562	218.0	48.9	76.3
WP_003150354.1	gnl|META|MONOMER-546	1.5e-79	52.2	289	292.4	70.6	99.0
WP_003150363.1	gnl|META|RIBONUCLEOSIDE-TRIP-REDUCT-MONOMER	7.3e-118	35.1	750	421.0	53.6	99.7
WP_003150365.1	gnl|META|MONOMER-16494	2.1e-30	30.7	371	129.4	43.7	94.2
WP_003150366.1	gnl|META|FLAVODOXIN1-MONOMER	3.5e-02	28.5	123	34.3	40.7	80.6
WP_003150367.1	gnl|META|EG11062-MONOMER	9.1e-209	54.9	678	723.0	72.7	91.0
WP_003150368.1	gnl|META|G12WB-160-MONOMER	4.9e-40	34.8	264	161.0	56.1	100.0
WP_003150369.1	gnl|META|BSU35550-MONOMER	1.0e-13	34.4	125	75.5	51.2	12.3
WP_003150369.1	gnl|META|MONOMER-15991	1.1e-12	28.5	193	72.0	42.5	18.9
WP_003150369.1	gnl|META|MONOMER-20013	3.3e-12	27.9	129	70.5	51.2	12.7
WP_003150369.1	gnl|META|G6529-MONOMER	9.7e-12	31.8	110	68.9	50.9	10.8
WP_003150370.1	gnl|META|MONOMER-3824	2.3e-95	30.4	899	346.7	46.7	87.2
WP_003150370.1	gnl|META|AT3G14940-MONOMER	1.0e-87	29.7	927	321.2	45.5	86.0
WP_003150371.1	gnl|META|BSU14520-MONOMER	3.8e-88	33.1	586	322.0	55.8	95.3
WP_003150372.1	gnl|META|BSU02750-MONOMER	2.5e-38	35.6	236	155.6	59.3	72.6
WP_003150375.1	gnl|META|G6109-MONOMER	8.3e-11	38.6	83	62.4	56.6	88.2
WP_003150386.1	gnl|META|EG11433-MONOMER	1.1e-21	39.2	153	99.4	52.3	88.5
WP_003150388.1	gnl|META|ACETYLORNDEACET-MONOMER	1.2e-16	26.7	359	84.0	39.0	83.5
WP_003150390.1	gnl|META|YLID-MONOMER	1.0e-47	37.7	276	186.8	59.1	86.5
WP_003150390.1	gnl|META|NIKC-MONOMER	4.6e-45	39.3	270	177.9	59.3	84.6
WP_003150390.1	gnl|META|OPPC-MONOMER	1.8e-44	34.0	291	176.0	56.7	90.9
WP_003150392.1	gnl|META|EG10943-MONOMER	7.7e-57	41.5	316	217.2	58.2	88.2
WP_003150396.1	gnl|META|EG10746-MONOMER	1.6e-154	37.0	940	543.1	54.4	98.0
WP_003150401.1	gnl|META|G6110-MONOMER	2.6e-04	27.9	68	40.8	58.8	73.9
WP_003150403.1	gnl|META|G6999-MONOMER	6.8e-20	31.1	180	93.6	52.8	95.2
WP_003150407.1	gnl|META|RNTRACTIV-MONOMER	2.2e-28	39.0	154	121.7	58.4	84.4
WP_003150409.1	gnl|META|POTA-MONOMER	6.8e-40	41.2	221	161.0	59.7	59.7
WP_003150409.1	gnl|META|POTG-MONOMER	1.8e-37	38.7	225	152.9	57.3	60.8
WP_003150409.1	gnl|META|YDCT-MONOMER	3.2e-37	40.0	225	152.1	57.8	60.8
WP_003150411.1	gnl|META|G7486-MONOMER	4.4e-58	40.5	294	221.1	58.5	100.0
WP_003150421.1	gnl|META|EG11481-MONOMER	3.4e-17	33.5	188	85.5	46.8	53.2
WP_003150424.1	gnl|META|G7485-MONOMER	1.6e-69	29.3	771	260.8	43.3	79.5
WP_003150426.1	gnl|META|XANTHOSINEPHOSPHORY-MONOMER	7.9e-26	30.8	263	114.4	43.7	64.9
WP_003150428.1	gnl|META|YICE-MONOMER	1.2e-41	28.4	465	167.2	50.3	95.3
WP_003150428.1	gnl|META|YGFU-MONOMER	3.5e-41	27.3	443	165.6	48.8	93.6
WP_003150428.1	gnl|META|YGFO-MONOMER	2.3e-40	28.3	448	162.9	47.1	92.1
WP_003150433.1	gnl|META|MONOMER-12073	2.5e-19	32.1	265	92.8	47.2	62.2
WP_003150435.1	gnl|META|G7454-MONOMER	6.3e-36	30.3	393	147.9	49.1	97.7
WP_003150439.1	gnl|META|EG10613-MONOMER	6.4e-37	26.0	554	151.8	45.8	95.5
WP_003150454.1	gnl|META|EG10924-MONOMER	1.1e-10	35.5	124	64.3	54.0	26.0
WP_003150456.1	gnl|META|MGLA-MONOMER	6.4e-150	51.7	497	526.9	74.2	98.8
WP_003150464.1	gnl|META|MONOMER-19728	3.3e-02	25.0	232	35.4	40.1	72.2
WP_003150464.1	gnl|META|MONOMER-16461	4.3e-02	54.5	33	35.0	66.7	11.6
WP_003150466.1	gnl|META|MANY-MONOMER	3.2e-55	50.6	247	211.5	66.8	90.8
WP_003150467.1	gnl|META|G185E-5517-MONOMER	5.3e-32	36.4	228	134.4	56.6	79.2
WP_003150469.1	gnl|META|DPPA-MONOMER	3.3e-19	26.4	326	92.8	41.7	54.1
WP_003150469.1	gnl|META|YLIB-MONOMER	4.1e-17	22.7	494	85.9	39.9	89.6
WP_003150470.1	gnl|META|RPOD-MONOMER	2.9e-85	58.4	274	312.0	77.0	59.6
WP_003150470.1	gnl|META|RPOD-MONOMER	4.4e-04	46.5	43	42.4	67.4	9.5
WP_003150471.1	gnl|META|DPPD-MONOMER	1.3e-57	44.5	290	220.7	62.4	41.2
WP_003150471.1	gnl|META|OPPD-MONOMER	2.0e-53	36.9	312	206.8	59.0	44.4
WP_003150472.1	gnl|META|MANZ-MONOMER	6.4e-76	49.2	295	280.4	66.4	96.4
WP_003150483.1	gnl|META|G7319-MONOMER	8.1e-08	24.0	175	53.5	45.7	88.7
WP_003150485.1	gnl|META|G7011-MONOMER	5.3e-10	28.6	196	61.2	43.4	72.3
WP_003150485.1	gnl|META|G7415-MONOMER	1.7e-08	31.5	130	56.2	45.4	48.3
WP_003150486.1	gnl|META|MONOMER-15145	3.1e-07	26.8	164	52.0	42.1	62.5
WP_003150486.1	gnl|META|MONOMER-8544	1.2e-06	33.0	103	50.1	53.4	38.6
WP_003150488.1	gnl|META|DGTPTRIPHYDRO-MONOMER	1.7e-07	29.6	115	53.5	47.0	23.2
WP_003150496.1	gnl|META|MANX-MONOMER	1.2e-56	39.7	312	216.5	56.4	93.7
WP_003150501.1	gnl|META|EG11063-MONOMER	8.2e-89	34.0	630	324.3	52.5	95.0
WP_003150506.1	gnl|META|RIBF-MONOMER	1.4e-39	32.5	289	159.8	52.6	82.7
WP_003150508.1	gnl|META|MONOMER-382	2.4e-123	55.7	395	438.3	73.2	98.7
WP_003150508.1	gnl|META|MONOMER-13053	5.1e-118	54.7	404	420.6	70.3	98.7
WP_003150508.1	gnl|META|MONOMER-12711	1.8e-115	54.1	403	412.1	71.0	99.7
WP_003150510.1	gnl|META|BSU37150-MONOMER	5.7e-192	59.9	534	666.8	76.8	97.3
WP_003150514.1	gnl|META|MONOMER-13093	2.7e-115	63.5	340	411.4	75.3	99.1
WP_003150514.1	gnl|META|MONOMER-13052	1.4e-111	62.8	341	399.1	74.5	98.5
WP_003150516.1	gnl|META|ALAS-MONOMER	1.5e-197	43.5	887	686.0	62.1	98.6
WP_003150520.1	gnl|META|MONOMER-18988	2.1e-31	37.7	220	132.1	55.5	95.2
WP_003150520.1	gnl|META|NANE-MONOMER	1.8e-30	38.4	219	129.0	52.5	94.8
WP_003150524.1	gnl|META|G7248-MONOMER	3.5e-44	34.6	315	175.3	53.7	82.4
WP_003150526.1	gnl|META|IMP-DEHYDROG-MONOMER	3.5e-71	36.9	491	265.4	51.5	96.1
WP_003150526.1	gnl|META|HS02896-MONOMER	3.7e-68	34.3	499	255.4	54.7	96.1
WP_003150526.1	gnl|META|HS11242-MONOMER	9.3e-64	32.8	503	240.7	53.3	95.9
WP_003150530.1	gnl|META|MGLB-MONOMER	3.0e-18	29.4	269	89.4	41.6	59.5
WP_003150531.1	gnl|META|LEUS-MONOMER	2.7e-204	44.2	887	708.4	59.1	97.7
WP_003150532.1	gnl|META|MONOMER-13051	5.7e-70	52.2	249	260.4	68.3	97.6
WP_003150532.1	gnl|META|MONOMER-13055	9.7e-70	52.0	250	259.6	70.8	98.0
WP_003150534.1	gnl|META|EG10942-MONOMER	1.3e-15	33.8	213	81.6	47.4	23.3
WP_003150534.1	gnl|META|EG10529-MONOMER	4.8e-15	29.6	223	79.7	47.5	22.8
WP_003150535.1	gnl|META|ILES-MONOMER	7.7e-197	41.2	966	683.7	55.5	99.3
WP_003150537.1	gnl|META|DPPA-MONOMER	5.8e-09	22.1	312	58.9	39.1	50.5
WP_003150539.1	gnl|META|MONOMER-9366	5.2e-100	44.3	427	360.9	62.8	98.1
WP_003150543.1	gnl|META|DPPF-MONOMER	1.2e-57	42.0	262	219.5	62.6	97.0
WP_003150543.1	gnl|META|YLIA-MONOMER	8.5e-56	43.0	263	213.4	62.7	96.7
WP_003150543.1	gnl|META|OPPF-MONOMER	2.3e-53	40.6	266	205.3	62.8	96.7
WP_003150547.1	gnl|META|EG12717-MONOMER	5.9e-02	45.2	31	33.9	58.1	17.8
WP_003150551.1	gnl|META|G6140-MONOMER	1.4e-30	30.2	308	129.8	45.1	99.7
WP_003150551.1	gnl|META|G7911-MONOMER	1.0e-28	26.4	303	123.6	48.2	98.0
WP_003150553.1	gnl|META|MONOMER-12254	3.2e-67	43.2	294	251.5	62.9	95.5
WP_003150557.1	gnl|META|6PFK-1-MONOMER	3.5e-24	29.4	343	109.0	46.6	81.0
WP_003150557.1	gnl|META|MONOMER-18281	3.5e-24	29.4	343	109.0	46.6	81.0
WP_003150562.1	gnl|META|ASNS-MONOMER	9.3e-143	56.0	452	503.1	70.6	96.1
WP_003150564.1	gnl|META|YLIC-MONOMER	3.9e-44	33.5	313	174.9	56.9	98.4
WP_003150564.1	gnl|META|DPPB-MONOMER	7.7e-40	33.6	336	160.6	52.7	98.4
WP_003150569.1	gnl|META|MONOMER-19685	7.9e-04	24.5	220	41.2	41.4	56.5
WP_003150571.1	gnl|META|MONOMER-14881	8.5e-02	37.7	69	35.0	49.3	11.8
WP_003150571.1	gnl|META|MONOMER-16797	1.5e-01	30.3	109	34.3	46.8	19.6
WP_003150571.1	gnl|META|SYNPCC7942_0970-MONOMER	1.9e-01	53.1	32	33.9	62.5	5.7
WP_003150571.1	gnl|META|AT4G14210-MONOMER	4.2e-01	53.8	39	32.7	61.5	6.8
WP_003150572.1	gnl|META|MONOMER-17373	3.2e-02	28.6	63	34.3	50.8	52.1
WP_003150574.1	gnl|META|EG10634-MONOMER	4.2e-05	46.7	45	44.3	60.0	26.9
WP_003150575.1	gnl|META|MONOMER-14503	2.0e-106	33.8	877	383.3	50.7	88.1
WP_003150575.1	gnl|META|MONOMER-14495	2.1e-95	33.8	793	346.7	52.2	86.1
WP_003150576.1	gnl|META|EG12098-MONOMER	7.4e-41	34.6	327	164.1	51.1	93.5
WP_003150578.1	gnl|META|G1I0R-1684-MONOMER	2.2e-24	28.1	303	109.4	45.5	88.3
WP_003150580.1	gnl|META|MONOMER0-541	5.0e-30	35.4	223	127.9	52.9	75.2
WP_003150587.1	gnl|META|GLNP-MONOMER	3.8e-17	32.5	209	84.7	49.3	92.9
WP_003150588.1	gnl|META|G185E-5885-MONOMER	4.0e-42	40.6	239	167.9	52.7	88.8
WP_003150591.1	gnl|META|G7525-MONOMER	1.4e-14	31.8	132	75.5	53.8	94.3
WP_003150592.1	gnl|META|AROK-MONOMER	3.2e-22	36.7	147	101.3	57.8	78.6
WP_003150593.1	gnl|META|EG11506-MONOMER	1.7e-123	42.3	638	439.5	62.7	99.4
WP_003150597.1	gnl|META|AT3G49680-MONOMER	3.8e-64	42.1	337	241.5	57.6	94.1
WP_003150600.1	gnl|META|GLNP-MONOMER	1.0e-19	31.6	212	93.2	52.4	96.8
WP_003150600.1	gnl|META|G7037-MONOMER	3.3e-18	30.4	204	88.2	56.9	94.0
WP_003150601.1	gnl|META|OROPRIBTRANS-MONOMER	1.2e-42	42.2	225	169.5	64.0	98.7
WP_003150604.1	gnl|META|EG10239-MONOMER	1.3e-59	31.4	455	227.3	50.3	69.9
WP_003150605.1	gnl|META|YLIA-MONOMER	9.0e-123	41.4	640	437.2	58.6	92.6
WP_003150617.1	gnl|META|EG11177-MONOMER	7.2e-33	37.1	213	137.5	54.5	65.1
WP_003150618.1	gnl|META|G7039-MONOMER	6.5e-25	32.4	210	110.9	49.0	70.3
WP_003150622.1	gnl|META|MONOMER-13054	5.1e-164	66.8	431	573.5	79.6	99.8
WP_003150622.1	gnl|META|MONOMER-13099	2.4e-153	64.3	431	538.1	76.8	100.0
WP_003150623.1	gnl|META|MONOMER-13042	9.6e-53	36.9	290	203.4	55.9	96.9
WP_003150624.1	gnl|META|OPPC-MONOMER	2.5e-31	32.1	274	132.5	52.9	76.0
WP_003150624.1	gnl|META|YLID-MONOMER	9.0e-29	28.7	272	124.0	51.5	75.1
WP_003150625.1	gnl|META|MONOMER-13103	4.1e-112	53.8	385	401.0	69.4	98.7
WP_003150627.1	gnl|META|EG11663-MONOMER	1.6e-13	31.6	136	72.0	52.2	95.1
WP_003150629.1	gnl|META|MONOMER-6081	2.0e-35	32.8	314	146.0	49.0	91.6
WP_003150633.1	gnl|META|OPPB-MONOMER	4.1e-20	28.2	287	95.1	51.2	85.5
WP_003150634.1	gnl|META|BAIDEL6EUBSP-MONOMER	2.4e-30	28.0	414	129.4	44.7	91.2
WP_003150635.1	gnl|META|EG11061-MONOMER	4.5e-301	56.4	946	1030.0	72.3	98.3
WP_003150640.1	gnl|META|MONOMER-20425	3.2e-01	37.3	59	31.6	50.8	30.9
WP_003150643.1	gnl|META|EG10459-MONOMER	5.5e-02	23.2	190	36.6	41.1	17.1
WP_003150658.1	gnl|META|MONOMER-19690	5.2e-09	23.6	174	57.8	39.7	74.0
WP_003150658.1	gnl|META|G6932-MONOMER	2.6e-08	20.2	198	55.5	41.9	80.9
WP_012809261.1	gnl|META|EG10891-MONOMER	2.0e-03	42.4	33	37.0	69.7	67.3
WP_040324400.1	gnl|META|AT3G01120-MONOMER	1.9e-04	45.8	48	42.7	58.3	18.1
WP_040324401.1	gnl|META|AT4G14880-MONOMER	5.0e-02	34.1	44	34.3	61.4	23.2
WP_040324401.1	gnl|META|MONOMER-19977	3.2e-01	29.6	54	31.6	51.9	28.4
WP_040324406.1	gnl|META|MONOMER-11777	8.6e-06	23.5	319	48.1	39.8	59.0
WP_040324406.1	gnl|META|AT1G08520-MONOMER	1.1e-05	23.8	336	47.8	39.0	59.0
WP_040324406.1	gnl|META|MONOMER-13263	4.3e-05	25.8	182	45.8	42.9	32.5
WP_040324410.1	gnl|META|GLYOXII-MONOMER	6.0e-01	32.7	52	32.7	55.8	6.6
WP_040324410.1	gnl|META|MONOMER-19276	6.0e-01	29.2	65	32.7	50.8	7.8
WP_040324411.1	gnl|META|HS07125-MONOMER	4.2e-50	36.1	332	194.9	51.2	91.4
WP_040324411.1	gnl|META|MONOMER-6082	1.3e-48	35.0	357	189.9	52.7	95.6
WP_040324411.1	gnl|META|ALDOSE1EPIM-MONOMER	1.3e-46	35.7	328	183.3	48.2	90.8
WP_040324413.1	gnl|META|THRESYN-MONOMER	1.5e-45	32.0	438	180.3	47.7	87.3
WP_040324416.1	gnl|META|CELA-MONOMER	2.7e-16	42.5	106	80.9	65.1	94.6
WP_040324418.1	gnl|META|EG10625-MONOMER	6.4e-01	27.5	40	30.4	62.5	23.7
WP_040324425.1	gnl|META|EG10613-MONOMER	4.7e-51	27.4	577	198.7	48.0	96.4
WP_040324426.1	gnl|META|HP0100-MONOMER	1.9e-09	29.4	180	58.9	47.8	85.8
WP_040324434.1	gnl|META|EG11072-MONOMER	1.0e-42	38.5	260	170.6	56.5	57.8
WP_040324435.1	gnl|META|MONOMER-13471	1.9e-97	55.6	329	352.1	72.9	96.7
WP_040324435.1	gnl|META|PTACLOS-MONOMER	3.5e-88	51.2	330	321.2	69.4	97.0
WP_040324436.1	gnl|META|MONOMER-18131	5.8e-53	30.8	383	204.5	52.2	95.2
WP_040324436.1	gnl|META|G185E-8105-MONOMER	1.4e-51	32.6	389	199.9	50.6	95.5
WP_040324436.1	gnl|META|GALPMUT-MONOMER	5.1e-49	33.6	378	191.4	53.2	93.5
WP_040324445.1	gnl|META|GLYQ-MONOMER	4.9e-108	65.5	281	387.1	77.6	90.6
WP_040324447.1	gnl|META|YJL172W-MONOMER	3.3e-31	28.8	358	132.5	47.5	72.2
WP_040324453.1	gnl|META|EG10370-MONOMER	1.6e-81	43.5	352	299.3	63.9	96.4
WP_040324456.1	gnl|META|EG10861-MONOMER	2.0e-33	44.6	177	139.0	62.1	67.2
WP_040324459.1	gnl|META|EG10270-MONOMER	1.1e-51	39.0	290	199.9	57.6	96.0
WP_040324462.1	gnl|META|BSU35700-MONOMER	1.2e-43	38.4	237	172.9	59.1	92.9
WP_040324462.1	gnl|META|MONOMER-20000	1.2e-43	38.4	237	172.9	59.1	92.9
WP_040324462.1	gnl|META|MONOMER-19989	3.6e-40	42.4	203	161.4	59.1	79.6
WP_040324464.1	gnl|META|G185E-4968-MONOMER	1.4e-01	35.7	56	32.3	62.5	39.4
WP_040324466.1	gnl|META|BSU35710-MONOMER	1.6e-01	23.7	93	33.1	47.3	33.0
WP_040324466.1	gnl|META|MONOMER-19999	2.6e-01	22.6	93	32.3	48.4	33.0
WP_040324467.1	gnl|META|1-PFK-MONOMER	7.5e-25	28.6	290	110.9	46.9	83.6
WP_040324471.1	gnl|META|G12WB-2962-MONOMER	4.8e-105	50.1	369	377.5	66.4	95.8
WP_040324474.1	gnl|META|EG10690-MONOMER	3.4e-25	34.4	221	112.5	52.9	46.1
WP_040324475.1	gnl|META|EG11085-MONOMER	1.6e-53	38.8	320	206.1	56.9	98.1
WP_040324481.1	gnl|META|MONOMER-14053	8.5e-141	47.3	583	496.9	62.6	96.3
WP_040324481.1	gnl|META|ASPS-MONOMER	8.8e-138	44.9	590	486.9	62.5	97.0
WP_040324485.1	gnl|META|EG11665-MONOMER	1.3e-36	33.2	310	149.8	53.2	95.6
WP_040324490.1	gnl|META|RPOB-MONOMER	1.4e-296	42.7	1376	1015.4	56.5	94.4
WP_040324491.1	gnl|META|EG10864-MONOMER	8.1e-63	53.8	225	236.5	71.1	95.7
WP_040324494.1	gnl|META|MONOMER-18507	1.3e-294	53.8	872	1008.4	74.0	95.9
WP_040324502.1	gnl|META|BDHNADPHCLOS-MONOMER	1.6e-127	59.2	404	452.2	73.3	100.0
WP_040324503.1	gnl|META|GLYCDEH-MONOMER	6.7e-80	44.0	361	293.9	62.0	98.4
WP_040324503.1	gnl|META|MONOMER-4503	3.4e-76	43.5	361	281.6	60.4	98.4
WP_040324504.1	gnl|META|MONOMER-20452	1.3e-01	36.7	49	35.8	61.2	3.4
WP_040324509.1	gnl|META|EG10627-MONOMER	4.4e-26	47.2	125	114.8	64.0	43.2
WP_040324520.1	gnl|META|PD00237	6.9e-07	51.0	51	50.8	70.6	19.9
WP_040324538.1	gnl|META|EG10613-MONOMER	5.1e-82	33.9	554	301.6	54.3	94.2
WP_040324549.1	gnl|META|MONOMER-17841	3.7e-82	44.8	310	301.2	64.8	94.8
WP_040324549.1	gnl|META|HOMSUCTRAN-MONOMER	6.6e-79	44.9	301	290.4	65.1	91.7
WP_040324551.1	gnl|META|MONOMER-20025	5.6e-32	36.1	216	134.0	56.9	93.9
WP_040324551.1	gnl|META|MONOMER-20238	1.6e-31	35.1	225	132.5	55.1	97.8
WP_040324553.1	gnl|META|EG12033-MONOMER	1.5e-104	64.2	302	375.6	78.8	97.1
WP_040324553.1	gnl|META|MONOMER-14164	3.7e-103	63.6	302	370.9	78.1	97.1
WP_040324554.1	gnl|META|HS06473-MONOMER	6.8e-01	52.2	23	30.8	73.9	9.7
WP_040324556.1	gnl|META|CPXR-MONOMER	3.6e-31	36.0	228	131.3	57.0	95.6
WP_040324576.1	gnl|META|YEHY-MONOMER	1.3e-20	29.3	215	97.4	52.1	38.9
WP_040324576.1	gnl|META|YEHW-MONOMER	1.9e-19	34.1	185	93.6	56.2	35.8
WP_040324585.1	gnl|META|MONOMER-6727	5.6e-70	35.6	402	261.2	55.5	92.5
WP_040324589.1	gnl|META|EG10913-MONOMER	1.2e-10	49.1	57	61.2	70.2	90.2
WP_040324590.1	gnl|META|MONOMER-17076	6.0e-56	31.8	534	214.9	48.7	90.2
WP_040324591.1	gnl|META|EG10724-MONOMER	3.5e-02	22.4	98	34.7	44.9	56.6
WP_040324598.1	gnl|META|MONOMER-17099	3.7e-149	40.9	753	525.0	59.0	93.6
WP_040324598.1	gnl|META|MALDEXPHOSPHORYL-MONOMER	4.7e-144	38.2	783	508.1	57.7	98.7
WP_040324598.1	gnl|META|HS02178-MONOMER	2.2e-138	39.6	755	489.2	58.1	93.6
WP_040324598.1	gnl|META|HS00949-MONOMER	2.2e-138	38.6	757	489.2	58.5	94.0
WP_040324598.1	gnl|META|GLYCOPHOSPHORYL-MONOMER	2.1e-136	38.7	757	482.6	58.0	95.0
WP_040324598.1	gnl|META|HS02099-MONOMER	3.0e-135	38.8	755	478.8	56.7	93.6
WP_040324606.1	gnl|META|EG10454-MONOMER	3.3e-31	34.9	255	131.7	50.2	91.4
WP_040324615.1	gnl|META|ZNUC-MONOMER	3.0e-24	36.2	213	108.6	54.9	75.6
WP_040324615.1	gnl|META|YDCT-MONOMER	4.0e-21	30.6	222	98.2	51.4	80.4
WP_040324620.1	gnl|META|CYDC-MONOMER	3.7e-42	29.7	485	169.1	50.9	85.8
WP_040324620.1	gnl|META|EG10613-MONOMER	3.1e-41	28.4	486	166.0	50.8	86.4
WP_040324621.1	gnl|META|MONOMER-18021	3.8e-25	26.1	291	111.7	49.1	95.7
WP_040324652.1	gnl|META|MONOMER-20101	4.6e-05	32.8	67	43.9	62.7	47.9
WP_040324659.1	gnl|META|MONOMER-16806	7.2e-15	22.7	427	78.2	38.6	88.4
WP_040324670.1	gnl|META|DTMPKI-MONOMER	3.6e-28	38.6	189	121.3	57.7	82.1
WP_040324674.1	gnl|META|EG12099-MONOMER	4.4e-43	42.2	187	170.6	64.7	100.0
WP_040324676.1	gnl|META|EG11344-MONOMER	3.1e-67	39.1	381	251.9	53.8	96.9
WP_040324684.1	gnl|META|RPOD-MONOMER	2.9e-21	28.0	250	98.6	54.0	92.6
WP_040324684.1	gnl|META|RPOS-MONOMER	3.8e-21	28.3	251	98.2	53.0	93.0
WP_040324686.1	gnl|META|GLTL-MONOMER	3.6e-56	49.2	238	214.5	71.0	91.1
WP_040324686.1	gnl|META|GLNQ-MONOMER	2.2e-53	46.0	239	205.3	66.9	91.5
WP_040324686.1	gnl|META|EG12347-MONOMER	2.4e-52	46.3	246	201.8	65.0	91.9
WP_050768499.1	gnl|META|EG10203-MONOMER	6.0e-24	28.1	334	108.2	47.3	75.6
WP_050768499.1	gnl|META|EG10201-MONOMER	3.6e-21	26.1	360	99.0	43.6	80.1
WP_050768501.1	gnl|META|MONOMER-20005	2.1e-24	43.8	185	108.6	58.9	92.9
WP_050768504.1	gnl|META|G6475-MONOMER	2.7e-19	33.3	183	92.0	44.8	68.0
WP_050768504.1	gnl|META|MONOMER-15072	8.8e-18	32.6	181	87.0	45.9	67.2
WP_050768506.1	gnl|META|EG11816-MONOMER	5.3e-35	48.1	154	143.7	62.3	89.0
WP_050768509.1	gnl|META|BSU22780-MONOMER	1.3e-56	56.4	181	215.7	76.2	91.4
WP_050768512.1	gnl|META|MONOMER-6564	7.7e-86	48.1	341	313.5	67.2	96.3
WP_050768512.1	gnl|META|AT1G14810-MONOMER	6.3e-80	46.0	346	293.9	63.6	98.0
WP_050768516.1	gnl|META|EG10613-MONOMER	1.2e-44	25.3	565	177.6	48.7	92.2
WP_050768517.1	gnl|META|DTDPDEHYDRHAMEPIM-MONOMER	5.1e-42	49.1	173	167.2	64.2	85.9
WP_050768518.1	gnl|META|AT3G55030-MONOMER	3.2e-04	32.1	81	40.8	53.1	60.3
WP_050768518.1	gnl|META|PHOSPHAGLYPSYN-MONOMER	4.2e-04	34.6	52	40.4	61.5	44.8
WP_050768518.1	gnl|META|AT4G04870-MONOMER	9.4e-04	30.3	66	39.3	65.2	55.2
WP_050768518.1	gnl|META|AT2G39290-MONOMER	2.7e-03	30.8	78	37.7	52.6	57.8
WP_050768520.1	gnl|META|PSERPHOSPHA-MONOMER	4.8e-03	25.6	90	38.1	47.8	34.2
WP_050768522.1	gnl|META|YFEP-MONOMER	2.8e-15	24.8	404	79.3	44.6	99.5
WP_050768536.1	gnl|META|YIIP-MONOMER	4.2e-08	18.8	276	55.5	43.5	71.7
WP_050768538.1	gnl|META|6PFK-1-MONOMER	6.7e-23	29.3	246	104.8	50.8	57.1
WP_050768538.1	gnl|META|MONOMER-18281	6.7e-23	29.3	246	104.8	50.8	57.1
WP_050768539.1	gnl|META|KDGT-MONOMER	1.2e-33	32.4	306	140.2	51.0	84.9
WP_081450649.1	gnl|META|EG11247-MONOMER	2.2e-38	28.5	438	156.4	45.7	88.3
WP_081450654.1	gnl|META|MONOMER-12104	9.3e-02	28.6	49	34.3	44.9	13.8
WP_081450654.1	gnl|META|MONOMER-17847	6.0e-01	66.7	15	31.6	80.0	4.2
WP_081450659.1	gnl|META|MONOMER-18274	2.2e-05	27.2	136	45.1	47.1	92.5
WP_081450671.1	gnl|META|MONOMER-15370	1.4e-01	25.8	66	33.1	42.4	28.0
WP_081450678.1	gnl|META|MONOMER-17881	1.9e-126	56.5	432	448.7	71.8	98.2
WP_081450689.1	gnl|META|G18NG-10412-MONOMER	1.6e-01	39.5	38	31.6	52.6	40.0
WP_141752199.1	gnl|META|MONOMER-13882	7.0e-04	49.0	49	41.6	61.2	11.4
WP_141752206.1	gnl|META|UMPKI-MONOMER	1.3e-63	51.1	233	239.2	70.0	97.1
WP_141752217.1	gnl|META|EG10341-MONOMER	1.7e-45	27.8	565	180.3	47.1	97.0
WP_141752222.1	gnl|META|CPXR-MONOMER	2.3e-22	29.4	231	102.1	53.2	99.6
WP_155811515.1	gnl|META|EG11353-MONOMER	2.6e-10	25.9	193	62.8	48.2	47.5
WP_155811518.1	gnl|META|RIBULP3EPIM-MONOMER	4.5e-50	45.0	218	194.1	61.5	94.3
WP_155811519.1	gnl|META|MONOMER-13213	4.0e-09	27.0	174	58.2	43.7	69.5
WP_155811519.1	gnl|META|SYNPCC7942_0485-MONOMER	2.6e-08	29.8	141	55.5	46.8	58.6
WP_155811520.1	gnl|META|MONOMER-20152	1.7e-18	27.9	276	90.1	45.7	63.1
WP_155811521.1	gnl|META|EG11311-MONOMER	1.2e-33	38.1	244	140.2	53.7	66.6
WP_155811526.1	gnl|META|EG10613-MONOMER	8.1e-65	29.2	620	244.6	48.9	96.5
WP_155811529.1	gnl|META|G12WB-158-MONOMER	4.6e-39	34.4	270	159.1	59.6	41.2
WP_155811529.1	gnl|META|YBHF-MONOMER	4.7e-36	25.5	561	149.1	45.1	84.4
WP_155811530.1	gnl|META|MONOMER-19555	3.2e-01	30.0	70	31.6	42.9	37.4
WP_155811531.1	gnl|META|EG12436-MONOMER	3.3e-15	25.6	489	79.3	42.1	97.2
WP_155811533.1	gnl|META|PD00219	6.2e-21	27.8	338	97.8	45.0	98.2
WP_155811534.1	gnl|META|BSU35530-MONOMER	1.5e-51	36.3	331	199.9	60.1	79.7
WP_155811534.1	gnl|META|MONOMER-19967	1.5e-51	36.3	331	199.9	60.1	79.7
WP_155811535.1	gnl|META|SPOT-MONOMER	1.1e-135	38.0	750	480.3	55.1	96.0
WP_155811535.1	gnl|META|RELA-MONOMER	8.5e-133	36.8	717	470.7	58.9	90.3
WP_155811537.1	gnl|META|G7845-MONOMER	1.2e-34	35.5	242	143.3	53.7	79.8
WP_155811538.1	gnl|META|MONOMER-13382	3.0e-48	28.8	462	189.1	50.2	96.6
WP_155811541.1	gnl|META|EG10613-MONOMER	1.2e-52	25.8	589	204.1	45.3	90.4
WP_155811547.1	gnl|META|PHOR-MONOMER	4.7e-25	29.3	232	112.1	52.2	48.7
WP_155811547.1	gnl|META|G6318-MONOMER	1.5e-23	27.9	251	107.1	51.4	52.7
WP_155811551.1	gnl|META|HS03507-MONOMER	4.7e-16	25.6	313	82.4	45.7	51.6
WP_155811555.1	gnl|META|G185E-5891-MONOMER	1.8e-23	37.6	173	105.9	54.9	66.0
WP_155811556.1	gnl|META|G6502-MONOMER	6.7e-07	52.3	44	49.7	68.2	39.6
WP_155811560.1	gnl|META|G3O-33618-MONOMER	4.4e-01	47.7	44	32.0	59.1	12.8
WP_155811561.1	gnl|META|G6577-MONOMER	1.2e-15	28.7	223	80.1	41.3	74.9
WP_155811562.1	gnl|META|EG10785-MONOMER	2.3e-23	43.2	148	105.1	54.7	76.2
WP_155811563.1	gnl|META|EG11471-MONOMER	4.8e-05	21.0	252	45.1	41.7	77.1
WP_155811567.1	gnl|META|EG11470-MONOMER	2.2e-09	28.2	216	59.3	48.1	75.4
WP_155811569.1	gnl|META|UGPC-MONOMER	3.8e-80	45.8	347	294.7	63.1	97.5
WP_155811569.1	gnl|META|MALK-MONOMER	5.5e-79	50.2	305	290.8	67.9	85.4
WP_155811570.1	gnl|META|G12WB-158-MONOMER	1.9e-50	41.6	281	196.8	59.1	44.1
WP_155811570.1	gnl|META|G12WB-159-MONOMER	2.0e-47	41.5	282	186.8	59.9	44.1
WP_155811576.1	gnl|META|G185E-4233-MONOMER	2.7e-01	33.9	56	32.7	51.8	14.9
WP_155811577.1	gnl|META|MGLC-MONOMER	1.2e-51	38.2	348	200.7	56.3	61.2
WP_155811578.1	gnl|META|EG11494-MONOMER	4.9e-25	30.5	311	111.7	48.2	79.9
WP_155811580.1	gnl|META|HS01304-MONOMER	9.7e-59	36.5	389	223.8	56.0	90.4
WP_155811580.1	gnl|META|MONOMER-20127	4.5e-56	39.2	390	214.9	54.1	90.1
WP_155811580.1	gnl|META|G3O-29283-MONOMER	3.8e-55	35.1	385	211.8	53.5	89.4
WP_155811582.1	gnl|META|G6561-MONOMER	1.4e-20	25.7	373	97.4	45.8	66.4
WP_162010741.1	gnl|META|MONOMER-3603	8.0e-02	38.5	65	34.3	56.9	17.7
WP_162010744.1	gnl|META|G12WB-160-MONOMER	3.7e-24	28.6	262	108.2	51.1	97.3
WP_162010747.1	gnl|META|MACB	2.9e-40	37.6	218	161.8	61.0	81.6
WP_162010747.1	gnl|META|ABC-MONOMER	7.4e-36	37.8	196	147.1	61.7	73.0
