WP_005605651.1	gnl|META|EG10920-MONOMER	1.2e-07	58.0	50	51.2	70.0	87.7
WP_005605917.1	gnl|META|EG11231-MONOMER	6.8e-07	50.9	55	48.9	61.8	83.3
WP_005607440.1	gnl|META|EG10910-MONOMER	6.9e-40	62.0	129	159.5	77.5	100.0
WP_005607444.1	gnl|META|EG11232-MONOMER	1.5e-08	65.8	38	53.5	78.9	100.0
WP_005607459.1	gnl|META|EG10913-MONOMER	3.9e-09	54.5	44	56.2	72.7	72.1
WP_005607465.1	gnl|META|EG10875-MONOMER	1.6e-38	63.4	123	154.8	78.9	100.0
WP_005607493.1	gnl|META|EG10911-MONOMER	1.9e-43	67.6	136	171.4	72.8	99.3
WP_005607816.1	gnl|META|EG10872-MONOMER	3.9e-44	65.2	141	173.7	78.0	99.3
WP_006702276.1	gnl|META|DPPA-MONOMER	1.3e-19	25.4	488	94.4	42.2	76.9
WP_006702278.1	gnl|META|DPPA-MONOMER	2.3e-21	23.2	474	100.1	40.5	75.6
WP_006702279.1	gnl|META|OPPD-MONOMER	9.7e-70	45.5	314	260.0	60.8	94.3
WP_006702279.1	gnl|META|DPPD-MONOMER	6.3e-69	42.7	314	257.3	62.7	94.3
WP_006702279.1	gnl|META|YLIA-MONOMER	1.5e-62	47.0	266	236.1	63.5	78.1
WP_006702280.1	gnl|META|OPPF-MONOMER	1.6e-66	46.7	276	249.2	67.0	86.7
WP_006702280.1	gnl|META|DPPF-MONOMER	4.0e-65	47.7	258	244.6	66.7	81.9
WP_006702280.1	gnl|META|YLIA-MONOMER	2.9e-63	42.7	267	238.4	67.0	84.8
WP_006702281.1	gnl|META|YLIC-MONOMER	2.6e-51	33.3	318	198.7	55.7	99.4
WP_006702282.1	gnl|META|YEJE-MONOMER	5.8e-13	25.5	239	71.2	41.4	79.1
WP_006702282.1	gnl|META|YLID-MONOMER	1.9e-11	24.1	295	66.2	44.4	96.4
WP_006702284.1	gnl|META|MONOMER-15456	6.1e-61	30.8	568	231.9	49.3	76.1
WP_006702288.1	gnl|META|HS01211-MONOMER	2.7e-01	39.1	46	33.5	60.9	7.7
WP_006702289.1	gnl|META|BIOTINLIG-MONOMER	1.2e-19	27.9	323	93.6	48.3	95.5
WP_006702290.1	gnl|META|MONOMER-15461	2.7e-125	55.7	409	444.9	71.6	97.4
WP_006702293.1	gnl|META|GLNQ-MONOMER	3.9e-76	57.7	239	280.8	74.5	98.4
WP_006702293.1	gnl|META|GLTL-MONOMER	9.9e-72	54.8	241	266.2	73.4	99.2
WP_006702293.1	gnl|META|EG12347-MONOMER	6.6e-68	53.6	248	253.4	69.4	99.6
WP_006702294.1	gnl|META|GLNP-MONOMER	2.7e-36	41.4	203	149.4	66.0	42.2
WP_006702296.1	gnl|META|BSU04040-MONOMER	2.5e-21	29.3	283	99.0	42.8	97.2
WP_006702296.1	gnl|META|G6425-MONOMER	6.8e-19	29.1	292	90.9	43.5	99.7
WP_006702299.1	gnl|META|EG12172-MONOMER	9.6e-11	31.4	102	62.8	51.0	72.9
WP_006702300.1	gnl|META|BSU02750-MONOMER	2.9e-26	31.2	208	115.2	54.3	83.4
WP_006702302.1	gnl|META|MONOMER-20238	3.9e-05	32.9	73	45.1	54.8	26.7
WP_006702303.1	gnl|META|EG11779-MONOMER	7.8e-15	27.9	172	77.0	44.8	77.4
WP_006702305.1	gnl|META|G7247-MONOMER	1.6e-41	30.7	355	166.4	49.0	97.8
WP_006702306.1	gnl|META|PHET-MONOMER	2.6e-17	47.1	102	85.1	59.8	50.0
WP_006702308.1	gnl|META|MONOMER-15459	7.7e-139	54.1	425	490.0	74.1	95.9
WP_006702309.1	gnl|META|G7039-MONOMER	1.9e-15	26.6	267	79.3	45.3	95.9
WP_006702309.1	gnl|META|ARTJ-MONOMER	1.9e-15	27.9	247	79.3	47.8	87.8
WP_006702310.1	gnl|META|GLNP-MONOMER	1.8e-26	38.3	167	115.9	58.7	64.6
WP_006702310.1	gnl|META|G7037-MONOMER	1.4e-23	33.8	204	106.3	48.5	79.0
WP_006702311.1	gnl|META|GLTL-MONOMER	6.3e-66	52.5	240	246.9	72.9	98.0
WP_006702311.1	gnl|META|GLNQ-MONOMER	8.5e-63	51.0	239	236.5	71.5	97.6
WP_006702311.1	gnl|META|EG12347-MONOMER	1.1e-62	51.8	245	236.1	69.8	97.6
WP_006702314.1	gnl|META|CMPKI-MONOMER	5.8e-39	41.1	207	157.1	62.8	94.5
WP_006702316.1	gnl|META|G7319-MONOMER	1.2e-67	32.0	456	253.4	53.1	97.9
WP_006702320.1	gnl|META|EG10690-MONOMER	4.0e-33	37.3	244	138.7	54.5	57.1
WP_006702322.1	gnl|META|EG10924-MONOMER	2.2e-02	32.7	113	37.7	44.2	12.3
WP_006702324.1	gnl|META|ILES-MONOMER	8.7e-217	43.7	933	750.0	59.5	98.3
WP_006702327.1	gnl|META|G6115-MONOMER	2.6e-12	23.0	287	69.7	47.0	60.3
WP_006702328.1	gnl|META|EG10442-MONOMER	8.6e-01	38.2	34	30.4	67.6	15.0
WP_006702336.1	gnl|META|EG10743-MONOMER	3.2e-08	32.6	86	54.3	59.3	66.2
WP_006702337.1	gnl|META|MONOMER-13046	3.1e-188	68.5	448	654.1	83.9	100.0
WP_006702337.1	gnl|META|MONOMER-13041	2.0e-174	66.1	448	608.2	78.6	100.0
WP_006702338.1	gnl|META|NARL-MONOMER	2.2e-19	26.7	206	92.0	52.4	97.5
WP_006702340.1	gnl|META|YBHF-MONOMER	1.3e-39	37.6	229	159.8	55.0	72.9
WP_006702343.1	gnl|META|MONOMER3O-504	1.4e-34	42.8	194	142.5	63.9	94.0
WP_006702347.1	gnl|META|THRS-MONOMER	8.6e-147	41.7	642	516.9	61.8	98.8
WP_006702352.1	gnl|META|DGTPTRIPHYDRO-MONOMER	1.5e-52	33.5	483	203.4	47.4	95.2
WP_006702355.1	gnl|META|EG11498-MONOMER	1.8e-09	41.3	63	58.9	60.3	35.4
WP_006702357.1	gnl|META|EG12235-MONOMER	3.5e-09	42.4	66	57.4	66.7	53.3
WP_006702359.1	gnl|META|MONOMER-17117	4.7e-05	32.9	82	43.9	51.2	57.0
WP_006702361.1	gnl|META|G1I0R-1336-MONOMER	5.2e-16	23.7	278	81.3	47.8	96.1
WP_006702362.1	gnl|META|ENSG00000116288-MONOMER	1.9e-22	35.5	169	102.1	56.8	89.6
WP_006702365.1	gnl|META|EG10914-MONOMER	3.8e-21	55.1	89	96.7	68.5	100.0
WP_006702367.1	gnl|META|MONOMER-15056	2.8e-21	30.5	164	98.2	54.9	85.4
WP_006702367.1	gnl|META|MONOMER-19771	1.4e-20	29.5	173	95.9	50.3	89.6
WP_006702368.1	gnl|META|EG11116-MONOMER	5.8e-35	30.5	282	144.4	48.9	85.0
WP_006702370.1	gnl|META|G7704-MONOMER	3.7e-35	29.6	304	145.2	54.9	85.2
WP_006702372.1	gnl|META|G7706-MONOMER	3.3e-05	32.2	59	43.9	69.5	58.4
WP_006702378.1	gnl|META|MONOMER-20005	2.9e-37	45.8	190	151.4	66.3	96.9
WP_006702379.1	gnl|META|G7409-MONOMER	2.6e-08	30.2	149	56.2	45.0	35.6
WP_006702380.1	gnl|META|EG10823-MONOMER	1.5e-113	60.0	325	405.6	78.5	92.6
WP_006702382.1	gnl|META|PHOR-MONOMER	4.5e-23	29.5	224	105.5	54.0	45.5
WP_006702382.1	gnl|META|CPXA-MONOMER	2.9e-22	26.2	378	102.8	48.1	74.3
WP_006702382.1	gnl|META|G6318-MONOMER	9.3e-21	25.7	311	97.8	51.4	63.6
WP_006702382.1	gnl|META|BAES-MONOMER	1.6e-20	23.4	338	97.1	47.9	69.1
WP_006702383.1	gnl|META|EG11158-MONOMER	1.2e-06	22.8	171	49.7	45.6	83.4
WP_006702384.1	gnl|META|EG10397-MONOMER	2.7e-05	25.5	137	45.4	44.5	57.9
WP_006702386.1	gnl|META|EG10780-MONOMER	1.1e-02	29.2	65	35.8	53.8	50.0
WP_006702387.1	gnl|META|BSU15490-MONOMER	2.5e-77	50.7	294	285.0	69.7	99.3
WP_006702388.1	gnl|META|BSU15500-MONOMER	4.2e-126	55.7	420	447.6	67.6	97.9
WP_006702389.1	gnl|META|BSU15530-MONOMER	1.8e-79	53.8	253	292.0	74.3	98.8
WP_006702390.1	gnl|META|BSU15540-MONOMER	2.7e-119	70.2	299	424.5	82.6	98.4
WP_006702390.1	gnl|META|MONOMER-14471	5.0e-113	67.6	299	403.7	79.6	97.7
WP_006702391.1	gnl|META|BSU15550-MONOMER	8.6e-57	52.0	225	216.5	69.8	95.7
WP_006702392.1	gnl|META|BSU15560-MONOMER	6.6e-61	57.9	195	229.9	76.4	95.1
WP_006702394.1	gnl|META|FRUB-MONOMER	3.3e-09	43.7	87	57.0	59.8	95.5
WP_006702394.1	gnl|META|PTSH-MONOMER	7.4e-09	39.2	74	55.8	60.8	84.1
WP_006702395.1	gnl|META|PTSI-MONOMER	1.8e-159	51.0	572	558.9	69.6	99.1
WP_006702396.1	gnl|META|MONOMER-18323	2.2e-16	30.9	175	82.8	49.7	49.9
WP_006702398.1	gnl|META|EG10004-MONOMER	6.4e-68	39.6	396	254.2	58.3	98.3
WP_006702400.1	gnl|META|MONOMER-20086	4.4e-141	59.9	397	497.3	74.3	98.3
WP_006702401.1	gnl|META|MONOMER-18152	2.1e-107	41.2	597	386.0	60.5	92.2
WP_006702401.1	gnl|META|MONOMER-17336	3.4e-97	40.3	521	352.1	58.3	84.5
WP_006702402.1	gnl|META|MONOMER-20011	8.0e-96	53.8	331	346.7	71.6	98.2
WP_006702404.1	gnl|META|BSU35650-MONOMER	1.7e-48	36.6	265	189.5	58.5	76.6
WP_006702404.1	gnl|META|MONOMER-19997	7.1e-47	35.8	265	184.1	58.5	76.6
WP_006702404.1	gnl|META|MONOMER-19994	2.1e-46	34.4	294	182.6	58.5	84.4
WP_006702404.1	gnl|META|MONOMER-20031	1.5e-44	36.8	302	176.4	57.9	82.7
WP_006702405.1	gnl|META|MONOMER-20027	9.6e-72	54.3	232	266.2	74.1	98.7
WP_006702406.1	gnl|META|MONOMER-20026	9.2e-116	57.3	342	412.9	75.4	100.0
WP_006702407.1	gnl|META|MONOMER-20015	1.2e-129	76.4	276	458.8	87.0	99.6
WP_006702408.1	gnl|META|MONOMER-20014	2.2e-123	59.8	368	438.3	76.4	98.1
WP_006702409.1	gnl|META|MONOMER-20018	2.1e-145	55.8	473	511.9	75.7	95.9
WP_006702415.1	gnl|META|MACB	1.5e-31	38.4	211	132.5	58.8	93.8
WP_006702417.1	gnl|META|CPXR-MONOMER	1.5e-23	31.7	208	105.9	54.8	91.3
WP_006702418.1	gnl|META|BAES-MONOMER	4.3e-01	19.7	325	32.3	39.4	69.9
WP_006702418.1	gnl|META|PHOR-MONOMER	4.3e-01	18.6	210	32.3	41.4	44.1
WP_006702427.1	gnl|META|MONOMER-16314	8.4e-51	29.1	509	198.0	45.2	78.2
WP_006702427.1	gnl|META|MONOMER-16283	2.8e-46	27.4	563	183.0	44.9	86.2
WP_006702430.1	gnl|META|GLUC1PADENYLTRANS-MONOMER	1.5e-10	20.6	339	63.5	40.1	84.1
WP_006702430.1	gnl|META|G185E-5383-MONOMER	3.3e-10	27.6	134	62.4	50.0	36.2
WP_006702432.1	gnl|META|MONOMER-13008	1.3e-57	33.4	401	219.9	57.4	100.0
WP_006702432.1	gnl|META|MONOMER-18938	2.5e-56	34.4	390	215.7	54.6	98.2
WP_006702435.1	gnl|META|EG10662-MONOMER	1.8e-45	45.0	209	178.7	62.2	98.6
WP_006702447.1	gnl|META|PHET-MONOMER	2.3e-01	33.3	51	32.3	52.9	21.6
WP_006702448.1	gnl|META|G6115-MONOMER	6.5e-64	42.5	339	240.7	57.8	95.7
WP_006702449.1	gnl|META|MONOMER-586	5.4e-53	37.0	308	204.5	57.8	83.7
WP_006702450.1	gnl|META|MONOMER-11684	4.7e-85	47.1	327	310.8	67.0	100.0
WP_006702451.1	gnl|META|E2P-MONOMER	1.3e-60	37.7	538	230.3	54.8	98.5
WP_006702451.1	gnl|META|MONOMER-12007	9.9e-56	35.8	436	214.2	52.5	80.5
WP_006702452.1	gnl|META|MONOMER-11687	5.1e-157	59.9	469	550.4	75.5	100.0
WP_006702456.1	gnl|META|MONOMER-15646	2.3e-25	32.4	176	111.7	57.4	97.2
WP_006702461.1	gnl|META|G1G01-4405-MONOMER	8.7e-12	32.6	138	66.6	48.6	74.5
WP_006702461.1	gnl|META|EG11723-MONOMER	8.7e-12	34.5	148	66.6	47.3	77.2
WP_006702461.1	gnl|META|MONOMER-17535	1.9e-11	29.6	125	65.5	49.6	66.8
WP_006702462.1	gnl|META|EMRY-MONOMER	6.8e-18	25.2	409	88.2	42.8	84.3
WP_006702462.1	gnl|META|EMRB-MONOMER	8.8e-18	24.6	414	87.8	44.9	88.1
WP_006702463.1	gnl|META|MONOMER-20007	1.5e-34	31.3	291	142.9	54.3	97.6
WP_006702465.1	gnl|META|EG11195-MONOMER	1.8e-21	27.4	274	99.4	48.2	98.2
WP_006702466.1	gnl|META|G7853-MONOMER	3.8e-26	30.5	259	114.8	49.8	98.8
WP_006702470.1	gnl|META|FORMYLSYNTHCLTH-MONOMER	4.6e-189	58.5	556	657.1	74.8	99.6
WP_006702470.1	gnl|META|MONOMER-13114	5.2e-185	56.6	557	643.7	75.6	99.8
WP_006702470.1	gnl|META|MONOMER-3942	2.5e-171	55.1	559	598.2	71.2	100.0
WP_006702471.1	gnl|META|MONOMER-17076	5.0e-51	32.0	537	198.7	50.1	79.2
WP_006702472.1	gnl|META|THYMIDYLATESYN-MONOMER	4.0e-89	51.3	314	324.3	63.7	100.0
WP_006702472.1	gnl|META|G185E-7013-MONOMER	9.1e-86	50.0	314	313.2	64.3	100.0
WP_006702473.1	gnl|META|DIHYDROFOLATEREDUCT-MONOMER	2.5e-18	31.9	160	88.2	54.4	97.6
WP_006702475.1	gnl|META|G6208-MONOMER	7.2e-01	31.6	38	31.2	63.2	11.7
WP_006702477.1	gnl|META|CYSA-MONOMER	9.3e-24	31.5	219	107.1	55.3	69.6
WP_006702477.1	gnl|META|POTG-MONOMER	1.3e-22	31.5	216	103.2	55.6	69.3
WP_006702477.1	gnl|META|BSU02750-MONOMER	2.3e-22	34.5	200	102.4	54.5	63.5
WP_006702477.1	gnl|META|YDCT-MONOMER	5.1e-22	31.0	216	101.3	52.8	69.6
WP_006702477.1	gnl|META|ABC-MONOMER	2.5e-21	30.8	247	99.0	53.4	75.4
WP_006702480.1	gnl|META|MONOMER-20016	1.1e-92	61.0	267	335.9	76.8	99.6
WP_006702481.1	gnl|META|MONOMER-20017	3.1e-90	55.2	268	327.8	74.3	98.5
WP_006702482.1	gnl|META|MONOMER-20019	1.7e-126	48.6	494	449.1	69.4	99.6
WP_006702483.1	gnl|META|MONOMER-20013	1.8e-108	58.3	324	388.7	75.3	98.8
WP_006702484.1	gnl|META|EG10613-MONOMER	6.5e-42	25.3	537	168.3	48.0	93.6
WP_006702486.1	gnl|META|MONOMER-16690	2.3e-04	37.7	61	42.0	60.7	31.7
WP_006702486.1	gnl|META|2-OCTAPRENYL-METHOXY-BENZOQ-METH-MONOMER	4.0e-04	23.5	119	41.2	43.7	64.0
WP_006702487.1	gnl|META|EG10246-MONOMER	7.5e-05	31.9	119	45.4	44.5	17.9
WP_006702488.1	gnl|META|LEUS-MONOMER	2.0e-201	43.6	862	698.7	58.9	99.5
WP_006702489.1	gnl|META|BSU29590-MONOMER	4.7e-73	40.8	375	271.2	58.9	98.7
WP_006702490.1	gnl|META|BSU29580-MONOMER	8.7e-105	48.1	401	376.7	69.1	99.0
WP_006702491.1	gnl|META|NACMURLALAAMI1-MONOMER	1.3e-11	24.9	221	67.4	43.4	36.4
WP_006702491.1	gnl|META|NACMURLALAAMI2-MONOMER	2.2e-11	25.0	224	66.6	45.1	36.4
WP_006702492.1	gnl|META|EG10651-MONOMER	1.3e-33	31.7	262	139.8	53.8	86.8
WP_006702494.1	gnl|META|MONOMER-14050	5.5e-01	27.5	80	30.4	42.5	54.4
WP_006702500.1	gnl|META|DIACYLGLYKIN-MONOMER	1.3e-03	27.2	92	38.9	56.5	72.4
WP_006702501.1	gnl|META|EG10270-MONOMER	1.1e-59	40.0	290	226.5	62.4	95.4
WP_006702503.1	gnl|META|EG10923-MONOMER	7.7e-22	31.0	197	100.1	55.8	93.4
WP_006702504.1	gnl|META|EG10924-MONOMER	7.6e-99	54.1	327	356.7	74.9	98.5
WP_006702505.1	gnl|META|G12WB-2964-MONOMER	1.8e-119	61.4	339	425.2	77.6	98.3
WP_006702507.1	gnl|META|G6660-MONOMER	4.5e-12	25.9	158	67.4	49.4	92.6
WP_006702508.1	gnl|META|MONOMER-351	9.3e-06	26.3	118	47.4	48.3	37.7
WP_006702508.1	gnl|META|MONOMER-15764	1.2e-05	23.5	234	47.0	39.3	70.6
WP_006702508.1	gnl|META|MONOMER-17250	4.6e-05	26.3	137	45.1	51.1	38.3
WP_006702508.1	gnl|META|MONOMER-12763	4.6e-05	31.1	103	45.1	49.5	32.3
WP_006702509.1	gnl|META|MONOMER-13687	1.2e-13	21.4	504	74.3	38.7	90.9
WP_006702509.1	gnl|META|MONOMER-19439	7.5e-13	22.3	520	71.6	38.3	97.8
WP_006702510.1	gnl|META|MONOMER-18710	6.0e-113	44.5	481	404.1	63.6	98.3
WP_006702510.1	gnl|META|MONOMER-20515	9.3e-106	41.8	483	380.2	61.5	100.0
WP_006702511.1	gnl|META|ADHE-MONOMER	6.3e-217	47.1	873	750.4	66.3	98.2
WP_006702511.1	gnl|META|MONOMER-15847	4.6e-212	46.1	869	734.2	66.6	97.9
WP_006702511.1	gnl|META|GIO2-535-MONOMER	3.3e-210	46.3	864	728.0	65.0	97.4
WP_006702511.1	gnl|META|AADCLOS-MONOMER	1.6e-196	44.2	869	682.6	64.0	97.9
WP_006702513.1	gnl|META|MONOMER-20451	3.2e-04	25.4	122	42.7	49.2	27.2
WP_006702514.1	gnl|META|G1I0R-1684-MONOMER	8.9e-60	39.4	302	226.9	60.9	93.2
WP_006702516.1	gnl|META|MONOMER-15456	7.0e-93	33.5	630	338.2	55.7	73.8
WP_006702518.1	gnl|META|EG11003-MONOMER	4.0e-36	37.8	251	148.7	54.6	58.2
WP_006702519.1	gnl|META|EG10159-MONOMER	1.3e-140	61.8	411	495.7	78.6	98.5
WP_006702519.1	gnl|META|SYNPCC7942_2526-MONOMER	1.5e-136	58.8	430	482.3	74.4	95.9
WP_006702521.1	gnl|META|G7319-MONOMER	6.1e-03	22.5	120	37.4	48.3	56.9
WP_006702522.1	gnl|META|EG10850-MONOMER	3.1e-01	32.5	77	31.2	48.1	51.1
WP_006702524.1	gnl|META|G12WB-2962-MONOMER	1.1e-146	65.0	369	515.8	80.5	96.9
WP_006702531.1	gnl|META|FABH-MONOMER	7.1e-54	38.5	314	207.2	56.1	98.1
WP_006702532.1	gnl|META|EG50003-MONOMER	5.0e-06	37.0	73	46.2	65.8	93.4
WP_006702532.1	gnl|META|MONOMER-19598	7.3e-05	39.4	66	42.4	59.1	84.2
WP_006702533.1	gnl|META|MONOMER-19304	6.0e-117	67.7	310	416.8	82.3	97.2
WP_006702533.1	gnl|META|MONOMER-17582	2.5e-107	63.1	317	384.8	78.5	99.4
WP_006702534.1	gnl|META|MALONYL-COA-ACP-TRANSACYL-MONOMER	6.3e-50	40.4	285	194.1	60.4	88.4
WP_006702535.1	gnl|META|MONOMER-19303	4.5e-64	50.4	240	240.7	68.3	98.8
WP_006702536.1	gnl|META|MONOMER-19302	6.0e-138	60.0	408	486.9	75.2	99.0
WP_006702536.1	gnl|META|MONOMER-19312	1.9e-136	59.3	410	481.9	72.4	99.8
WP_006702537.1	gnl|META|BCCP-MONOMER	1.5e-15	30.7	163	79.0	52.1	98.8
WP_006702537.1	gnl|META|MONOMER-17288	4.4e-15	33.8	160	77.4	53.1	95.7
WP_006702537.1	gnl|META|AT5G16390-MONOMER	9.7e-15	47.9	73	76.3	72.6	45.1
WP_006702538.1	gnl|META|MONOMER-19311	1.1e-51	63.1	141	198.7	82.3	98.6
WP_006702539.1	gnl|META|AT5G35360-MONOMER	1.3e-136	54.1	436	482.6	72.5	95.6
WP_006702539.1	gnl|META|MONOMER-14537	1.1e-135	53.8	444	479.6	72.3	97.4
WP_006702539.1	gnl|META|MONOMER-11921	1.5e-126	48.4	444	449.1	72.7	97.4
WP_006702539.1	gnl|META|BIOTIN-CARBOXYL-MONOMER	5.0e-125	48.7	446	444.1	70.0	97.6
WP_006702539.1	gnl|META|MONOMER-16073	1.2e-123	49.7	445	439.5	68.5	97.6
WP_006702539.1	gnl|META|MONOMER-17289	2.7e-123	50.7	454	438.3	67.8	99.6
WP_006702540.1	gnl|META|CARBOXYL-TRANSFERASE-BETA-MONOMER	7.9e-52	42.8	257	200.3	62.3	87.5
WP_006702540.1	gnl|META|ATCG00500-MONOMER	3.3e-50	42.2	256	194.9	60.9	86.8
WP_006702540.1	gnl|META|MONOMER-17287	6.9e-48	35.7	280	187.2	56.8	95.5
WP_006702541.1	gnl|META|CARBOXYL-TRANSFERASE-ALPHA-MONOMER	1.3e-58	48.6	255	222.6	66.7	98.4
WP_006702544.1	gnl|META|G7248-MONOMER	2.2e-67	37.3	359	252.3	58.8	99.7
WP_006702547.1	gnl|META|CYCLODEHYCLTH-MONOMER	1.9e-82	56.3	270	302.0	74.1	94.7
WP_006702547.1	gnl|META|MONOMER-20274	1.0e-80	53.1	277	296.2	72.6	97.2
WP_006702547.1	gnl|META|FOLD-MONOMER	4.4e-79	55.1	276	290.8	70.7	96.5
WP_006702548.1	gnl|META|EG11072-MONOMER	2.2e-61	40.9	301	232.6	65.4	66.8
WP_006702549.1	gnl|META|EG11098-MONOMER	4.7e-08	45.8	59	52.8	71.2	89.4
WP_006702550.1	gnl|META|FPPSYN-MONOMER	1.4e-48	42.6	270	189.5	58.9	89.1
WP_006702550.1	gnl|META|AT4G36810-MONOMER	2.3e-46	42.3	253	182.2	58.9	83.7
WP_006702550.1	gnl|META|MONOMER-11666	1.9e-45	42.6	249	179.1	58.6	83.7
WP_006702550.1	gnl|META|AT2G18640-MONOMER	3.3e-45	41.2	240	178.3	59.2	80.6
WP_006702550.1	gnl|META|MONOMER-16157	1.2e-44	41.4	249	176.4	58.2	83.7
WP_006702550.1	gnl|META|AT2G23800-MONOMER	1.1e-43	39.8	249	173.3	57.8	83.7
WP_006702551.1	gnl|META|G185E-5885-MONOMER	1.9e-39	38.8	245	159.1	58.0	88.4
WP_006702553.1	gnl|META|HS00157-MONOMER	3.7e-18	37.8	156	88.2	53.8	61.8
WP_006702553.1	gnl|META|GLYCPDIESTER-CYTO-MONOMER	8.2e-18	38.7	111	87.0	60.4	46.1
WP_006702554.1	gnl|META|EG10595-MONOMER	3.3e-51	39.8	304	198.4	58.9	95.2
WP_006702555.1	gnl|META|EG10437-MONOMER	4.0e-49	33.0	385	191.8	52.5	93.6
WP_006702556.1	gnl|META|CYDC-MONOMER	4.0e-14	22.0	423	75.9	47.8	77.5
WP_006702557.1	gnl|META|EG10857-MONOMER	1.1e-27	31.7	227	119.8	54.6	95.3
WP_006702559.1	gnl|META|G6110-MONOMER	2.0e-02	30.8	52	34.3	55.8	67.5
WP_006702562.1	gnl|META|MONOMER-20087	3.8e-11	23.4	286	65.1	44.1	99.6
WP_006702564.1	gnl|META|BSU02750-MONOMER	2.0e-29	31.2	224	125.9	56.7	73.2
WP_006702566.1	gnl|META|MONOMER-19218	3.1e-34	39.9	208	141.4	55.8	100.0
WP_006702567.1	gnl|META|MONOMER-17076	3.3e-15	25.3	376	79.3	44.4	77.9
WP_006702567.1	gnl|META|MONOMER-17076	5.5e-02	41.2	34	35.4	70.6	7.2
WP_006702568.1	gnl|META|POTA-MONOMER	1.3e-12	26.9	227	70.9	48.9	40.2
WP_006702568.1	gnl|META|G3O-32147-MONOMER	1.7e-12	24.4	369	70.5	48.2	61.5
WP_006702568.1	gnl|META|CYDC-MONOMER	3.9e-12	24.9	398	69.3	43.7	69.5
WP_006702570.1	gnl|META|EG11195-MONOMER	2.5e-47	37.0	262	185.3	57.6	94.2
WP_006702572.1	gnl|META|GMP-REDUCT-MONOMER	5.8e-43	32.9	337	171.0	52.5	97.2
WP_006702578.1	gnl|META|G7564-MONOMER	7.6e-106	50.4	391	380.2	66.5	98.7
WP_006702579.1	gnl|META|EG11063-MONOMER	2.8e-88	36.7	607	322.4	54.7	98.5
WP_006702580.1	gnl|META|G7039-MONOMER	2.1e-20	29.1	237	95.9	49.8	80.8
WP_006702581.1	gnl|META|G7037-MONOMER	1.3e-43	41.5	212	172.6	66.0	98.1
WP_006702583.1	gnl|META|BSU10530-MONOMER	2.3e-10	28.3	191	62.8	47.1	54.9
WP_006702584.1	gnl|META|EG10210-MONOMER	8.0e-42	32.3	334	167.5	52.7	81.3
WP_006702586.1	gnl|META|G7845-MONOMER	5.2e-15	31.7	186	77.8	51.1	69.8
WP_006702596.1	gnl|META|G1I0R-1336-MONOMER	5.2e-48	38.8	289	187.6	61.6	100.0
WP_006702597.1	gnl|META|EG11177-MONOMER	8.5e-49	39.3	290	190.3	57.2	93.0
WP_006702598.1	gnl|META|MONOMER-14605	9.8e-64	39.0	313	240.0	61.3	99.4
WP_006702600.1	gnl|META|MONOMER-18798	1.1e-89	39.7	433	326.6	62.8	98.6
WP_006702601.1	gnl|META|EG12099-MONOMER	2.2e-26	34.4	180	115.2	56.1	96.3
WP_006702602.1	gnl|META|GLUTRACE-MONOMER	1.6e-01	44.7	38	32.7	63.2	15.8
WP_006702604.1	gnl|META|EG10416-MONOMER	7.3e-14	30.9	136	73.6	56.6	72.2
WP_006702605.1	gnl|META|EG10241-MONOMER	4.4e-177	54.8	640	617.5	69.5	100.0
WP_006702608.1	gnl|META|YBHF-MONOMER	5.5e-30	32.9	255	127.5	50.6	97.5
WP_006702608.1	gnl|META|BSU02750-MONOMER	4.4e-27	31.2	224	117.9	54.0	88.1
WP_006702611.1	gnl|META|CPXR-MONOMER	1.0e-22	32.3	226	103.2	54.4	96.4
WP_006702612.1	gnl|META|PHOR-MONOMER	5.0e-11	27.7	206	65.1	47.1	55.2
WP_006702614.1	gnl|META|EG10529-MONOMER	6.3e-208	57.9	599	719.9	78.6	98.4
WP_006702629.1	gnl|META|BSU10130-MONOMER	2.7e-57	38.0	305	218.8	59.7	79.2
WP_006702632.1	gnl|META|MONOMER-20218	3.5e-08	21.7	295	55.5	41.4	88.1
WP_006702634.1	gnl|META|G6109-MONOMER	4.0e-10	33.0	88	60.1	62.5	96.7
WP_006702636.1	gnl|META|MONOMER-14088	5.0e-40	39.8	196	160.6	63.8	92.8
WP_006702637.1	gnl|META|G7858-MONOMER	2.6e-60	51.4	216	228.0	70.4	100.0
WP_006702638.1	gnl|META|G7855-MONOMER	3.6e-155	68.1	354	543.9	82.8	100.0
WP_006702639.1	gnl|META|YJFU-MONOMER	1.4e-12	22.7	141	68.9	51.8	94.0
WP_006702639.1	gnl|META|CMTB-MONOMER	2.1e-11	26.6	143	65.1	50.3	96.0
WP_006702639.1	gnl|META|SGCA-MONOMER	7.8e-11	26.3	133	63.2	45.1	89.3
WP_006702641.1	gnl|META|YJFT-MONOMER	1.8e-08	34.8	89	54.7	57.3	93.6
WP_006702642.1	gnl|META|RIBULPEPIM-MONOMER	5.0e-81	65.9	229	297.0	72.9	98.3
WP_006702642.1	gnl|META|G7860-MONOMER	5.5e-80	58.0	226	293.5	74.8	98.3
WP_006702642.1	gnl|META|EG12287-MONOMER	1.5e-74	59.0	229	275.4	71.6	98.3
WP_006702643.1	gnl|META|G7859-MONOMER	1.6e-62	45.2	241	235.7	69.3	86.7
WP_006702646.1	gnl|META|PHNC-MONOMER	6.1e-48	42.1	252	187.2	64.3	96.4
WP_006702647.1	gnl|META|G7037-MONOMER	7.6e-04	27.9	122	40.8	48.4	42.6
WP_006702650.1	gnl|META|EG11064-MONOMER	1.0e-18	23.5	545	92.4	41.7	42.8
WP_006702650.1	gnl|META|EG11064-MONOMER	8.3e-05	45.2	62	46.2	62.9	4.9
WP_006702652.1	gnl|META|G18NG-12136-MONOMER	3.5e-10	43.7	71	60.1	64.8	91.0
WP_006702656.1	gnl|META|UMPKI-MONOMER	1.5e-59	48.5	235	225.7	69.4	97.9
WP_006702658.1	gnl|META|EG10901-MONOMER	2.4e-68	53.0	236	255.0	71.6	92.2
WP_006702659.1	gnl|META|HS09275-MONOMER	7.4e-08	34.4	96	53.5	61.5	53.1
WP_006702660.1	gnl|META|EG12098-MONOMER	7.5e-53	39.0	315	203.8	59.0	98.3
WP_006702661.1	gnl|META|EG10548-MONOMER	2.3e-13	37.4	155	71.6	53.5	96.8
WP_006702664.1	gnl|META|EG10423-MONOMER	2.3e-133	35.8	843	472.6	56.0	98.0
WP_006702665.1	gnl|META|EG10424-MONOMER	2.0e-138	37.7	801	489.2	51.8	92.2
WP_006702666.1	gnl|META|MONOMER-14087	9.7e-41	51.0	198	162.9	63.6	95.0
WP_006702670.1	gnl|META|EG11881-MONOMER	5.7e-116	49.4	464	414.1	70.0	98.5
WP_006702671.1	gnl|META|EG11676-MONOMER	3.8e-41	49.1	167	164.1	74.3	95.4
WP_006702673.1	gnl|META|EG11013-MONOMER	3.2e-131	38.3	750	465.3	54.4	98.8
WP_006702675.1	gnl|META|EG10861-MONOMER	1.1e-36	45.6	180	149.8	63.3	69.6
WP_006702676.1	gnl|META|G7319-MONOMER	3.4e-07	26.3	198	52.0	45.5	58.2
WP_006702682.1	gnl|META|BSU02750-MONOMER	3.7e-29	29.0	210	125.2	57.1	64.4
WP_006702684.1	gnl|META|MANZ-MONOMER	8.8e-86	53.3	304	313.2	68.1	99.7
WP_006702685.1	gnl|META|MANY-MONOMER	5.7e-52	47.8	245	200.7	66.1	90.7
WP_006702686.1	gnl|META|MANX-MONOMER	2.7e-64	40.3	318	241.9	60.1	96.9
WP_006702687.1	gnl|META|EG10530-MONOMER	4.3e-09	26.9	223	57.8	37.7	73.0
WP_006702689.1	gnl|META|EG10760-MONOMER	1.3e-25	30.7	326	114.0	49.1	61.9
WP_006702690.1	gnl|META|DEOD-MONOMER	4.3e-64	52.4	233	240.7	70.4	98.7
WP_006702692.1	gnl|META|MONOMER-20091	1.2e-34	29.6	297	143.7	49.2	77.2
WP_006702692.1	gnl|META|HEMN-MONOMER	6.4e-33	26.1	394	137.9	47.7	97.1
WP_006702697.1	gnl|META|YBHF-MONOMER	2.1e-26	29.8	228	115.5	50.9	96.6
WP_006702697.1	gnl|META|BSU02750-MONOMER	3.5e-26	27.7	235	114.8	52.3	97.4
WP_006702700.1	gnl|META|EG11549-MONOMER	1.8e-105	50.5	408	379.0	67.2	99.5
WP_006702702.1	gnl|META|BSU25180-MONOMER	7.5e-32	35.3	238	133.7	54.2	97.9
WP_006702704.1	gnl|META|ASPS-MONOMER	1.9e-161	49.9	589	565.5	68.1	99.3
WP_006702704.1	gnl|META|MONOMER-14053	4.1e-148	46.5	587	521.2	63.4	100.0
WP_006702705.1	gnl|META|HISS-MONOMER	2.7e-88	41.6	411	322.0	61.3	93.2
WP_006702706.1	gnl|META|YEJF-MONOMER	1.3e-54	29.2	506	210.3	51.6	98.3
WP_006702708.1	gnl|META|YLID-MONOMER	1.0e-34	35.7	241	143.3	55.6	91.2
WP_006702708.1	gnl|META|NIKC-MONOMER	7.0e-31	33.2	241	130.6	55.6	91.5
WP_006702710.1	gnl|META|MONOMER-16693	4.1e-09	34.3	99	58.2	53.5	39.9
WP_006702710.1	gnl|META|MONOMER-16694	7.0e-09	33.9	109	57.4	53.2	44.0
WP_006702710.1	gnl|META|MONOMER-13899	9.1e-09	34.3	102	57.0	52.0	41.6
WP_006702710.1	gnl|META|MONOMER-20134	2.7e-08	34.3	99	55.5	51.5	40.3
WP_006702714.1	gnl|META|BSU02750-MONOMER	1.7e-13	28.6	224	72.4	46.9	96.4
WP_006702714.1	gnl|META|BSU35700-MONOMER	4.2e-12	26.9	175	67.8	49.1	86.2
WP_006702714.1	gnl|META|MONOMER-20000	4.2e-12	26.9	175	67.8	49.1	86.2
WP_006702714.1	gnl|META|MONOMER-19989	4.2e-12	26.5	185	67.8	49.2	91.3
WP_006702717.1	gnl|META|MONOMER-14178	2.2e-63	32.8	466	239.6	54.5	83.2
WP_006702717.1	gnl|META|MONOMER-12931	3.6e-61	33.9	472	232.3	54.9	83.2
WP_006702717.1	gnl|META|GLUTATHIONE-REDUCT-NADPH-MONOMER	6.1e-61	33.0	446	231.5	53.8	81.0
WP_006702717.1	gnl|META|MONOMER-11687	7.9e-61	32.8	445	231.1	52.1	80.6
WP_006702717.1	gnl|META|HS01727-MONOMER	8.8e-60	33.9	472	227.6	53.2	83.2
WP_006702717.1	gnl|META|MONOMER-585	1.5e-59	33.6	452	226.9	55.1	81.0
WP_006702717.1	gnl|META|E3-MONOMER	5.7e-59	31.5	463	224.9	53.3	83.3
WP_006702717.1	gnl|META|HS02602-MONOMER	7.0e-57	31.4	456	218.0	53.1	81.3
WP_006702720.1	gnl|META|MONOMER-17076	1.1e-33	25.8	523	141.0	44.9	91.1
WP_006702721.1	gnl|META|EG11919-MONOMER	5.8e-27	19.3	534	118.6	47.6	96.9
WP_006702731.1	gnl|META|YDHE-MONOMER	8.1e-59	33.5	442	224.2	53.6	95.2
WP_006702732.1	gnl|META|GPH-MONOMER	7.3e-06	28.9	121	47.4	48.8	48.2
WP_006702734.1	gnl|META|EG10826-MONOMER	3.5e-23	24.9	490	106.7	43.3	49.8
WP_006702735.1	gnl|META|EG11344-MONOMER	1.5e-119	56.4	365	425.6	73.2	97.1
WP_006702740.1	gnl|META|MONOMER-17324	5.6e-09	35.0	117	57.8	47.9	44.9
WP_006702741.1	gnl|META|BSU11710-MONOMER	1.5e-55	46.3	259	212.6	62.5	93.8
WP_006702741.1	gnl|META|MONOMER-18910	2.1e-49	40.9	257	192.2	61.5	93.4
WP_006702742.1	gnl|META|AT1G22940-MONOMER	1.5e-34	38.2	207	142.5	60.4	93.1
WP_006702745.1	gnl|META|BSU11650-MONOMER	4.7e-44	39.9	218	174.1	56.9	98.2
WP_006702747.1	gnl|META|CYSA-MONOMER	1.3e-19	30.9	207	94.0	51.7	45.0
WP_006702747.1	gnl|META|GLNQ-MONOMER	8.1e-19	27.8	212	91.3	51.4	46.6
WP_006702747.1	gnl|META|UGPC-MONOMER	8.1e-19	27.7	220	91.3	50.0	48.3
WP_006702747.1	gnl|META|G12WB-158-MONOMER	9.0e-18	29.6	216	87.8	50.0	47.2
WP_006702747.1	gnl|META|G12WB-159-MONOMER	3.4e-17	29.9	194	85.9	54.1	41.5
WP_006702750.1	gnl|META|EG11852-MONOMER	1.6e-32	48.3	143	135.2	65.0	96.6
WP_006702751.1	gnl|META|SPOT-MONOMER	1.1e-150	39.7	731	530.0	60.1	98.8
WP_006702751.1	gnl|META|RELA-MONOMER	1.1e-145	39.5	694	513.5	62.5	92.4
WP_006702752.1	gnl|META|EG12366-MONOMER	5.9e-19	29.0	231	90.9	50.2	91.6
WP_006702753.1	gnl|META|EG11497-MONOMER	4.2e-30	30.8	315	128.3	47.6	96.8
WP_006702755.1	gnl|META|G6488-MONOMER	2.9e-41	30.2	367	165.6	49.3	94.0
WP_006702756.1	gnl|META|SYNPCC7942_0260-MONOMER	2.1e-188	46.7	788	655.6	63.7	88.1
WP_006702758.1	gnl|META|AT5G63770-MONOMER	5.8e-08	21.6	255	54.7	42.0	73.9
WP_006702763.1	gnl|META|G1I0R-14-MONOMER	5.6e-03	24.5	139	38.1	41.0	41.4
WP_006702764.1	gnl|META|MONOMER-12104	2.1e-64	45.8	240	241.9	65.8	94.5
WP_006702766.1	gnl|META|MONOMER-11615	4.0e-15	27.1	218	78.2	49.1	80.2
WP_006702767.1	gnl|META|EG10238-MONOMER	4.7e-28	23.2	897	123.6	38.4	55.4
WP_006702767.1	gnl|META|EG10238-MONOMER	1.3e-06	39.1	69	52.4	59.4	4.8
WP_006702768.1	gnl|META|EG12436-MONOMER	8.9e-36	26.4	454	147.5	45.4	98.8
WP_006702769.1	gnl|META|MONOMER-20006	9.3e-39	37.4	262	156.8	56.9	97.7
WP_006702771.1	gnl|META|EG11440-MONOMER	2.0e-08	26.2	164	55.5	51.2	87.0
WP_006702774.1	gnl|META|MONOMER-14570	1.9e-01	38.9	36	33.9	63.9	6.0
WP_006702774.1	gnl|META|GLYOXII-MONOMER	5.6e-01	31.4	35	32.3	62.9	6.2
WP_006702777.1	gnl|META|MONOMER-17076	4.7e-20	21.6	536	95.5	43.1	95.7
WP_006702780.1	gnl|META|FEPB-MONOMER	4.1e-09	26.9	283	58.5	41.0	81.7
WP_006702781.1	gnl|META|FEPC-MONOMER	9.9e-43	38.2	228	169.9	62.7	90.8
WP_006702781.1	gnl|META|FECE-MONOMER	1.1e-41	39.6	240	166.4	60.8	95.2
WP_006702781.1	gnl|META|FHUC-MONOMER	4.3e-38	35.0	223	154.5	61.0	88.8
WP_006702782.1	gnl|META|FEPG-MONOMER	9.8e-06	31.0	116	47.4	52.6	34.3
WP_006702783.1	gnl|META|FEPD-MONOMER	3.7e-18	26.0	315	88.6	48.6	95.3
WP_006702783.1	gnl|META|BTUC-MONOMER	1.9e-17	27.1	310	86.3	48.4	95.3
WP_006702783.1	gnl|META|FECD-MONOMER	2.4e-17	24.3	317	85.9	49.2	95.6
WP_006702784.1	gnl|META|G6439-MONOMER	7.4e-05	33.9	121	43.5	51.2	68.8
WP_006702784.1	gnl|META|G185E-8103-MONOMER	1.1e-03	32.3	124	39.7	52.4	71.7
WP_006702786.1	gnl|META|RPOD-MONOMER	5.2e-88	61.5	270	320.9	79.3	71.4
WP_006702787.1	gnl|META|EG10239-MONOMER	2.8e-59	37.1	369	226.1	54.5	59.4
WP_006702788.1	gnl|META|EG10903-MONOMER	6.2e-43	47.6	208	170.2	65.9	99.0
WP_006702791.1	gnl|META|MONOMER-18244	9.5e-86	44.2	419	313.5	62.1	98.4
WP_006702791.1	gnl|META|MONOMER-17205	1.6e-77	38.6	420	286.2	58.3	98.1
WP_006702791.1	gnl|META|MONOMER-11829	1.8e-76	39.2	418	282.7	56.0	98.1
WP_006702792.1	gnl|META|ADENPRIBOSYLTRAN-MONOMER	2.9e-49	55.7	158	191.0	72.8	90.3
WP_006702793.1	gnl|META|EG10830-MONOMER	7.8e-62	31.9	583	235.0	49.7	71.5
WP_006702794.1	gnl|META|MONOMER-13489	1.3e-19	32.1	190	93.2	54.2	70.7
WP_006702794.1	gnl|META|AT1G67730-MONOMER	2.4e-18	29.8	218	89.0	52.3	76.7
WP_006702794.1	gnl|META|HS04306-MONOMER	6.9e-18	26.8	235	87.4	51.1	85.0
WP_006702794.1	gnl|META|AT5G50600-MONOMER	1.5e-17	27.7	249	86.3	49.4	86.8
WP_006702794.1	gnl|META|G6269-MONOMER	2.6e-17	25.2	238	85.5	47.1	86.5
WP_006702794.1	gnl|META|MONOMER-19892	3.4e-17	29.4	197	85.1	51.8	72.9
WP_006702797.1	gnl|META|EG11404-MONOMER	7.1e-12	31.7	145	68.2	49.7	28.0
WP_006702798.1	gnl|META|GLYS-MONOMER	3.4e-93	33.9	696	339.0	52.2	99.3
WP_006702799.1	gnl|META|EG10986-MONOMER	7.5e-40	43.5	177	159.8	58.8	96.7
WP_006702800.1	gnl|META|MONOMER-13836	6.3e-85	49.4	312	310.5	68.3	92.3
WP_006702800.1	gnl|META|NRDF-MONOMER	2.4e-84	48.4	312	308.5	68.3	92.3
WP_006702801.1	gnl|META|NRDE-MONOMER	6.5e-212	52.1	718	733.4	69.4	98.6
WP_006702801.1	gnl|META|MONOMER-13835	2.0e-208	51.1	718	721.8	68.9	98.6
WP_006702805.1	gnl|META|MONOMER-15381	7.7e-75	22.7	1105	278.5	41.4	96.6
WP_006702808.1	gnl|META|MONOMER-12254	1.6e-87	52.2	295	318.9	72.5	98.3
WP_006702809.1	gnl|META|BSU10850-MONOMER	6.7e-04	30.0	70	41.2	47.1	22.4
WP_006702809.1	gnl|META|MONOMER-17074	1.9e-03	24.2	190	39.7	43.7	55.3
WP_006702810.1	gnl|META|EG11090-MONOMER	6.6e-49	44.6	233	190.3	63.5	98.7
WP_006702810.1	gnl|META|MONOMER-14562	4.3e-48	43.5	232	187.6	65.9	99.1
WP_006702812.1	gnl|META|EG11757-MONOMER	4.2e-18	38.9	108	87.4	58.3	67.1
WP_006702813.1	gnl|META|EG12044-MONOMER	1.3e-31	36.1	238	132.9	53.8	96.3
WP_006702813.1	gnl|META|EG12433-MONOMER	5.1e-28	34.1	249	120.9	51.4	98.3
WP_006702816.1	gnl|META|HS02151-MONOMER	2.9e-64	48.3	265	241.5	65.3	93.8
WP_006702816.1	gnl|META|XANTHOSINEPHOSPHORY-MONOMER	4.1e-58	46.9	239	221.1	62.8	86.9
WP_006702817.1	gnl|META|PPENTOMUT-MONOMER	2.9e-81	42.2	408	298.5	58.1	97.7
WP_006702821.1	gnl|META|CAIT-MONOMER	4.7e-39	26.2	503	158.7	48.1	94.9
WP_006702822.1	gnl|META|MONOMER-20238	5.5e-30	34.1	232	127.5	55.2	94.3
WP_006702822.1	gnl|META|MONOMER-20025	8.0e-29	31.1	225	123.6	58.2	92.2
WP_006702823.1	gnl|META|MONOMER-20238	1.2e-110	37.2	596	396.7	57.7	98.8
WP_006702825.1	gnl|META|MONOMER-15473	3.4e-52	33.2	370	202.2	56.5	78.0
WP_006702827.1	gnl|META|UDK-MONOMER	1.5e-52	50.7	201	202.2	70.6	94.3
WP_006702830.1	gnl|META|G7525-MONOMER	1.4e-14	29.9	134	75.5	57.5	95.7
WP_006702832.1	gnl|META|ALAS-MONOMER	3.8e-190	41.4	891	661.4	59.5	99.3
WP_006702835.1	gnl|META|G6580-MONOMER	2.2e-08	33.8	80	55.1	57.5	53.0
WP_006702836.1	gnl|META|EG12394-MONOMER	5.2e-28	46.7	122	120.2	64.8	84.7
WP_006702837.1	gnl|META|EG11281-MONOMER	1.3e-54	39.9	343	210.7	58.0	50.8
WP_006702837.1	gnl|META|EG11281-MONOMER	2.5e+00	27.1	70	30.4	54.3	10.6
WP_006702839.1	gnl|META|MONOMER-15881	4.0e-34	39.3	211	141.4	57.3	78.1
WP_006702842.1	gnl|META|MONOMER-20063	2.9e-14	22.0	381	75.9	43.8	97.3
WP_006702845.1	gnl|META|EG11983-MONOMER	3.4e-38	34.1	287	155.2	55.1	84.9
WP_006702846.1	gnl|META|MONOMER-20013	1.7e-29	29.8	282	126.3	48.9	85.1
WP_006702848.1	gnl|META|MONOMER-20013	9.3e-28	29.2	322	120.6	50.9	92.8
WP_006702849.1	gnl|META|MONOMER-17340	9.3e-25	30.1	259	110.5	52.5	74.8
WP_006702849.1	gnl|META|MONOMER-20013	3.9e-23	29.3	256	105.1	50.4	72.7
WP_006702850.1	gnl|META|MONOMER-19977	4.8e-17	23.4	381	85.1	46.5	92.4
WP_006702850.1	gnl|META|MONOMER-19963	1.4e-16	24.8	399	83.6	43.1	95.4
WP_006702851.1	gnl|META|MONOMER-20063	1.2e-17	26.6	305	87.0	43.9	77.4
WP_006702852.1	gnl|META|MONOMER-19985	6.2e-44	64.8	128	172.9	82.8	97.7
WP_006702852.1	gnl|META|BSU35740-MONOMER	1.4e-43	65.6	128	171.8	81.2	97.7
WP_006702853.1	gnl|META|MONOMER-18742	5.7e-31	31.7	268	131.0	53.7	94.6
WP_006702855.1	gnl|META|EG11826-MONOMER	5.5e-29	35.5	200	124.0	57.5	90.5
WP_006702855.1	gnl|META|G7105-MONOMER	3.0e-27	32.4	216	118.2	53.7	97.7
WP_006702857.1	gnl|META|MONOMER-18064	9.3e-44	45.9	196	172.9	68.4	96.0
WP_006702859.1	gnl|META|TRANSKETOI-MONOMER	1.8e-179	49.8	663	625.5	65.5	98.5
WP_006702859.1	gnl|META|TRANSKETOII-MONOMER	7.2e-173	48.1	657	603.6	64.4	97.6
WP_006702861.1	gnl|META|EG11057-MONOMER	4.7e-06	29.9	117	47.8	47.0	55.1
WP_006702862.1	gnl|META|PKI-MONOMER	7.2e-127	51.2	471	450.3	67.7	99.2
WP_006702862.1	gnl|META|MONOMER-13043	1.7e-115	44.8	498	412.5	63.9	99.2
WP_006702863.1	gnl|META|MONOMER-13044	1.3e-119	63.6	335	425.6	77.9	99.7
WP_006702864.1	gnl|META|EG10238-MONOMER	2.9e-142	30.5	1172	502.7	51.5	99.6
WP_006702866.1	gnl|META|MONOMER-6842	1.6e-195	72.5	469	678.3	84.9	98.3
WP_006702866.1	gnl|META|6PGLUCONDEHYDROG-MONOMER	9.0e-194	72.9	469	672.5	82.9	98.3
WP_006702870.1	gnl|META|EG10880-MONOMER	8.1e-32	59.3	113	132.5	72.6	98.3
WP_006702871.1	gnl|META|EG11023-MONOMER	3.0e-55	46.2	249	211.5	64.3	99.6
WP_006702874.1	gnl|META|EG10915-MONOMER	3.9e-13	48.7	76	70.1	64.5	82.2
WP_006702876.1	gnl|META|PD00219	2.1e-27	31.2	330	119.4	47.3	97.0
WP_006702877.1	gnl|META|G7248-MONOMER	1.4e-37	34.5	232	153.3	53.0	62.2
WP_006702887.1	gnl|META|BSU02750-MONOMER	8.2e-17	27.4	219	84.0	47.5	74.6
WP_006702887.1	gnl|META|POTG-MONOMER	1.5e-15	29.2	226	79.7	45.6	76.1
WP_006702887.1	gnl|META|YHBG-MONOMER	1.0e-14	26.2	229	77.0	47.2	77.5
WP_006702889.1	gnl|META|RED-THIOREDOXIN-MONOMER	1.4e-22	50.0	88	101.7	72.7	85.4
WP_006702890.1	gnl|META|EG10625-MONOMER	1.5e-28	30.8	308	124.4	50.3	38.5
WP_006702894.1	gnl|META|HS07681-MONOMER	1.6e-09	33.0	91	60.5	56.0	19.0
WP_006702895.1	gnl|META|EG12044-MONOMER	1.3e-31	34.2	237	132.9	54.9	97.1
WP_006702897.1	gnl|META|NARL-MONOMER	3.4e-28	35.3	207	121.3	56.5	97.2
WP_006702902.1	gnl|META|G6502-MONOMER	5.2e-05	34.2	76	43.1	53.9	82.6
WP_006702902.1	gnl|META|EG11551-MONOMER	5.7e-04	38.8	80	39.7	58.8	87.0
WP_006702903.1	gnl|META|MONOMER-16600	7.7e-08	22.0	286	54.3	42.7	80.9
WP_006702904.1	gnl|META|EG12712-MONOMER	6.1e-30	41.4	157	126.7	59.2	97.5
WP_006702904.1	gnl|META|MONOMER-14557	8.2e-27	44.4	151	116.3	56.3	92.4
WP_006702906.1	gnl|META|YGL037C-MONOMER	1.3e-04	38.2	55	42.7	56.4	32.0
WP_006702906.1	gnl|META|NICOTINAMID-MONOMER	3.7e-04	37.7	53	41.2	52.8	30.8
WP_006702909.1	gnl|META|G7324-MONOMER	3.9e-10	30.0	140	60.8	49.3	92.6
WP_006702912.1	gnl|META|YHBG-MONOMER	4.3e-17	28.2	206	84.7	51.5	80.5
WP_006702913.1	gnl|META|G6645-MONOMER	4.4e-19	31.2	218	91.3	49.1	83.7
WP_006702915.1	gnl|META|MONOMER-907	3.7e-14	35.7	112	73.9	58.9	88.8
WP_006702915.1	gnl|META|AT2G35370-MONOMER	8.3e-14	31.7	123	72.8	60.2	96.0
WP_006702918.1	gnl|META|MONOMER-18049	2.1e-59	32.7	434	226.1	51.8	94.2
WP_006702920.1	gnl|META|MONOMER-17712	1.1e-02	26.7	90	38.1	47.8	11.4
WP_006702922.1	gnl|META|MALTACETYLTRAN-MONOMER	1.6e-29	39.1	184	125.6	52.2	98.4
WP_006702929.1	gnl|META|G7553-MONOMER	6.0e-91	62.0	250	330.1	77.6	95.4
WP_006702933.1	gnl|META|NAGE-MONOMER	9.2e-81	32.0	724	297.7	49.4	97.2
WP_006702950.1	gnl|META|EG10908-MONOMER	4.1e-32	52.3	130	133.7	68.5	100.0
WP_006702951.1	gnl|META|EG10874-MONOMER	2.5e-41	55.0	140	164.5	71.4	95.2
WP_006702952.1	gnl|META|EG10881-MONOMER	6.2e-35	62.7	118	142.9	81.4	99.2
WP_006702955.1	gnl|META|MONOMER-20451	1.4e-02	27.2	114	37.4	49.1	24.4
WP_006702956.1	gnl|META|G7458-MONOMER	3.0e-13	28.2	220	72.8	48.2	43.0
WP_006702956.1	gnl|META|NACMURLALAAMI1-MONOMER	4.3e-12	24.3	226	68.9	45.1	44.4
WP_006702959.1	gnl|META|G3O-30162-MONOMER	2.4e-02	38.8	67	35.8	56.7	24.7
WP_006702963.1	gnl|META|HS02645-MONOMER	2.5e-08	28.3	184	55.8	47.3	55.9
WP_006702966.1	gnl|META|G1G01-5484-MONOMER	2.1e-78	33.6	569	289.7	56.6	90.7
WP_006702966.1	gnl|META|YHHO-MONOMER	1.2e-73	31.6	586	273.9	52.7	94.2
WP_006702967.1	gnl|META|MHPCHYDROL-MONOMER	1.9e-10	24.5	265	62.8	42.3	94.2
WP_006702967.1	gnl|META|MONOMER-15978	2.8e-09	23.7	257	58.9	43.2	89.2
WP_006702968.1	gnl|META|MONOMER-14068	2.1e-27	29.5	342	119.4	46.8	97.9
WP_006702968.1	gnl|META|AT1G23740-MONOMER	3.9e-26	28.4	342	115.2	45.0	98.2
WP_006702970.1	gnl|META|MONOMER-6563	1.9e-132	54.8	449	468.8	71.3	97.6
WP_006702972.1	gnl|META|BSU25300-MONOMER	5.7e-26	44.5	128	113.2	61.7	98.5
WP_006702977.1	gnl|META|EG11902-MONOMER	2.9e-04	23.9	297	42.4	40.1	94.1
WP_006702979.1	gnl|META|MONOMER-20828	7.6e-01	35.5	31	31.6	64.5	6.9
WP_006702987.1	gnl|META|PHET-MONOMER	1.0e-120	34.8	804	430.6	53.6	98.9
WP_006702991.1	gnl|META|MONOMER-15472	2.3e-119	37.0	691	426.0	56.4	91.6
WP_006702997.1	gnl|META|RED-THIOREDOXIN2-MONOMER	4.5e-04	29.7	64	41.2	56.2	30.5
WP_006702998.1	gnl|META|RED-THIOREDOXIN2-MONOMER	1.3e-03	26.6	64	39.7	56.2	30.0
WP_006703001.1	gnl|META|MONOMER-20009	1.5e-75	46.3	311	279.3	64.6	99.4
WP_006703002.1	gnl|META|MONOMER-20222	1.9e-15	32.6	190	79.0	54.2	90.4
WP_006703003.1	gnl|META|EG10634-MONOMER	1.9e-33	31.4	255	139.0	54.9	98.1
WP_006703006.1	gnl|META|EG10529-MONOMER	2.2e-20	28.6	189	96.7	55.0	35.0
WP_006703012.1	gnl|META|PROCST-MONOMER	1.8e-42	37.8	270	169.1	59.3	98.9
WP_006703012.1	gnl|META|MONOMER-7803	1.1e-39	38.0	266	159.8	57.1	98.9
WP_006703014.1	gnl|META|GLUTKIN-MONOMER	2.9e-59	37.4	361	225.3	55.7	95.4
WP_006703016.1	gnl|META|MONOMER-13062	1.6e-109	62.5	328	392.1	74.7	99.7
WP_006703027.1	gnl|META|NACGLCTRANS-MONOMER	7.5e-39	31.5	368	157.5	50.8	99.5
WP_006703027.1	gnl|META|G185E-6361-MONOMER	9.1e-37	28.9	367	150.6	49.0	97.3
WP_006703027.1	gnl|META|MONOMER-12258	1.5e-34	30.1	336	143.3	51.2	90.4
WP_006703028.1	gnl|META|MONOMER-12256	8.2e-104	46.5	447	373.6	64.4	98.7
WP_006703029.1	gnl|META|MONOMER-12257	3.9e-68	50.3	310	254.6	62.6	95.0
WP_006703030.1	gnl|META|MONOMER-12253	2.1e-84	38.1	486	309.3	57.2	97.8
WP_006703031.1	gnl|META|MONOMER-15471	5.2e-98	37.0	581	354.8	53.4	97.0
WP_006703033.1	gnl|META|EG11085-MONOMER	2.3e-60	43.1	313	228.8	60.1	99.0
WP_006703046.1	gnl|META|MONOMER-8562	2.7e-08	26.9	227	55.5	42.3	88.0
WP_006703049.1	gnl|META|NICONUCADENYLYLTRAN-MONOMER	7.3e-23	30.3	208	103.6	48.6	88.0
WP_006703051.1	gnl|META|G3O-32728-MONOMER	1.8e-03	26.4	144	40.0	42.4	35.8
WP_006703052.1	gnl|META|EG10634-MONOMER	7.1e-03	39.6	53	37.0	56.6	26.7
WP_006703053.1	gnl|META|HOMOSERKIN-MONOMER	2.3e-22	26.8	314	102.4	48.1	99.0
WP_006703056.1	gnl|META|G6278-MONOMER	2.2e-49	37.5	280	192.2	58.2	96.6
WP_006703056.1	gnl|META|TSA-REDUCT-MONOMER	8.3e-49	36.7	283	190.3	57.6	97.6
WP_006703057.1	gnl|META|MONOMER-20028	5.7e-96	46.5	404	347.4	63.1	97.8
WP_006703061.1	gnl|META|YBHF-MONOMER	3.6e-29	28.8	240	124.8	52.1	95.9
WP_006703061.1	gnl|META|BSU02750-MONOMER	1.3e-28	26.3	224	122.9	55.8	90.5
WP_006703061.1	gnl|META|YHBG-MONOMER	7.4e-27	28.4	232	117.1	52.6	94.6
WP_006703063.1	gnl|META|SUPEROX-DISMUTMN-MONOMER	5.9e-62	55.8	208	233.4	65.4	100.0
WP_006703064.1	gnl|META|EG10210-MONOMER	8.7e-50	33.0	345	194.1	53.9	77.9
WP_006703064.1	gnl|META|EG10844-MONOMER	2.5e-49	33.2	352	192.6	54.5	77.4
WP_006703066.1	gnl|META|MONOMER-13060	4.6e-129	46.5	488	457.6	65.4	100.0
WP_006703071.1	gnl|META|POTG-MONOMER	4.5e-22	31.6	228	101.3	50.4	85.1
WP_006703071.1	gnl|META|SFUC-MONOMER	1.1e-20	30.6	209	96.7	52.6	80.1
WP_006703072.1	gnl|META|YDEY-MONOMER	8.0e-07	24.3	288	50.8	46.5	93.9
WP_006703074.1	gnl|META|MONOMER-17916	4.4e-82	39.9	471	301.6	59.0	91.8
WP_006703076.1	gnl|META|EG12235-MONOMER	1.8e-04	30.8	65	41.6	52.3	58.0
WP_006703079.1	gnl|META|MONOMER-17204	6.8e-07	28.4	148	50.1	47.3	97.3
WP_006703079.1	gnl|META|ALPHACOMP-MONOMER	2.6e-06	27.4	124	48.1	46.0	81.8
WP_006703079.1	gnl|META|MONOMER-14302	9.8e-06	29.4	153	46.2	45.8	97.3
WP_006703080.1	gnl|META|YIIP-MONOMER	7.0e-16	24.3	272	80.9	48.2	90.0
WP_006703081.1	gnl|META|PD00219	6.3e-21	25.9	332	97.8	48.5	97.9
WP_006703083.1	gnl|META|G7950-MONOMER	6.0e-14	28.9	173	73.9	50.3	83.2
WP_006703084.1	gnl|META|EG11207-MONOMER	1.8e-02	30.3	66	34.7	47.0	74.2
WP_006703084.1	gnl|META|MONOMER-15932	4.0e-02	35.7	42	33.5	59.5	47.2
WP_006703087.1	gnl|META|MONOMER-16557	6.3e-10	29.1	175	61.2	45.1	52.5
WP_006703089.1	gnl|META|EG11094-MONOMER	9.2e-06	29.5	95	47.8	49.5	23.3
WP_006703089.1	gnl|META|EG11094-MONOMER	4.9e+01	23.2	177	25.4	41.8	43.3
WP_006703093.1	gnl|META|EG12130-MONOMER	1.1e-07	23.6	229	53.9	46.7	66.0
WP_006703097.1	gnl|META|DIHYDROPTERIREDUCT-MONOMER	2.1e-12	24.7	182	68.9	47.3	81.1
WP_006703099.1	gnl|META|MONOMER-19347	2.9e-04	24.4	234	42.4	42.7	73.1
WP_006703102.1	gnl|META|AT2G28800-MONOMER	2.6e-20	31.7	218	95.5	47.2	67.2
WP_006703102.1	gnl|META|MONOMER-16600	6.4e-19	31.9	213	90.9	46.9	67.2
WP_006703104.1	gnl|META|EG10892-MONOMER	4.5e-07	69.2	39	48.9	82.1	88.6
WP_006703105.1	gnl|META|G7128-MONOMER	8.2e-03	27.8	90	38.1	42.2	19.8
WP_006703106.1	gnl|META|EG10242-MONOMER	4.9e-33	28.9	342	138.3	51.5	88.1
WP_006703108.1	gnl|META|EG10828-MONOMER	5.6e-26	25.9	371	114.8	46.9	99.7
WP_006703109.1	gnl|META|EG10424-MONOMER	3.0e-168	42.9	798	588.2	56.6	97.2
WP_006703110.1	gnl|META|EG10423-MONOMER	9.7e-207	45.1	847	716.5	64.8	95.3
WP_006703111.1	gnl|META|BSU02750-MONOMER	1.8e-39	35.1	239	159.1	58.6	93.6
WP_006703114.1	gnl|META|MONOMER-19823	7.0e-08	23.9	348	54.7	36.5	85.1
WP_006703116.1	gnl|META|MONOMER-19823	7.8e-07	22.8	359	51.2	37.9	83.1
WP_006703116.1	gnl|META|G18NG-10711-MONOMER	1.5e-05	26.8	194	47.0	42.3	50.9
WP_006703118.1	gnl|META|EG10976-MONOMER	1.0e-11	34.0	100	66.2	60.0	58.1
WP_006703119.1	gnl|META|EG10917-MONOMER	9.7e-16	62.3	61	78.6	73.8	76.2
WP_006703120.1	gnl|META|G1I0R-14-MONOMER	3.2e-144	44.7	600	508.4	65.7	88.6
WP_006703121.1	gnl|META|EG10870-MONOMER	3.4e-14	35.9	153	74.3	52.9	100.0
WP_006703122.1	gnl|META|EG11254-MONOMER	1.5e-15	28.7	164	79.0	50.6	100.0
WP_006703124.1	gnl|META|MONOMER-11936	6.8e-03	25.3	154	37.4	44.2	62.9
WP_006703125.1	gnl|META|UGPC-MONOMER	1.4e-85	48.6	364	312.8	64.8	98.6
WP_006703125.1	gnl|META|MALK-MONOMER	1.6e-81	50.9	328	299.3	66.2	88.6
WP_006703126.1	gnl|META|DUTP-PYROP-MONOMER	6.0e-08	34.6	107	53.9	51.4	55.1
WP_006703127.1	gnl|META|BSU02750-MONOMER	7.7e-01	27.7	101	31.6	51.5	22.1
WP_006703129.1	gnl|META|YBHF-MONOMER	7.5e-40	36.1	219	160.6	58.4	70.2
WP_006703129.1	gnl|META|BSU02750-MONOMER	5.4e-38	35.6	225	154.5	58.7	70.5
WP_006703134.1	gnl|META|MONOMER-13094	0.0e+00	87.6	764	1401.0	94.9	99.1
WP_006703137.1	gnl|META|MONOMER-13103	2.5e-125	57.4	385	444.9	72.7	99.5
WP_006703138.1	gnl|META|MONOMER-18272	2.4e-75	41.7	384	278.9	55.7	96.6
WP_006703138.1	gnl|META|MONOMER-17512	2.9e-73	37.5	381	271.9	57.7	98.2
WP_006703140.1	gnl|META|LSERINEDEAM3-MONOMER	4.6e-07	38.3	94	51.2	50.0	38.1
WP_006703141.1	gnl|META|MONOMER-8569	7.0e-35	38.8	281	144.1	53.4	90.0
WP_006703143.1	gnl|META|HRSA-MONOMER	5.1e-06	35.3	68	49.3	61.8	9.8
WP_006703144.1	gnl|META|GATA-MONOMER	6.0e-14	32.2	121	73.6	59.5	78.6
WP_006703145.1	gnl|META|SGCC-MONOMER	6.6e-74	35.0	426	274.2	59.4	96.4
WP_006703146.1	gnl|META|GATB-MONOMER	4.3e-07	29.0	93	50.1	61.3	97.9
WP_006703146.1	gnl|META|MONOMER0-2121	6.2e-06	30.4	92	46.2	56.5	97.9
WP_006703147.1	gnl|META|TAGAALDOL1-MONOMER	1.6e-41	38.7	235	166.0	59.6	85.4
WP_006703147.1	gnl|META|MONOMER-18279	1.6e-41	38.7	235	166.0	59.6	85.4
WP_006703147.1	gnl|META|TAGAALDOL2-MONOMER	5.1e-40	33.2	262	161.0	56.1	93.4
WP_006703147.1	gnl|META|BSU39670-MONOMER	4.0e-37	37.4	235	151.4	57.4	84.7
WP_006703148.1	gnl|META|MONOMER-11811	1.2e-29	34.9	229	126.3	56.3	97.0
WP_006703148.1	gnl|META|MONOMER-14589	1.3e-28	34.4	218	122.9	57.8	92.2
WP_006703151.1	gnl|META|BRNQ-MONOMER	6.4e-53	31.0	432	204.5	52.1	97.0
WP_006703152.1	gnl|META|MONOMER-15858	1.4e-33	29.7	296	139.8	49.0	91.1
WP_006703153.1	gnl|META|EG11311-MONOMER	6.5e-53	40.2	291	204.1	60.1	85.3
WP_006703155.1	gnl|META|LYSU-MONOMER	2.1e-140	52.1	491	495.4	70.9	97.6
WP_006703155.1	gnl|META|LYSS-MONOMER	1.8e-139	51.8	490	492.3	71.4	97.4
WP_006703156.1	gnl|META|EG10236-MONOMER	2.1e-91	41.9	458	332.4	63.5	97.4
WP_006703157.1	gnl|META|ADENYLOSUCCINATE-SYN-MONOMER	1.7e-122	49.1	430	435.6	66.7	99.5
WP_006703158.1	gnl|META|CPXR-MONOMER	1.0e-49	42.3	227	193.0	65.6	95.4
WP_006703159.1	gnl|META|PHOR-MONOMER	8.4e-35	29.4	360	144.8	48.9	58.4
WP_006703162.1	gnl|META|G6475-MONOMER	6.3e-03	31.5	73	37.7	53.4	26.5
WP_006703162.1	gnl|META|MONOMER-20861	2.4e-02	31.6	57	35.8	49.1	19.0
WP_006703162.1	gnl|META|MONOMER-13014	2.4e-02	31.6	57	35.8	49.1	19.0
WP_006703163.1	gnl|META|EG10463-MONOMER	4.7e-40	33.0	388	161.8	52.3	85.4
WP_006703163.1	gnl|META|G7682-MONOMER	8.1e-40	36.6	290	161.0	59.0	66.1
WP_006703165.1	gnl|META|GLPF-MONOMER	8.0e-21	30.8	253	97.1	47.4	94.7
WP_006703167.1	gnl|META|MONOMER-20305	2.8e-74	62.2	241	274.6	75.9	96.4
WP_006703168.1	gnl|META|MONOMER-19498	3.5e-197	80.2	424	683.7	89.6	99.8
WP_006703170.1	gnl|META|MONOMER-20306	1.6e-70	49.1	267	262.3	65.2	97.8
WP_006703175.1	gnl|META|SERS-MONOMER	8.5e-111	59.5	331	396.7	72.5	76.3
WP_006703177.1	gnl|META|BAES-MONOMER	6.7e-21	25.3	304	97.8	46.7	86.5
WP_006703178.1	gnl|META|CPXR-MONOMER	2.3e-33	37.0	227	138.7	56.4	94.4
WP_006703181.1	gnl|META|HS00157-MONOMER	4.1e-10	24.5	302	62.8	40.7	42.7
WP_006703182.1	gnl|META|MONOMER-16961	2.8e-12	21.9	366	69.3	41.3	92.9
WP_006703182.1	gnl|META|MONOMER-20595	8.0e-12	19.0	347	67.8	42.1	91.0
WP_006703184.1	gnl|META|G6475-MONOMER	8.2e-30	37.6	189	126.7	52.9	88.7
WP_006703185.1	gnl|META|EG11481-MONOMER	1.5e-30	30.6	258	129.4	52.3	96.5
WP_006703189.1	gnl|META|MONOMER-14625	1.8e-40	32.2	360	162.9	50.6	95.3
WP_006703191.1	gnl|META|MONOMER-653	1.6e-35	35.2	344	146.4	48.0	95.0
WP_006703191.1	gnl|META|AT2G38700-MONOMER	2.7e-35	34.0	309	145.6	53.1	83.9
WP_006703191.1	gnl|META|ENSG00000167508-MONOMER	6.7e-34	36.0	300	141.0	52.0	81.5
WP_006703192.1	gnl|META|MONOMER-18243	4.7e-19	26.9	323	91.7	46.1	93.9
WP_006703195.1	gnl|META|GMP-SYN-MONOMER	4.7e-156	53.3	525	547.4	68.4	99.6
WP_006703195.1	gnl|META|YMR217W-MONOMER	1.2e-146	51.0	518	516.2	69.7	98.5
WP_006703203.1	gnl|META|EG10850-MONOMER	8.4e-02	29.1	55	33.1	54.5	37.9
WP_006703203.1	gnl|META|MONOMER-20391	1.4e-01	32.8	61	32.3	54.1	40.0
WP_006703212.1	gnl|META|MONOMER-13056	4.4e-262	54.9	811	900.2	69.5	99.4
WP_006703214.1	gnl|META|TYRS-MONOMER	5.5e-110	48.9	421	394.0	67.5	99.0
WP_006703218.1	gnl|META|G12WB-675-MONOMER	2.9e-52	35.1	302	202.2	56.0	74.2
WP_006703219.1	gnl|META|EG11888-MONOMER	1.7e-25	40.4	156	112.1	57.1	91.7
WP_006703222.1	gnl|META|MONOMER-5946	2.5e-110	39.0	564	395.6	56.9	98.9
WP_006703225.1	gnl|META|MDTA	4.7e-02	26.2	103	35.4	48.5	22.8
WP_006703226.1	gnl|META|MACB	3.5e-50	44.7	219	194.5	66.7	95.2
WP_006703229.1	gnl|META|RIB5PISOMA-MONOMER	1.3e-38	42.0	219	156.0	60.3	96.0
WP_006703230.1	gnl|META|EG12712-MONOMER	5.1e-29	39.5	157	123.6	59.9	97.5
WP_006703230.1	gnl|META|HP0105-MONOMER	3.7e-27	37.3	142	117.5	62.0	90.4
WP_006703230.1	gnl|META|MONOMER-14557	6.3e-27	42.7	150	116.7	56.7	92.4
WP_006703231.1	gnl|META|METQ-MONOMER	2.7e-31	34.7	239	132.1	55.2	80.4
WP_006703232.1	gnl|META|MONOMER-1290	1.4e-35	34.5	238	146.0	55.0	100.0
WP_006703232.1	gnl|META|MONOMER-14562	2.2e-33	34.5	235	138.7	55.3	100.0
WP_006703233.1	gnl|META|MONOMER-11821	2.1e-52	33.2	370	202.6	52.2	91.9
WP_006703233.1	gnl|META|MONOMER-18938	1.2e-50	34.6	358	196.8	53.9	91.9
WP_006703236.1	gnl|META|HS02879-MONOMER	3.2e-10	31.3	134	61.2	48.5	83.6
WP_006703243.1	gnl|META|EG10864-MONOMER	1.8e-59	52.0	229	225.3	70.3	100.0
WP_006703244.1	gnl|META|G7662-MONOMER	3.7e-03	21.5	130	38.5	40.8	47.8
WP_006703244.1	gnl|META|MONOMER-15573	3.7e-03	35.2	54	38.5	53.7	20.1
WP_006703245.1	gnl|META|G7263-MONOMER	3.4e-66	50.8	264	248.1	68.2	88.6
WP_006703246.1	gnl|META|MONOMER0-5	4.2e-66	37.1	472	248.4	53.2	96.6
WP_006703248.1	gnl|META|MONOMER-17109	5.0e-67	33.0	473	251.5	52.4	98.1
WP_006703249.1	gnl|META|MONOMER-1003	1.0e-28	30.1	352	124.0	47.2	83.3
WP_006703249.1	gnl|META|DIENOYLCOAREDUCT-MONOMER	1.1e-27	28.5	351	120.6	48.4	86.1
WP_006703249.1	gnl|META|MONOMER-18310	2.5e-27	28.7	348	119.4	49.1	82.8
WP_006703250.1	gnl|META|MONOMER-3524	6.9e-04	26.4	91	41.2	49.5	28.3
WP_006703252.1	gnl|META|G6550-MONOMER	8.4e-24	36.7	177	107.1	51.4	67.0
WP_006703254.1	gnl|META|MONOMER-17111	6.2e-64	37.3	324	240.7	61.1	95.0
WP_006703254.1	gnl|META|BSU10250-MONOMER	6.9e-63	36.8	326	237.3	60.4	95.6
WP_006703254.1	gnl|META|MONOMER-17110	5.1e-58	36.2	326	221.1	59.2	95.6
WP_006703255.1	gnl|META|EG10871-MONOMER	3.3e-18	36.4	154	87.8	55.2	91.6
WP_006703256.1	gnl|META|EG10873-MONOMER	4.4e-28	58.2	122	120.2	76.2	100.0
WP_006703257.1	gnl|META|ADENPRIBOSYLTRAN-MONOMER	1.5e-06	29.5	139	49.3	45.3	70.5
WP_006703259.1	gnl|META|BSU30630-MONOMER	3.5e-02	31.4	121	34.7	47.9	67.0
WP_006703259.1	gnl|META|EG10626-MONOMER	6.0e-02	35.7	56	33.9	53.6	31.8
WP_006703259.1	gnl|META|G7164-MONOMER	7.8e-02	54.5	33	33.5	72.7	18.8
WP_006703259.1	gnl|META|G6954-MONOMER	1.0e-01	51.7	29	33.1	79.3	16.5
WP_006703262.1	gnl|META|MONOMER-8131	3.2e-65	39.6	328	245.0	60.1	98.5
WP_006703262.1	gnl|META|MONOMER-8683	3.5e-59	40.9	335	224.9	57.3	99.1
WP_006703267.1	gnl|META|EG10866-MONOMER	5.6e-47	49.3	207	183.7	64.7	98.1
WP_006703268.1	gnl|META|EG10867-MONOMER	3.7e-35	43.7	190	144.4	63.7	91.8
WP_006703269.1	gnl|META|EG10883-MONOMER	3.5e-04	34.6	78	40.4	57.7	80.2
WP_006703271.1	gnl|META|EG10865-MONOMER	3.4e-84	57.2	276	307.8	72.1	100.0
WP_006703273.1	gnl|META|EG10918-MONOMER	4.5e-33	69.9	93	136.3	84.9	100.0
WP_006703275.1	gnl|META|EG10882-MONOMER	6.2e-27	59.0	100	116.3	79.0	84.7
WP_006703277.1	gnl|META|EG10902-MONOMER	2.5e-66	58.2	208	248.1	75.0	94.1
WP_006703278.1	gnl|META|EG10877-MONOMER	1.1e-33	53.7	134	139.0	72.4	93.1
WP_006703280.1	gnl|META|EG10887-MONOMER	6.5e-05	42.1	57	42.4	66.7	83.8
WP_006703281.1	gnl|META|EG10916-MONOMER	2.1e-19	59.5	79	90.9	73.4	89.8
WP_006703282.1	gnl|META|EG10884-MONOMER	2.4e-19	49.0	100	90.9	68.0	96.1
WP_006703283.1	gnl|META|EG10868-MONOMER	3.3e-64	61.5	179	240.7	83.2	100.0
WP_006703284.1	gnl|META|EG10907-MONOMER	8.4e-33	52.7	131	136.0	73.3	99.2
WP_006703285.1	gnl|META|EG10869-MONOMER	9.3e-43	45.1	175	169.5	66.9	98.3
WP_006703287.1	gnl|META|EG10904-MONOMER	1.7e-43	52.4	166	171.8	73.5	100.0
WP_006703288.1	gnl|META|EG10888-MONOMER	3.3e-05	45.5	55	43.1	58.2	93.2
WP_006703289.1	gnl|META|EG10876-MONOMER	3.8e-18	45.1	144	87.4	59.7	98.6
WP_006703291.1	gnl|META|ADENYL-KIN-MONOMER	1.6e-44	43.8	219	175.6	60.3	97.7
WP_006703292.1	gnl|META|EG10912-MONOMER	7.4e-36	62.1	116	146.0	80.2	95.9
WP_006703293.1	gnl|META|EG10893-MONOMER	2.6e-64	43.6	312	241.9	64.4	98.1
WP_006703294.1	gnl|META|EG10878-MONOMER	6.2e-17	44.4	124	83.2	56.5	97.6
WP_006703295.1	gnl|META|G12WB-158-MONOMER	2.5e-66	48.1	268	248.4	70.1	94.0
WP_006703297.1	gnl|META|G12WB-160-MONOMER	1.7e-56	40.9	264	215.7	67.0	99.2
WP_006703299.1	gnl|META|EG10454-MONOMER	2.4e-36	33.6	247	148.7	53.8	98.0
WP_006703302.1	gnl|META|MONOMER-13959	4.8e-182	64.8	483	633.6	78.7	98.2
WP_006703304.1	gnl|META|2-DEHYDROPANTOATE-REDUCT-MONOMER	8.6e-12	21.2	306	67.4	43.1	98.1
WP_006703305.1	gnl|META|MACB	2.7e-43	42.2	218	171.8	62.8	85.5
WP_006703307.1	gnl|META|UGPC-MONOMER	2.1e-62	37.1	353	235.7	61.5	98.0
WP_006703307.1	gnl|META|MALK-MONOMER	3.0e-61	41.2	345	231.9	59.4	93.8
WP_006703308.1	gnl|META|MALF-MONOMER	1.4e-11	22.9	240	66.6	44.6	78.4
WP_006703309.1	gnl|META|UGPE-MONOMER	5.8e-20	27.8	266	94.4	46.6	94.9
WP_006703311.1	gnl|META|UGPB-MONOMER	1.5e-17	26.2	366	87.0	41.3	79.5
WP_006703313.1	gnl|META|CPXR-MONOMER	2.6e-18	24.5	233	88.6	51.1	99.6
WP_006703316.1	gnl|META|MONOMER-12181	4.5e-06	25.6	238	48.5	42.0	63.1
WP_006703318.1	gnl|META|EG10976-MONOMER	4.3e-10	31.3	99	60.5	58.6	76.2
WP_006703319.1	gnl|META|EG11195-MONOMER	1.4e-29	30.7	283	126.3	49.1	98.2
WP_006703322.1	gnl|META|MONOMER-8681	7.3e-131	69.3	319	463.0	85.3	99.1
WP_006703323.1	gnl|META|EG10785-MONOMER	3.8e-31	38.2	186	131.0	58.1	98.9
WP_006703324.1	gnl|META|EG11062-MONOMER	8.3e-15	22.3	346	79.3	41.9	26.2
WP_006703324.1	gnl|META|EG11062-MONOMER	1.2e-02	30.5	95	38.9	49.5	7.5
WP_006703330.1	gnl|META|EG10743-MONOMER	2.0e-15	44.8	87	78.6	64.4	53.4
WP_006703331.1	gnl|META|G6096-MONOMER	6.0e-22	31.3	211	101.7	50.2	46.9
WP_006703332.1	gnl|META|EG11506-MONOMER	3.8e-145	46.0	619	511.5	65.4	90.3
WP_006703337.1	gnl|META|MONOMER-14503	5.0e-76	30.9	680	282.0	51.6	90.3
WP_006703337.1	gnl|META|MONOMER-14493	7.8e-69	31.6	648	258.1	49.1	83.2
WP_006703338.1	gnl|META|MONOMER-19971	1.1e-104	41.0	478	376.7	62.1	93.8
WP_006703338.1	gnl|META|BSU38500-MONOMER	1.4e-104	41.0	478	376.3	62.1	93.8
WP_006703338.1	gnl|META|MONOMER-19990	1.8e-96	41.3	467	349.4	61.9	94.0
WP_006703339.1	gnl|META|BSU38510-MONOMER	3.9e-70	39.8	384	261.5	57.6	95.6
WP_006703339.1	gnl|META|MONOMER-19976	3.9e-70	39.8	384	261.5	57.6	95.6
WP_006703339.1	gnl|META|MONOMER-20021	2.2e-65	39.3	405	245.7	58.8	96.6
WP_006703341.1	gnl|META|MONOMER-19992	3.3e-29	26.4	383	125.6	44.1	96.7
WP_006703341.1	gnl|META|BSU38530-MONOMER	3.1e-27	27.8	338	119.0	43.5	84.3
WP_006703341.1	gnl|META|MONOMER-19975	3.1e-27	27.3	337	119.0	43.9	84.3
WP_006703342.1	gnl|META|MONOMER-16979	3.1e-25	32.2	236	112.5	53.0	54.0
WP_006703343.1	gnl|META|BSU39670-MONOMER	7.0e-93	60.5	281	336.7	72.2	98.6
WP_006703345.1	gnl|META|L-GLN-FRUCT-6-P-AMINOTRANS-MONOMER	9.2e-119	41.3	615	423.7	61.0	100.0
WP_006703346.1	gnl|META|G6503-MONOMER	8.8e-05	27.9	136	43.1	47.1	83.3
WP_006703347.1	gnl|META|G6859-MONOMER	1.1e-05	19.6	317	47.4	45.1	86.3
WP_006703350.1	gnl|META|BSU11650-MONOMER	1.4e-08	25.1	167	56.2	47.3	75.5
WP_006703351.1	gnl|META|MONOMER-14600	3.2e-67	28.1	726	253.1	48.3	70.1
WP_006703351.1	gnl|META|MONOMER-14597	6.6e-65	27.0	883	245.4	45.0	84.7
WP_006703351.1	gnl|META|G3O-30531-MONOMER	5.6e-64	28.0	747	242.3	49.0	82.5
WP_006703351.1	gnl|META|MONOMER-14610	4.7e-63	25.2	817	239.2	45.3	81.7
WP_006703352.1	gnl|META|EG11064-MONOMER	4.9e-02	31.1	74	36.2	55.4	10.4
WP_006703353.1	gnl|META|EG11500-MONOMER	2.1e-11	26.2	240	67.0	41.2	41.0
WP_006703355.1	gnl|META|EG10834-MONOMER	7.1e-36	37.7	199	146.7	59.3	100.0
WP_006703356.1	gnl|META|MONOMER-17916	2.9e-178	54.0	580	621.3	70.7	99.1
WP_006703358.1	gnl|META|FUCISOM-MONOMER	3.0e-215	60.7	588	744.2	74.3	99.8
WP_006703359.1	gnl|META|CELA-MONOMER	6.7e-03	31.6	95	36.2	49.5	93.9
WP_006703360.1	gnl|META|CELC-MONOMER	2.7e-09	34.4	96	57.8	62.5	78.0
WP_006703362.1	gnl|META|RBSC-MONOMER	5.9e-35	36.3	284	144.4	55.6	85.6
WP_006703362.1	gnl|META|YJCV-MONOMER	3.9e-31	32.7	263	131.7	52.9	80.4
WP_006703363.1	gnl|META|RBSB-MONOMER	2.5e-10	24.4	295	62.8	41.0	81.9
WP_006703363.1	gnl|META|YJCX-MONOMER	3.2e-10	23.8	302	62.4	38.7	82.2
WP_006703364.1	gnl|META|RHAMNULOKIN-MONOMER	6.5e-78	33.8	476	287.7	55.0	95.4
WP_006703365.1	gnl|META|EG10355-MONOMER	3.5e-29	46.0	139	124.0	64.0	99.3
WP_006703366.1	gnl|META|EG12293-MONOMER	3.2e-93	47.2	379	338.2	63.6	99.0
WP_006703366.1	gnl|META|MONOMER-15636	1.1e-85	42.9	380	313.2	61.6	99.2
WP_006703366.1	gnl|META|MONOMER-16805	1.2e-84	46.4	366	309.7	62.0	95.6
WP_006703369.1	gnl|META|MONOMER-17109	6.3e-94	41.1	484	340.9	61.6	99.2
WP_006703371.1	gnl|META|EG11180-MONOMER	5.8e-15	43.9	132	76.6	58.3	97.6
WP_006703372.1	gnl|META|GKI-MONOMER	2.7e-95	52.0	358	345.1	66.2	92.7
WP_006703372.1	gnl|META|GLY3KIN-MONOMER	1.4e-88	48.2	359	322.8	64.6	93.0
WP_006703373.1	gnl|META|GNTP-MONOMER	4.9e-02	21.6	449	35.4	44.3	98.8
WP_006703374.1	gnl|META|CMTB-MONOMER	2.5e-19	33.3	147	93.6	57.8	21.5
WP_006703374.1	gnl|META|YJFU-MONOMER	1.8e-17	31.0	145	87.4	55.9	21.1
WP_006703374.1	gnl|META|SGCA-MONOMER	2.3e-17	31.6	136	87.0	56.6	19.9
WP_006703376.1	gnl|META|SGAT-MONOMER	1.8e-42	29.5	387	169.9	52.5	82.6
WP_006703377.1	gnl|META|MONOMER-18839	4.4e-16	28.9	201	81.3	49.8	84.0
WP_006703378.1	gnl|META|MANNPISOM-MONOMER	2.0e-03	29.9	107	39.7	45.8	32.3
WP_006703379.1	gnl|META|NAG1P-URIDYLTRANS-MONOMER	2.9e-72	37.1	447	268.9	53.5	96.3
WP_006703380.1	gnl|META|PRPPSYN-MONOMER	4.2e-86	51.9	314	314.3	73.9	95.7
WP_006703380.1	gnl|META|HS07410-MONOMER	2.8e-82	51.0	312	301.6	69.6	95.7
WP_006703380.1	gnl|META|HS11931-MONOMER	3.7e-82	50.6	312	301.2	69.9	95.7
WP_006703380.1	gnl|META|HS02317-MONOMER	2.4e-81	49.4	312	298.5	69.9	95.7
WP_006703522.1	gnl|META|EG10613-MONOMER	4.6e-51	26.2	572	198.7	51.0	99.0
WP_006703524.1	gnl|META|MONOMER-17076	4.1e-48	29.1	512	189.1	46.7	75.6
WP_006703526.1	gnl|META|EG10613-MONOMER	4.9e-31	27.9	326	132.1	48.5	57.8
WP_006703527.1	gnl|META|G3O-32147-MONOMER	1.6e-13	21.4	365	73.9	45.2	65.1
WP_006703527.1	gnl|META|CYDC-MONOMER	1.6e-13	21.6	491	73.9	43.0	86.6
WP_006703528.1	gnl|META|EG10613-MONOMER	4.9e-15	22.2	490	79.0	42.4	86.2
WP_006703529.1	gnl|META|ENSG00000103222-MONOMER	1.6e-18	28.2	255	90.5	52.2	45.2
WP_006703529.1	gnl|META|CYSA-MONOMER	8.1e-18	28.4	225	88.2	50.7	39.1
WP_006703530.1	gnl|META|OPPB-MONOMER	1.6e-50	40.5	279	196.1	61.6	88.2
WP_006703531.1	gnl|META|OPPC-MONOMER	6.2e-45	35.5	307	177.6	53.4	93.9
WP_006703532.1	gnl|META|OPPD-MONOMER	3.6e-83	51.8	305	304.7	72.1	87.6
WP_006703533.1	gnl|META|OPPF-MONOMER	4.6e-74	54.8	259	274.2	71.8	84.6
WP_006703533.1	gnl|META|YLIA-MONOMER	5.8e-69	49.6	276	257.3	70.7	87.5
WP_006703534.1	gnl|META|EG50003-MONOMER	5.0e-12	47.9	73	66.2	69.9	91.2
WP_006703535.1	gnl|META|DPPA-MONOMER	2.0e-20	22.5	529	97.1	40.8	85.0
WP_006703538.1	gnl|META|MONOMER-4503	1.5e-84	46.8	357	309.3	65.3	98.1
WP_006703538.1	gnl|META|GLYCDEH-MONOMER	2.4e-82	46.2	359	302.0	61.6	98.6
WP_006703543.1	gnl|META|ABC-MONOMER	7.2e-40	39.2	227	160.2	60.8	97.8
WP_006703543.1	gnl|META|GLNQ-MONOMER	2.8e-36	39.4	221	148.3	59.3	95.6
WP_006703543.1	gnl|META|EG12347-MONOMER	4.8e-36	37.6	221	147.5	58.4	94.3
WP_006703545.1	gnl|META|VALS-MONOMER	1.7e-222	43.6	965	768.8	61.0	99.4
WP_006703549.1	gnl|META|MONOMER-11828	5.9e-02	31.5	54	34.3	63.0	21.9
WP_006703552.1	gnl|META|MONOMER-12255	1.9e-87	41.6	437	319.3	61.8	93.7
WP_006703553.1	gnl|META|EG10210-MONOMER	2.3e-70	39.6	374	262.7	57.8	72.9
WP_006703553.1	gnl|META|EG10844-MONOMER	6.5e-65	39.0	336	244.6	60.1	64.2
WP_006703555.1	gnl|META|HOLO-ACP-SYNTH-MONOMER	1.0e-13	36.2	127	72.4	56.7	95.9
WP_006703556.1	gnl|META|ALARACECAT-MONOMER	2.3e-43	34.0	365	172.6	52.6	97.3
WP_006703556.1	gnl|META|G1G01-5627-MONOMER	9.9e-39	30.2	371	157.1	49.6	98.1
WP_006703560.1	gnl|META|CPXR-MONOMER	7.9e-23	31.1	228	103.6	52.6	96.9
WP_006703561.1	gnl|META|BAES-MONOMER	7.3e-23	27.9	308	104.4	49.0	85.3
WP_006703561.1	gnl|META|BARA-MONOMER	3.1e-21	26.4	341	99.0	46.3	83.6
WP_006703561.1	gnl|META|PHOR-MONOMER	1.2e-20	26.0	246	97.1	51.2	67.8
WP_006703569.1	gnl|META|EG10743-MONOMER	6.8e-182	50.1	695	633.6	67.1	99.0
WP_006703571.1	gnl|META|GLNQ-MONOMER	2.4e-29	36.5	203	125.2	55.2	93.9
WP_006703571.1	gnl|META|POTG-MONOMER	2.0e-28	32.8	195	122.1	59.0	90.7
WP_006703571.1	gnl|META|GLTL-MONOMER	2.7e-28	37.1	205	121.7	57.1	93.9
WP_006703571.1	gnl|META|EG12347-MONOMER	1.7e-27	36.5	200	119.0	58.5	89.7
WP_006703571.1	gnl|META|MACB	6.6e-27	29.6	216	117.1	56.9	97.7
WP_006703574.1	gnl|META|CARDIOLIPSYN-MONOMER	3.1e-45	27.1	469	179.1	45.4	96.5
WP_006703576.1	gnl|META|BSU02750-MONOMER	2.4e-38	34.5	226	155.6	63.3	71.6
WP_006703576.1	gnl|META|YBHF-MONOMER	2.1e-37	34.2	228	152.5	58.3	72.5
WP_006703576.1	gnl|META|G12WB-159-MONOMER	2.1e-34	33.7	291	142.5	58.1	88.8
WP_006703581.1	gnl|META|MONOMER-14154	4.0e-112	38.4	667	401.7	58.3	99.5
WP_006703582.1	gnl|META|MONOMER-14153	2.3e-48	67.8	152	188.0	79.6	95.0
WP_006703583.1	gnl|META|MONOMER-14150	4.4e-06	23.6	195	47.8	49.2	94.8
WP_006703584.1	gnl|META|MONOMER-14148	1.3e-42	32.9	334	169.9	50.0	98.5
WP_006703585.1	gnl|META|MONOMER-14152	7.5e-29	58.3	103	122.5	72.8	100.0
WP_006703586.1	gnl|META|MONOMER-14146	5.3e-260	73.3	592	892.9	86.8	99.8
WP_006703587.1	gnl|META|MONOMER-14147	1.5e-217	80.6	458	751.5	91.3	100.0
WP_006703588.1	gnl|META|MONOMER-14149	3.3e-71	66.7	207	264.2	83.1	98.1
WP_006703590.1	gnl|META|GUANYL-KIN-MONOMER	4.5e-41	46.8	190	164.1	62.6	91.3
WP_006703594.1	gnl|META|EG12163-MONOMER	4.2e-44	32.1	430	175.3	50.7	96.6
WP_006703595.1	gnl|META|MONOMER-15373	3.2e-01	33.3	54	32.0	50.0	21.8
WP_006703596.1	gnl|META|HS08155-MONOMER	6.1e-20	28.6	220	95.5	49.1	32.6
WP_006703596.1	gnl|META|HS09136-MONOMER	5.7e-18	31.5	149	89.0	54.4	22.4
WP_006703596.1	gnl|META|HS02256-MONOMER	2.8e-17	29.2	226	86.7	49.1	34.5
WP_006703597.1	gnl|META|EG12044-MONOMER	2.3e-33	32.5	231	138.7	52.8	97.0
WP_006703598.1	gnl|META|MONOMER-17535	1.1e-17	30.3	178	87.4	50.6	42.8
WP_006703599.1	gnl|META|MONOMER-17535	1.7e-16	29.8	178	82.4	48.3	87.1
WP_006703599.1	gnl|META|EG11723-MONOMER	1.4e-15	33.5	179	79.3	51.4	86.1
WP_006703599.1	gnl|META|MONOMER-17150	2.4e-15	30.3	175	78.6	50.3	84.2
WP_006703605.1	gnl|META|EG10942-MONOMER	1.3e-33	29.6	368	140.2	46.7	92.7
WP_006703606.1	gnl|META|EG10529-MONOMER	2.0e-24	25.6	489	110.5	40.3	68.3
WP_006703607.1	gnl|META|EG10906-MONOMER	1.2e-46	53.2	156	182.2	75.0	100.0
WP_006703609.1	gnl|META|MALDEXPHOSPHORYL-MONOMER	8.5e-146	38.4	771	513.8	59.3	97.9
WP_006703609.1	gnl|META|MONOMER-17099	3.9e-143	40.6	749	505.0	59.1	93.6
WP_006703609.1	gnl|META|GLYCOPHOSPHORYL-MONOMER	1.8e-140	39.4	754	496.1	58.0	95.5
WP_006703609.1	gnl|META|HS00949-MONOMER	1.5e-139	38.4	748	493.0	58.7	93.6
WP_006703609.1	gnl|META|HS02178-MONOMER	3.4e-139	38.9	750	491.9	58.9	93.6
WP_006703609.1	gnl|META|HS02099-MONOMER	1.0e-135	37.8	751	480.3	57.3	93.9
WP_006703610.1	gnl|META|GIO2-442-MONOMER	2.8e-105	40.8	483	378.6	58.0	95.4
WP_006703610.1	gnl|META|AT5G64860-MONOMER	3.1e-104	38.7	499	375.2	59.7	98.4
WP_006703612.1	gnl|META|UGPA-MONOMER	1.0e-17	27.4	296	87.0	44.3	94.8
WP_006703613.1	gnl|META|UGPE-MONOMER	3.9e-14	24.1	286	75.1	49.0	94.8
WP_006703614.1	gnl|META|PD00219	1.6e-24	29.3	321	109.8	49.2	94.5
WP_006703619.1	gnl|META|EG11247-MONOMER	1.1e-34	27.3	454	144.1	44.9	97.6
WP_006703621.1	gnl|META|YBHR-MONOMER	3.7e-02	25.0	124	35.0	49.2	47.9
WP_006703622.1	gnl|META|YBHF-MONOMER	1.5e-36	36.4	228	149.4	61.4	81.4
WP_006703624.1	gnl|META|BRNQ-MONOMER	5.1e-53	31.9	432	204.9	50.9	94.5
WP_006703625.1	gnl|META|METG-MONOMER	3.0e-78	28.1	690	289.3	47.0	98.5
WP_006703629.1	gnl|META|MONOMER-13956	9.0e-194	70.1	475	672.5	82.5	99.8
WP_006703630.1	gnl|META|MONOMER-13955	1.6e-166	62.0	481	582.0	78.0	98.8
WP_006703631.1	gnl|META|MONOMER-13957	7.0e-16	44.6	92	79.3	62.0	92.9
WP_006703633.1	gnl|META|EG10534-MONOMER	1.5e-157	45.3	671	552.7	63.2	99.0
WP_006703635.1	gnl|META|MONOMER-18697	4.3e-02	26.6	128	35.4	45.3	29.5
WP_006703641.1	gnl|META|TAUB-MONOMER	5.7e-21	30.5	210	97.4	52.9	87.3
WP_006703643.1	gnl|META|MONOMER-12750	8.4e-09	43.9	57	55.1	66.7	96.6
WP_006703643.1	gnl|META|BSU37540-MONOMER	7.1e-08	44.6	56	52.0	67.9	94.9
WP_006703645.1	gnl|META|G185E-5101-MONOMER	3.6e-01	35.0	40	32.0	57.5	14.3
WP_006703654.1	gnl|META|HS01875-MONOMER	1.6e-15	31.9	141	79.0	56.7	79.0
WP_006703655.1	gnl|META|PHOSGLUCOSAMINEMUT-MONOMER	4.1e-95	43.2	447	344.7	61.3	98.2
WP_006703660.1	gnl|META|MONOMER-690	1.5e-35	38.0	250	146.0	55.6	99.2
WP_006703660.1	gnl|META|MONOMER-893	1.4e-33	36.4	253	139.4	52.6	98.0
WP_006703660.1	gnl|META|3-OXOACYL-ACP-REDUCT-MONOMER	3.2e-33	35.0	246	138.3	55.3	98.4
WP_006703660.1	gnl|META|MONOMER-17953	4.2e-33	34.0	247	137.9	54.7	97.2
WP_006703660.1	gnl|META|MONOMER-13089	2.1e-32	36.0	242	135.6	58.3	96.0
WP_006703661.1	gnl|META|RHAMNULPALDOL-MONOMER	4.0e-45	38.2	262	177.9	56.5	92.8
WP_006703662.1	gnl|META|SGCC-MONOMER	3.2e-52	31.1	438	202.2	52.5	96.4
WP_006703663.1	gnl|META|MONOMER0-2121	4.1e-10	30.0	90	60.1	56.7	94.6
WP_006703668.1	gnl|META|YEHW-MONOMER	3.6e-23	39.2	143	105.9	68.5	28.3
WP_006703669.1	gnl|META|YEHX-MONOMER	9.3e-54	42.1	240	206.5	64.2	98.8
WP_006703669.1	gnl|META|PROV-MONOMER	1.5e-51	46.0	226	199.1	68.1	91.4
WP_006703671.1	gnl|META|EG10942-MONOMER	1.5e-01	34.3	70	33.9	54.3	15.3
WP_006703679.1	gnl|META|EG11826-MONOMER	5.3e-01	35.4	48	31.2	60.4	18.8
WP_006703681.1	gnl|META|MONOMER-15989	5.1e-02	27.7	119	35.4	43.7	23.7
WP_006703681.1	gnl|META|MONOMER-15981	1.5e-01	24.8	125	33.9	41.6	26.7
WP_006703681.1	gnl|META|MONOMER-7941	2.6e-01	35.3	68	33.1	45.6	15.5
WP_006703684.1	gnl|META|YGJU-MONOMER	1.0e-124	61.6	383	443.0	79.6	92.5
WP_006703685.1	gnl|META|G3O-32147-MONOMER	5.4e-22	31.1	235	102.1	54.0	40.1
WP_006703685.1	gnl|META|CYDD-MONOMER	3.5e-21	24.7	437	99.4	45.1	77.7
WP_006703685.1	gnl|META|G3O-29733-MONOMER	3.9e-20	31.6	196	95.9	54.6	36.7
WP_006703685.1	gnl|META|CYDC-MONOMER	1.5e-19	24.3	415	94.0	46.5	76.6
WP_006703690.1	gnl|META|MACB	3.2e-45	36.5	301	179.9	55.8	34.6
WP_006703690.1	gnl|META|MACB	1.0e-06	33.3	147	52.0	53.1	17.5
WP_006703696.1	gnl|META|EG11440-MONOMER	1.1e-08	31.9	116	55.8	53.4	81.8
WP_006703697.1	gnl|META|MONOMER-19961	8.6e-01	25.5	94	30.8	43.6	31.5
WP_006703699.1	gnl|META|MONOMER-18315	1.8e-11	23.9	301	66.6	42.2	72.6
WP_006703699.1	gnl|META|HS07681-MONOMER	1.2e-10	32.2	118	63.9	48.3	26.9
WP_006703700.1	gnl|META|HS00528-MONOMER	8.0e-37	33.2	313	150.6	49.5	87.1
WP_006703701.1	gnl|META|G7247-MONOMER	4.5e-36	29.9	354	148.3	47.2	96.1
WP_006703702.1	gnl|META|G7247-MONOMER	8.8e-10	27.5	204	60.1	44.1	95.0
WP_006703704.1	gnl|META|CELB-MONOMER	3.0e-29	25.6	446	125.9	42.8	93.3
WP_006703705.1	gnl|META|CELA-MONOMER	8.3e-15	41.2	102	75.9	61.8	96.2
WP_006703708.1	gnl|META|MONOMER-21014	8.8e-01	43.6	39	30.0	51.3	21.8
WP_006703719.1	gnl|META|METHYLENETHFREDUCT-MONOMER	5.3e-40	35.7	263	161.0	53.6	91.3
WP_006703721.1	gnl|META|EG11061-MONOMER	2.5e-314	57.0	940	1073.9	74.6	99.6
WP_006703722.1	gnl|META|EG11073-MONOMER	5.5e-25	29.3	266	110.9	50.0	98.0
WP_006703724.1	gnl|META|CPXR-MONOMER	4.4e-37	34.9	232	151.0	62.5	99.1
WP_006703725.1	gnl|META|BSU37640-MONOMER	9.2e-42	37.4	243	166.8	60.9	87.2
WP_006703725.1	gnl|META|MONOMER-17112	1.0e-40	41.1	219	163.3	62.1	79.2
WP_006703727.1	gnl|META|EG11195-MONOMER	1.6e-65	45.1	268	245.7	64.6	97.8
WP_006703729.1	gnl|META|MONOMER-19925	1.0e-08	27.2	125	57.0	47.2	44.8
WP_006703729.1	gnl|META|YML022W-MONOMER	2.6e-07	29.8	104	52.4	52.9	37.3
WP_006703733.1	gnl|META|ZNUC-MONOMER	2.4e-22	36.5	197	102.1	51.3	83.8
WP_006703733.1	gnl|META|FEPC-MONOMER	2.2e-20	31.0	213	95.5	46.5	87.6
WP_006703733.1	gnl|META|TAUB-MONOMER	2.2e-20	31.2	199	95.5	51.3	84.2
WP_006703733.1	gnl|META|FHUC-MONOMER	2.9e-20	30.0	207	95.1	46.4	86.3
WP_006703733.1	gnl|META|G12WB-158-MONOMER	5.0e-20	33.3	207	94.4	48.8	84.2
WP_006703733.1	gnl|META|G12WB-159-MONOMER	1.4e-19	28.0	211	92.8	53.6	84.6
WP_006703735.1	gnl|META|PD00219	6.6e-26	27.5	331	114.4	49.2	97.6
WP_006703737.1	gnl|META|CYST-MONOMER	1.1e-04	26.1	165	44.7	50.9	27.5
WP_006703737.1	gnl|META|POTC-MONOMER	7.0e-04	18.9	259	42.0	41.3	44.8
WP_006703738.1	gnl|META|YDCT-MONOMER	6.2e-64	44.8	299	240.7	61.5	89.0
WP_006703738.1	gnl|META|POTA-MONOMER	2.4e-60	49.6	244	228.8	66.4	72.6
WP_006703741.1	gnl|META|HS06128-MONOMER	4.9e-01	39.5	38	32.3	63.2	7.7
WP_006703748.1	gnl|META|EG10627-MONOMER	1.8e-51	37.9	282	199.5	57.4	71.5
WP_006703755.1	gnl|META|MONOMER-14544	4.9e-22	33.2	223	100.9	56.5	99.1
WP_006703756.1	gnl|META|DTDPGLUCDEHYDRAT2-MONOMER	5.5e-81	44.9	345	297.4	63.8	97.3
WP_006703756.1	gnl|META|DTDPGLUCDEHYDRAT-MONOMER	1.1e-76	44.7	340	283.1	63.2	94.9
WP_006703756.1	gnl|META|MONOMER-18133	9.0e-76	44.0	350	280.0	61.4	96.7
WP_006703756.1	gnl|META|MONOMER-17087	1.9e-73	43.6	330	272.3	64.2	97.9
WP_006703758.1	gnl|META|MONOMER-18088	1.7e-16	32.6	175	83.6	52.6	37.4
WP_006703763.1	gnl|META|BSU38860-MONOMER	4.3e-126	63.0	335	447.2	75.5	100.0
WP_006703764.1	gnl|META|EG10570-MONOMER	4.4e-54	42.3	253	207.6	58.9	98.0
WP_006703765.1	gnl|META|EG11724-MONOMER	1.8e-72	37.2	484	269.6	53.5	99.4
WP_006703765.1	gnl|META|EG11691-MONOMER	3.9e-67	36.0	484	251.9	53.9	99.4
WP_006703767.1	gnl|META|MONOMER-14600	1.5e-141	35.3	1005	500.0	53.5	96.9
WP_006703768.1	gnl|META|EG10833-MONOMER	3.3e-121	40.0	595	431.8	60.3	99.2
WP_006703769.1	gnl|META|HS03239-MONOMER	1.7e-13	28.7	244	73.6	45.1	51.2
WP_006703769.1	gnl|META|MONOMER-12251	1.2e-11	26.1	284	67.4	40.1	60.5
WP_006703773.1	gnl|META|G1I0R-1336-MONOMER	4.3e-29	32.0	278	124.8	51.4	94.9
WP_006703777.1	gnl|META|EG10613-MONOMER	9.0e-79	33.9	508	290.8	57.3	87.1
WP_006703778.1	gnl|META|EG10613-MONOMER	8.2e-48	26.1	563	188.0	49.2	95.8
WP_006703781.1	gnl|META|MONOMER-15015	2.4e-137	36.9	727	485.7	56.7	96.6
WP_006703782.1	gnl|META|MALG-MONOMER	2.5e-13	26.4	288	72.4	45.1	94.2
WP_006703782.1	gnl|META|UGPE-MONOMER	2.4e-11	22.5	285	65.9	43.5	92.8
WP_006703786.1	gnl|META|EG11568-MONOMER	2.9e-09	28.9	149	58.5	46.3	63.7
WP_006703788.1	gnl|META|EG10613-MONOMER	1.8e-66	29.5	566	250.0	53.9	96.7
WP_006703789.1	gnl|META|EG10613-MONOMER	7.2e-44	24.8	560	174.9	48.0	95.5
WP_006703791.1	gnl|META|MONOMER-663	9.5e-67	48.9	309	250.0	61.5	97.8
WP_006703792.1	gnl|META|MONOMER-6421	5.4e-15	32.1	162	78.6	45.7	35.9
WP_006703792.1	gnl|META|MONOMER0-1981	3.5e-14	32.4	142	75.9	50.0	30.9
WP_006703794.1	gnl|META|CHAINI-MONOMER	5.4e-92	50.6	328	334.0	70.7	96.1
WP_006703794.1	gnl|META|CHAINF-MONOMER	7.8e-91	50.5	327	330.1	70.6	95.8
WP_006703795.1	gnl|META|MONOMER-507	3.1e-46	31.1	411	182.2	49.6	98.5
WP_006703798.1	gnl|META|G6859-MONOMER	4.6e-02	21.4	318	35.4	45.0	79.8
WP_006703799.1	gnl|META|6PGLUCONOLACT-MONOMER	6.4e-13	25.2	202	71.2	46.0	59.0
WP_006703800.1	gnl|META|CRR-MONOMER	2.2e-22	38.1	147	101.7	57.8	85.5
WP_006703800.1	gnl|META|BGLF-MONOMER	4.2e-21	35.2	145	97.4	58.6	83.1
WP_006703802.1	gnl|META|STM4458-MONOMER	2.3e-24	44.1	127	107.8	66.9	98.4
WP_006703803.1	gnl|META|MONOMER-10303	3.7e-55	32.0	369	211.8	54.2	89.1
WP_006703804.1	gnl|META|MONOMER-20849	1.5e-15	25.9	220	79.3	48.6	99.5
WP_006703805.1	gnl|META|LIVF-MONOMER	8.7e-65	54.7	234	243.0	73.9	100.0
WP_006703806.1	gnl|META|LIVG-MONOMER	2.3e-66	50.6	253	248.4	67.2	98.4
WP_006703808.1	gnl|META|LIVH-MONOMER	8.3e-57	43.7	300	216.9	62.7	98.6
WP_006703810.1	gnl|META|G6501-MONOMER	6.4e-36	28.7	359	147.9	46.8	90.4
WP_006703812.1	gnl|META|BAES-MONOMER	1.0e-24	27.5	284	110.9	47.9	58.8
WP_006703812.1	gnl|META|PHOR-MONOMER	1.1e-23	31.0	229	107.5	50.7	48.7
WP_006703813.1	gnl|META|CPXR-MONOMER	6.1e-34	36.7	229	140.6	56.3	96.2
WP_006703816.1	gnl|META|G7845-MONOMER	1.4e-45	38.6	246	179.5	61.4	85.1
WP_006703818.1	gnl|META|CYSS-MONOMER	2.8e-107	45.3	481	385.2	58.4	99.8
WP_006703819.1	gnl|META|SERINE-O-ACETTRAN-MONOMER	2.0e-35	45.1	162	145.2	62.3	85.3
WP_006703821.1	gnl|META|DPPA-MONOMER	1.4e-18	26.1	463	90.9	40.8	74.9
WP_006703827.1	gnl|META|SYNPCC7942_0260-MONOMER	9.1e-234	50.5	827	806.2	71.8	98.9
WP_006703831.1	gnl|META|EG10158-MONOMER	9.5e-73	65.1	192	269.2	85.9	97.5
WP_006703831.1	gnl|META|SYNPCC7942_1554-MONOMER	1.7e-66	63.8	188	248.4	81.9	95.4
WP_006703831.1	gnl|META|SYNPCC7942_2525-MONOMER	8.6e-66	63.5	189	246.1	81.5	95.9
WP_006703833.1	gnl|META|EG12130-MONOMER	1.0e-11	23.9	364	67.4	40.4	88.3
WP_006703842.1	gnl|META|G7413-MONOMER	1.3e-01	29.8	57	33.9	54.4	15.1
WP_006703858.1	gnl|META|MONOMER-13473	2.7e-111	53.3	396	398.3	73.5	98.7
WP_006703858.1	gnl|META|MONOMER-428	1.0e-110	53.0	396	396.4	72.5	98.2
WP_006703858.1	gnl|META|MONOMER-20612	3.3e-109	51.8	396	391.3	70.5	99.0
WP_006703858.1	gnl|META|ACKCLOS-MONOMER	7.7e-106	49.9	393	380.2	71.8	97.7
WP_006703858.1	gnl|META|STM2057-MONOMER	3.0e-102	49.5	392	368.2	68.9	98.7
WP_006703860.1	gnl|META|EG50002-MONOMER	2.8e-22	63.0	81	100.5	75.3	83.3
WP_006703863.1	gnl|META|MONOMER-15460	1.2e-139	60.6	421	492.7	77.0	96.1
WP_006703870.1	gnl|META|EG10889-MONOMER	1.8e-06	32.5	80	47.8	52.5	98.8
WP_006703871.1	gnl|META|EG11171-MONOMER	1.7e-66	43.0	335	249.2	62.7	98.2
WP_006703872.1	gnl|META|EG10850-MONOMER	2.9e-11	37.2	137	65.9	52.6	36.5
WP_006703873.1	gnl|META|G6991-MONOMER	4.1e-09	29.8	131	58.2	50.4	53.5
WP_006703874.1	gnl|META|PROS-MONOMER	3.1e-16	28.3	166	82.8	53.0	34.2
WP_006703875.1	gnl|META|MONOMER-12611	4.5e-89	37.2	444	324.7	59.9	92.9
WP_006703875.1	gnl|META|MONOMER-12621	4.8e-83	39.2	429	304.7	55.0	89.7
WP_006703875.1	gnl|META|MONOMER-12602	2.7e-81	36.5	455	298.9	54.1	93.6
WP_006703876.1	gnl|META|MONOMER-12625	1.1e-87	42.4	448	320.1	62.3	94.7
WP_006703878.1	gnl|META|ABC-MONOMER	1.3e-72	44.7	342	269.6	65.2	99.1
WP_006703879.1	gnl|META|METQ-MONOMER	3.6e-41	41.9	227	164.9	60.8	79.3
WP_006703882.1	gnl|META|EG11259-MONOMER	8.8e-106	34.1	712	380.9	54.9	89.3
WP_006703885.1	gnl|META|BSU04040-MONOMER	5.8e-14	23.7	257	74.3	45.1	98.4
WP_006703885.1	gnl|META|EG11239-MONOMER	2.2e-13	24.1	270	72.4	43.0	98.8
WP_006703885.1	gnl|META|EG11195-MONOMER	2.4e-12	23.3	275	68.9	42.2	98.4
WP_006703886.1	gnl|META|MONOMER-17842	5.6e-39	50.6	162	156.8	63.6	96.9
WP_006703891.1	gnl|META|MONOMER-19972	8.3e-09	40.6	69	55.5	66.7	89.5
WP_006703891.1	gnl|META|BSU38520-MONOMER	8.3e-09	40.6	69	55.5	66.7	89.5
WP_006703892.1	gnl|META|MONOMER-20145	5.3e-67	37.7	379	251.1	55.1	95.9
WP_006703893.1	gnl|META|METQ-MONOMER	2.2e-46	40.1	277	182.2	57.0	95.5
WP_006703895.1	gnl|META|ABC-MONOMER	3.5e-86	49.0	343	314.7	68.2	98.0
WP_006703897.1	gnl|META|MONOMER-18606	8.2e-19	27.6	221	90.5	44.8	81.2
WP_006703898.1	gnl|META|MONOMER-20840	1.6e-39	40.0	215	159.1	61.9	96.0
WP_006703899.1	gnl|META|MONOMER-19659	2.5e-49	42.2	256	191.8	62.9	98.1
WP_006703900.1	gnl|META|RPOC-MONOMER	0.0e+00	44.8	1409	1125.9	59.0	98.8
WP_006703903.1	gnl|META|MONOMER-16965	3.2e-07	24.0	167	52.0	46.1	60.7
WP_006703906.1	gnl|META|BSU13720-MONOMER	1.2e-20	34.0	209	96.3	51.2	95.3
WP_006703906.1	gnl|META|G6245-MONOMER	1.0e-19	33.6	217	93.2	50.2	97.7
WP_006703907.1	gnl|META|G7452-MONOMER	3.1e-13	38.3	81	71.2	61.7	50.0
WP_006703908.1	gnl|META|YEEO-MONOMER	2.9e-24	24.9	425	109.4	44.0	90.4
WP_006703910.1	gnl|META|IMP-DEHYDROG-MONOMER	4.8e-150	55.6	484	527.3	72.7	98.2
WP_006703911.1	gnl|META|MONOMER-15530	5.9e-18	34.6	179	87.4	49.7	71.2
WP_006703913.1	gnl|META|BAIDEL6EUBSP-MONOMER	7.2e-46	30.0	417	181.0	51.6	99.3
WP_006703914.1	gnl|META|EG12007-MONOMER	1.2e-27	32.0	200	120.9	58.0	35.8
WP_006703915.1	gnl|META|NARL-MONOMER	4.0e-12	26.8	194	68.2	47.4	73.4
WP_006703918.1	gnl|META|DSBD-MONOMER	1.8e-01	31.0	113	32.7	49.6	48.1
WP_006703919.1	gnl|META|MONOMER-15822	4.9e-31	24.9	546	132.1	45.6	97.4
WP_006703920.1	gnl|META|POTD-MONOMER	1.3e-64	38.5	309	243.0	59.5	85.1
WP_006703922.1	gnl|META|ARGS-MONOMER	2.8e-69	32.0	537	259.2	52.1	92.2
WP_006703924.1	gnl|META|POTC-MONOMER	2.1e-41	38.7	253	165.6	62.5	91.0
WP_006703925.1	gnl|META|POTB-MONOMER	1.4e-34	34.3	254	142.9	55.5	90.7
WP_006703925.1	gnl|META|POTH-MONOMER	5.0e-32	29.6	277	134.4	52.0	94.8
WP_006703926.1	gnl|META|POTA-MONOMER	4.8e-78	50.5	293	287.7	68.6	77.8
WP_006703927.1	gnl|META|EG10442-MONOMER	6.6e-04	35.8	53	40.4	62.3	29.4
WP_006703928.1	gnl|META|MONOMER-13042	1.9e-85	52.6	287	312.0	69.3	98.3
WP_006703930.1	gnl|META|MONOMER-20115	4.7e-08	22.6	252	54.7	43.7	95.7
WP_006703930.1	gnl|META|NIFHKLEB-MONOMER	1.8e-07	20.8	264	52.8	43.2	95.7
WP_006703930.1	gnl|META|MONOMER-19495	4.0e-07	23.4	261	51.6	46.0	95.7
WP_006703933.1	gnl|META|EG11404-MONOMER	2.9e-115	57.7	366	411.4	74.9	100.0
WP_006703936.1	gnl|META|AT1G67990-MONOMER	1.3e-23	26.3	224	106.3	50.9	94.0
WP_006703937.1	gnl|META|EG11266-MONOMER	8.5e-13	36.7	120	70.9	59.2	35.2
WP_006703937.1	gnl|META|MONOMER-17340	1.9e-12	24.6	321	69.7	46.7	89.1
WP_006703939.1	gnl|META|GALPMUT-MONOMER	3.1e-133	60.2	362	471.1	77.6	97.8
WP_006703941.1	gnl|META|PD00232	4.4e-08	22.5	209	55.1	46.9	66.1
WP_006703942.1	gnl|META|MONOMER-6122	7.3e-166	51.0	569	580.1	69.1	99.3
WP_006703944.1	gnl|META|NAD-SYNTH-MONOMER	3.1e-98	62.9	272	354.4	79.4	98.9
WP_006703945.1	gnl|META|MONOMER-13104	1.1e-70	56.2	233	262.7	72.5	99.1
WP_006703946.1	gnl|META|GPMA-MONOMER	7.4e-77	56.3	229	283.1	72.9	99.6
WP_006703946.1	gnl|META|YKL152C-MONOMER	3.8e-73	55.5	229	270.8	72.5	99.1
WP_006703946.1	gnl|META|HS09121-MONOMER	8.8e-70	54.5	220	259.6	70.0	94.8
WP_006703946.1	gnl|META|HS10286-MONOMER	7.4e-69	53.6	220	256.5	70.9	94.8
WP_006703949.1	gnl|META|MALX-MONOMER	1.1e-98	40.2	513	356.7	58.3	98.4
WP_006703950.1	gnl|META|MONOMER-19906	1.7e-03	25.3	154	39.7	45.5	54.3
WP_006703952.1	gnl|META|ZNUB-MONOMER	2.5e-15	26.3	247	79.0	50.6	89.1
WP_006703953.1	gnl|META|ZNUA-MONOMER	6.1e-05	20.3	251	44.7	38.2	74.2
WP_006703955.1	gnl|META|MONOMER-13093	5.8e-147	77.0	335	516.5	86.0	100.0
WP_006703956.1	gnl|META|MONOMER-13053	1.8e-155	68.6	404	545.0	81.9	100.0
WP_006703958.1	gnl|META|PGMI-MONOMER	4.8e-145	50.3	509	510.8	68.8	99.4
WP_006703959.1	gnl|META|MONOMER-13099	4.3e-211	83.6	432	729.9	91.4	100.0
WP_006703960.1	gnl|META|1-PFK-MONOMER	1.6e-37	32.2	307	152.9	55.4	98.1
WP_006703962.1	gnl|META|MONOMER-19823	4.9e-09	23.1	359	58.5	38.7	85.0
WP_006703964.1	gnl|META|MONOMER-502	1.0e-143	56.2	441	506.1	72.6	99.3
WP_006703967.1	gnl|META|BSU12290-MONOMER	1.1e-48	33.4	398	191.0	49.5	61.6
WP_006703968.1	gnl|META|MONOMER-13770	9.0e-44	30.8	315	173.7	59.0	96.3
WP_006703970.1	gnl|META|MONOMER-18021	3.1e-29	26.0	289	125.6	50.9	77.3
WP_006703971.1	gnl|META|MONOMER-13813	2.3e-07	24.3	317	52.8	45.7	95.0
WP_006703972.1	gnl|META|EG10891-MONOMER	9.3e-01	31.2	48	28.1	50.0	96.0
WP_006703975.1	gnl|META|EG11549-MONOMER	6.1e-98	45.8	406	354.0	66.0	98.5
WP_020991213.1	gnl|META|LIVK-MONOMER	2.4e-19	23.7	350	92.8	44.9	88.4
WP_020991213.1	gnl|META|LIVJ-MONOMER	3.5e-18	24.7	356	89.0	43.3	90.4
WP_020991214.1	gnl|META|LIVM-MONOMER	8.3e-26	38.3	222	114.0	52.7	58.3
WP_020991216.1	gnl|META|MONOMER-20145	1.1e-66	36.6	366	250.0	57.1	93.7
WP_020991216.1	gnl|META|MONOMER-20392	1.1e-61	38.2	372	233.4	53.5	95.0
WP_020991216.1	gnl|META|MONOMER-4142	1.9e-61	37.5	360	232.6	55.6	92.6
WP_020991217.1	gnl|META|UGPA-MONOMER	6.7e-22	27.8	263	100.9	48.7	87.1
WP_020991219.1	gnl|META|METQ-MONOMER	1.8e-40	35.4	271	162.5	54.2	95.0
WP_020991223.1	gnl|META|MONOMER-18062	4.4e-16	31.2	189	82.4	51.3	35.2
WP_020991226.1	gnl|META|MONOMER-17963	1.0e-07	38.6	88	55.1	59.1	12.4
WP_020991226.1	gnl|META|MONOMER-14389	1.3e-07	59.1	44	54.7	75.0	6.2
WP_020991226.1	gnl|META|MONOMER-16485	3.0e-07	32.0	100	53.5	50.0	12.7
WP_020991232.1	gnl|META|CELC-MONOMER	6.4e-07	27.0	100	49.7	61.0	93.5
WP_020991233.1	gnl|META|MONOMER-20601	7.4e-10	29.0	107	60.1	50.5	64.1
WP_020991234.1	gnl|META|MACB	4.2e-43	41.6	233	171.0	63.1	97.9
WP_020991239.1	gnl|META|EG10021-MONOMER	3.1e-43	28.8	375	172.2	46.9	97.4
WP_020991240.1	gnl|META|EG12207-MONOMER	8.8e-27	28.8	271	117.1	49.4	90.9
WP_020991242.1	gnl|META|KDGT-MONOMER	1.2e-34	33.5	254	143.3	57.5	79.6
WP_020991244.1	gnl|META|OPPA-MONOMER	1.9e-46	27.8	540	183.3	45.4	95.7
WP_020991244.1	gnl|META|G6665-MONOMER	9.3e-46	28.7	536	181.0	47.8	97.2
WP_020991248.1	gnl|META|EG11064-MONOMER	5.4e-148	39.6	757	521.2	59.6	98.8
WP_020991251.1	gnl|META|MONOMER-18021	2.7e-26	27.7	271	115.5	49.1	86.3
WP_020991254.1	gnl|META|MONOMER-18988	1.4e-64	57.0	221	242.3	73.3	98.7
WP_020991259.1	gnl|META|EG10613-MONOMER	7.4e-65	27.7	574	244.6	52.3	98.5
WP_020991263.1	gnl|META|EG10763-MONOMER	3.0e-05	23.4	209	46.2	39.7	41.7
WP_020991268.1	gnl|META|MONOMER-15463	1.5e-100	50.7	353	362.5	68.0	98.9
WP_020991269.1	gnl|META|MACB	2.5e-37	39.2	222	151.8	61.3	98.7
WP_020991272.1	gnl|META|EG11268-MONOMER	9.6e-67	41.9	298	250.0	61.7	93.7
WP_020991277.1	gnl|META|MONOMER-14178	6.6e-53	29.5	455	204.5	48.6	97.1
WP_020991277.1	gnl|META|SYNPCC7942_1198-MONOMER	1.1e-50	30.1	469	197.2	49.7	97.6
WP_020991277.1	gnl|META|E3-MONOMER	1.4e-50	29.9	465	196.8	48.2	98.2
WP_020991277.1	gnl|META|G18NG-11595-MONOMER	3.1e-50	30.4	467	195.7	50.3	99.1
WP_020991277.1	gnl|META|MONOMER-18551	8.4e-48	28.1	455	187.6	49.2	96.7
WP_020991277.1	gnl|META|MONOMER-585	5.4e-47	29.4	459	184.9	47.1	98.2
WP_020991280.1	gnl|META|YADQ-MONOMER	3.9e-41	29.8	420	165.6	52.6	79.0
WP_020991283.1	gnl|META|HS09822-MONOMER	1.4e-01	40.5	42	33.9	54.8	10.3
WP_020991283.1	gnl|META|MONOMER-12228	3.1e-01	57.1	21	32.7	90.5	5.2
WP_020991291.1	gnl|META|EG10529-MONOMER	1.6e-41	28.0	508	167.2	47.2	76.5
WP_020991295.1	gnl|META|G185E-5891-MONOMER	6.3e-23	34.9	166	103.6	53.6	92.2
WP_020991297.1	gnl|META|GLUTATHIONE-REDUCT-NADPH-MONOMER	3.5e-147	56.7	448	517.7	72.8	99.8
WP_020991301.1	gnl|META|GLYOXI-MONOMER	7.7e-20	38.9	126	92.8	61.1	98.4
WP_020991312.1	gnl|META|EG10344-MONOMER	1.2e-21	24.8	391	100.5	46.0	91.6
WP_020991316.1	gnl|META|MONOMER-15462	5.3e-61	47.4	268	231.5	64.6	56.0
WP_020991319.1	gnl|META|MONOMER-15456	3.1e-48	26.0	639	189.9	45.1	73.9
WP_020991321.1	gnl|META|MONOMER-14558	2.5e-149	67.9	390	524.6	80.5	98.7
WP_020991325.1	gnl|META|EG10625-MONOMER	2.0e-146	37.5	855	516.2	58.0	96.6
WP_020991326.1	gnl|META|EG11494-MONOMER	3.2e-24	27.8	320	109.0	51.6	82.1
WP_020991329.1	gnl|META|ENSG00000121579-MONOMER	2.0e-02	29.7	64	35.4	51.6	36.6
WP_020991329.1	gnl|META|YFL017C-MONOMER	7.8e-02	30.0	100	33.5	50.0	53.1
WP_020991340.1	gnl|META|BSU38300-MONOMER	1.3e-24	30.7	257	109.8	51.8	92.4
WP_020991342.1	gnl|META|EG10924-MONOMER	7.8e-08	30.3	119	54.7	52.9	27.6
WP_020991345.1	gnl|META|G6110-MONOMER	3.7e-04	35.9	64	40.4	57.8	62.7
WP_020991348.1	gnl|META|CPXR-MONOMER	3.2e-24	32.2	230	108.2	53.5	98.7
WP_020991349.1	gnl|META|ARCB-MONOMER	1.8e-05	20.6	218	46.6	39.4	60.1
WP_020991349.1	gnl|META|ATOS-MONOMER	2.6e-04	23.6	242	42.7	43.4	66.5
WP_020991352.1	gnl|META|MACB	3.7e-34	39.2	204	141.4	59.8	83.1
WP_020991352.1	gnl|META|ABC-MONOMER	5.3e-33	35.0	223	137.5	60.5	90.1
WP_020991352.1	gnl|META|GLNQ-MONOMER	2.5e-30	34.6	243	128.6	53.5	95.9
WP_020991356.1	gnl|META|MONOMER-18402	5.9e-41	39.3	206	164.1	63.1	75.5
WP_020991357.1	gnl|META|SGAT-MONOMER	5.9e-79	38.4	469	291.2	59.9	94.0
WP_020991362.1	gnl|META|EG10850-MONOMER	1.2e-03	34.6	78	39.3	51.3	53.1
WP_020991363.1	gnl|META|EG10529-MONOMER	6.6e-16	28.3	230	82.4	47.4	26.3
WP_020991367.1	gnl|META|MONOMER-20029	8.5e-69	40.4	337	256.9	61.1	98.0
WP_020991368.1	gnl|META|MONOMER-15473	4.6e-52	32.9	423	201.8	53.4	86.8
WP_020991372.1	gnl|META|G1G01-5484-MONOMER	7.5e-78	33.3	621	288.1	53.6	80.5
WP_020991372.1	gnl|META|YHHO-MONOMER	1.6e-72	33.9	555	270.4	56.8	72.7
WP_020991376.1	gnl|META|EG11058-MONOMER	4.7e-65	54.0	215	243.8	68.8	98.2
WP_020991378.1	gnl|META|MONOMER-5063	9.7e-25	29.8	228	110.2	50.4	86.9
WP_020991378.1	gnl|META|HS06822-MONOMER	6.9e-23	31.8	214	104.0	46.3	79.2
WP_020991378.1	gnl|META|EG10983-MONOMER	1.0e-21	31.6	212	100.1	48.1	78.8
WP_020991379.1	gnl|META|YEEO-MONOMER	5.2e-29	24.1	435	125.2	48.3	93.2
WP_020991383.1	gnl|META|GLUC1PADENYLTRANS-MONOMER	1.1e-69	43.4	325	260.0	61.5	77.4
WP_020991384.1	gnl|META|GLYCOGEN-BRANCH-MONOMER	8.2e-155	42.9	620	543.5	61.5	99.0
WP_020991384.1	gnl|META|G185E-5505-MONOMER	2.9e-152	43.6	590	535.0	62.4	93.7
WP_020991385.1	gnl|META|GLYCOPHOSPHORYL-MONOMER	3.5e-190	44.4	783	661.4	65.1	97.0
WP_020991385.1	gnl|META|HS00949-MONOMER	5.6e-180	41.4	809	627.5	61.6	99.1
WP_020991385.1	gnl|META|HS02178-MONOMER	7.3e-180	42.7	787	627.1	62.4	96.6
WP_020991385.1	gnl|META|MONOMER-17099	1.2e-177	42.2	811	619.8	62.1	99.1
WP_020991385.1	gnl|META|HS02099-MONOMER	1.1e-175	41.8	789	613.2	60.5	96.6
WP_020991385.1	gnl|META|MALDEXPHOSPHORYL-MONOMER	1.5e-172	41.0	804	602.8	61.9	99.6
WP_020991386.1	gnl|META|AT5G24300-MONOMER	8.4e-75	34.1	502	277.3	53.0	98.9
WP_020991386.1	gnl|META|GLYCOGENSYN-MONOMER	2.5e-71	33.9	489	265.8	53.4	99.2
WP_020991389.1	gnl|META|MONOMER-6081	1.1e-113	62.3	316	406.0	77.2	98.1
WP_020991392.1	gnl|META|MONOMER-15494	6.9e-32	36.5	181	134.8	60.2	36.0
WP_020991393.1	gnl|META|ARSA-MONOMER	6.1e-02	33.3	90	34.7	50.0	28.0
WP_020991395.1	gnl|META|EG10900-MONOMER	8.6e-49	34.8	348	190.7	57.5	86.4
WP_020991397.1	gnl|META|ATPD-MONOMER	7.4e-06	22.9	280	48.1	38.6	64.1
WP_020991398.1	gnl|META|DPPA-MONOMER	9.0e-18	23.7	489	88.2	40.1	79.5
WP_020991399.1	gnl|META|DPPA-MONOMER	5.0e-16	24.0	596	82.4	38.8	95.5
WP_020991401.1	gnl|META|YJFT-MONOMER	1.4e-02	35.1	37	35.0	64.9	39.8
WP_020991402.1	gnl|META|BSU11670-MONOMER	1.0e-14	23.8	353	77.4	40.8	92.8
WP_020991403.1	gnl|META|MONOMER-12229	5.9e-01	34.0	53	31.6	64.2	14.8
WP_020991404.1	gnl|META|RBSA-MONOMER	8.1e-121	48.0	494	430.3	66.2	99.0
WP_020991404.1	gnl|META|MGLA-MONOMER	1.2e-119	44.8	498	426.4	68.5	99.4
WP_020991407.1	gnl|META|MONOMER-19972	4.2e-08	40.8	71	53.1	64.8	89.7
WP_020991407.1	gnl|META|BSU38520-MONOMER	4.2e-08	40.8	71	53.1	64.8	89.7
WP_020991411.1	gnl|META|ARCB-MONOMER	1.4e-07	28.7	129	53.5	55.0	35.1
WP_020991412.1	gnl|META|CPDB-MONOMER	3.1e-54	27.9	545	209.1	47.2	91.1
WP_020991413.1	gnl|META|FCL-MONOMER	5.5e-01	27.5	51	31.2	52.9	20.6
WP_020991413.1	gnl|META|HS01140-MONOMER	7.2e-01	39.4	33	30.8	69.7	13.3
WP_020991418.1	gnl|META|EG10997-MONOMER	1.8e-66	34.1	464	249.6	56.2	98.9
WP_020991426.1	gnl|META|EG10523-MONOMER	5.1e-30	30.3	271	127.9	49.4	92.2
WP_020991428.1	gnl|META|MONOMER-15473	1.9e-23	25.5	353	106.7	48.4	73.1
WP_020991428.1	gnl|META|EG10203-MONOMER	6.2e-22	25.9	363	101.7	47.1	76.7
WP_020991429.1	gnl|META|MONOMER-20307	6.0e-81	41.8	466	297.7	55.6	98.3
WP_020991432.1	gnl|META|MONOMER-2744	1.3e-111	61.4	321	399.1	76.6	96.1
WP_020991439.1	gnl|META|G6475-MONOMER	3.9e-01	40.0	40	33.1	67.5	6.0
WP_020991439.1	gnl|META|G7413-MONOMER	8.6e-01	29.1	55	32.0	52.7	8.1
WP_020991443.1	gnl|META|EG50001-MONOMER	1.0e-17	44.7	103	85.5	64.1	100.0
WP_020991446.1	gnl|META|METI-MONOMER	4.4e-32	47.9	144	134.4	73.6	60.8
WP_020991447.1	gnl|META|MONOMER-15937	6.9e-01	31.6	79	30.8	49.4	32.6
WP_020991449.1	gnl|META|METI-MONOMER	6.0e-31	48.6	144	130.6	70.8	64.0
WP_020991450.1	gnl|META|EG11884-MONOMER	2.6e-55	55.7	194	211.8	67.5	67.5
WP_020991453.1	gnl|META|EG12394-MONOMER	1.6e-28	48.0	123	123.2	64.2	33.2
WP_039849279.1	gnl|META|EG10909-MONOMER	5.5e-32	62.7	102	132.9	81.4	100.0
WP_040507374.1	gnl|META|NARL-MONOMER	5.8e-23	26.8	213	104.0	51.2	98.6
WP_040507379.1	gnl|META|YER091C-MONOMER	5.4e-185	46.0	767	644.0	63.2	99.9
WP_040507379.1	gnl|META|AT3G03780-MONOMER	1.8e-180	45.7	766	629.0	62.5	100.0
WP_040507379.1	gnl|META|HOMOCYSMET-MONOMER	5.2e-180	46.1	752	627.5	61.7	98.9
WP_040507379.1	gnl|META|MONOMER-14559	5.6e-174	45.3	761	607.4	62.8	99.6
WP_040507401.1	gnl|META|ZNUC-MONOMER	1.4e-28	36.4	220	122.9	55.0	89.3
WP_040507401.1	gnl|META|FECE-MONOMER	4.4e-27	32.4	241	117.9	50.6	96.3
WP_040507405.1	gnl|META|MONOMER-13051	5.1e-95	67.3	248	343.6	80.2	98.4
WP_040507405.1	gnl|META|MONOMER-13055	2.9e-90	65.1	252	327.8	78.6	100.0
WP_040507448.1	gnl|META|EG10746-MONOMER	1.9e-152	37.6	935	536.2	57.0	99.3
WP_040507451.1	gnl|META|GLUTSEMIALDEHYDROG-MONOMER	2.4e-89	43.4	399	325.5	64.7	94.9
WP_040507462.1	gnl|META|TRKH-MONOMER	3.3e-66	34.6	483	248.8	56.5	96.9
WP_040507462.1	gnl|META|TRKG-MONOMER	9.3e-61	33.7	478	230.7	53.6	96.5
WP_040507478.1	gnl|META|G6906-MONOMER	1.8e-105	46.6	397	379.0	64.5	96.4
WP_040507500.1	gnl|META|GLYQ-MONOMER	2.8e-105	62.5	291	377.9	75.9	97.3
WP_040507591.1	gnl|META|MONOMER-13562	3.4e-62	37.9	330	235.0	58.2	98.2
WP_040507601.1	gnl|META|URAA-MONOMER	2.4e-76	39.1	414	282.3	58.5	95.6
WP_040507612.1	gnl|META|HYPOXANPRIBOSYLTRAN-MONOMER	1.4e-38	44.4	169	155.6	69.2	92.8
WP_040507612.1	gnl|META|AT1G71750-MONOMER	5.5e-35	40.0	185	143.7	63.2	98.3
WP_040507622.1	gnl|META|G12WB-159-MONOMER	4.4e-71	50.7	282	264.2	67.7	97.9
WP_040507629.1	gnl|META|EG10879-MONOMER	4.9e-11	38.5	117	63.5	49.6	93.4
WP_040507693.1	gnl|META|EG11665-MONOMER	7.0e-42	40.0	270	167.2	57.8	96.3
WP_040507730.1	gnl|META|GATA-MONOMER	1.8e-13	34.2	117	72.0	53.8	74.5
WP_040507811.1	gnl|META|PHES-MONOMER	4.7e-83	45.3	329	304.3	65.7	95.6
WP_040507819.1	gnl|META|EG12098-MONOMER	7.3e-34	33.0	270	140.6	50.4	90.8
WP_040507819.1	gnl|META|EG11118-MONOMER	2.8e-33	34.3	297	138.7	51.5	97.9
WP_040507840.1	gnl|META|MONOMER-20013	3.2e-25	32.4	222	112.1	53.2	66.8
WP_040507852.1	gnl|META|MONOMER-15449	3.2e-57	45.8	238	218.0	63.0	93.7
WP_040507852.1	gnl|META|MONOMER-14834	6.1e-56	45.4	238	213.8	61.8	93.7
WP_040507852.1	gnl|META|UPPSYN-MONOMER	1.8e-55	44.8	230	212.2	64.3	90.6
WP_040507852.1	gnl|META|MONOMER-15682	4.0e-55	45.8	238	211.1	61.3	93.7
WP_040507852.1	gnl|META|G185E-6587-MONOMER	7.5e-54	46.3	231	206.8	61.0	90.9
WP_040507875.1	gnl|META|MONOMER-20451	2.5e-04	25.2	123	43.1	50.4	27.1
WP_040507901.1	gnl|META|ASNS-MONOMER	6.3e-69	34.4	456	257.7	54.2	97.9
WP_040507926.1	gnl|META|CPXR-MONOMER	1.2e-34	36.1	227	142.9	60.8	97.8
WP_040507937.1	gnl|META|HS09452-MONOMER	1.6e-32	46.5	172	135.6	57.6	86.2
WP_040507957.1	gnl|META|EG11372-MONOMER	1.8e-35	48.4	159	145.2	65.4	94.6
WP_040507981.1	gnl|META|EG10668-MONOMER	5.0e-24	48.2	112	107.1	65.2	69.8
WP_051349233.1	gnl|META|MONOMER-4801	9.3e-41	35.2	315	164.1	51.4	67.5
WP_051349236.1	gnl|META|MONOMER-20127	3.1e-59	38.1	365	225.3	56.7	93.8
WP_051349245.1	gnl|META|AT5G27450-MONOMER	1.3e-04	22.4	397	43.9	37.0	90.9
WP_051349252.1	gnl|META|EG10530-MONOMER	2.6e-06	30.4	112	48.5	45.5	47.4
WP_051349252.1	gnl|META|EG10530-MONOMER	1.1e-04	51.3	39	43.1	66.7	20.1
WP_084443461.1	gnl|META|MONOMER-17907	2.0e-10	29.9	234	62.8	44.0	77.5
WP_084443463.1	gnl|META|G7247-MONOMER	1.1e-06	30.5	105	49.3	51.4	73.9
WP_084443489.1	gnl|META|EG12115-MONOMER	1.8e-28	30.4	230	122.5	51.3	93.9
WP_084443494.1	gnl|META|CYDC-MONOMER	1.8e-20	26.3	433	97.1	46.7	75.2
WP_084443496.1	gnl|META|BSU02750-MONOMER	1.7e-20	23.5	204	96.3	53.9	65.5
WP_084443504.1	gnl|META|YLIB-MONOMER	1.0e-22	24.6	378	104.4	44.4	70.3
WP_084443504.1	gnl|META|NIKA-MONOMER	3.3e-21	25.4	378	99.4	42.6	69.9
WP_084443516.1	gnl|META|HS06050-MONOMER	2.3e-01	38.7	31	34.3	64.5	3.5
WP_084443523.1	gnl|META|MACB	4.2e-30	27.0	411	128.6	47.4	98.8
WP_084443527.1	gnl|META|PANTOTHENATE-KIN-MONOMER	6.8e-68	42.4	316	253.8	64.2	96.3
WP_084443534.1	gnl|META|EG11433-MONOMER	4.3e-37	48.5	163	150.6	61.3	92.5
WP_100198821.1	gnl|META|G6859-MONOMER	2.1e-03	29.1	86	39.7	54.7	25.1
WP_156902297.1	gnl|META|BAES-MONOMER	9.0e-25	26.2	282	110.9	48.9	68.7
WP_156902300.1	gnl|META|MONOMER-15452	3.5e-43	28.6	423	172.2	47.8	94.3
WP_156902302.1	gnl|META|EG12354-MONOMER	1.2e-04	34.0	97	43.9	49.5	19.7
WP_156902304.1	gnl|META|EG10763-MONOMER	3.7e-107	36.3	614	385.6	55.7	76.2
WP_156902310.1	gnl|META|MONOMER-15490	2.9e-26	28.9	270	115.9	50.7	64.4
WP_156902311.1	gnl|META|MONOMER-14996	8.2e-01	37.2	43	30.0	55.8	24.7
WP_156902312.1	gnl|META|NIKB-MONOMER	3.2e-36	32.0	303	148.7	53.5	91.3
WP_156902312.1	gnl|META|YLIC-MONOMER	2.7e-35	32.0	294	145.6	55.1	88.6
WP_156902316.1	gnl|META|EG10240-MONOMER	3.2e-72	48.2	392	268.5	63.0	99.2
WP_156902321.1	gnl|META|BSU35650-MONOMER	1.0e-61	42.1	278	233.8	66.2	60.1
WP_156902321.1	gnl|META|MONOMER-19997	1.9e-60	41.0	278	229.6	66.2	60.1
WP_156902321.1	gnl|META|MONOMER-19994	2.2e-56	36.9	301	216.1	63.5	64.1
WP_156902322.1	gnl|META|MONOMER-20010	3.0e-65	55.8	224	244.6	74.6	95.3
WP_156902324.1	gnl|META|MONOMER-5981	1.8e-22	29.5	261	102.8	47.9	81.2
WP_156902324.1	gnl|META|MONOMER-6111	1.4e-19	25.9	316	93.2	44.3	97.3
WP_156902325.1	gnl|META|YGFU-MONOMER	1.2e-59	34.7	412	226.9	54.1	96.4
WP_156902329.1	gnl|META|RPOB-MONOMER	1.6e-313	44.6	1349	1071.6	60.2	93.2
WP_156902330.1	gnl|META|ZNUB-MONOMER	6.0e-14	24.8	250	74.3	50.4	94.3
WP_156902337.1	gnl|META|MONOMER-16693	5.9e-11	32.8	119	64.3	54.6	45.2
WP_156902343.1	gnl|META|POTD-MONOMER	3.5e-70	41.2	330	261.5	59.4	93.2
