WP_004308094.1	gnl|META|MONOMER-17156	2.1e-86	34.5	621	316.2	54.8	99.3
WP_004327494.1	gnl|META|AT2G02500-MONOMER	1.4e-27	33.2	226	119.4	53.5	95.7
WP_004327496.1	gnl|META|EG10013-MONOMER	2.0e-38	30.6	360	156.4	46.9	81.5
WP_004327498.1	gnl|META|TETRAACYLDISACC4KIN-MONOMER	1.4e-26	27.0	337	116.7	46.0	96.5
WP_004327499.1	gnl|META|HS02151-MONOMER	6.2e-67	50.2	267	250.4	64.4	95.9
WP_004327500.1	gnl|META|EG10976-MONOMER	4.4e-28	50.0	116	120.6	66.4	72.5
WP_004327503.1	gnl|META|MONOMER-13489	4.4e-11	30.5	223	64.7	44.8	89.7
WP_004327503.1	gnl|META|MONOMER-13404	6.3e-10	26.2	229	60.8	43.7	87.2
WP_004327506.1	gnl|META|YHR144C-MONOMER	2.2e-18	35.5	141	88.2	51.1	91.0
WP_004327508.1	gnl|META|EG11902-MONOMER	1.5e-03	23.2	272	40.0	43.4	82.2
WP_004327512.1	gnl|META|G6905-MONOMER	1.9e-19	37.9	132	91.7	59.8	94.2
WP_004327517.1	gnl|META|MONOMER-11959	6.9e-26	32.5	274	114.0	50.0	92.2
WP_004327518.1	gnl|META|RIB5PISOMB-MONOMER	7.8e-27	40.7	140	116.3	60.7	93.3
WP_004327525.1	gnl|META|EG10529-MONOMER	1.3e-48	29.4	564	190.7	48.0	86.7
WP_004327529.1	gnl|META|HDRDMBARK-MONOMER	2.0e-02	52.2	23	36.2	73.9	8.0
WP_004327529.1	gnl|META|EG11261-MONOMER	4.4e-02	25.7	152	35.0	41.4	53.0
WP_004327531.1	gnl|META|EG10924-MONOMER	2.0e-107	60.9	312	385.2	77.2	92.3
WP_004327536.1	gnl|META|MONOMER-14608	4.3e-33	37.3	193	137.5	58.0	97.5
WP_004327537.1	gnl|META|PHOR-MONOMER	1.5e-36	33.9	236	149.8	55.5	67.6
WP_004327538.1	gnl|META|EG12128-MONOMER	9.8e-29	29.9	284	123.6	47.2	87.0
WP_004327541.1	gnl|META|G7564-MONOMER	1.3e-110	53.2	387	396.0	68.0	100.0
WP_004327542.1	gnl|META|EG11062-MONOMER	6.8e-195	53.4	674	676.8	69.6	98.7
WP_004327544.1	gnl|META|EG10239-MONOMER	3.4e-66	33.4	470	249.2	51.9	70.2
WP_004327551.1	gnl|META|G7845-MONOMER	2.3e-36	35.2	244	148.7	56.6	97.5
WP_004327553.1	gnl|META|MONOMER-17076	2.2e-54	27.8	543	209.9	45.7	80.4
WP_004327561.1	gnl|META|MONOMER-19002	2.5e-35	30.1	312	146.0	46.8	73.9
WP_004327562.1	gnl|META|MALONYL-COA-ACP-TRANSACYL-MONOMER	3.2e-56	45.1	284	214.9	59.5	94.9
WP_004327563.1	gnl|META|MONOMER-17536	1.2e-64	59.0	188	243.4	72.3	44.3
WP_004327563.1	gnl|META|SUPEROX-DISMUTFE-MONOMER	1.4e-60	53.9	191	229.9	71.2	45.0
WP_004327566.1	gnl|META|CORA-MONOMER	1.8e-10	38.3	81	63.2	58.0	23.9
WP_004327588.1	gnl|META|BETAGALACTOSID-MONOMER	1.0e-26	24.7	376	117.5	41.8	80.6
WP_004327590.1	gnl|META|MONOMER-18878	4.4e-01	34.5	55	30.4	56.4	47.4
WP_004327592.1	gnl|META|NARL-MONOMER	2.4e-04	24.2	161	42.4	45.3	57.5
WP_004327593.1	gnl|META|G7243-MONOMER	9.4e-15	26.0	200	77.4	48.5	54.0
WP_004327595.1	gnl|META|AT5G27600-MONOMER	3.3e-41	27.3	611	166.0	41.6	98.1
WP_004327595.1	gnl|META|HS05377-MONOMER	8.9e-39	27.0	448	157.9	48.0	74.6
WP_004327595.1	gnl|META|HS01349-MONOMER	2.2e-37	26.2	538	153.3	45.4	86.2
WP_004327595.1	gnl|META|AT3G05970-MONOMER	1.1e-36	28.2	528	151.0	41.7	86.4
WP_004327603.1	gnl|META|MONOMER-14087	2.2e-30	39.1	207	128.6	54.6	91.3
WP_004327606.1	gnl|META|G6364-MONOMER	8.1e-83	38.8	441	303.9	57.8	94.8
WP_004327607.1	gnl|META|EG10210-MONOMER	3.7e-62	35.2	352	235.3	58.5	73.9
WP_004327607.1	gnl|META|EG10844-MONOMER	2.0e-55	33.2	374	213.0	55.3	77.1
WP_004327608.1	gnl|META|MONOMER66-341	9.0e-136	48.2	488	479.9	65.4	97.2
WP_004327637.1	gnl|META|ENSG00000170275-MONOMER	8.4e-03	25.4	118	36.2	47.5	96.7
WP_004327644.1	gnl|META|MONOMER-18568	1.2e-01	32.5	40	32.3	62.5	33.1
WP_004327646.1	gnl|META|EG10211-MONOMER	1.0e-07	28.6	199	53.9	38.7	49.8
WP_004327698.1	gnl|META|MONOMER-16433	6.1e-01	32.7	55	32.0	49.1	11.0
WP_004327701.1	gnl|META|G7319-MONOMER	5.0e-82	38.1	459	301.2	58.4	99.3
WP_004327706.1	gnl|META|G7921-MONOMER	2.8e-01	35.7	42	32.0	57.1	18.8
WP_004327708.1	gnl|META|EG10695-MONOMER	3.2e-130	48.2	483	461.5	64.6	99.2
WP_004327709.1	gnl|META|MONOMER-20007	3.7e-21	25.2	313	98.6	41.2	94.8
WP_004327712.1	gnl|META|EG11404-MONOMER	2.9e-107	54.4	366	384.8	70.8	100.0
WP_004327715.1	gnl|META|MONOMER-13959	8.1e-92	36.1	509	334.0	56.6	98.4
WP_004327716.1	gnl|META|HS07125-MONOMER	3.8e-56	38.7	318	214.9	54.7	90.6
WP_004327716.1	gnl|META|MONOMER-6082	3.5e-54	33.2	352	208.4	52.6	97.2
WP_004327718.1	gnl|META|PNUC-MONOMER	7.5e-14	27.9	208	73.6	45.2	95.3
WP_004327721.1	gnl|META|G7641-MONOMER	3.4e-53	48.6	222	204.5	65.3	92.8
WP_004327724.1	gnl|META|G185E-7539-MONOMER	1.7e-21	28.6	255	99.8	43.9	71.2
WP_004327725.1	gnl|META|G185E-6255-MONOMER	1.1e-54	46.4	224	209.5	61.6	93.7
WP_004327726.1	gnl|META|N-ACETYLTRANSFER-MONOMER	5.0e-05	24.0	121	43.9	50.4	79.1
WP_004327729.1	gnl|META|EG10967-MONOMER	8.7e-09	29.9	147	56.6	42.9	80.9
WP_004327729.1	gnl|META|G7845-MONOMER	1.6e-07	30.1	146	52.4	46.6	81.5
WP_004327730.1	gnl|META|AT2G46110-MONOMER	1.2e-57	44.5	265	219.5	65.7	95.6
WP_004327736.1	gnl|META|IMP-DEHYDROG-MONOMER	2.1e-137	52.6	483	485.3	68.5	98.0
WP_004327738.1	gnl|META|GMP-SYN-MONOMER	1.2e-162	54.5	521	569.3	70.8	99.8
WP_004327738.1	gnl|META|YMR217W-MONOMER	4.5e-151	51.8	519	530.8	69.9	100.0
WP_004327739.1	gnl|META|MONOMER-5946	1.3e-135	42.5	567	479.6	60.5	97.9
WP_004327739.1	gnl|META|TRE6PHYDRO-MONOMER	2.6e-123	39.4	551	438.7	59.5	96.7
WP_004327741.1	gnl|META|MONOMER-17319	4.2e-77	41.2	393	284.6	58.8	99.2
WP_004327742.1	gnl|META|MONOMER-18558	8.6e-37	44.1	188	149.8	63.3	92.1
WP_004327742.1	gnl|META|MONOMER-20010	4.4e-33	40.0	195	137.5	62.6	93.6
WP_004327743.1	gnl|META|MONOMER-18742	5.6e-23	29.6	274	104.4	47.8	98.2
WP_004327745.1	gnl|META|MONOMER-17333	5.5e-34	29.3	362	141.4	48.6	97.5
WP_004327746.1	gnl|META|MONOMER-15464	3.7e-01	42.1	38	32.3	60.5	10.3
WP_004327746.1	gnl|META|MONOMER-15478	4.8e-01	42.1	38	32.0	63.2	10.3
WP_004327746.1	gnl|META|MONOMER-15466	8.2e-01	42.1	38	31.2	57.9	10.3
WP_004327747.1	gnl|META|G1G01-1499-MONOMER	5.1e-01	31.4	70	31.6	44.3	22.4
WP_004327749.1	gnl|META|MONOMER-16979	8.8e-27	30.4	247	117.5	47.0	63.4
WP_004327754.1	gnl|META|MONOMER-13570	2.0e-12	23.5	281	69.3	43.4	98.9
WP_004327757.1	gnl|META|MONOMER-19023	8.3e-02	33.3	48	32.3	54.2	57.1
WP_004327759.1	gnl|META|MONOMER-18144	1.5e-94	51.0	355	342.4	67.3	96.8
WP_004327760.1	gnl|META|BSU35580-MONOMER	4.0e-116	48.4	434	414.5	68.4	99.5
WP_004327762.1	gnl|META|MONOMER-18133	2.2e-112	57.4	352	401.7	68.8	95.7
WP_004327762.1	gnl|META|DTDPGLUCDEHYDRAT-MONOMER	8.3e-112	55.0	360	399.8	68.3	98.9
WP_004327762.1	gnl|META|DTDPGLUCDEHYDRAT2-MONOMER	2.7e-110	55.6	347	394.8	68.6	96.6
WP_004327762.1	gnl|META|MONOMER-17002	1.7e-101	53.3	336	365.5	68.5	93.2
WP_004327764.1	gnl|META|MONOMER-17551	7.9e-52	40.6	288	200.3	55.9	96.2
WP_004327764.1	gnl|META|MONOMER-18135	6.2e-49	38.0	287	190.7	57.1	97.2
WP_004327766.1	gnl|META|DTDPDEHYDRHAMEPIM-MONOMER	3.4e-51	57.1	182	197.6	70.3	95.3
WP_004327768.1	gnl|META|DTDPGLUCOSEPP2-MONOMER	4.1e-112	65.1	295	400.6	79.7	99.3
WP_004327768.1	gnl|META|MONOMER-18132	1.2e-111	67.5	286	399.1	80.4	96.3
WP_004327768.1	gnl|META|MONOMER-17004	1.0e-110	64.3	291	396.0	80.8	98.0
WP_004327768.1	gnl|META|DTDPGLUCOSEPP-MONOMER	1.1e-109	65.2	287	392.5	79.1	96.6
WP_004327768.1	gnl|META|MONOMER-17548	2.9e-105	63.5	288	377.9	79.2	97.0
WP_004327768.1	gnl|META|MONOMER-17088	1.9e-104	62.8	288	375.2	78.1	97.0
WP_004327769.1	gnl|META|MONOMER-17336	4.6e-84	36.3	551	308.5	55.2	84.0
WP_004327769.1	gnl|META|MONOMER-18152	3.9e-83	35.7	627	305.4	52.5	93.3
WP_004327772.1	gnl|META|PSTC-MONOMER	4.6e-05	30.9	139	46.2	46.8	17.7
WP_004327775.1	gnl|META|POTA-MONOMER	6.3e-13	26.6	229	70.9	45.4	91.2
WP_004327775.1	gnl|META|MALK-MONOMER	4.1e-12	29.0	214	68.2	50.9	85.2
WP_004327775.1	gnl|META|EG12347-MONOMER	4.1e-12	28.7	230	68.2	45.7	90.8
WP_004327775.1	gnl|META|LIVG-MONOMER	7.0e-12	23.9	234	67.4	48.7	91.2
WP_004327775.1	gnl|META|CYSA-MONOMER	5.9e-11	25.3	225	64.3	45.8	89.2
WP_004327777.1	gnl|META|G6906-MONOMER	2.8e-111	49.9	405	398.3	64.7	99.8
WP_004327778.1	gnl|META|G185E-7521-MONOMER	1.1e-19	34.2	190	93.2	47.9	84.4
WP_004327784.1	gnl|META|CHORISMUTPREPHENDEHYDROG-MONOMER	8.2e-08	21.0	262	53.9	43.5	98.1
WP_004327785.1	gnl|META|CHORISMUTPREPHENDEHYDROG-MONOMER	6.6e-08	35.9	78	54.7	60.3	22.0
WP_004327786.1	gnl|META|MONOMER-19128	1.2e-69	34.8	394	260.0	51.8	92.9
WP_004327786.1	gnl|META|G7242-MONOMER	5.2e-68	32.9	386	254.6	54.9	91.0
WP_004327786.1	gnl|META|BSU13580-MONOMER	2.9e-63	34.7	389	238.8	50.6	91.5
WP_004327790.1	gnl|META|AROC-MONOMER	4.3e-65	41.1	350	244.6	58.0	99.7
WP_004327792.1	gnl|META|G7698-MONOMER	2.8e-11	26.5	136	65.1	47.1	66.0
WP_004327794.1	gnl|META|G7167-MONOMER	1.1e-38	31.5	317	156.8	50.8	97.2
WP_004327802.1	gnl|META|AT3G02090-MONOMER	9.3e-17	28.3	226	85.5	42.5	23.9
WP_004327807.1	gnl|META|MONOMER-13531	4.8e-10	26.4	216	61.2	40.7	80.1
WP_004327807.1	gnl|META|AT3G25110-MONOMER	4.1e-09	26.2	206	58.2	42.2	76.3
WP_004327808.1	gnl|META|EG10113-MONOMER	3.5e-10	30.4	148	61.2	46.6	85.1
WP_004327809.1	gnl|META|DSBD-MONOMER	1.8e-19	25.1	501	94.0	39.1	74.1
WP_004327810.1	gnl|META|G185E-5382-MONOMER	1.5e-05	25.3	198	47.0	44.4	48.9
WP_004327810.1	gnl|META|SYNPCC7942_0579-MONOMER	5.6e-05	31.0	100	45.1	50.0	25.9
WP_004327813.1	gnl|META|EG10270-MONOMER	1.1e-51	36.3	292	199.9	60.6	97.6
WP_004327815.1	gnl|META|MONOMER-14956	7.5e-01	28.9	90	31.6	51.1	20.3
WP_004327821.1	gnl|META|MONOMER-15928	8.2e-14	42.7	96	72.8	59.4	77.4
WP_004327825.1	gnl|META|MONOMER-16897	6.6e-01	37.5	32	29.3	65.6	40.5
WP_004327835.1	gnl|META|BAIDEL6EUBSP-MONOMER	2.0e-43	31.8	409	172.9	47.9	94.6
WP_004327837.1	gnl|META|STM2050-MONOMER	5.2e-25	42.0	169	110.5	53.8	91.8
WP_004327841.1	gnl|META|MONOMER-17712	2.9e-03	22.2	261	40.0	34.1	36.1
WP_004327842.1	gnl|META|MONOMER-16693	1.9e-09	32.8	119	59.3	48.7	43.6
WP_004327845.1	gnl|META|G6103-MONOMER	3.9e-55	45.8	253	211.1	58.9	98.8
WP_004327850.1	gnl|META|MONOMER-18928	3.2e-10	29.7	182	62.4	44.0	50.3
WP_004327850.1	gnl|META|MONOMER-15350	4.6e-09	29.0	131	58.5	46.6	36.3
WP_004327853.1	gnl|META|EG11850-MONOMER	5.1e-16	25.0	180	80.9	49.4	85.7
WP_004327855.1	gnl|META|MONOMER-13148	1.3e-19	30.7	199	93.2	50.3	73.7
WP_004327855.1	gnl|META|MONOMER-19484	1.8e-18	31.1	196	89.4	51.0	71.5
WP_004327855.1	gnl|META|HS05461-MONOMER	4.5e-17	29.9	197	84.7	48.7	71.9
WP_004327856.1	gnl|META|MONOMER-20252	5.5e-67	37.7	377	251.1	56.0	92.2
WP_004327857.1	gnl|META|HS07261-MONOMER	4.2e-41	42.8	215	164.5	62.3	83.8
WP_004327857.1	gnl|META|HS00619-MONOMER	1.8e-36	39.0	246	149.1	56.1	96.0
WP_004327858.1	gnl|META|MONOMER-15560	2.1e-110	44.3	442	395.6	65.4	93.8
WP_004327858.1	gnl|META|GLUTDECARBOXB-MONOMER	1.3e-107	44.0	459	386.3	61.4	94.5
WP_004327858.1	gnl|META|GLUTDECARBOXA-MONOMER	1.3e-107	44.2	459	386.3	61.2	94.5
WP_004327866.1	gnl|META|G6577-MONOMER	2.4e-35	42.4	191	145.2	59.2	77.9
WP_004327869.1	gnl|META|EG11445-MONOMER	5.0e-75	45.5	292	277.7	67.5	78.7
WP_004327876.1	gnl|META|MONOMER-13731	2.7e-26	39.4	137	114.4	64.2	97.1
WP_004327878.1	gnl|META|MONOMER-13590	7.3e-189	64.3	513	656.4	77.8	98.7
WP_004327878.1	gnl|META|ENSG00000114054-MONOMER	1.8e-171	60.5	516	598.6	73.6	98.7
WP_004327878.1	gnl|META|MONOMER-8607	7.6e-170	59.5	516	593.2	74.0	98.7
WP_004327880.1	gnl|META|ENSG00000175198-MONOMER	2.7e-14	52.2	67	74.7	76.1	43.5
WP_004327880.1	gnl|META|MONOMER-8606	2.5e-12	49.3	67	68.2	73.1	43.5
WP_004327884.1	gnl|META|EG10874-MONOMER	8.7e-42	56.7	141	166.0	73.0	93.4
WP_004327885.1	gnl|META|EG10908-MONOMER	4.2e-29	54.5	121	123.6	67.8	94.5
WP_004327886.1	gnl|META|EG10901-MONOMER	1.7e-54	45.5	224	209.1	63.4	79.2
WP_004327891.1	gnl|META|EG10613-MONOMER	3.9e-34	29.0	472	142.5	46.2	80.7
WP_004327892.1	gnl|META|EG10824-MONOMER	1.5e-15	21.9	924	81.6	37.8	81.2
WP_004327898.1	gnl|META|EG10013-MONOMER	1.0e-20	44.3	106	97.1	58.5	33.7
WP_004327904.1	gnl|META|MONOMER-3821	1.0e-52	39.9	308	203.4	57.1	98.4
WP_004327909.1	gnl|META|MONOMER-16197	1.9e-76	34.8	448	282.7	55.1	99.1
WP_004327910.1	gnl|META|MONOMER-16198	3.2e-74	41.2	410	275.0	53.7	98.1
WP_004327911.1	gnl|META|MONOMER-16199	7.5e-24	32.6	224	107.5	52.7	66.1
WP_004327912.1	gnl|META|MONOMER-16200	4.6e-52	52.4	208	200.7	69.2	95.4
WP_004327913.1	gnl|META|MONOMER-16201	3.0e-50	52.8	199	194.5	67.3	98.5
WP_004327914.1	gnl|META|MONOMER-16202	6.2e-122	53.5	417	433.7	70.0	99.0
WP_004327918.1	gnl|META|YHR137W-MONOMER	3.3e-01	31.1	61	31.6	54.1	30.8
WP_004327921.1	gnl|META|EG11180-MONOMER	3.6e-30	49.7	155	127.5	63.2	98.7
WP_004327923.1	gnl|META|MONOMER-14539	3.4e-76	32.0	609	282.3	47.6	93.7
WP_004327925.1	gnl|META|PUTP-MONOMER	1.7e-01	20.3	429	33.9	41.3	83.9
WP_004327933.1	gnl|META|MONOMER-17345	1.4e-136	58.7	390	482.3	75.4	97.5
WP_004327935.1	gnl|META|MONOMER-17344	9.6e-82	39.4	383	300.1	59.8	98.7
WP_004327937.1	gnl|META|MONOMER-15915	9.5e-102	47.8	402	366.7	63.7	93.3
WP_004327942.1	gnl|META|AT5G13630-MONOMER	2.6e-97	27.5	1018	353.6	47.2	73.3
WP_004327942.1	gnl|META|MONOMER-121	2.7e-94	26.0	1070	343.6	44.5	76.1
WP_004327944.1	gnl|META|EG10155-MONOMER	8.4e-16	24.0	526	82.0	40.9	64.6
WP_004327944.1	gnl|META|EG10293-MONOMER	7.9e-14	21.6	679	75.5	37.3	78.0
WP_004327948.1	gnl|META|HS08479-MONOMER	6.9e-100	38.1	561	360.9	54.5	99.1
WP_004327949.1	gnl|META|MONOMER-11616	1.5e-93	36.0	566	340.1	54.1	83.5
WP_004327949.1	gnl|META|HUTUBACSU-MONOMER	1.1e-91	36.3	545	334.0	54.5	80.5
WP_004327950.1	gnl|META|MONOMER-11609	1.6e-113	45.6	487	406.0	65.3	98.2
WP_004327950.1	gnl|META|HS01466-MONOMER	1.4e-104	41.8	498	376.3	63.3	99.2
WP_004327951.1	gnl|META|HUTIBACSU-MONOMER	4.0e-73	36.6	404	271.6	59.9	97.8
WP_004327951.1	gnl|META|MONOMER-11617	5.8e-72	39.4	381	267.7	57.7	92.2
WP_004327953.1	gnl|META|MONOMER-17960	6.2e-40	40.4	255	160.6	55.3	98.8
WP_004327953.1	gnl|META|MONOMER-690	2.2e-37	35.7	252	152.1	58.3	97.3
WP_004327960.1	gnl|META|EG10343-MONOMER	3.1e-14	27.2	180	74.7	46.1	100.0
WP_004327963.1	gnl|META|EG10826-MONOMER	2.9e-03	26.7	266	39.7	41.4	46.5
WP_004327968.1	gnl|META|EG10625-MONOMER	1.7e-174	39.2	886	609.4	58.8	99.5
WP_004327970.1	gnl|META|UDK-MONOMER	2.0e-49	49.2	195	191.8	68.7	92.7
WP_004327970.1	gnl|META|HS07003-MONOMER	9.4e-47	42.9	212	183.0	68.4	97.1
WP_004327970.1	gnl|META|HS05429-MONOMER	1.4e-45	42.9	212	179.1	67.5	97.1
WP_004327972.1	gnl|META|EG10424-MONOMER	4.0e-184	45.6	810	641.0	57.5	97.7
WP_004327974.1	gnl|META|GLNQ-MONOMER	5.6e-30	34.7	202	127.5	55.0	81.8
WP_004327974.1	gnl|META|ABC-MONOMER	2.1e-29	33.6	214	125.6	55.6	85.0
WP_004327974.1	gnl|META|GLTL-MONOMER	1.8e-28	33.7	202	122.5	55.9	81.8
WP_004327985.1	gnl|META|FEOB-MONOMER	7.3e-108	34.4	741	387.9	55.5	86.9
WP_004327988.1	gnl|META|EG12267-MONOMER	3.5e-27	30.9	282	119.4	48.6	46.7
WP_004327988.1	gnl|META|EG11613-MONOMER	3.3e-25	24.3	531	112.8	42.7	88.4
WP_004327993.1	gnl|META|MONOMER-17374	1.2e-01	40.4	47	33.9	57.4	13.4
WP_004327994.1	gnl|META|G7106-MONOMER	1.0e-08	31.2	144	56.2	47.2	90.6
WP_004327997.1	gnl|META|MONOMER-17932	2.4e-12	28.0	389	70.5	41.1	51.3
WP_004327999.1	gnl|META|3-OXOACYL-ACP-REDUCT-MONOMER	1.1e-54	45.5	242	209.5	63.6	97.6
WP_004327999.1	gnl|META|MONOMER-19303	2.3e-52	43.6	243	201.8	65.0	96.8
WP_004328002.1	gnl|META|GLYOHMETRANS-MONOMER	1.8e-132	56.9	422	468.8	72.5	99.1
WP_004328002.1	gnl|META|MONOMER-8567	2.6e-128	55.3	430	454.9	68.1	99.3
WP_004328002.1	gnl|META|MONOMER-4244	7.9e-125	53.7	428	443.4	68.7	99.1
WP_004328004.1	gnl|META|EG11101-MONOMER	3.4e-03	28.0	118	38.9	43.2	37.1
WP_004328005.1	gnl|META|L-GLN-FRUCT-6-P-AMINOTRANS-MONOMER	2.4e-146	46.4	616	515.4	64.0	100.0
WP_004328005.1	gnl|META|MONOMER-13170	2.5e-135	39.5	684	478.8	58.8	100.0
WP_004328005.1	gnl|META|HS09974-MONOMER	3.0e-133	38.9	700	471.9	57.1	100.0
WP_004328005.1	gnl|META|MONOMER-17113	8.7e-133	38.6	697	470.3	58.0	100.0
WP_004328007.1	gnl|META|HS07681-MONOMER	3.6e-67	33.8	471	251.9	49.7	99.8
WP_004328007.1	gnl|META|MONOMER3O-4	5.6e-60	31.0	467	228.0	48.6	98.2
WP_004328009.1	gnl|META|MONOMER-13382	1.8e-69	38.0	440	259.6	53.0	93.9
WP_004328010.1	gnl|META|MONOMER-19659	3.4e-26	32.5	268	115.2	47.0	89.3
WP_004328011.1	gnl|META|EG10242-MONOMER	2.2e-25	25.3	379	112.8	45.9	99.5
WP_004328012.1	gnl|META|EG10243-MONOMER	6.5e-05	27.3	183	44.3	43.2	68.1
WP_004328015.1	gnl|META|RIBF-MONOMER	1.5e-27	32.3	195	119.4	52.3	76.9
WP_004328018.1	gnl|META|RED-THIOREDOXIN-MONOMER	5.3e-22	40.8	98	99.8	68.4	93.3
WP_004328022.1	gnl|META|MONOMER-18802	6.3e-34	32.4	259	140.6	54.1	98.8
WP_004328025.1	gnl|META|EG11344-MONOMER	7.2e-36	31.5	362	147.5	46.1	98.2
WP_004328027.1	gnl|META|EG10760-MONOMER	5.0e-28	30.0	360	122.1	49.4	62.6
WP_004328028.1	gnl|META|HISS-MONOMER	2.6e-25	26.0	461	112.8	43.0	100.0
WP_004328029.1	gnl|META|MONOMER-17076	1.9e-54	29.4	527	209.9	49.1	89.8
WP_004328034.1	gnl|META|MONOMER-16979	4.9e-22	31.8	176	101.7	50.6	46.6
WP_004328038.1	gnl|META|MONOMER-14503	1.3e-106	35.8	772	383.6	53.8	96.7
WP_004328038.1	gnl|META|MONOMER-14495	3.8e-106	34.0	779	382.1	53.4	98.2
WP_004328051.1	gnl|META|MONOMER-20143	4.6e-10	32.8	119	62.0	45.4	30.5
WP_004328052.1	gnl|META|YOL066C-MONOMER	1.8e-13	35.2	122	73.2	54.9	31.9
WP_004328054.1	gnl|META|EG11954-MONOMER	3.5e-11	26.6	256	65.5	43.8	76.6
WP_004328055.1	gnl|META|YBHS-MONOMER	1.4e-06	20.9	345	50.4	40.9	87.5
WP_004328058.1	gnl|META|VC0775-MONOMER	1.5e-01	28.6	84	35.0	51.2	8.0
WP_004328060.1	gnl|META|AT1G47260-MONOMER	3.4e-21	34.5	168	97.8	54.2	91.5
WP_004328060.1	gnl|META|AT5G66510-MONOMER	1.3e-20	58.1	148	95.9	71.6	82.4
WP_004328061.1	gnl|META|EG10572-MONOMER	2.2e-53	44.0	252	205.3	61.5	93.5
WP_004328066.1	gnl|META|PHET-MONOMER	5.8e-132	35.4	826	468.0	54.4	99.9
WP_004328068.1	gnl|META|EG10529-MONOMER	1.9e-196	55.8	593	681.8	76.2	99.5
WP_004328069.1	gnl|META|MONOMER-17302	2.7e-60	27.8	641	229.6	47.3	96.4
WP_004328073.1	gnl|META|THIS-MONOMER	1.4e-04	31.8	66	41.2	53.0	100.0
WP_004328076.1	gnl|META|BSU38290-MONOMER	1.7e-27	34.1	182	119.0	56.6	86.1
WP_004328076.1	gnl|META|AT1G22940-MONOMER	8.3e-27	34.7	193	116.7	53.9	91.3
WP_004328077.1	gnl|META|THIG-MONOMER	8.5e-82	63.1	252	299.7	77.4	98.8
WP_004328078.1	gnl|META|THIH-MONOMER	3.9e-88	44.9	365	321.2	61.6	98.6
WP_004328079.1	gnl|META|MONOMER-20128	2.7e-50	47.3	224	194.9	61.2	94.4
WP_004328080.1	gnl|META|MONOMER-13899	2.6e-05	26.5	136	45.4	39.7	53.4
WP_004328080.1	gnl|META|MONOMER-16954	2.9e-04	29.8	94	42.0	46.8	38.8
WP_004328081.1	gnl|META|BSU11650-MONOMER	3.1e-24	31.8	223	108.2	47.1	98.1
WP_004328082.1	gnl|META|MONOMER-18910	1.2e-57	47.7	264	219.5	65.5	97.8
WP_004328082.1	gnl|META|HMP-P-KIN-MONOMER	7.7e-57	46.9	262	216.9	62.6	96.7
WP_004328084.1	gnl|META|EG10595-MONOMER	2.2e-44	35.2	284	175.6	54.9	93.0
WP_004328085.1	gnl|META|MONOMER-538	9.9e-08	24.5	265	54.7	43.8	47.3
WP_004328085.1	gnl|META|SYNPCC7942_2315-MONOMER	1.1e-06	24.8	226	51.2	40.7	38.3
WP_004328097.1	gnl|META|MONOMER-15975	7.7e-01	29.2	65	29.3	49.2	67.4
WP_004328127.1	gnl|META|ANSA-MONOMER	6.7e-66	41.6	346	247.3	59.8	99.4
WP_004328127.1	gnl|META|HS15413-MONOMER	2.0e-62	39.6	361	235.7	57.3	98.5
WP_004328129.1	gnl|META|EG10271-MONOMER	3.0e-05	37.0	92	45.4	54.3	35.0
WP_004328137.1	gnl|META|CPXR-MONOMER	1.7e-33	39.2	209	139.0	59.3	89.8
WP_004328138.1	gnl|META|PHOR-MONOMER	7.0e-31	33.0	227	131.3	54.6	50.9
WP_004328139.1	gnl|META|EG10746-MONOMER	1.5e-184	40.1	975	642.9	57.5	99.7
WP_004328142.1	gnl|META|AKBLIG-MONOMER	1.5e-133	59.4	397	472.2	74.3	99.7
WP_004328142.1	gnl|META|HS01980-MONOMER	1.9e-120	55.1	383	428.7	70.0	96.5
WP_004328145.1	gnl|META|MONOMER-12711	5.3e-113	49.0	416	404.1	67.3	99.3
WP_004328145.1	gnl|META|MONOMER-382	1.2e-104	47.2	415	376.3	64.6	98.8
WP_004328151.1	gnl|META|BSU02750-MONOMER	5.7e-40	40.0	205	161.0	62.0	64.6
WP_004328152.1	gnl|META|EG10968-MONOMER	3.1e-74	33.9	578	275.8	51.9	93.6
WP_004328153.1	gnl|META|MONOMER-13253	1.5e-04	27.9	269	43.5	37.9	70.0
WP_004328153.1	gnl|META|CHRECP009-MONOMER	4.4e-04	44.7	47	42.0	61.7	13.4
WP_004328153.1	gnl|META|MONOMER-19731	1.7e-03	44.7	47	40.0	59.6	13.4
WP_004328155.1	gnl|META|QUINOLINATE-SYNTHA-MONOMER	1.8e-57	40.0	310	219.2	59.7	96.2
WP_004328162.1	gnl|META|MONOMER-15696	3.5e-54	41.0	290	208.8	63.4	62.4
WP_004328165.1	gnl|META|G3O-32654-MONOMER	1.5e-12	52.8	53	71.2	81.1	6.9
WP_004328165.1	gnl|META|G3O-32654-MONOMER	2.2e+00	24.6	61	30.8	47.5	8.0
WP_004328166.1	gnl|META|PHES-MONOMER	1.8e-74	47.3	319	275.8	62.1	93.0
WP_004328168.1	gnl|META|EG10013-MONOMER	3.2e-03	34.1	82	39.3	51.2	20.4
WP_004328173.1	gnl|META|EG10375-MONOMER	6.4e-163	46.7	627	570.5	65.4	98.7
WP_004328174.1	gnl|META|AT3G49680-MONOMER	4.7e-72	42.1	335	267.7	61.2	98.5
WP_004328175.1	gnl|META|METG-MONOMER	6.3e-108	33.3	696	387.9	53.6	99.9
WP_004328176.1	gnl|META|EG10830-MONOMER	9.4e-76	30.5	580	280.8	52.4	94.9
WP_004328177.1	gnl|META|EG11591-MONOMER	1.3e-25	35.5	214	112.8	51.4	95.5
WP_004328178.1	gnl|META|BSU32330-MONOMER	3.0e-78	49.1	291	288.1	67.4	95.7
WP_004328178.1	gnl|META|EG11306-MONOMER	1.2e-74	48.1	283	276.2	66.8	92.7
WP_004328178.1	gnl|META|YOR196C-MONOMER	1.4e-70	44.3	305	262.7	61.3	98.3
WP_004328179.1	gnl|META|BSU38860-MONOMER	1.1e-95	52.4	330	346.3	66.7	97.1
WP_004328179.1	gnl|META|HS04117-MONOMER	3.9e-90	47.6	340	327.8	65.6	98.2
WP_004328180.1	gnl|META|EG10376-MONOMER	1.5e-23	37.7	138	105.9	58.7	65.7
WP_004328181.1	gnl|META|RPOE-MONOMER	1.6e-16	32.2	174	82.4	50.6	88.2
WP_004328182.1	gnl|META|MONOMER-20358	8.5e-01	28.4	81	31.2	51.9	18.0
WP_004328188.1	gnl|META|EG10861-MONOMER	8.7e-34	42.0	188	139.8	58.5	94.9
WP_004328189.1	gnl|META|HS05586-MONOMER	7.0e-55	53.2	190	209.9	70.5	94.1
WP_004328189.1	gnl|META|MONOMER-18450	3.8e-53	54.2	177	204.1	73.4	87.6
WP_004328192.1	gnl|META|G185E-7536-MONOMER	4.8e-07	28.2	188	50.8	42.6	87.0
WP_004328194.1	gnl|META|EG10785-MONOMER	1.3e-23	39.5	162	105.9	53.7	85.0
WP_004328196.1	gnl|META|MONOMER-19405	4.5e-01	36.1	61	30.8	44.3	38.9
WP_004328205.1	gnl|META|MONOMER-14866	1.5e-17	31.7	189	86.3	49.2	69.3
WP_004328206.1	gnl|META|CORA-MONOMER	4.2e-38	32.4	290	154.8	55.2	90.9
WP_004328212.1	gnl|META|G12WB-2962-MONOMER	2.4e-109	49.7	362	391.7	69.3	96.3
WP_004328212.1	gnl|META|EG10996-MONOMER	1.9e-98	46.0	376	355.5	63.8	100.0
WP_004328216.1	gnl|META|MONOMER-18457	1.2e-81	42.5	360	299.7	61.9	99.2
WP_004328219.1	gnl|META|EG12098-MONOMER	5.4e-50	39.7	312	194.5	55.8	86.2
WP_004328220.1	gnl|META|MONOMER-17296	5.1e-02	35.6	45	35.8	53.3	7.9
WP_004328236.1	gnl|META|H2PTERIDINEPYROPHOSPHOKIN-MONOMER	3.6e-12	32.1	140	67.8	52.1	81.8
WP_004328237.1	gnl|META|EG11500-MONOMER	1.6e-12	24.5	306	70.1	36.6	80.3
WP_004328241.1	gnl|META|MONOMER-19231	3.0e-01	32.7	52	31.2	51.9	38.0
WP_004328248.1	gnl|META|DSBD-MONOMER	1.2e-08	31.9	113	55.8	48.7	79.1
WP_004328249.1	gnl|META|EG12401-MONOMER	1.2e-59	38.1	323	226.5	57.3	89.8
WP_004328250.1	gnl|META|EG11012-MONOMER	4.5e-02	34.8	46	34.7	56.5	20.4
WP_004328252.1	gnl|META|URACIL-PRIBOSYLTRANS-MONOMER	1.1e-16	26.9	216	83.2	48.6	99.1
WP_004328254.1	gnl|META|BARA-MONOMER	2.1e-05	31.2	112	45.8	50.0	41.3
WP_004328254.1	gnl|META|ARCB-MONOMER	2.4e-04	27.0	189	42.4	39.7	73.7
WP_004328256.1	gnl|META|MACB	2.7e-61	35.6	399	232.3	58.9	98.0
WP_004328257.1	gnl|META|MACB	1.4e-52	48.9	223	202.6	66.4	90.7
WP_004328258.1	gnl|META|MACA	5.8e-21	26.2	386	98.2	43.5	93.9
WP_004328259.1	gnl|META|G6320-MONOMER	3.8e-05	21.3	431	45.8	38.1	93.0
WP_004328269.1	gnl|META|HYDH-MONOMER	2.0e-18	29.2	243	89.7	46.5	59.5
WP_004328269.1	gnl|META|ATOS-MONOMER	2.5e-16	28.8	191	82.8	53.9	47.2
WP_004328270.1	gnl|META|EG10760-MONOMER	7.4e-30	29.3	297	128.3	50.8	50.4
WP_004328272.1	gnl|META|EG11081-MONOMER	4.2e-29	30.1	286	124.8	50.0	96.9
WP_004328273.1	gnl|META|CMPKI-MONOMER	2.2e-36	40.5	210	148.7	60.0	89.4
WP_004328277.1	gnl|META|MONOMER-4801	4.8e-45	34.4	421	178.3	50.1	90.5
WP_004328277.1	gnl|META|FOLC-MONOMER	1.2e-43	30.9	404	173.7	47.0	93.7
WP_004328283.1	gnl|META|EG10760-MONOMER	1.7e-31	27.9	326	133.7	49.7	54.9
WP_004328285.1	gnl|META|EG10651-MONOMER	2.4e-109	70.3	276	391.3	76.4	98.2
WP_004328288.1	gnl|META|MONOMER-6741	1.9e-67	40.7	376	252.7	57.2	93.2
WP_004328288.1	gnl|META|G7596-MONOMER	6.2e-63	38.3	384	237.7	55.2	90.2
WP_004328289.1	gnl|META|EG10967-MONOMER	2.6e-21	32.3	161	98.6	55.3	70.2
WP_004328290.1	gnl|META|G7841-MONOMER	9.1e-38	35.6	306	153.7	53.6	95.8
WP_004328296.1	gnl|META|MONOMER-17898	1.8e-52	53.7	190	201.8	72.1	95.8
WP_004328297.1	gnl|META|G185E-5489-MONOMER	1.8e-63	36.4	431	239.6	53.8	98.9
WP_004328297.1	gnl|META|UDPNACETYLGLUCOSAMENOLPYRTRANS-MONOMER	4.0e-63	36.1	432	238.4	55.1	99.1
WP_004328297.1	gnl|META|MONOMER-15461	4.4e-62	34.0	432	235.0	51.9	98.4
WP_004328297.1	gnl|META|MONOMER-15460	9.2e-60	32.8	433	227.3	53.3	98.9
WP_004328305.1	gnl|META|EG11506-MONOMER	6.8e-02	57.7	26	35.8	80.8	3.4
WP_004328309.1	gnl|META|EG10697-MONOMER	3.3e-47	30.9	460	185.7	47.8	94.8
WP_004328338.1	gnl|META|MONOMER-19002	4.9e-82	48.0	329	300.8	65.0	99.1
WP_004328342.1	gnl|META|EG10763-MONOMER	6.5e-07	32.5	160	52.4	43.8	21.3
WP_004328344.1	gnl|META|AT5G60600-MONOMER	2.1e-100	35.1	659	362.5	48.3	98.4
WP_004328346.1	gnl|META|BETA-GLUCURONID-MONOMER	2.8e-31	23.9	603	133.3	39.5	81.9
WP_004328349.1	gnl|META|EG11703-MONOMER	1.3e-44	32.9	340	176.8	51.8	82.5
WP_004328349.1	gnl|META|EG10266-MONOMER	2.4e-41	31.4	341	166.0	50.4	82.2
WP_004328350.1	gnl|META|ACRD-MONOMER	2.1e-216	40.9	1030	748.8	61.7	99.0
WP_004328350.1	gnl|META|ACRF-MONOMER	2.1e-208	41.5	1032	722.2	60.6	99.0
WP_004328350.1	gnl|META|ACRB-MONOMER	2.6e-206	40.4	1032	715.3	60.9	98.9
WP_004328350.1	gnl|META|YHIV-MONOMER	6.9e-199	39.3	1037	690.6	59.1	99.7
WP_004328351.1	gnl|META|G6320-MONOMER	7.2e-39	27.0	459	157.9	46.2	97.4
WP_004328357.1	gnl|META|G185E-4681-MONOMER	1.0e-01	30.9	97	33.1	46.4	54.8
WP_004328364.1	gnl|META|MONOMER-15875	2.1e-01	50.0	26	32.0	76.9	16.1
WP_004328377.1	gnl|META|GPMA-MONOMER	3.3e-83	57.0	244	304.3	74.2	98.8
WP_004328377.1	gnl|META|HS10286-MONOMER	3.8e-79	57.1	247	290.8	71.3	98.8
WP_004328377.1	gnl|META|HS09121-MONOMER	8.0e-77	55.1	247	283.1	70.4	98.8
WP_004328378.1	gnl|META|DLACTDEHYDROGNAD-MONOMER	1.6e-96	51.4	329	349.0	69.0	99.1
WP_004328380.1	gnl|META|EMRB-MONOMER	5.4e-53	31.3	415	204.9	50.4	84.8
WP_004328381.1	gnl|META|EG10627-MONOMER	2.8e-54	40.8	262	208.8	62.2	71.8
WP_004328383.1	gnl|META|G7005-MONOMER	2.9e-21	38.2	123	97.8	59.3	81.5
WP_004328386.1	gnl|META|MONOMER-15779	8.3e-57	27.8	771	218.4	44.1	87.0
WP_004328387.1	gnl|META|STM4458-MONOMER	1.0e-27	48.0	127	119.0	63.8	100.0
WP_004328392.1	gnl|META|MONOMER-20091	6.5e-22	29.6	277	101.3	44.4	71.3
WP_004328392.1	gnl|META|HEMN-MONOMER	1.2e-20	26.0	281	97.1	47.0	70.7
WP_004328393.1	gnl|META|MONOMER-16305	1.5e-188	42.5	851	656.8	59.6	59.2
WP_004328399.1	gnl|META|MONOMER-20007	2.3e-36	30.7	300	149.1	49.7	91.3
WP_004328400.1	gnl|META|MONOMER-18021	2.5e-41	33.6	339	165.6	53.1	97.0
WP_004328402.1	gnl|META|EG10743-MONOMER	1.8e-156	45.1	707	549.3	62.1	95.8
WP_004328406.1	gnl|META|DEOXYRIBOSE-P-ALD-MONOMER	8.6e-38	40.7	243	153.7	58.4	81.8
WP_004328407.1	gnl|META|G7756-MONOMER	8.5e-52	39.1	230	199.9	62.2	97.5
WP_004328408.1	gnl|META|PEPCARBOXYKIN-MONOMER	7.4e-221	70.6	531	762.7	81.9	98.9
WP_004328414.1	gnl|META|TYRS-MONOMER	2.7e-104	45.1	430	375.2	64.9	99.3
WP_004328415.1	gnl|META|EG11500-MONOMER	6.8e-11	26.0	192	65.5	47.4	29.6
WP_004328417.1	gnl|META|SYNPCC7942_0260-MONOMER	8.6e-203	46.1	862	703.4	63.5	98.7
WP_004328418.1	gnl|META|HS01980-MONOMER	2.5e-54	34.5	362	209.1	52.2	84.9
WP_004328418.1	gnl|META|MONOMER-18832	1.4e-52	32.4	349	203.4	53.0	82.5
WP_004328418.1	gnl|META|AKBLIG-MONOMER	1.8e-52	32.3	362	203.0	53.3	84.9
WP_004328418.1	gnl|META|MONOMER-14018	1.2e-51	31.4	363	200.3	52.9	85.8
WP_004328421.1	gnl|META|LUMAZINESYN-MONOMER	1.2e-26	40.7	145	115.9	60.7	81.8
WP_004328421.1	gnl|META|MONOMER-14609	3.5e-26	40.8	142	114.4	56.3	80.7
WP_004328421.1	gnl|META|AT2G44050-MONOMER	1.3e-25	37.2	137	112.5	59.9	77.8
WP_004328422.1	gnl|META|AT4G36220-MONOMER	2.9e-01	43.8	32	32.0	62.5	14.2
WP_004328424.1	gnl|META|EG10828-MONOMER	8.8e-32	25.8	361	134.0	49.6	99.4
WP_004328427.1	gnl|META|EG10870-MONOMER	1.2e-19	40.9	149	92.4	60.4	99.3
WP_004328428.1	gnl|META|EG10917-MONOMER	1.2e-14	47.7	65	75.1	80.0	70.7
WP_004328430.1	gnl|META|EG10905-MONOMER	3.9e-10	32.7	107	60.5	52.3	93.9
WP_004328431.1	gnl|META|ADENYL-KIN-MONOMER	2.2e-29	34.0	209	125.2	53.1	92.7
WP_004328431.1	gnl|META|YDR226W-MONOMER	8.2e-29	35.0	197	123.2	54.3	88.5
WP_004328431.1	gnl|META|HS07943-MONOMER	9.1e-28	33.5	188	119.8	56.4	97.4
WP_004328434.1	gnl|META|EG10919-MONOMER	1.4e-04	34.9	86	41.6	53.5	100.0
WP_004328438.1	gnl|META|EG10600-MONOMER	1.3e-08	35.8	95	55.1	52.6	100.0
WP_004328439.1	gnl|META|EG10599-MONOMER	5.5e-179	63.6	528	623.6	77.5	97.1
WP_004328446.1	gnl|META|EG10004-MONOMER	9.5e-80	44.5	398	293.5	60.3	98.7
WP_004328450.1	gnl|META|MONOMER-6564	2.4e-84	50.6	338	308.5	66.6	98.5
WP_004328450.1	gnl|META|AT1G14810-MONOMER	1.5e-78	47.6	336	289.3	64.0	98.2
WP_004328451.1	gnl|META|EG10748-MONOMER	5.6e-55	25.0	787	212.2	42.1	86.0
WP_004328456.1	gnl|META|BSU15530-MONOMER	7.1e-24	31.9	263	107.5	49.8	86.4
WP_004328457.1	gnl|META|GLUSYNSMALL-MONOMER	9.7e-84	38.4	463	307.0	57.0	98.1
WP_004328457.1	gnl|META|MONOMER-4214	8.5e-80	40.4	438	293.9	58.4	89.0
WP_004328459.1	gnl|META|EG12210-MONOMER	9.6e-04	21.5	293	40.8	36.2	79.3
WP_004328462.1	gnl|META|EG10246-MONOMER	2.7e-03	42.6	47	39.3	61.7	14.2
WP_004328464.1	gnl|META|MONOMER-19898	2.6e-03	28.3	106	40.4	44.3	14.8
WP_004328465.1	gnl|META|EG10668-MONOMER	4.8e-27	54.9	102	117.1	69.6	64.7
WP_004328466.1	gnl|META|G185E-7524-MONOMER	2.5e-12	53.1	49	66.6	69.4	94.2
WP_004328466.1	gnl|META|MONOMER-19840	3.2e-12	51.0	49	66.2	67.3	94.2
WP_004328466.1	gnl|META|MONOMER-3844	7.2e-12	55.6	45	65.1	66.7	86.5
WP_004328466.1	gnl|META|G7413-MONOMER	9.4e-12	47.9	48	64.7	77.1	92.3
WP_004328467.1	gnl|META|EG12099-MONOMER	8.6e-31	40.0	185	129.8	58.4	97.3
WP_004328468.1	gnl|META|MONOMER-19454	9.6e-33	46.0	189	136.3	58.2	87.8
WP_004328474.1	gnl|META|CARDIOLIPSYN-MONOMER	6.4e-51	29.5	484	198.0	49.6	99.2
WP_004328479.1	gnl|META|EG10155-MONOMER	1.7e-16	25.2	433	84.3	42.5	53.4
WP_004328483.1	gnl|META|MONOMER-4226	8.0e-66	40.8	306	246.9	66.0	95.8
WP_004328483.1	gnl|META|MONOMER-17304	7.5e-64	39.9	306	240.4	65.7	95.8
WP_004328484.1	gnl|META|GCVH-MONOMER	4.8e-30	49.2	124	126.7	63.7	98.4
WP_004328484.1	gnl|META|MONOMER-907	2.6e-28	43.6	117	120.9	67.5	93.6
WP_004328485.1	gnl|META|BIOTINLIG-MONOMER	3.0e-18	34.4	218	88.6	48.2	81.9
WP_004328486.1	gnl|META|MONOMER0-2001	3.9e-32	46.7	276	134.8	60.1	96.7
WP_004328487.1	gnl|META|EG11004-MONOMER	1.0e-52	25.6	698	204.5	43.4	93.5
WP_004328488.1	gnl|META|ASPKINIII-MONOMER	2.9e-47	33.2	410	185.7	49.8	95.7
WP_004328515.1	gnl|META|G1I0R-1995-MONOMER	6.4e-01	33.3	45	31.6	51.1	12.0
WP_004328545.1	gnl|META|MONOMER-20238	7.6e-01	27.8	54	31.2	59.3	15.2
WP_004328549.1	gnl|META|MONOMER-14555	5.5e-01	42.4	33	31.6	57.6	10.2
WP_004328549.1	gnl|META|G3O-34012-MONOMER	7.1e-01	37.2	43	31.2	62.8	13.0
WP_004328550.1	gnl|META|HS06313-MONOMER	1.7e-04	34.8	92	43.9	52.2	17.7
WP_004328558.1	gnl|META|MONOMER-15634	2.8e-02	33.3	51	34.3	51.0	42.6
WP_004328563.1	gnl|META|MONOMER-16209	9.1e-01	27.4	124	32.3	46.0	13.5
WP_004328587.1	gnl|META|MONOMER-19011	7.1e-01	54.2	24	30.0	75.0	16.7
WP_004328627.1	gnl|META|MONOMER-15766	3.2e-01	24.4	82	32.3	43.9	23.8
WP_004328637.1	gnl|META|SYNPCC7942_1554-MONOMER	4.7e-05	34.0	97	45.4	47.4	22.5
WP_004328637.1	gnl|META|EG10158-MONOMER	2.3e-04	31.5	92	43.1	44.6	21.5
WP_004328639.1	gnl|META|YPL111W-MONOMER	6.3e-01	43.3	30	29.6	66.7	30.6
WP_004328647.1	gnl|META|YHBN-MONOMER	4.3e-01	31.0	42	31.6	54.8	16.3
WP_004328710.1	gnl|META|BSU22780-MONOMER	1.1e-31	39.4	180	132.9	60.0	91.3
WP_004328710.1	gnl|META|MONOMER-18450	2.4e-28	35.4	192	121.7	59.4	96.9
WP_004328711.1	gnl|META|BSU13740-MONOMER	3.5e-11	31.1	151	64.7	49.7	70.6
WP_004328714.1	gnl|META|G6245-MONOMER	3.5e-20	30.8	211	94.7	49.3	93.6
WP_004328716.1	gnl|META|G1I0R-77-MONOMER	9.1e-02	25.2	111	33.5	42.3	54.4
WP_004328724.1	gnl|META|EG11498-MONOMER	1.1e-10	41.1	90	63.5	56.7	33.2
WP_004328731.1	gnl|META|G3O-29458-MONOMER	4.9e-01	40.5	37	32.3	56.8	7.5
WP_004328755.1	gnl|META|EG10997-MONOMER	3.3e-68	35.1	470	255.4	56.8	99.6
WP_004328756.1	gnl|META|EG10246-MONOMER	3.2e-34	31.2	333	142.5	50.5	70.3
WP_004328758.1	gnl|META|G1I0R-77-MONOMER	6.6e-01	31.5	54	31.2	50.0	17.8
WP_004328763.1	gnl|META|EG10985-MONOMER	7.4e-07	36.9	84	51.6	56.0	17.7
WP_004328767.1	gnl|META|G7164-MONOMER	1.1e-03	31.8	85	39.7	49.4	44.5
WP_004328767.1	gnl|META|G6954-MONOMER	2.4e-03	39.7	58	38.5	60.3	33.5
WP_004328767.1	gnl|META|EG10626-MONOMER	3.1e-03	36.8	57	38.1	54.4	32.9
WP_004328772.1	gnl|META|G6320-MONOMER	1.9e-04	21.8	400	43.5	39.5	86.5
WP_004328773.1	gnl|META|MACA	3.5e-12	21.8	362	68.9	41.2	95.1
WP_004328774.1	gnl|META|MACB	3.3e-22	25.0	416	102.4	41.8	96.9
WP_004328775.1	gnl|META|MACB	9.8e-27	27.8	421	117.5	47.0	98.6
WP_004328776.1	gnl|META|MACB	2.4e-51	46.8	218	198.4	67.9	96.4
WP_004328779.1	gnl|META|G7242-MONOMER	1.0e-10	27.2	235	64.3	40.9	52.3
WP_004328779.1	gnl|META|MONOMER-19583	1.3e-10	28.0	200	63.9	45.0	44.7
WP_004328780.1	gnl|META|MONOMER-12694	2.8e-08	30.4	191	55.1	45.5	96.9
WP_004328780.1	gnl|META|MONOMER-15883	1.4e-07	27.2	202	52.8	45.0	92.3
WP_004328780.1	gnl|META|MONOMER-17655	2.3e-07	27.1	188	52.0	44.7	94.8
WP_004328789.1	gnl|META|MONOMER-15975	7.7e-01	29.2	65	29.3	49.2	67.4
WP_004328792.1	gnl|META|MONOMER-20732	6.8e-01	36.8	38	31.2	55.3	12.3
WP_004328799.1	gnl|META|RED-THIOREDOXIN2-MONOMER	1.3e-03	38.6	44	40.4	56.8	12.6
WP_004328799.1	gnl|META|RED-THIOREDOXIN-MONOMER	2.2e-03	46.7	30	39.7	60.0	8.6
WP_004328802.1	gnl|META|EG10925-MONOMER	9.3e-26	37.8	156	113.2	62.2	73.9
WP_004328803.1	gnl|META|UDPHYDROXYMYRGLUCOSAMNACETYLTRANS-MONO	3.0e-13	51.5	235	72.4	64.3	68.1
WP_004328804.1	gnl|META|PANTEPADENYLYLTRAN-MONOMER	1.4e-23	38.4	146	105.5	56.8	93.0
WP_004328806.1	gnl|META|MONOMER-20310	7.1e-02	38.7	62	34.7	51.6	16.9
WP_004328807.1	gnl|META|G6096-MONOMER	1.6e-14	30.2	202	77.0	51.0	42.6
WP_004328808.1	gnl|META|UDPNACETYLMURAMATEDEHYDROG-MONOMER	1.3e-66	41.9	332	249.6	58.1	98.2
WP_004328810.1	gnl|META|MONOMER-20765	1.3e-01	30.5	118	34.3	43.2	23.5
WP_004328810.1	gnl|META|MONOMER-17297	1.3e-01	36.2	47	34.3	51.1	9.8
WP_004328815.1	gnl|META|MONOMER-14146	1.1e-111	39.5	532	400.2	61.5	89.7
WP_004328815.1	gnl|META|MONOMER-681	9.9e-110	39.7	521	393.7	60.5	88.4
WP_004328816.1	gnl|META|MONOMER-14147	6.4e-69	37.0	454	257.7	54.2	98.0
WP_004328816.1	gnl|META|MONOMER-682	5.4e-68	35.3	459	254.6	53.4	97.5
WP_004328817.1	gnl|META|MONOMER-14149	4.5e-01	20.9	215	31.2	41.4	98.0
WP_004328819.1	gnl|META|MONOMER-14153	2.0e-14	34.6	136	75.1	47.8	91.3
WP_004328821.1	gnl|META|MONOMER-14865	8.1e-81	43.4	357	297.0	63.6	94.7
WP_004328821.1	gnl|META|MONOMER-18235	2.4e-80	44.9	354	295.4	63.6	93.9
WP_004328822.1	gnl|META|EG11259-MONOMER	9.6e-89	30.1	770	324.3	46.6	96.0
WP_004328823.1	gnl|META|MONOMER-20392	8.8e-48	35.2	375	187.2	50.1	98.1
WP_004328823.1	gnl|META|MONOMER-20145	1.3e-46	34.3	379	183.3	49.6	98.4
WP_004328824.1	gnl|META|METHYLENETHFREDUCT-MONOMER	7.8e-32	29.8	295	134.0	46.1	91.3
WP_004328825.1	gnl|META|HOMOCYSMETB12-MONOMER	0.0e+00	50.2	1221	1171.8	68.0	99.9
WP_004328825.1	gnl|META|HS04076-MONOMER	4.3e-309	47.0	1245	1057.0	63.9	99.4
WP_004328826.1	gnl|META|MONOMER-20360	2.9e-40	39.0	223	161.8	58.7	83.1
WP_004328830.1	gnl|META|SYNPCC7942_2525-MONOMER	3.1e-64	63.7	190	241.1	77.9	86.0
WP_004328830.1	gnl|META|SYNPCC7942_1554-MONOMER	1.0e-62	61.9	189	236.1	76.2	85.5
WP_004328830.1	gnl|META|EG10158-MONOMER	2.5e-61	58.0	200	231.5	76.0	89.6
WP_004328830.1	gnl|META|SYNPCC7942_2537-MONOMER	2.8e-57	63.3	177	218.0	79.1	79.6
WP_004328831.1	gnl|META|EG10159-MONOMER	7.5e-115	55.0	389	410.2	72.0	89.5
WP_004328831.1	gnl|META|SYNPCC7942_2526-MONOMER	7.8e-112	50.3	429	400.2	68.1	94.2
WP_004328835.1	gnl|META|MONOMER-15780	3.5e-05	34.0	97	46.6	57.7	13.1
WP_004328836.1	gnl|META|MONOMER-14903	7.9e-01	38.9	36	30.0	61.1	21.7
WP_004328837.1	gnl|META|MONOMER-14558	1.0e-103	48.3	416	373.2	65.9	92.0
WP_004328837.1	gnl|META|HS07715-MONOMER	2.2e-101	48.2	413	365.5	65.4	94.0
WP_004328837.1	gnl|META|MONOMER-8568	6.3e-101	49.0	408	364.0	65.7	92.9
WP_004328837.1	gnl|META|HS09847-MONOMER	4.1e-100	48.5	396	361.3	66.4	90.1
WP_004328837.1	gnl|META|S-ADENMETSYN-MONOMER	7.7e-99	47.1	433	357.1	62.4	99.3
WP_004328837.1	gnl|META|HP0197-MONOMER	3.2e-97	44.4	432	351.7	62.5	99.1
WP_004328837.1	gnl|META|MONOMER3O-1014	7.2e-97	47.6	414	350.5	64.0	94.3
WP_004328837.1	gnl|META|YLR180W-MONOMER	9.4e-97	49.5	400	350.1	64.5	91.1
WP_004328838.1	gnl|META|EG10463-MONOMER	5.5e-61	34.9	461	231.5	55.5	87.9
WP_004328838.1	gnl|META|G7682-MONOMER	3.7e-57	34.4	416	218.8	57.0	82.4
WP_004328839.1	gnl|META|RPOD-MONOMER	5.3e-56	41.0	268	214.2	67.9	92.3
WP_004328839.1	gnl|META|RPOS-MONOMER	9.6e-50	39.4	269	193.4	61.0	93.7
WP_004328841.1	gnl|META|EG11058-MONOMER	6.4e-62	52.8	214	233.4	68.7	96.4
WP_004328853.1	gnl|META|MONOMER-18568	1.2e-01	33.3	39	32.3	61.5	32.2
WP_004328854.1	gnl|META|EG10211-MONOMER	2.7e-08	30.2	199	55.8	38.7	50.0
WP_004328857.1	gnl|META|HS01647-MONOMER	2.2e-04	34.4	61	43.1	65.6	14.3
WP_004328859.1	gnl|META|MONOMER-18306	1.0e-111	49.4	417	399.8	66.9	94.3
WP_004328859.1	gnl|META|MONOMER-13467	6.5e-106	48.3	414	380.6	65.7	94.1
WP_004328859.1	gnl|META|MONOMER-13484	2.0e-102	46.3	423	369.0	64.5	95.0
WP_004328860.1	gnl|META|EG10942-MONOMER	5.3e-17	31.6	247	86.3	49.4	26.2
WP_004328860.1	gnl|META|EG10529-MONOMER	8.4e-15	27.0	256	79.0	45.3	25.8
WP_004328861.1	gnl|META|MONOMER-8562	9.1e-01	35.8	53	31.2	52.8	12.7
WP_004328863.1	gnl|META|UDPNACETYLGLUCOSAMACYLTRANS-MONOMER	2.8e-19	50.3	191	92.0	59.7	71.4
WP_004328864.1	gnl|META|UDPACYLGLCNACDEACETYL-MONOMER	5.9e-41	33.6	318	164.9	49.4	67.8
WP_004328867.1	gnl|META|G185E-6686-MONOMER	2.5e-84	47.3	336	308.5	64.0	97.4
WP_004328876.1	gnl|META|EG10737-MONOMER	1.5e-13	34.5	148	72.8	54.7	67.0
WP_004328879.1	gnl|META|EG11344-MONOMER	1.0e-77	38.1	452	287.0	53.3	99.6
WP_004328881.1	gnl|META|EG10915-MONOMER	1.4e-09	40.5	74	59.3	60.8	39.1
WP_004328884.1	gnl|META|EG10013-MONOMER	1.3e-08	30.4	148	57.8	44.6	24.7
WP_004328886.1	gnl|META|EG12424-MONOMER	1.1e-18	29.2	267	90.1	44.9	92.9
WP_004328886.1	gnl|META|EG12449-MONOMER	1.8e-16	34.0	191	82.8	47.6	66.7
WP_004328887.1	gnl|META|AROA-MONOMER	1.2e-53	32.6	420	206.8	51.4	98.6
WP_004328890.1	gnl|META|YHBG-MONOMER	8.9e-69	53.5	243	256.5	72.4	88.0
WP_004328891.1	gnl|META|EG10833-MONOMER	3.2e-134	40.6	611	475.3	60.2	82.7
WP_004328897.1	gnl|META|AT3G02090-MONOMER	6.3e-13	20.8	428	71.6	39.5	96.0
WP_004328898.1	gnl|META|AT3G02090-MONOMER	7.9e-21	21.4	355	97.8	44.5	83.3
WP_004328898.1	gnl|META|G3O-32293-MONOMER	9.7e-19	22.6	359	90.9	45.1	83.0
WP_004328900.1	gnl|META|PFOCLOS-MONOMER	0.0e+00	60.0	1178	1415.2	75.0	99.2
WP_004328900.1	gnl|META|NIFJKLEB-MONOMER	0.0e+00	59.2	1176	1358.2	73.2	99.2
WP_004328906.1	gnl|META|EG50002-MONOMER	6.3e-21	57.3	82	95.9	74.4	94.2
WP_004328907.1	gnl|META|EG50001-MONOMER	8.9e-14	32.0	103	72.4	59.2	100.0
WP_004328911.1	gnl|META|EG10043-MONOMER	1.3e-36	39.6	240	149.8	52.9	80.4
WP_004328913.1	gnl|META|KCH-MONOMER	1.4e-02	23.4	107	37.4	49.5	22.6
WP_004328913.1	gnl|META|HS02595-MONOMER	5.2e-02	48.5	33	35.4	72.7	7.4
WP_004328913.1	gnl|META|MONOMER-18725	1.2e-01	44.8	29	34.3	72.4	6.5
WP_004328913.1	gnl|META|MONOMER-12815	1.2e-01	36.6	41	34.3	61.0	9.2
WP_004328915.1	gnl|META|BSU00140-MONOMER	5.0e-32	38.3	193	134.0	57.0	91.3
WP_004328921.1	gnl|META|HS10587-MONOMER	1.9e-06	23.3	240	50.4	41.2	35.5
WP_004328923.1	gnl|META|HYBA-MONOMER	3.8e-04	39.0	41	42.0	61.0	13.4
WP_004328923.1	gnl|META|MONOMER-16059	5.0e-04	37.3	51	41.6	56.9	16.4
WP_004328924.1	gnl|META|STM2053-MONOMER	3.9e-37	34.4	340	152.1	47.9	71.3
WP_004328925.1	gnl|META|MONOMER-16198	6.8e-36	37.8	246	147.5	54.5	73.6
WP_004328928.1	gnl|META|MONOMER-16201	9.0e-36	42.5	193	146.4	66.8	97.4
WP_004328929.1	gnl|META|AT1G55920-MONOMER	4.6e-02	44.4	90	33.9	47.8	66.2
WP_004328931.1	gnl|META|HYPOXANPRIBOSYLTRAN-MONOMER	5.4e-30	40.4	161	127.1	65.8	87.8
WP_004328932.1	gnl|META|BSU13740-MONOMER	2.6e-12	28.2	174	68.6	44.3	68.7
WP_004328936.1	gnl|META|THI-P-KIN-MONOMER	1.2e-42	36.2	326	169.9	51.2	99.4
WP_004328938.1	gnl|META|HS00906-MONOMER	2.3e-75	36.7	442	279.3	57.2	87.4
WP_004328938.1	gnl|META|HS07088-MONOMER	7.6e-71	37.4	444	264.2	55.4	87.4
WP_004328938.1	gnl|META|MONOMER-18252	2.2e-70	37.3	426	262.7	56.8	84.6
WP_004328938.1	gnl|META|PKI-MONOMER	3.8e-70	37.5	424	261.9	57.1	85.2
WP_004328938.1	gnl|META|SYNPCC7942_0098-MONOMER	1.1e-69	34.4	477	260.4	55.6	95.7
WP_004328939.1	gnl|META|BSU35600-MONOMER	8.6e-27	23.3	460	117.9	45.0	93.5
WP_004328940.1	gnl|META|BUKCLOS-MONOMER	2.4e-111	55.5	353	398.3	72.8	99.2
WP_004328941.1	gnl|META|PTBCLOS-MONOMER	6.3e-60	43.8	299	227.3	62.5	99.7
WP_004328941.1	gnl|META|MONOMER-427	8.8e-54	40.8	304	206.8	62.2	98.7
WP_004328942.1	gnl|META|MONOMER-20612	2.1e-127	53.9	399	451.8	73.9	99.5
WP_004328942.1	gnl|META|MONOMER-428	5.4e-123	56.1	403	437.2	73.0	100.0
WP_004328942.1	gnl|META|ACKCLOS-MONOMER	1.2e-122	53.4	399	436.0	73.4	99.3
WP_004328942.1	gnl|META|MONOMER-13473	2.1e-119	52.5	402	425.2	71.4	100.0
WP_004328943.1	gnl|META|EG12209-MONOMER	2.1e-09	37.0	108	58.2	57.4	83.7
WP_004328944.1	gnl|META|CPXR-MONOMER	1.6e-28	34.1	229	122.5	53.7	97.2
WP_004328946.1	gnl|META|BSU37150-MONOMER	6.0e-178	55.1	534	620.2	73.0	98.5
WP_004328947.1	gnl|META|MONOMER-16600	1.9e-16	32.6	221	84.0	48.9	31.2
WP_004328949.1	gnl|META|G6501-MONOMER	1.3e-73	38.6	402	273.1	57.7	99.7
WP_004328951.1	gnl|META|EG10833-MONOMER	6.9e-80	45.3	338	294.7	63.3	52.6
WP_004328955.1	gnl|META|MONOMER-14750	1.3e-04	33.3	75	42.0	53.3	72.8
WP_004328958.1	gnl|META|MONOMER-14956	1.1e-01	27.3	128	34.7	44.5	20.4
WP_004328961.1	gnl|META|EG11064-MONOMER	8.9e-02	29.7	101	34.3	48.5	25.1
WP_004328962.1	gnl|META|HS10111-MONOMER	4.0e-01	29.2	72	33.1	52.8	10.5
WP_004328967.1	gnl|META|HS08267-MONOMER	8.4e-01	22.7	150	31.2	41.3	38.7
WP_004328975.1	gnl|META|YCHM-MONOMER	2.4e-65	31.5	553	246.1	48.1	95.2
WP_004328977.1	gnl|META|HP0773-MONOMER	5.5e-66	38.7	364	247.7	57.4	95.6
WP_004328979.1	gnl|META|EG11171-MONOMER	1.2e-75	44.2	346	279.6	63.6	97.4
WP_004328983.1	gnl|META|EG10271-MONOMER	1.8e-03	33.8	71	39.3	59.2	31.7
WP_004328987.1	gnl|META|MONOMER-16147	8.6e-58	34.2	409	220.7	52.3	92.5
WP_004328988.1	gnl|META|MONOMER-20723	3.4e-15	30.0	210	78.2	44.8	95.0
WP_004328997.1	gnl|META|AT5G50600-MONOMER	3.1e-34	33.8	275	141.7	53.5	95.6
WP_004328999.1	gnl|META|PRPPSYN-MONOMER	5.0e-76	49.7	310	280.8	68.4	97.8
WP_004328999.1	gnl|META|HS07410-MONOMER	3.7e-71	48.6	311	264.6	64.0	97.8
WP_004328999.1	gnl|META|HS02317-MONOMER	7.0e-70	47.6	311	260.4	64.0	97.8
WP_004328999.1	gnl|META|HS11931-MONOMER	2.9e-68	47.3	311	255.0	64.0	97.8
WP_004329000.1	gnl|META|G7319-MONOMER	8.5e-05	29.5	146	43.5	41.8	72.2
WP_004329000.1	gnl|META|G3O-32728-MONOMER	5.5e-04	26.2	168	40.8	44.0	82.8
WP_004329005.1	gnl|META|NARL-MONOMER	1.3e-03	35.4	65	39.7	60.0	32.0
WP_004329010.1	gnl|META|MONOMER-12	9.2e-18	20.6	321	87.8	44.2	64.2
WP_004329012.1	gnl|META|MONOMER-15696	1.3e-52	45.2	261	203.4	62.5	63.3
WP_004329023.1	gnl|META|MONOMER-15681	9.3e-42	31.7	312	167.2	51.3	85.0
WP_004329028.1	gnl|META|FHUC-MONOMER	6.7e-31	33.7	208	130.6	56.7	82.5
WP_004329028.1	gnl|META|FEPC-MONOMER	6.3e-29	29.0	248	124.0	53.6	97.6
WP_004329028.1	gnl|META|FECE-MONOMER	1.1e-28	30.2	235	123.2	54.0	92.9
WP_004329029.1	gnl|META|BTUC-MONOMER	2.6e-30	34.5	333	129.0	51.1	98.2
WP_004329029.1	gnl|META|FECD-MONOMER	4.6e-27	31.3	329	118.2	54.1	97.0
WP_004329029.1	gnl|META|FECC-MONOMER	7.8e-27	32.1	330	117.5	53.0	95.8
WP_004329030.1	gnl|META|EG12334-MONOMER	8.9e-03	26.8	157	37.7	44.6	40.5
WP_004329041.1	gnl|META|MONOMER-19690	5.7e-18	29.8	218	87.4	46.8	96.3
WP_004329041.1	gnl|META|G7408-MONOMER	8.2e-17	29.2	178	83.6	49.4	80.4
WP_004329047.1	gnl|META|EG11905-MONOMER	7.9e-28	33.5	212	120.2	54.2	97.2
WP_004329047.1	gnl|META|G6428-MONOMER	1.8e-27	31.3	214	119.0	57.0	97.2
WP_004329047.1	gnl|META|MONOMER-18839	8.2e-25	34.7	216	110.2	50.5	97.2
WP_004329057.1	gnl|META|EG10923-MONOMER	5.9e-27	38.5	200	117.1	55.0	96.9
WP_004329064.1	gnl|META|MONOMER-7726	3.4e-01	37.1	35	31.6	48.6	17.5
WP_004329075.1	gnl|META|MACB	5.6e-50	46.8	220	193.7	68.6	99.1
WP_004329077.1	gnl|META|EG11538-MONOMER	7.6e-37	40.8	240	150.2	54.6	98.7
WP_004329082.1	gnl|META|EG10823-MONOMER	4.8e-03	27.6	127	38.9	44.1	26.8
WP_004329085.1	gnl|META|EG12436-MONOMER	2.9e-21	25.5	466	99.4	41.2	99.1
WP_004329086.1	gnl|META|MONOMER-16159	2.6e-90	47.4	382	328.6	62.3	97.7
WP_004329086.1	gnl|META|AT5G62790-MONOMER	1.7e-89	46.6	382	325.9	62.6	97.7
WP_004329086.1	gnl|META|DXPREDISOM-MONOMER	4.0e-83	42.6	397	304.7	59.9	100.0
WP_004329091.1	gnl|META|EG11826-MONOMER	5.0e-35	22.8	807	146.0	44.1	94.2
WP_004329091.1	gnl|META|G7105-MONOMER	1.4e-32	27.7	358	137.9	50.0	42.2
WP_004329091.1	gnl|META|G7105-MONOMER	3.5e-04	20.3	306	43.5	41.2	36.5
WP_004329092.1	gnl|META|G7107-MONOMER	3.7e-11	30.2	192	65.1	44.8	71.3
WP_004329093.1	gnl|META|MONOMER-5647	9.1e-20	31.2	205	94.4	45.9	39.0
WP_004329093.1	gnl|META|TRE6PHYDRO-MONOMER	1.5e-19	30.1	206	93.6	44.2	40.1
WP_004329093.1	gnl|META|MONOMER-16314	1.5e-19	30.7	202	93.6	47.0	41.5
WP_004329093.1	gnl|META|MONOMER-5946	2.6e-19	29.7	212	92.8	43.4	40.1
WP_004329093.1	gnl|META|MONOMER-6023	4.5e-19	31.3	217	92.0	44.2	41.8
WP_004329094.1	gnl|META|MONOMER3O-86	4.0e-01	29.5	61	32.0	47.5	18.6
WP_004329096.1	gnl|META|YDL052C-MONOMER	1.2e-21	33.8	207	99.8	51.7	82.6
WP_004329096.1	gnl|META|AT4G30580-MONOMER	3.6e-21	32.6	215	98.2	53.0	87.2
WP_004329097.1	gnl|META|EG10424-MONOMER	2.6e-68	32.7	569	256.1	52.5	84.6
WP_004329098.1	gnl|META|EG10423-MONOMER	1.5e-51	32.3	393	201.1	53.2	39.3
WP_004329099.1	gnl|META|AROK-MONOMER	3.1e-19	35.5	169	91.3	55.0	96.0
WP_004329100.1	gnl|META|MONOMER-15462	2.2e-37	38.5	221	152.1	56.1	85.5
WP_004329101.1	gnl|META|MONOMER-18123	2.8e-02	23.3	103	37.4	42.7	10.6
WP_004329102.1	gnl|META|SUGE-MONOMER	3.8e-15	43.1	109	77.0	63.3	100.0
WP_004329108.1	gnl|META|YEEO-MONOMER	1.6e-03	20.8	216	40.4	43.5	47.0
WP_004329110.1	gnl|META|EG11921-MONOMER	6.6e-37	37.3	233	151.4	57.9	51.0
WP_004329111.1	gnl|META|MONOMER-18953	7.1e-01	30.5	59	31.6	42.4	14.0
WP_004329119.1	gnl|META|ADENYLOSUCCINATE-SYN-MONOMER	1.7e-95	45.4	421	345.9	59.6	98.6
WP_004329119.1	gnl|META|YNL220W-MONOMER	2.2e-95	42.7	429	345.5	60.1	98.8
WP_004329119.1	gnl|META|AT3G57610-MONOMER	2.5e-91	42.4	427	332.0	59.0	100.0
WP_004329120.1	gnl|META|ETFBCLOS-MONOMER	9.2e-48	44.3	253	186.8	61.3	86.6
WP_004329120.1	gnl|META|MONOMER-12759	1.2e-44	40.3	293	176.4	57.0	98.3
WP_004329121.1	gnl|META|ETFACLOS-MONOMER	2.9e-77	48.5	334	285.0	63.8	97.9
WP_004329122.1	gnl|META|MONOMER-16784	9.6e-57	36.0	425	217.6	51.5	69.2
WP_004329122.1	gnl|META|MONOMER-12757	6.0e-51	33.8	393	198.4	51.4	67.2
WP_004329126.1	gnl|META|MONOMER-14887	2.6e-26	39.4	170	114.8	61.8	96.5
WP_004329134.1	gnl|META|G6261-MONOMER	1.5e-75	45.8	308	279.3	64.0	95.4
WP_004329137.1	gnl|META|MONOMER-16484	5.2e-01	35.7	42	31.6	59.5	13.3
WP_004329142.1	gnl|META|EG11061-MONOMER	2.9e-276	50.7	942	947.6	69.7	99.5
WP_004329145.1	gnl|META|EG10986-MONOMER	9.0e-52	51.9	183	199.5	67.2	95.8
WP_004329146.1	gnl|META|HS09452-MONOMER	2.6e-19	50.4	119	91.3	59.7	77.2
WP_004329148.1	gnl|META|EG11816-MONOMER	5.6e-47	59.4	155	183.3	72.9	96.9
WP_004329152.1	gnl|META|EG10695-MONOMER	1.9e-114	43.5	483	409.1	61.3	99.8
WP_004329156.1	gnl|META|ZNUA-MONOMER	3.0e-11	23.1	277	65.5	39.4	90.3
WP_004329157.1	gnl|META|ZNUC-MONOMER	6.1e-27	33.2	214	117.5	54.7	80.8
WP_004329161.1	gnl|META|ARGS-MONOMER	6.2e-59	28.9	606	224.9	47.9	100.0
WP_004329164.1	gnl|META|EG11311-MONOMER	6.3e-56	40.6	293	214.2	59.0	85.6
WP_004329166.1	gnl|META|MONOMER-7803	2.0e-30	31.3	259	129.0	52.1	98.5
WP_004329170.1	gnl|META|PSERPHOSPHA-MONOMER	5.0e-52	49.5	208	201.4	66.3	51.5
WP_004329174.1	gnl|META|YHBG-MONOMER	1.9e-13	30.0	203	72.4	47.3	83.7
WP_004329174.1	gnl|META|FECE-MONOMER	5.6e-13	25.1	231	70.9	43.7	95.0
WP_004329174.1	gnl|META|ZNUC-MONOMER	6.1e-12	31.3	198	67.4	47.5	86.4
WP_004329176.1	gnl|META|EG11404-MONOMER	1.2e-11	32.4	105	67.0	51.4	26.7
WP_004329176.1	gnl|META|EG10437-MONOMER	8.7e-10	29.9	167	60.8	48.5	49.2
WP_004329177.1	gnl|META|MONOMER-12815	4.9e-115	57.4	364	410.6	74.2	98.6
WP_004329177.1	gnl|META|MONOMER-12812	5.8e-108	55.5	366	387.1	70.8	99.2
WP_004329182.1	gnl|META|EG12172-MONOMER	1.3e-06	34.0	103	48.9	53.4	74.2
WP_004329184.1	gnl|META|SPOT-MONOMER	1.6e-120	35.0	712	429.9	59.1	95.4
WP_004329185.1	gnl|META|EG10823-MONOMER	5.5e-113	61.5	325	403.7	79.1	96.2
WP_004329188.1	gnl|META|MONOMER-6122	2.0e-123	42.3	575	439.1	61.9	97.2
WP_004329193.1	gnl|META|MONOMER-19681	2.2e-38	38.1	226	155.2	60.2	97.7
WP_004329193.1	gnl|META|MONOMER-19686	1.5e-34	37.2	226	142.5	56.6	97.7
WP_004329194.1	gnl|META|G3O-32293-MONOMER	3.0e-33	23.7	401	139.0	46.6	94.8
WP_004329194.1	gnl|META|AT3G02090-MONOMER	6.3e-31	24.7	401	131.3	45.4	95.5
WP_004329195.1	gnl|META|EG11061-MONOMER	1.5e-224	45.0	948	775.8	62.8	98.5
WP_004329197.1	gnl|META|EG10530-MONOMER	3.4e-17	22.8	364	85.9	36.0	80.3
WP_004329198.1	gnl|META|DIHYDROPICRED-MONOMER	4.4e-24	31.1	270	107.8	49.3	99.6
WP_004329199.1	gnl|META|ASPARTASE-MONOMER	3.4e-140	53.3	467	494.6	69.6	98.1
WP_004329201.1	gnl|META|MONOMER-14178	4.0e-98	43.0	467	354.8	62.3	99.3
WP_004329201.1	gnl|META|HS01727-MONOMER	1.4e-90	40.4	463	329.7	60.5	96.9
WP_004329201.1	gnl|META|MONOMER-12931	1.2e-89	38.9	470	326.6	60.4	99.1
WP_004329201.1	gnl|META|MONOMER-18303	2.6e-89	41.7	458	325.5	60.9	96.9
WP_004329205.1	gnl|META|ACRB-MONOMER	3.9e-181	36.6	1049	631.7	58.9	99.4
WP_004329205.1	gnl|META|YHIV-MONOMER	7.5e-177	36.3	1036	617.5	58.4	98.4
WP_004329205.1	gnl|META|ACRD-MONOMER	3.7e-176	36.1	1036	615.1	58.7	98.6
WP_004329205.1	gnl|META|ACRF-MONOMER	7.0e-175	36.5	1042	610.9	58.2	98.8
WP_004329206.1	gnl|META|G6320-MONOMER	1.3e-48	30.9	431	190.3	51.3	94.3
WP_004329207.1	gnl|META|MONOMER-7584	8.0e-131	52.1	451	463.4	69.2	98.2
WP_004329207.1	gnl|META|MONOMER-7541	8.3e-120	49.9	455	426.8	65.5	98.2
WP_004329210.1	gnl|META|EG10013-MONOMER	1.3e-14	41.1	95	77.0	57.9	25.5
WP_004329210.1	gnl|META|EG12111-MONOMER	6.5e-14	36.1	119	74.7	56.3	32.0
WP_004329210.1	gnl|META|EG12297-MONOMER	1.6e-12	36.2	116	70.1	55.2	30.6
WP_004329212.1	gnl|META|DALADALALIGA-MONOMER	2.2e-45	31.9	357	179.1	51.5	99.1
WP_004329212.1	gnl|META|MONOMER-15480	4.1e-44	31.2	349	174.9	48.1	97.3
WP_004329212.1	gnl|META|DALADALALIGB-MONOMER	3.8e-42	32.2	323	168.3	51.1	96.1
WP_004329212.1	gnl|META|MONOMER-15483	1.1e-41	32.0	337	166.8	51.6	96.1
WP_004329212.1	gnl|META|MONOMER-15478	5.5e-41	30.4	342	164.5	48.5	97.6
WP_004329212.1	gnl|META|MONOMER-15479	3.6e-40	27.8	338	161.8	51.5	95.8
WP_004329212.1	gnl|META|MONOMER-15466	3.6e-40	29.8	342	161.8	47.7	97.3
WP_004329214.1	gnl|META|MONOMER3O-102	1.6e-32	38.3	188	135.6	63.8	98.9
WP_004329216.1	gnl|META|AT4G35630-MONOMER	6.4e-75	43.4	364	277.3	61.3	98.3
WP_004329216.1	gnl|META|HS05946-MONOMER	2.3e-72	42.0	367	268.9	60.2	98.6
WP_004329216.1	gnl|META|PSERTRANSAM-MONOMER	5.1e-72	41.4	365	267.7	57.8	98.3
WP_004329216.1	gnl|META|MONOMER-20570	7.3e-71	39.8	367	263.8	58.6	98.1
WP_004329221.1	gnl|META|MONOMER-12696	9.7e-47	34.2	368	183.7	51.6	95.6
WP_004329222.1	gnl|META|MONOMER-12695	3.4e-30	37.6	197	128.3	50.3	76.6
WP_004329223.1	gnl|META|MONOMER-12694	4.3e-11	26.2	160	64.3	48.1	86.7
WP_004329223.1	gnl|META|HP0591-MONOMER	1.8e-09	33.3	114	58.9	52.6	61.9
WP_004329224.1	gnl|META|RED-THIOREDOXIN2-MONOMER	9.6e-15	38.6	88	75.9	62.5	71.5
WP_004329224.1	gnl|META|RED-THIOREDOXIN-MONOMER	4.8e-14	39.8	83	73.6	59.0	67.5
WP_004329228.1	gnl|META|EG11268-MONOMER	1.1e-62	41.0	312	236.5	62.2	97.2
WP_004329229.1	gnl|META|AT5G64300-MONOMER	3.4e-117	53.2	400	417.9	70.0	97.5
WP_004329231.1	gnl|META|ZNUB-MONOMER	9.6e-10	21.2	245	60.5	43.7	86.8
WP_004329234.1	gnl|META|EG10760-MONOMER	1.5e-01	32.7	55	34.3	50.9	9.3
WP_004329234.1	gnl|META|EG10463-MONOMER	1.0e+00	42.4	33	31.6	69.7	5.6
WP_004329235.1	gnl|META|G6364-MONOMER	2.9e-50	31.0	442	195.7	48.6	98.8
WP_004329248.1	gnl|META|MONOMER-16470	1.9e-01	33.9	56	34.7	60.7	5.8
WP_004329251.1	gnl|META|G6320-MONOMER	4.2e-39	25.9	459	158.7	46.0	97.6
WP_004329252.1	gnl|META|ACRB-MONOMER	8.7e-189	38.4	1056	657.1	57.9	97.8
WP_004329252.1	gnl|META|ACRD-MONOMER	2.2e-184	37.4	1027	642.5	57.6	96.1
WP_004329252.1	gnl|META|ACRF-MONOMER	9.4e-183	38.1	1031	637.1	57.0	96.3
WP_004329252.1	gnl|META|YHIV-MONOMER	1.7e-179	36.6	1039	626.3	57.5	97.1
WP_004329256.1	gnl|META|CPXR-MONOMER	5.8e-26	34.6	231	114.0	51.9	99.1
WP_004329257.1	gnl|META|BAES-MONOMER	1.5e-14	25.5	271	77.0	45.4	61.2
WP_004329257.1	gnl|META|PHOR-MONOMER	3.7e-13	27.5	211	72.4	46.9	46.8
WP_004329264.1	gnl|META|MONOMER-17076	1.5e-50	30.3	544	197.2	46.5	78.8
WP_004329265.1	gnl|META|MONOMER-17582	2.7e-61	41.9	301	231.9	59.5	94.0
WP_004329265.1	gnl|META|MONOMER-19304	1.7e-60	40.8	304	229.2	60.9	94.6
WP_004329266.1	gnl|META|SYNPCC7942_1415-MONOMER	1.2e-60	32.6	470	230.3	53.4	94.9
WP_004329267.1	gnl|META|SYNPCC7942_1439-MONOMER	3.3e-66	31.6	490	248.8	52.9	98.4
WP_004329267.1	gnl|META|SYNPCC7942_0609-MONOMER	2.4e-64	34.8	485	242.7	53.2	96.6
WP_004329268.1	gnl|META|SYNPCC7942_1977-MONOMER	2.2e-110	40.4	686	396.0	56.9	98.9
WP_004329269.1	gnl|META|SYNPCC7942_1346-MONOMER	1.2e-15	37.6	101	78.6	67.3	99.0
WP_004329270.1	gnl|META|SYNPCC7942_1345-MONOMER	1.7e-09	31.6	171	58.9	48.5	97.0
WP_004329271.1	gnl|META|AT1G79010-MONOMER	3.0e-07	37.1	70	51.2	52.9	48.3
WP_004329271.1	gnl|META|NUOI-MONOMER	2.5e-06	29.8	84	48.1	45.2	57.9
WP_004329272.1	gnl|META|ATMG01120-MONOMER	2.4e-66	42.1	309	248.8	64.1	86.3
WP_004329272.1	gnl|META|MONOMER-16398	1.7e-64	38.9	332	242.7	64.2	92.5
WP_004329272.1	gnl|META|NUOH-MONOMER	4.0e-61	39.1	327	231.5	59.9	91.1
WP_004329272.1	gnl|META|SYNPCC7942_1343-MONOMER	5.8e-60	37.9	348	227.6	60.9	93.3
WP_004329273.1	gnl|META|NUOC-MONOMER	1.3e-79	32.2	565	293.5	50.4	97.0
WP_004329273.1	gnl|META|MONOMER-12223	2.4e-78	39.1	371	289.3	58.5	67.3
WP_004329273.1	gnl|META|MONOMER-16397	1.1e-73	39.1	386	273.9	55.2	65.9
WP_004329273.1	gnl|META|ATMG00510-MONOMER	6.4e-71	37.0	384	264.6	54.4	66.2
WP_004329274.1	gnl|META|AT5G11770-MONOMER	2.0e-47	54.8	146	185.3	77.4	66.7
WP_004329274.1	gnl|META|NUOB-MONOMER	8.4e-46	59.2	142	179.9	73.9	64.8
WP_004329274.1	gnl|META|SYNPCC7942_1181-MONOMER	4.2e-45	58.0	143	177.6	76.2	64.8
WP_004329274.1	gnl|META|MONOMER-12224	3.5e-44	55.1	138	174.5	73.2	63.0
WP_004329275.1	gnl|META|SYNPCC7942_1180-MONOMER	1.4e-20	44.7	114	95.1	66.7	98.3
WP_004329279.1	gnl|META|G6731-MONOMER	1.1e-03	28.4	109	39.7	49.5	54.5
WP_004329288.1	gnl|META|EG10463-MONOMER	4.9e-14	34.6	182	75.1	54.9	47.2
WP_004329316.1	gnl|META|CPXR-MONOMER	4.3e-07	28.6	119	50.4	52.1	96.7
WP_004329317.1	gnl|META|ARCB-MONOMER	1.2e-18	29.6	257	90.5	51.4	62.5
WP_004329317.1	gnl|META|CPXR-MONOMER	5.0e-17	42.5	113	85.1	61.9	29.0
WP_004329318.1	gnl|META|EG10210-MONOMER	3.5e-63	37.8	362	239.2	58.0	55.4
WP_004329318.1	gnl|META|EG10844-MONOMER	2.8e-60	37.3	351	229.6	57.5	52.5
WP_004329320.1	gnl|META|MONOMER-263	1.1e-34	42.3	156	142.5	63.5	95.1
WP_004329321.1	gnl|META|MONOMER-16338	4.4e-174	52.4	582	607.4	69.6	98.1
WP_004329322.1	gnl|META|MONOMER-16339	4.7e-216	62.4	564	746.9	76.6	94.5
WP_004329323.1	gnl|META|MONOMER-16341	6.3e-14	34.5	113	73.2	58.4	90.3
WP_004329335.1	gnl|META|EG10662-MONOMER	1.4e-40	43.6	202	162.5	55.9	92.7
WP_004329336.1	gnl|META|EG10760-MONOMER	1.0e-01	27.3	99	34.7	43.4	18.9
WP_004329338.1	gnl|META|PD00232	7.9e-15	25.9	255	77.4	45.9	83.4
WP_004329339.1	gnl|META|EG10724-MONOMER	3.1e-01	29.7	64	31.6	50.0	33.2
WP_004329341.1	gnl|META|YJL172W-MONOMER	1.9e-45	28.1	498	179.9	45.4	89.0
WP_004329344.1	gnl|META|EG11652-MONOMER	7.8e-02	37.3	67	35.4	55.2	9.5
WP_004329345.1	gnl|META|EG11298-MONOMER	7.8e-30	44.0	184	126.7	60.9	90.6
WP_004329347.1	gnl|META|MONOMER-17375	1.2e-33	38.3	201	139.4	53.2	95.3
WP_004329350.1	gnl|META|LIPIDADISACCHARIDESYNTH-MONOMER	3.7e-41	32.5	379	165.2	49.6	97.4
WP_004329351.1	gnl|META|EG11023-MONOMER	9.0e-51	46.2	225	196.4	62.7	99.1
WP_004329353.1	gnl|META|G6475-MONOMER	5.5e-37	35.0	214	150.6	56.1	95.5
WP_004329356.1	gnl|META|EG11247-MONOMER	3.2e-42	27.6	482	169.1	46.7	99.6
WP_004329359.1	gnl|META|EG11118-MONOMER	1.0e-20	32.3	217	96.7	48.8	88.6
WP_004329360.1	gnl|META|EG11852-MONOMER	4.0e-31	49.3	144	130.6	61.1	96.0
WP_004329363.1	gnl|META|MONOMER-15054	3.7e-02	26.1	88	35.4	47.7	26.6
WP_004329363.1	gnl|META|MONOMER-19618	1.9e-01	25.0	80	33.1	45.0	25.0
WP_004329366.1	gnl|META|EG10763-MONOMER	1.2e-96	33.7	763	350.5	48.6	99.9
WP_004329367.1	gnl|META|PRPPSYN-MONOMER	2.8e-02	31.9	72	35.4	50.0	30.5
WP_004329369.1	gnl|META|G6458-MONOMER	6.8e-13	30.8	169	70.5	52.1	82.0
WP_004329370.1	gnl|META|EG10236-MONOMER	3.2e-83	42.4	443	305.4	60.3	84.0
WP_004329371.1	gnl|META|MONOMER-11777	4.7e-07	23.2	345	52.4	38.8	61.4
WP_004329371.1	gnl|META|AT1G08520-MONOMER	1.8e-06	23.5	358	50.4	38.3	62.8
WP_004329373.1	gnl|META|NACGLCTRANS-MONOMER	1.7e-46	35.4	364	183.0	53.3	98.1
WP_004329373.1	gnl|META|G185E-6361-MONOMER	7.3e-42	35.2	372	167.5	50.8	95.9
WP_004329374.1	gnl|META|UDP-NACMUR-ALA-LIG-MONOMER	9.0e-64	34.2	476	240.7	52.1	93.3
WP_004329374.1	gnl|META|G185E-6360-MONOMER	1.5e-58	35.0	486	223.4	49.4	93.0
WP_004329381.1	gnl|META|MONOMER-14812	2.1e-02	27.3	88	36.6	46.6	19.3
WP_004329382.1	gnl|META|EG11013-MONOMER	3.9e-114	40.8	662	408.7	56.2	80.8
WP_004329385.1	gnl|META|G12WB-2964-MONOMER	4.3e-84	42.5	348	307.8	64.9	99.7
WP_004329386.1	gnl|META|EG11177-MONOMER	4.2e-30	33.2	220	127.9	53.2	91.7
WP_004329387.1	gnl|META|EG11665-MONOMER	1.2e-30	33.7	273	129.8	54.2	97.0
WP_004329391.1	gnl|META|MONOMER-13766	1.7e-42	34.6	315	169.5	52.4	95.4
WP_004329391.1	gnl|META|MONOMER-13770	3.2e-41	35.4	316	165.2	54.7	95.4
WP_004329391.1	gnl|META|MONOMER-14627	4.7e-40	34.1	296	161.4	52.7	88.4
WP_004329391.1	gnl|META|OPPSYN-MONOMER	8.8e-39	30.7	332	157.1	52.1	99.7
WP_004329394.1	gnl|META|RELA-MONOMER	7.1e-97	32.6	666	351.3	52.9	87.4
WP_004329394.1	gnl|META|SPOT-MONOMER	1.2e-93	32.8	702	340.5	50.7	94.3
WP_004329396.1	gnl|META|EG11207-MONOMER	2.4e-25	43.3	141	111.3	61.7	97.2
WP_004329397.1	gnl|META|MHPCHYDROL-MONOMER	2.8e-14	26.0	273	75.5	41.8	92.3
WP_004329399.1	gnl|META|DIAMINOPIMEPIM-MONOMER	3.7e-27	31.4	280	118.2	47.5	95.9
WP_004329401.1	gnl|META|MONOMER-16933	4.0e-20	33.2	190	94.7	50.0	76.6
WP_004329405.1	gnl|META|HS02643-MONOMER	2.9e-01	24.1	158	31.6	44.3	89.9
WP_004329407.1	gnl|META|UPPSYN-MONOMER	4.6e-61	51.8	226	230.7	66.4	93.0
WP_004329407.1	gnl|META|MONOMER-15682	1.4e-57	51.1	233	219.2	60.1	95.9
WP_004329408.1	gnl|META|MONOMER0-541	1.5e-34	34.6	283	142.9	51.9	93.5
WP_004329409.1	gnl|META|PDXJ-MONOMER	1.1e-35	38.2	233	146.4	54.1	97.1
WP_004329414.1	gnl|META|G7698-MONOMER	9.4e-17	29.2	154	83.2	50.6	78.6
WP_004329415.1	gnl|META|GLYOXI-MONOMER	4.0e-08	27.6	123	53.9	44.7	92.9
WP_004329418.1	gnl|META|EG11266-MONOMER	1.4e-14	43.0	93	76.6	60.2	29.6
WP_004329418.1	gnl|META|BSU35550-MONOMER	1.3e-12	40.9	93	70.1	59.1	29.3
WP_004329419.1	gnl|META|MONOMER-15994	2.7e-03	35.5	62	39.3	51.6	18.6
WP_004329423.1	gnl|META|THRS-MONOMER	5.6e-146	40.9	648	514.2	59.9	99.2
WP_004329425.1	gnl|META|STM0163-MONOMER	2.5e-42	35.7	325	169.1	50.8	87.4
WP_004329425.1	gnl|META|PDXA-MONOMER	4.2e-42	34.0	326	168.3	49.1	88.5
WP_004329425.1	gnl|META|MONOMER-20187	7.2e-42	35.0	320	167.5	51.2	86.5
WP_004329428.1	gnl|META|MONOMER-16328	1.9e-09	26.7	187	59.3	48.1	71.5
WP_004329429.1	gnl|META|G7175-MONOMER	6.3e-39	32.5	305	157.5	50.5	95.8
WP_004329432.1	gnl|META|THIOREDOXIN-REDUCT-NADPH-MONOMER	7.8e-90	56.1	310	326.6	71.3	98.0
WP_004329437.1	gnl|META|HS08155-MONOMER	2.0e-02	48.9	47	36.6	57.4	11.9
WP_004329437.1	gnl|META|HS09136-MONOMER	3.5e-02	33.3	84	35.8	46.4	18.4
WP_004329438.1	gnl|META|EG11663-MONOMER	2.8e-18	34.6	153	88.2	54.2	81.7
WP_004329440.1	gnl|META|GCVP-MONOMER	4.9e-260	49.0	946	893.6	66.6	99.4
WP_004329440.1	gnl|META|HS00622-MONOMER	1.7e-257	47.5	951	885.2	66.2	99.6
WP_004329440.1	gnl|META|MONOMER-12926	1.9e-251	47.4	951	865.1	65.4	99.6
WP_004329447.1	gnl|META|MONOMER-15090	5.0e-05	31.6	76	44.7	53.9	27.4
WP_004329449.1	gnl|META|EG11072-MONOMER	7.6e-24	27.3	267	107.8	49.8	65.4
WP_004329451.1	gnl|META|DMK-MONOMER	1.2e-34	35.3	300	143.3	52.3	96.7
WP_004329453.1	gnl|META|EG10668-MONOMER	3.6e-07	44.1	59	50.4	57.6	56.4
WP_004329457.1	gnl|META|LEUS-MONOMER	1.2e-157	34.7	944	553.5	50.7	99.9
WP_004329460.1	gnl|META|EG10911-MONOMER	2.9e-49	75.8	124	190.7	83.1	92.5
WP_004329461.1	gnl|META|EG10906-MONOMER	3.9e-37	51.7	151	150.6	75.5	95.6
WP_004329462.1	gnl|META|EG10529-MONOMER	6.5e-23	38.1	176	105.5	54.5	24.2
WP_004329464.1	gnl|META|EG10909-MONOMER	2.2e-25	54.0	100	110.9	77.0	99.0
WP_004329466.1	gnl|META|EG10866-MONOMER	2.2e-40	42.4	205	161.8	62.0	99.5
WP_004329467.1	gnl|META|EG10867-MONOMER	1.5e-23	37.7	199	105.9	56.8	95.2
WP_004329468.1	gnl|META|EG10883-MONOMER	3.1e-08	37.0	92	53.9	58.7	95.8
WP_004329469.1	gnl|META|EG10865-MONOMER	3.4e-76	52.6	274	281.2	67.2	100.0
WP_004329470.1	gnl|META|EG10918-MONOMER	3.9e-26	61.4	88	113.2	72.7	98.9
WP_004329471.1	gnl|META|EG10882-MONOMER	3.8e-20	48.6	109	94.0	73.4	80.1
WP_004329472.1	gnl|META|EG10902-MONOMER	2.0e-62	56.0	209	235.3	76.1	79.1
WP_004329473.1	gnl|META|EG10877-MONOMER	1.2e-40	58.2	134	162.2	79.9	94.4
WP_004329474.1	gnl|META|EG10887-MONOMER	1.7e-02	32.8	61	34.3	67.2	93.8
WP_004329476.1	gnl|META|EG10875-MONOMER	2.3e-37	65.9	123	151.0	78.0	100.0
WP_004329477.1	gnl|META|EG10884-MONOMER	4.6e-13	43.1	102	70.1	60.8	94.4
WP_004329478.1	gnl|META|EG10868-MONOMER	4.2e-54	54.9	175	207.2	77.1	92.6
WP_004329479.1	gnl|META|EG10913-MONOMER	9.0e-24	55.4	101	105.5	70.3	100.0
WP_004329481.1	gnl|META|EG10907-MONOMER	9.6e-29	45.8	131	122.5	67.2	99.2
WP_004329482.1	gnl|META|EG10869-MONOMER	1.5e-30	38.9	190	129.0	61.6	97.4
WP_004329483.1	gnl|META|EG10879-MONOMER	1.1e-10	34.5	116	62.4	51.7	96.7
WP_004329484.1	gnl|META|EG10904-MONOMER	4.3e-37	51.0	155	150.6	71.6	90.1
WP_004329485.1	gnl|META|EG10888-MONOMER	4.0e-06	43.6	55	46.2	63.6	91.7
WP_004329486.1	gnl|META|EG10876-MONOMER	4.2e-17	42.6	148	84.0	52.7	99.3
WP_004329488.1	gnl|META|EG10570-MONOMER	5.4e-52	41.7	247	200.7	60.7	95.3
WP_004329490.1	gnl|META|EG10912-MONOMER	8.3e-30	50.8	118	125.9	72.9	93.7
WP_004329491.1	gnl|META|EG10910-MONOMER	5.7e-34	48.8	129	139.8	71.3	100.0
WP_004329492.1	gnl|META|EG10903-MONOMER	2.0e-46	49.5	208	181.8	64.9	100.0
WP_004329493.1	gnl|META|EG10893-MONOMER	1.3e-53	37.5	323	206.5	59.4	96.7
WP_004329494.1	gnl|META|EG10878-MONOMER	6.2e-27	49.2	120	117.1	66.7	58.8
WP_004329495.1	gnl|META|AT5G38530-MONOMER	2.6e-150	57.3	443	528.1	75.4	97.6
WP_004329495.1	gnl|META|MONOMER-3543	6.0e-139	57.6	417	490.3	75.5	92.1
WP_004329498.1	gnl|META|LYSU-MONOMER	6.7e-135	48.1	509	477.2	68.0	87.3
WP_004329498.1	gnl|META|LYSS-MONOMER	1.3e-130	47.4	508	463.0	66.9	87.1
WP_004329499.1	gnl|META|MONOMER-18053	3.1e-02	43.2	44	37.0	50.0	5.7
WP_004329501.1	gnl|META|YDEA-MONOMER	4.0e-86	46.6	371	314.7	67.7	93.2
WP_004329502.1	gnl|META|HS05538-MONOMER	5.9e-02	52.9	34	34.3	61.8	14.7
WP_004329502.1	gnl|META|G6439-MONOMER	7.7e-02	30.5	59	33.9	55.9	26.2
WP_004329503.1	gnl|META|MONOMER-19201	1.3e-70	41.4	406	263.5	57.9	80.0
WP_004329506.1	gnl|META|EG12345-MONOMER	7.6e-51	44.8	241	196.8	60.2	94.8
WP_004329506.1	gnl|META|MONOMER-16213	1.9e-46	45.0	238	182.2	57.6	93.6
WP_004329508.1	gnl|META|MONOMER-20135	1.4e-41	37.1	232	166.0	60.8	97.5
WP_004329512.1	gnl|META|YDHE-MONOMER	5.1e-10	21.5	410	62.0	40.7	92.3
WP_004329521.1	gnl|META|EG10548-MONOMER	7.9e-06	27.7	119	47.0	48.7	58.9
WP_004329523.1	gnl|META|MONOMER-12998	3.4e-05	34.7	101	46.6	48.5	14.8
WP_004329545.1	gnl|META|G7622-MONOMER	2.3e-87	42.9	427	318.9	61.4	99.1
WP_004329546.1	gnl|META|KDOTRANS-MONOMER	1.1e-30	27.9	380	130.6	45.0	85.9
WP_004329550.1	gnl|META|EG11920-MONOMER	1.4e-54	46.0	226	209.1	61.5	97.0
WP_004329551.1	gnl|META|EG50003-MONOMER	1.2e-18	58.4	77	88.2	74.0	98.7
WP_004329552.1	gnl|META|3-OXOACYL-ACP-SYNTHII-MONOMER	3.9e-108	48.8	416	387.9	66.3	100.0
WP_004329552.1	gnl|META|MONOMER-19302	1.2e-104	46.4	412	376.3	67.0	99.0
WP_004329552.1	gnl|META|MONOMER-19312	3.2e-102	47.4	411	368.2	64.2	99.0
WP_004329559.1	gnl|META|EG11440-MONOMER	4.0e-25	38.4	159	110.9	58.5	87.8
WP_004329565.1	gnl|META|EG10746-MONOMER	6.0e-01	36.8	38	31.2	63.2	14.0
WP_004329574.1	gnl|META|EG10156-MONOMER	1.0e-03	29.3	75	38.5	50.7	98.6
WP_004329608.1	gnl|META|EG10826-MONOMER	5.0e-03	50.0	36	39.7	69.4	4.4
WP_004329614.1	gnl|META|HS03372-MONOMER	1.4e-01	35.4	48	34.3	56.2	8.6
WP_004329634.1	gnl|META|GALPMUT-MONOMER	2.6e-132	59.7	357	468.0	77.6	98.1
WP_004329635.1	gnl|META|MONOMER-20013	5.3e-20	31.4	220	94.7	49.1	66.0
WP_004329635.1	gnl|META|MONOMER-19974	1.4e-17	27.3	216	86.7	50.9	63.2
WP_004329637.1	gnl|META|BSU35550-MONOMER	4.0e-16	38.1	118	81.3	57.6	54.4
WP_004329641.1	gnl|META|RPOE-MONOMER	5.4e-12	27.6	174	67.4	49.4	87.6
WP_004329642.1	gnl|META|YIIP-MONOMER	5.6e-27	28.1	288	117.9	52.8	92.0
WP_004329644.1	gnl|META|PROS-MONOMER	3.0e-14	29.7	155	76.3	56.1	31.0
WP_004329672.1	gnl|META|EG11014-MONOMER	1.5e-72	33.1	611	270.4	49.9	81.6
WP_004329691.1	gnl|META|ENSG00000154316-MONOMER	5.8e-32	44.5	164	134.4	62.8	51.7
WP_004329698.1	gnl|META|EG10850-MONOMER	3.5e-01	30.4	112	30.8	42.9	85.4
WP_004329700.1	gnl|META|RED-THIOREDOXIN2-MONOMER	3.8e-03	34.2	79	38.1	45.6	36.4
WP_004329700.1	gnl|META|RED-THIOREDOXIN-MONOMER	6.4e-03	40.0	30	37.4	73.3	14.4
WP_004329701.1	gnl|META|UMPKI-MONOMER	4.6e-66	52.4	231	247.3	74.0	98.3
WP_004329702.1	gnl|META|DXS-MONOMER	8.1e-150	42.8	621	526.9	62.2	98.6
WP_004329702.1	gnl|META|AT4G15560-MONOMER	3.0e-144	44.0	634	508.4	59.8	97.9
WP_004329702.1	gnl|META|MONOMER-16158	5.6e-143	43.7	643	504.2	59.4	98.7
WP_004329702.1	gnl|META|BSU24270-MONOMER	8.9e-141	41.4	619	496.9	59.9	97.5
WP_004329704.1	gnl|META|EG10834-MONOMER	1.0e-34	38.6	197	142.9	60.4	99.0
WP_004329707.1	gnl|META|FUMB-MONOMER	7.5e-205	64.0	533	709.5	77.9	99.1
WP_004329707.1	gnl|META|FUMA-MONOMER	4.5e-202	63.5	534	700.3	77.5	99.3
WP_004329710.1	gnl|META|MANNPGUANYLTRANGDP-MONOMER	2.0e-03	35.2	54	38.1	53.7	48.6
WP_004329713.1	gnl|META|CYDB-MONOMER	5.6e-21	25.7	374	98.2	45.7	95.0
WP_004329714.1	gnl|META|APPC-MONOMER	3.7e-116	44.4	514	414.8	63.2	97.9
WP_004329714.1	gnl|META|CYDA-MONOMER	8.2e-116	43.6	518	413.7	62.9	98.5
WP_004329716.1	gnl|META|FORMYLSYNTHCLTH-MONOMER	1.3e-172	54.0	554	602.4	71.7	99.5
WP_004329716.1	gnl|META|MONOMER-13114	1.5e-171	53.0	559	599.0	72.1	100.0
WP_004329716.1	gnl|META|MONOMER-3942	7.3e-163	53.0	557	570.1	68.4	99.8
WP_004329718.1	gnl|META|MONOMER-15696	6.5e-54	51.9	214	207.6	67.8	56.3
WP_004329724.1	gnl|META|EG12666-MONOMER	8.5e-15	25.5	231	77.0	43.3	91.8
WP_004329725.1	gnl|META|THYMIDYLATESYN-MONOMER	1.6e-95	56.0	298	345.5	68.1	99.7
WP_004329725.1	gnl|META|G185E-7013-MONOMER	6.2e-92	56.0	298	333.6	66.1	99.7
WP_004329727.1	gnl|META|DIHYDROFOLATEREDUCT-MONOMER	1.1e-29	39.0	159	125.9	61.0	99.4
WP_004329728.1	gnl|META|MONOMER-20158	1.1e-19	37.4	139	93.2	48.2	60.2
WP_004329729.1	gnl|META|MONOMER-20166	2.7e-25	25.4	315	112.5	45.7	86.5
WP_004329730.1	gnl|META|HDRAMAUTO-MONOMER	2.3e-50	29.6	412	195.7	46.1	95.8
WP_004329730.1	gnl|META|MONOMER-20165	2.3e-50	29.9	418	195.7	45.7	97.3
WP_004329731.1	gnl|META|MONOMER-20158	8.7e-07	31.9	72	49.3	51.4	64.0
WP_004329732.1	gnl|META|HDRDMBARK-MONOMER	5.2e-21	25.2	353	99.0	44.5	53.8
WP_004329743.1	gnl|META|MONOMER-363	5.2e-84	48.1	322	307.4	69.3	98.8
WP_004329743.1	gnl|META|MONOMER-13044	4.7e-77	51.8	299	284.3	68.2	91.7
WP_004329744.1	gnl|META|AT1G17160-MONOMER	5.8e-14	26.4	269	74.7	42.8	75.1
WP_004329744.1	gnl|META|GSK-MONOMER	1.1e-12	26.0	254	70.5	43.7	71.8
WP_004329745.1	gnl|META|MONOMER-19284	3.1e-14	24.5	229	75.5	46.7	72.8
WP_004329745.1	gnl|META|MONOMER-19286	3.8e-12	26.7	191	68.6	46.6	57.8
WP_004329760.1	gnl|META|LSERINEDEAM1-MONOMER	3.4e-77	40.6	448	285.0	54.7	98.5
WP_004329760.1	gnl|META|LSERINEDEAM3-MONOMER	4.6e-74	40.3	449	274.6	54.6	98.5
WP_004329760.1	gnl|META|LSERINEDEAM2-MONOMER	1.3e-73	39.1	448	273.1	54.5	98.5
WP_004329760.1	gnl|META|MONOMER-8569	8.1e-71	40.8	446	263.8	55.6	98.0
WP_004329762.1	gnl|META|EG10881-MONOMER	1.2e-22	48.2	114	102.1	64.0	100.0
WP_004329763.1	gnl|META|EG11231-MONOMER	7.7e-08	55.6	54	52.0	63.0	84.4
WP_004329772.1	gnl|META|AT3G02570-MONOMER	2.6e-03	41.5	41	39.3	56.1	12.7
WP_004329772.1	gnl|META|MANNPISOM-MONOMER	4.5e-03	38.0	71	38.5	52.1	22.0
WP_004329772.1	gnl|META|AT1G67070-MONOMER	1.7e-02	40.5	42	36.6	54.8	13.0
WP_004329777.1	gnl|META|MONOMER-16005	1.1e-25	30.9	259	113.6	47.5	75.6
WP_004329777.1	gnl|META|MONOMER-16235	2.4e-25	31.3	278	112.5	49.6	78.7
WP_004329777.1	gnl|META|MONOMER-20700	9.3e-25	33.7	285	110.5	47.4	83.0
WP_004329777.1	gnl|META|PABASYN-COMPI-MONOMER	1.2e-24	29.7	263	110.2	48.3	75.9
WP_004329777.1	gnl|META|MONOMER-281	2.7e-24	30.2	268	109.0	49.6	76.2
WP_004329804.1	gnl|META|HS04597-MONOMER	7.7e-01	40.5	42	31.2	47.6	12.0
WP_004329810.1	gnl|META|GI06-18781-MONOMER	5.1e-02	25.3	91	35.4	50.5	19.7
WP_004329814.1	gnl|META|EG11063-MONOMER	2.5e-87	35.4	593	319.3	53.1	94.5
WP_004329816.1	gnl|META|EG10997-MONOMER	7.0e-02	29.6	81	35.0	48.1	17.3
WP_004329818.1	gnl|META|EG11158-MONOMER	1.8e-14	31.7	164	75.5	48.8	87.6
WP_004329820.1	gnl|META|FUM-FLAVO	1.3e-62	28.9	613	237.3	48.9	94.1
WP_004329820.1	gnl|META|YKL148C-MONOMER	3.4e-58	30.9	599	222.6	45.6	89.0
WP_004329820.1	gnl|META|G185E-7593-MONOMER	7.0e-56	30.0	641	214.9	45.4	94.9
WP_004329821.1	gnl|META|FUM-FE-S	1.7e-10	25.7	202	62.8	41.1	81.0
WP_004329821.1	gnl|META|HP0191-MONOMER	3.2e-09	26.6	241	58.5	44.0	93.5
WP_004329825.1	gnl|META|EG11167-MONOMER	4.8e-35	43.6	259	144.4	62.2	97.4
WP_004329831.1	gnl|META|MONOMER-17077	1.0e-01	28.8	73	32.3	45.2	71.6
WP_004329834.1	gnl|META|BSU15500-MONOMER	3.1e-105	49.3	414	378.3	64.0	96.7
WP_004329835.1	gnl|META|BSU15510-MONOMER	3.3e-103	50.8	356	371.3	69.7	98.1
WP_004329836.1	gnl|META|BSU15520-MONOMER	0.0e+00	59.6	1062	1283.1	77.7	99.9
WP_004329839.1	gnl|META|MONOMER-14471	3.1e-94	53.1	305	341.3	73.8	98.1
WP_004329839.1	gnl|META|BSU15540-MONOMER	5.3e-94	54.6	295	340.5	74.6	95.2
WP_004329840.1	gnl|META|BSU15550-MONOMER	4.0e-62	58.3	230	234.2	69.1	96.6
WP_004329844.1	gnl|META|BSU15560-MONOMER	5.2e-61	56.7	210	230.3	71.9	100.0
WP_004329845.1	gnl|META|ASPCARBCAT-MONOMER	8.3e-75	50.2	303	276.9	69.3	83.4
WP_004329845.1	gnl|META|ENSG00000084774-MONOMER	6.4e-67	42.2	303	250.8	66.0	83.4
WP_004329847.1	gnl|META|YOR128C-MONOMER	4.7e-43	63.1	149	170.2	73.8	96.1
WP_004329849.1	gnl|META|HS11329-MONOMER	2.1e-24	24.1	659	111.3	39.6	47.4
WP_004329850.1	gnl|META|SAICARSYN-MONOMER	3.0e-49	40.8	233	191.4	65.2	97.9
WP_004329853.1	gnl|META|GART-MONOMER	1.0e-28	37.1	175	122.9	55.4	92.6
WP_004329853.1	gnl|META|HS08358-MONOMER	5.8e-27	36.6	175	117.1	58.3	92.6
WP_004329854.1	gnl|META|AICARTRANSIMPCYCLO-CPLX	6.3e-137	49.1	523	483.8	66.3	99.8
WP_004329855.1	gnl|META|GLYCRIBONUCSYN-MONOMER	1.4e-105	46.7	424	379.4	64.2	98.6
WP_004329855.1	gnl|META|HS08358-MONOMER	9.3e-102	44.6	428	366.7	62.1	99.0
WP_004329856.1	gnl|META|CYCLODEHYCLTH-MONOMER	1.1e-74	54.5	275	276.2	69.1	97.2
WP_004329856.1	gnl|META|MONOMER-20274	9.4e-74	51.4	278	273.1	69.4	98.2
WP_004329856.1	gnl|META|FOLD-MONOMER	1.4e-69	50.2	275	259.2	67.3	97.2
WP_004329857.1	gnl|META|ETFACLOS-MONOMER	2.3e-95	55.1	332	345.1	72.9	98.8
WP_004329858.1	gnl|META|ETFBCLOS-MONOMER	2.9e-85	59.2	260	311.2	76.2	100.0
WP_004329859.1	gnl|META|MONOMER-13470	2.9e-147	67.3	379	517.7	81.5	100.0
WP_004329859.1	gnl|META|BCDCLOS-MONOMER	8.0e-145	66.0	379	509.6	82.1	100.0
WP_004329860.1	gnl|META|3-OXOACYL-ACP-REDUCT-MONOMER	4.3e-54	45.6	241	207.6	64.7	97.6
WP_004329860.1	gnl|META|MONOMER-690	3.2e-49	43.0	244	191.4	62.7	98.8
WP_004329860.1	gnl|META|MONOMER-16780	3.2e-49	43.2	243	191.4	62.6	98.0
WP_004329860.1	gnl|META|MONOMER-19696	4.1e-49	44.2	242	191.0	62.8	97.2
WP_004329860.1	gnl|META|MONOMER-13089	1.2e-48	45.2	241	189.5	62.2	96.8
WP_004329861.1	gnl|META|G66-33210-MONOMER	4.9e-20	40.4	114	93.6	57.9	85.1
WP_004329861.1	gnl|META|MONOMER-17592	1.0e-17	39.2	97	85.9	58.8	72.4
WP_004329862.1	gnl|META|COATBCLOS-MONOMER	3.1e-72	58.8	216	267.7	77.8	98.6
WP_004329863.1	gnl|META|MONOMER-12293	1.6e-96	66.8	259	348.6	79.2	98.5
WP_004329867.1	gnl|META|MONOMER-12270	1.7e-185	74.8	412	644.8	86.2	99.3
WP_004329867.1	gnl|META|MONOMER-12292	5.2e-182	74.8	412	633.3	85.2	99.3
WP_004329868.1	gnl|META|MONOMER-12294	6.7e-122	65.2	345	433.3	78.8	99.7
WP_004329869.1	gnl|META|MONOMER-12289	6.7e-117	75.1	273	416.4	85.7	100.0
WP_004329871.1	gnl|META|MONOMER-12295	2.3e-51	79.0	124	197.6	87.9	94.7
WP_004329872.1	gnl|META|ATOD-MONOMER	2.5e-66	55.5	211	248.1	75.8	97.2
WP_004329872.1	gnl|META|COATACLOS-MONOMER	4.6e-60	51.7	211	227.3	70.6	97.2
WP_004329873.1	gnl|META|ENSG00000139977-MONOMER	1.6e-01	24.5	94	33.9	48.9	19.9
WP_004329875.1	gnl|META|MONOMER-12623	5.9e-60	41.3	298	227.3	61.4	99.3
WP_004329875.1	gnl|META|MONOMER-12622	3.9e-59	40.6	298	224.6	61.1	99.3
WP_004329877.1	gnl|META|EG11779-MONOMER	8.9e-10	24.5	147	60.5	45.6	50.8
WP_004329880.1	gnl|META|YDHE-MONOMER	2.7e-46	29.8	416	182.6	50.7	90.1
WP_004329882.1	gnl|META|SYNPCC7942_0260-MONOMER	3.5e-169	44.3	729	591.7	63.5	87.2
WP_004329886.1	gnl|META|EG10924-MONOMER	8.4e-10	31.7	161	61.2	46.0	32.6
WP_004329886.1	gnl|META|EG11506-MONOMER	5.5e-09	36.4	110	58.5	49.1	24.1
WP_004329891.1	gnl|META|MONOMER-14053	2.6e-158	49.3	582	555.1	65.6	99.1
WP_004329891.1	gnl|META|ASPS-MONOMER	4.9e-149	48.1	594	524.2	63.3	99.7
WP_004329894.1	gnl|META|EG11372-MONOMER	1.2e-24	43.2	146	109.0	59.6	95.3
WP_004329895.1	gnl|META|G6370-MONOMER	1.1e-01	41.0	61	33.9	47.5	18.6
WP_004329896.1	gnl|META|G7843-MONOMER	2.7e-42	34.6	306	168.7	51.0	96.4
WP_004329897.1	gnl|META|AT3G05970-MONOMER	4.7e-45	29.7	529	178.7	45.2	86.6
WP_004329897.1	gnl|META|AT5G27600-MONOMER	6.3e-42	27.0	525	168.3	45.5	86.4
WP_004329897.1	gnl|META|MONOMER-18787	4.1e-41	31.0	467	165.6	45.2	80.6
WP_004329897.1	gnl|META|AT4G11030-MONOMER	7.7e-40	27.1	624	161.4	42.8	99.5
WP_004329906.1	gnl|META|CYSS-MONOMER	6.2e-89	39.0	492	324.3	52.4	98.6
WP_004329919.1	gnl|META|MONOMER-16339	1.9e-02	50.0	26	33.9	65.4	46.4
WP_004329919.1	gnl|META|MONOMER-3142	4.3e-02	50.0	22	32.7	77.3	39.3
WP_004329919.1	gnl|META|HDRAMAUTO-MONOMER	7.3e-02	52.6	19	32.0	73.7	33.9
WP_004329919.1	gnl|META|MONOMER-12649	1.2e-01	54.5	22	31.2	68.2	39.3
WP_004329920.1	gnl|META|SERS-MONOMER	7.2e-86	42.7	426	313.9	58.2	98.3
WP_004329926.1	gnl|META|EG12366-MONOMER	2.7e-19	30.9	223	92.0	49.8	85.4
WP_004329927.1	gnl|META|EG10212-MONOMER	9.0e-137	40.6	677	483.8	56.4	92.6
WP_004329929.1	gnl|META|EG10529-MONOMER	2.5e-19	31.8	151	93.2	56.3	27.7
WP_004329930.1	gnl|META|L-ASPARTATE-OXID-MONOMER	2.7e-127	46.1	518	451.8	62.2	98.7
WP_004329933.1	gnl|META|XAPB-MONOMER	4.2e-115	52.7	423	411.0	70.4	100.0
WP_004329933.1	gnl|META|NUPG-MONOMER	2.6e-112	50.6	423	401.7	69.3	100.0
WP_004329938.1	gnl|META|EG10344-MONOMER	9.9e-22	24.0	383	100.9	45.2	86.9
WP_004329939.1	gnl|META|MONOMER-12256	1.5e-60	33.9	451	229.9	51.2	99.3
WP_004329939.1	gnl|META|UDP-NACMURALA-GLU-LIG-MONOMER	1.8e-55	33.8	453	213.0	50.6	99.1
WP_004329940.1	gnl|META|PHOSNACMURPENTATRANS-MONOMER	9.9e-64	36.1	416	240.4	55.0	99.3
WP_004329941.1	gnl|META|MONOMER-16146	1.4e-80	37.3	469	296.6	56.1	95.1
WP_004329941.1	gnl|META|UDP-NACMURALGLDAPLIG-MONOMER	6.8e-80	38.2	476	294.3	53.4	94.2
WP_004329948.1	gnl|META|MONOMER-18790	3.7e-22	26.9	223	101.7	47.1	79.4
WP_004329950.1	gnl|META|MONOMER-20489	1.8e-87	50.2	303	318.9	71.0	90.0
WP_004329953.1	gnl|META|GCQ7-3299-MONOMER	3.7e-23	37.2	148	104.4	57.4	81.8
WP_004329953.1	gnl|META|MONOMER-20846	1.8e-22	36.4	151	102.1	51.0	83.4
WP_004329956.1	gnl|META|EG11247-MONOMER	4.1e-03	28.6	91	38.9	48.4	22.5
WP_004329962.1	gnl|META|G7458-MONOMER	7.8e-15	29.9	234	77.8	43.2	60.9
WP_004329964.1	gnl|META|EG10625-MONOMER	1.4e-21	26.1	264	101.3	46.2	31.3
WP_004329965.1	gnl|META|MONOMER-15476	7.7e-41	28.4	387	165.2	50.9	47.1
WP_004329966.1	gnl|META|G7641-MONOMER	3.4e-19	27.2	235	91.7	47.7	95.5
WP_004329967.1	gnl|META|EG10416-MONOMER	1.5e-15	30.3	165	79.3	56.4	75.2
WP_004329968.1	gnl|META|EG10240-MONOMER	5.1e-46	35.9	387	181.4	50.9	99.0
WP_004329971.1	gnl|META|EG11281-MONOMER	2.0e-60	32.4	562	229.9	47.7	87.6
WP_004329975.1	gnl|META|G7413-MONOMER	4.3e-48	28.0	389	188.3	51.9	97.2
WP_004329982.1	gnl|META|AT2G24210-MONOMER	9.4e-01	37.5	56	31.2	48.2	12.9
WP_004329982.1	gnl|META|MONOMER-14906	9.4e-01	44.1	34	31.2	64.7	7.7
WP_004329985.1	gnl|META|MONOMER-16508	5.4e-07	26.1	134	50.8	42.5	66.2
WP_004329985.1	gnl|META|MONOMER-14673	1.6e-06	22.7	141	49.3	43.3	69.7
WP_004329985.1	gnl|META|MONOMER-17434	7.8e-06	28.6	112	47.0	45.5	55.7
WP_004329989.1	gnl|META|EG12609-MONOMER	2.4e-41	45.2	210	166.4	61.9	37.6
WP_004330005.1	gnl|META|MONOMER-15729	7.9e-01	38.7	31	31.6	58.1	6.6
WP_004330009.1	gnl|META|MONOMER-16112	8.7e-01	36.8	38	30.4	52.6	16.4
WP_004330009.1	gnl|META|MONOMER-16112	5.7e+00	33.3	33	27.7	63.6	13.8
WP_004330017.1	gnl|META|EG12334-MONOMER	1.3e-01	33.3	45	31.6	57.8	57.0
WP_004330030.1	gnl|META|NARL-MONOMER	7.0e-02	29.6	54	33.9	61.1	26.5
WP_004330030.1	gnl|META|PD00237	2.0e-01	30.5	59	32.3	61.0	28.9
WP_004330036.1	gnl|META|MONOMER-19345	6.1e-02	23.4	77	33.5	45.5	55.1
WP_004330050.1	gnl|META|MONOMER-17632	7.0e-01	28.6	42	30.4	52.4	22.6
WP_004330057.1	gnl|META|YLR303W-MONOMER	3.3e-131	53.4	423	464.5	72.3	95.8
WP_004330057.1	gnl|META|MONOMER-9366	9.4e-118	47.6	433	419.9	68.4	99.3
WP_004330058.1	gnl|META|MONOMER-13419	1.5e-54	35.6	357	209.5	53.2	95.9
WP_004330058.1	gnl|META|YNL277W-MONOMER	1.6e-51	30.4	408	199.5	46.3	95.3
WP_004330058.1	gnl|META|MONOMER-9447	6.0e-51	35.1	339	197.6	51.9	94.7
WP_004330067.1	gnl|META|MONOMER-17781	3.6e-110	44.0	470	394.8	63.6	96.2
WP_004330068.1	gnl|META|MONOMER-17780	5.2e-38	27.1	450	154.8	46.4	95.2
WP_004330069.1	gnl|META|HS06975-MONOMER	1.7e-10	26.6	297	63.2	43.4	83.4
WP_004330069.1	gnl|META|MONOMER-15405	4.2e-09	25.5	294	58.5	43.5	83.4
WP_004330071.1	gnl|META|EG10889-MONOMER	1.1e-04	33.3	78	42.0	47.4	88.6
WP_004330077.1	gnl|META|MONOMER-16737	4.3e-28	29.3	335	121.7	45.7	92.0
WP_004330079.1	gnl|META|ERYTHRON4PDEHYDROG-MONOMER	3.6e-56	36.9	352	214.9	54.3	99.7
WP_004330080.1	gnl|META|DIHYDROOROTOX-MONOMER	5.7e-60	37.6	343	227.6	55.7	94.4
WP_004330080.1	gnl|META|AT5G23300-MONOMER	1.6e-54	34.3	367	209.5	52.3	94.9
WP_004330081.1	gnl|META|G7409-MONOMER	3.0e-28	48.4	153	122.5	62.7	36.5
WP_004330083.1	gnl|META|EG10886-MONOMER	2.1e-15	50.0	76	77.4	69.7	98.7
WP_004330086.1	gnl|META|G6435-MONOMER	3.2e-81	40.4	443	298.5	58.2	98.4
WP_004330094.1	gnl|META|GCVT-MONOMER	4.7e-57	35.7	373	218.0	53.6	98.6
WP_004330097.1	gnl|META|GDHA-MONOMER	2.0e-139	53.7	445	491.9	72.1	99.8
WP_004330100.1	gnl|META|MONOMER-14662	6.8e-123	35.8	886	438.0	54.2	97.2
WP_004330100.1	gnl|META|MONOMER-14661	3.3e-117	34.3	891	419.1	52.7	97.2
WP_004330100.1	gnl|META|MONOMER-14612	5.5e-117	35.5	866	418.3	53.2	94.6
WP_004330100.1	gnl|META|MONOMER-14659	1.8e-112	33.9	885	403.3	53.1	96.9
WP_004330101.1	gnl|META|EG10344-MONOMER	4.0e-24	31.8	236	109.0	52.5	48.7
WP_004330102.1	gnl|META|EG10606-MONOMER	1.8e-53	26.2	630	206.8	44.3	95.6
WP_004330104.1	gnl|META|G185E-6251-MONOMER	2.5e-02	28.9	90	35.8	46.7	32.0
WP_004330105.1	gnl|META|EG12130-MONOMER	7.7e-06	25.0	232	47.8	43.1	66.1
WP_004330106.1	gnl|META|MONOMER-17188	1.5e-38	30.8	321	156.4	53.0	95.5
WP_004330107.1	gnl|META|MONOMER-13046	8.5e-122	52.4	420	433.3	68.8	94.4
WP_004330107.1	gnl|META|MONOMER-13041	1.1e-121	51.2	449	433.0	65.9	100.0
WP_004330110.1	gnl|META|NARL-MONOMER	1.0e-27	31.7	205	119.8	54.6	94.9
WP_004330118.1	gnl|META|RPOC-MONOMER	0.0e+00	47.9	1430	1270.4	65.7	98.4
WP_004330119.1	gnl|META|RPOB-MONOMER	0.0e+00	44.1	1391	1086.6	60.5	99.8
WP_004330120.1	gnl|META|EG10873-MONOMER	2.3e-16	43.3	120	81.3	62.5	96.0
WP_004330122.1	gnl|META|EG10864-MONOMER	1.7e-57	48.0	225	218.8	67.6	97.0
WP_004330123.1	gnl|META|EG10872-MONOMER	8.4e-42	59.3	140	166.0	76.4	95.2
WP_004330126.1	gnl|META|EG10942-MONOMER	4.7e-31	30.2	338	131.7	47.3	84.3
WP_004330145.1	gnl|META|ABC-MONOMER	1.9e-33	38.4	229	139.0	52.8	88.6
WP_004330152.1	gnl|META|MONOMER-14086	1.5e-51	37.5	333	199.5	53.2	99.4
WP_004330153.1	gnl|META|FABH-MONOMER	1.5e-62	39.1	322	236.1	59.9	95.8
WP_004330155.1	gnl|META|EG10921-MONOMER	1.8e-19	31.9	160	92.0	52.5	92.5
WP_004330163.1	gnl|META|G6660-MONOMER	1.4e-48	56.5	161	188.7	73.3	96.4
WP_004330175.1	gnl|META|PANTOATE-BETA-ALANINE-LIG-MONOMER	2.9e-51	44.5	256	198.4	59.4	91.0
WP_004330176.1	gnl|META|ASPDECARBOX-MONOMER	7.1e-23	47.6	103	102.8	68.0	86.6
WP_004330178.1	gnl|META|G3O-32293-MONOMER	4.2e-12	20.5	468	70.1	38.7	46.6
WP_004330180.1	gnl|META|RIBF-MONOMER	1.0e-19	45.9	111	92.4	67.6	87.1
WP_004330185.1	gnl|META|MONOMER-15157	1.2e-26	38.6	189	116.3	57.1	80.1
WP_004330186.1	gnl|META|MONOMER-20006	7.0e-24	46.0	126	107.5	62.7	43.2
WP_004330186.1	gnl|META|CDPDIGLYSYN-MONOMER	5.0e-22	30.0	283	101.3	49.1	96.9
WP_004330187.1	gnl|META|EG11506-MONOMER	1.3e-137	44.3	623	486.5	63.9	88.0
WP_004330189.1	gnl|META|PD00232	2.7e-15	26.5	253	79.0	44.7	83.2
WP_004330190.1	gnl|META|TRPS-MONOMER	1.1e-32	27.8	353	137.1	49.0	93.3
WP_004330194.1	gnl|META|G7662-MONOMER	4.7e-69	44.9	314	257.7	64.0	97.2
WP_004330194.1	gnl|META|EG10973-MONOMER	3.3e-67	43.6	312	251.5	62.2	96.6
WP_004330196.1	gnl|META|AT1G79500-MONOMER	2.8e-61	49.0	255	231.5	65.1	98.8
WP_004330196.1	gnl|META|KDO-8PSYNTH-MONOMER	1.0e-55	44.0	248	213.0	63.3	97.6
WP_004330197.1	gnl|META|MONOMER-19350	3.2e-49	44.2	251	191.4	61.4	98.0
WP_004330197.1	gnl|META|MONOMER-11935	5.7e-46	40.9	247	180.6	56.7	97.2
WP_004330198.1	gnl|META|EG10542-MONOMER	2.1e-182	43.9	767	635.6	65.8	94.1
WP_004330201.1	gnl|META|VALS-MONOMER	2.3e-179	39.3	957	625.5	53.7	99.2
WP_004330202.1	gnl|META|EG10860-MONOMER	4.0e-34	50.0	154	140.6	65.6	96.1
WP_004330204.1	gnl|META|EG10613-MONOMER	3.3e-87	38.0	529	318.9	57.5	85.5
WP_004330205.1	gnl|META|MALTACETYLTRAN-MONOMER	1.1e-35	50.3	179	146.0	64.2	96.7
WP_004330207.1	gnl|META|ILES-MONOMER	6.0e-79	25.7	953	292.4	42.2	82.5
WP_004330212.1	gnl|META|EG10920-MONOMER	5.5e-06	38.1	63	45.8	66.7	96.8
WP_004330213.1	gnl|META|MONOMER-20648	3.7e-01	23.7	97	32.3	45.4	25.5
WP_004330214.1	gnl|META|EG11396-MONOMER	4.7e-86	37.2	500	315.1	54.2	79.5
WP_004330214.1	gnl|META|MONOMER-19455	4.7e-78	35.8	486	288.5	56.2	75.9
WP_004330219.1	gnl|META|MONOMER-17291	1.6e-86	30.7	694	316.6	48.7	97.6
WP_004330220.1	gnl|META|MONOMER-17290	1.1e-293	73.1	680	1005.0	85.6	95.2
WP_004330220.1	gnl|META|MONOMER-13077	5.9e-274	68.7	690	939.5	81.6	95.9
WP_004330228.1	gnl|META|EG11062-MONOMER	1.2e-02	23.9	109	38.9	45.0	9.7
WP_004330228.1	gnl|META|EG10844-MONOMER	4.5e-02	27.1	85	37.0	51.8	7.2
WP_004330230.1	gnl|META|EG11299-MONOMER	9.8e-69	34.3	434	257.3	55.3	84.1
WP_004330232.1	gnl|META|CELA-MONOMER	2.6e-01	48.4	31	30.8	64.5	34.4
WP_004330234.1	gnl|META|CPXR-MONOMER	4.6e-10	32.6	132	62.4	53.8	25.2
WP_004330234.1	gnl|META|BARA-MONOMER	6.7e-09	30.6	108	58.5	52.8	20.5
WP_004330235.1	gnl|META|EG11757-MONOMER	1.3e-15	38.3	107	79.0	57.0	77.5
WP_004330239.1	gnl|META|G185E-7240-MONOMER	1.1e-04	33.7	104	43.1	48.1	51.3
WP_004330239.1	gnl|META|AT1G68760-MONOMER	7.2e-04	63.3	30	40.4	70.0	15.1
WP_004330240.1	gnl|META|HS08997-MONOMER	4.0e-20	24.1	249	96.3	47.0	33.1
WP_004330250.1	gnl|META|EG11373-MONOMER	1.9e-13	33.9	127	72.4	48.0	56.7
WP_004330252.1	gnl|META|MONOMER-14512	9.1e-17	32.2	180	83.6	52.8	73.1
WP_004330254.1	gnl|META|MONOMER-20166	8.1e-05	21.5	265	43.9	38.9	96.3
WP_004330255.1	gnl|META|HDRDMBARK-MONOMER	2.3e-05	26.2	122	46.6	41.0	22.1
WP_004330255.1	gnl|META|HDRCMAUTO-MONOMER	3.1e-05	24.2	95	46.2	44.2	20.6
WP_004330260.1	gnl|META|MONOMER-20510	6.2e-05	24.5	192	44.7	41.7	55.6
WP_004330263.1	gnl|META|EG11549-MONOMER	8.9e-118	52.9	408	419.9	68.9	99.0
WP_004330265.1	gnl|META|HS10587-MONOMER	2.9e-22	29.2	267	103.2	46.4	39.9
WP_004330268.1	gnl|META|RPON-MONOMER	1.5e-60	35.7	375	229.9	56.3	79.6
WP_004330270.1	gnl|META|ASNS-MONOMER	4.2e-156	56.1	467	547.4	74.9	100.0
WP_004330271.1	gnl|META|BETAGALACTOSID-MONOMER	1.9e-25	29.1	357	113.2	43.7	76.5
WP_004330273.1	gnl|META|PD00237	3.9e-05	51.1	45	44.7	68.9	22.2
WP_004330273.1	gnl|META|NARL-MONOMER	1.9e-04	46.9	49	42.4	71.4	24.1
WP_008650623.1	gnl|META|FHUC-MONOMER	6.0e-30	32.7	208	127.5	58.2	79.1
WP_008650623.1	gnl|META|FECE-MONOMER	6.2e-27	27.8	237	117.5	54.9	89.7
WP_008650623.1	gnl|META|FEPC-MONOMER	1.4e-26	29.9	231	116.3	56.3	87.5
WP_010262443.1	gnl|META|EG11232-MONOMER	3.3e-06	60.5	38	45.8	71.1	100.0
WP_022043534.1	gnl|META|EG10914-MONOMER	1.9e-15	43.7	87	77.8	65.5	96.7
WP_022459792.1	gnl|META|GAPDH-A-MONOMER	1.1e-126	69.3	329	449.1	78.1	97.6
WP_022459829.1	gnl|META|EG12240-MONOMER	4.1e-32	26.8	306	135.2	49.3	81.3
WP_022459829.1	gnl|META|MDTA	1.6e-28	26.7	359	123.2	44.8	93.9
WP_022459840.1	gnl|META|MONOMER-12693	1.1e-05	33.9	62	45.1	43.5	82.7
WP_022459840.1	gnl|META|HP0588-MONOMER	1.6e-04	38.6	44	41.2	63.6	58.7
WP_022459869.1	gnl|META|EG12240-MONOMER	4.5e-26	28.5	365	115.2	40.5	93.7
WP_022459906.1	gnl|META|EG10916-MONOMER	6.3e-18	58.9	73	85.9	72.6	86.9
WP_022460001.1	gnl|META|MONOMER-19495	1.3e-05	40.6	64	46.6	60.9	24.7
WP_022460001.1	gnl|META|MONOMER-19732	1.7e-05	38.2	68	46.2	61.8	26.3
WP_022460001.1	gnl|META|NIFHKLEB-MONOMER	3.8e-05	55.6	36	45.1	83.3	13.9
WP_022460001.1	gnl|META|MONOMER-19728	3.8e-05	43.5	69	45.1	56.5	26.6
WP_022460001.1	gnl|META|MONOMER-13253	5.0e-05	41.9	62	44.7	58.1	23.9
WP_022460001.1	gnl|META|MONOMER-13268	1.1e-04	48.9	45	43.5	77.8	17.4
WP_022460254.1	gnl|META|FLAVODOXIN1-MONOMER	3.9e-32	43.8	162	134.0	59.3	99.4
WP_022460254.1	gnl|META|MONOMER-13232	6.7e-32	43.2	162	133.3	59.3	99.4
WP_022460302.1	gnl|META|G1G01-1865-MONOMER	2.8e-17	27.6	217	85.1	47.0	100.0
WP_022460302.1	gnl|META|GPH-MONOMER	1.5e-15	29.2	209	79.3	44.0	88.0
WP_022460414.1	gnl|META|MONOMER-20828	3.8e-04	28.1	196	42.7	36.2	34.7
WP_022460414.1	gnl|META|G185E-7686-MONOMER	1.4e-03	57.1	35	40.8	71.4	6.8
WP_022460414.1	gnl|META|MONOMER-17196	1.4e-03	32.4	74	40.8	54.1	13.9
WP_022460414.1	gnl|META|MONOMER-13030	2.5e-03	34.2	76	40.0	44.7	11.6
WP_022460414.1	gnl|META|MONOMER-19853	3.2e-03	42.9	35	39.7	71.4	6.8
WP_022460414.1	gnl|META|MONOMER-8521	4.2e-03	33.3	60	39.3	53.3	11.6
WP_022460427.1	gnl|META|MONOMER-13099	4.8e-178	72.8	423	620.2	83.9	97.7
WP_022460437.1	gnl|META|ENSG00000164535-MONOMER	2.1e-01	37.2	43	31.2	58.1	45.3
WP_022460438.1	gnl|META|EG10880-MONOMER	1.2e-28	57.1	105	122.1	74.3	86.1
WP_022460453.1	gnl|META|EG10891-MONOMER	4.1e-03	45.5	33	36.2	75.8	55.0
WP_022460687.1	gnl|META|G6991-MONOMER	5.7e-16	26.4	235	80.9	48.5	94.9
WP_022460721.1	gnl|META|G7431-MONOMER	5.5e-07	39.0	77	50.4	55.8	46.8
WP_022460751.1	gnl|META|MONOMER-20743	1.4e-01	30.0	80	33.1	45.0	30.5
WP_022460777.1	gnl|META|MONOMER-1884	2.3e-05	23.0	183	45.8	42.6	66.5
WP_022460789.1	gnl|META|ALAS-MONOMER	7.4e-194	43.9	880	673.7	60.7	98.2
WP_022460910.1	gnl|META|METHGLYSYN-MONOMER	2.0e-33	44.5	155	138.3	63.2	98.1
WP_022460937.1	gnl|META|EG10534-MONOMER	2.1e-154	43.6	670	542.3	61.9	94.2
WP_022460938.1	gnl|META|BSU16770-MONOMER	8.1e-60	43.3	268	226.9	60.4	90.5
WP_022460938.1	gnl|META|MONOMER-6565	3.1e-59	40.5	279	224.9	61.3	94.3
WP_022460938.1	gnl|META|DIHYDRODIPICSYN-MONOMER	8.4e-57	44.5	274	216.9	58.8	92.2
WP_022460961.1	gnl|META|EG10013-MONOMER	3.0e-06	29.8	94	48.9	48.9	32.5
WP_040293029.1	gnl|META|MONOMER-14887	6.5e-01	30.4	69	31.2	56.5	22.6
WP_040293039.1	gnl|META|EG10155-MONOMER	4.6e-03	26.3	179	39.7	48.0	23.0
WP_040293090.1	gnl|META|EG10155-MONOMER	1.6e-02	26.5	136	37.7	45.6	19.2
WP_040293100.1	gnl|META|EG10238-MONOMER	2.4e-206	36.6	1228	715.7	56.0	99.1
WP_040293109.1	gnl|META|MDTA	1.9e-12	23.4	320	69.7	44.4	86.1
WP_040293141.1	gnl|META|MONOMER-15640	2.4e-08	29.2	226	56.2	40.7	53.7
WP_040293141.1	gnl|META|MONOMER-12128	2.1e-07	25.2	163	53.1	45.4	39.7
WP_040293141.1	gnl|META|MONOMER-901	2.7e-07	25.2	163	52.8	46.0	39.7
WP_040293151.1	gnl|META|EG10437-MONOMER	3.0e-65	41.3	368	245.4	60.1	88.5
WP_040293156.1	gnl|META|EG10168-MONOMER	1.5e-16	24.5	503	84.0	40.2	92.7
WP_040293185.1	gnl|META|MONOMER-17295	4.4e-22	28.3	315	102.1	48.9	66.8
WP_040293185.1	gnl|META|MONOMER-20063	4.1e-20	26.4	299	95.5	47.2	65.0
WP_040293187.1	gnl|META|YGJU-MONOMER	2.1e-07	25.0	416	53.1	43.8	98.5
WP_040293193.1	gnl|META|BSU05900-MONOMER	1.8e-34	30.1	335	142.9	49.9	95.7
WP_040293240.1	gnl|META|YDEA-MONOMER	1.6e-23	23.9	372	106.7	46.8	93.2
WP_040293246.1	gnl|META|MONOMER-11844	1.4e-09	31.0	168	60.8	49.4	29.7
WP_040293246.1	gnl|META|MONOMER-12696	5.3e-09	27.5	182	58.9	44.5	33.1
WP_040293255.1	gnl|META|TRANSKETOII-MONOMER	6.5e-113	37.9	683	404.4	55.5	98.5
WP_040293255.1	gnl|META|TRANSKETOI-MONOMER	2.7e-111	38.1	690	399.1	55.9	99.1
WP_040293297.1	gnl|META|GLNS-MONOMER	3.2e-190	57.8	561	661.0	74.7	99.1
WP_040293329.1	gnl|META|MONOMER-363	1.7e-18	23.1	337	90.1	41.8	80.6
WP_040293329.1	gnl|META|MONOMER-13044	3.5e-16	24.6	333	82.4	41.7	79.7
WP_040293333.1	gnl|META|MONOMER-1055	1.4e-112	58.2	385	402.5	72.2	97.2
WP_040293340.1	gnl|META|EG10013-MONOMER	7.3e-17	37.3	134	84.3	50.0	39.3
WP_040293341.1	gnl|META|PGMI-MONOMER	8.6e-126	46.1	510	446.8	64.7	99.2
WP_040293342.1	gnl|META|G7456-MONOMER	2.6e-35	43.4	182	145.2	63.7	73.7
WP_040293347.1	gnl|META|EG11433-MONOMER	8.8e-33	41.2	194	137.1	53.6	61.2
WP_040293363.1	gnl|META|B2075-MONOMER	6.1e-54	23.6	1067	209.1	43.0	98.2
WP_040293363.1	gnl|META|ACRD-MONOMER	1.3e-51	23.3	1072	201.4	43.5	97.9
WP_040293363.1	gnl|META|G1G01-44-MONOMER	1.6e-49	24.3	1073	194.5	41.6	98.5
WP_040293366.1	gnl|META|MONOMER-20132	1.6e-12	33.1	148	69.7	48.0	50.9
WP_040293366.1	gnl|META|MONOMER-13869	6.2e-12	31.8	192	67.8	47.4	65.3
WP_040293371.1	gnl|META|MONOMER-19532	1.0e-02	28.8	66	37.4	51.5	19.3
WP_040293384.1	gnl|META|ARCB-MONOMER	6.4e-38	30.2	400	155.6	49.2	46.8
WP_040293387.1	gnl|META|G7530-MONOMER	4.2e-25	36.2	196	110.9	55.1	97.9
WP_040293388.1	gnl|META|KDPB-MONOMER	4.7e-01	45.2	42	31.6	52.4	15.0
WP_040293390.1	gnl|META|SYNPCC7942_1554-MONOMER	2.6e-10	28.5	151	62.4	50.3	50.9
WP_040293397.1	gnl|META|EG11497-MONOMER	4.8e-22	34.0	206	101.3	49.0	74.3
WP_040293407.1	gnl|META|EG10892-MONOMER	1.4e-10	75.6	45	60.8	80.0	84.9
WP_040293408.1	gnl|META|MONOMER-14867	8.9e-55	44.6	258	209.9	60.9	98.1
WP_040293411.1	gnl|META|MONOMER-14627	7.0e-49	39.0	264	190.7	57.2	81.1
WP_040293461.1	gnl|META|RED-THIOREDOXIN-MONOMER	7.1e-19	40.4	104	89.4	68.3	99.0
WP_040293499.1	gnl|META|MONOMER-18306	6.6e-95	44.4	419	344.0	62.5	96.3
WP_040293499.1	gnl|META|MONOMER-13484	2.5e-94	43.9	428	342.0	61.2	98.1
WP_040293499.1	gnl|META|MONOMER-13467	3.4e-91	42.7	419	331.6	62.3	97.2
WP_040293509.1	gnl|META|MONOMER-14154	9.4e-31	29.3	376	131.3	50.8	59.1
WP_040293538.1	gnl|META|EG10523-MONOMER	7.8e-30	34.0	265	127.1	51.3	96.2
WP_040293542.1	gnl|META|AT1G59500-MONOMER	1.1e-08	27.7	112	57.8	56.2	22.8
WP_040293542.1	gnl|META|AT1G59500-MONOMER	3.6e-04	23.1	186	42.7	43.5	32.9
WP_040293542.1	gnl|META|AT5G54510-MONOMER	4.1e-08	28.8	104	55.8	51.0	21.1
WP_040293542.1	gnl|META|AT5G54510-MONOMER	3.3e-02	38.2	34	36.2	73.5	7.0
WP_040293543.1	gnl|META|G7008-MONOMER	1.4e-34	29.5	413	143.7	46.0	88.1
WP_040293544.1	gnl|META|MONOMER-16200	3.6e-24	34.8	198	107.8	52.5	96.4
WP_040293557.1	gnl|META|EG10241-MONOMER	2.6e-196	58.1	645	681.4	72.6	100.0
WP_040293560.1	gnl|META|EG10423-MONOMER	1.0e-211	45.7	874	733.0	64.3	98.7
WP_040293574.1	gnl|META|MONOMER-10261	2.5e-35	34.6	292	145.6	52.4	90.6
WP_040293574.1	gnl|META|HS01776-MONOMER	4.2e-35	34.9	292	144.8	52.4	90.6
WP_040293574.1	gnl|META|AT1G17745-MONOMER	1.1e-32	37.7	268	136.7	51.9	82.1
WP_040293597.1	gnl|META|G1I0R-1684-MONOMER	9.5e-20	26.4	314	94.0	43.0	89.8
WP_040293613.1	gnl|META|YNR012W-MONOMER	9.7e-14	30.7	202	74.7	48.0	35.7
WP_040293613.1	gnl|META|UDK-MONOMER	9.1e-12	27.6	199	68.2	50.3	35.2
WP_040293615.1	gnl|META|EG10900-MONOMER	3.5e-110	39.1	516	395.2	61.0	84.6
WP_040293616.1	gnl|META|DIOHBUTANONEPSYN-MONOMER	8.1e-73	63.5	211	269.6	77.7	95.9
WP_040293639.1	gnl|META|G185E-6687-MONOMER	3.9e-165	51.6	603	577.8	65.2	97.6
WP_040293651.1	gnl|META|MONOMER-1885	1.2e-170	46.1	657	596.3	61.6	95.7
WP_040293651.1	gnl|META|AT5G03650-MONOMER	2.4e-168	45.8	677	588.6	61.3	97.8
WP_040293651.1	gnl|META|HS03772-MONOMER	9.2e-168	45.8	670	586.6	62.2	97.9
WP_040293653.1	gnl|META|MONOMER-14570	1.5e-01	44.8	29	33.1	62.1	11.2
WP_040293653.1	gnl|META|MONOMER-19276	2.6e-01	51.7	29	32.3	65.5	11.2
WP_040293653.1	gnl|META|G7855-MONOMER	5.7e-01	64.7	17	31.2	82.4	6.5
WP_040293663.1	gnl|META|AT4G30190-MONOMER	6.4e-01	42.4	33	31.2	63.6	10.7
WP_040293678.1	gnl|META|NICONUCADENYLYLTRAN-MONOMER	1.9e-15	29.1	213	79.3	45.1	69.6
WP_040293682.1	gnl|META|TRKH-MONOMER	7.8e-57	33.1	426	217.6	54.5	90.4
WP_040293709.1	gnl|META|BSU25300-MONOMER	2.9e-13	35.4	127	71.2	53.5	84.1
WP_040293709.1	gnl|META|HS08334-MONOMER	1.9e-12	35.4	127	68.6	53.5	84.1
WP_040293727.1	gnl|META|MONOMER-13051	6.9e-60	46.7	246	226.9	65.9	96.8
WP_040293727.1	gnl|META|MONOMER-382	1.7e-58	48.5	239	222.2	63.6	94.1
WP_040293765.1	gnl|META|MONOMER-20709	3.0e-01	28.3	60	32.3	45.0	18.4
WP_040293786.1	gnl|META|TAGAALDOL1-MONOMER	6.7e-47	35.3	326	184.1	52.8	97.9
WP_040293786.1	gnl|META|MONOMER-18279	6.7e-47	35.3	326	184.1	52.8	97.9
WP_040293786.1	gnl|META|BSU39670-MONOMER	4.8e-45	34.6	324	177.9	52.8	98.2
WP_040293786.1	gnl|META|TAGAALDOL2-MONOMER	8.2e-45	33.1	323	177.2	51.7	97.0
WP_040293804.1	gnl|META|BSU15530-MONOMER	2.5e-54	45.3	254	208.4	61.0	98.4
WP_040293807.1	gnl|META|AIRS-MONOMER	2.3e-98	54.4	327	355.1	70.6	95.9
WP_040293807.1	gnl|META|HS08358-MONOMER	2.1e-91	49.1	344	332.0	69.8	99.1
WP_040293811.1	gnl|META|MONOMER-20004	7.0e-08	23.2	233	55.5	43.8	33.2
WP_040293826.1	gnl|META|EG11085-MONOMER	2.2e-52	41.1	309	202.2	56.6	98.7
WP_040293852.1	gnl|META|EG10857-MONOMER	3.6e-18	30.0	213	88.2	51.2	86.2
WP_040293854.1	gnl|META|MONOMER-20544	5.8e-48	26.4	912	189.1	41.9	96.3
WP_040293864.1	gnl|META|MONOMER-14596	2.9e-01	26.1	88	31.6	48.9	42.4
WP_040293882.1	gnl|META|ENSG00000161048-MONOMER	5.1e-04	34.2	76	41.2	50.0	24.7
WP_040293897.1	gnl|META|EG10210-MONOMER	6.7e-54	34.7	389	207.6	51.2	98.7
WP_040293897.1	gnl|META|EG10844-MONOMER	1.7e-52	37.5	341	203.0	53.4	86.4
WP_040293899.1	gnl|META|YOR128C-MONOMER	2.8e-54	35.7	367	208.8	56.7	95.0
WP_040293901.1	gnl|META|HS05157-MONOMER	3.1e-93	39.8	508	338.6	53.7	95.3
WP_040293910.1	gnl|META|G6488-MONOMER	7.9e-07	31.4	118	50.8	49.2	38.4
WP_040293912.1	gnl|META|EG10212-MONOMER	2.9e-116	36.1	682	415.6	55.1	97.0
WP_040293912.1	gnl|META|EG11441-MONOMER	7.9e-114	34.8	682	407.5	55.0	96.8
WP_040293913.1	gnl|META|G12WB-2964-MONOMER	9.7e-56	36.1	402	213.8	51.5	97.3
WP_040293913.1	gnl|META|EG10812-MONOMER	2.9e-52	35.3	394	202.2	50.5	96.5
WP_040293917.1	gnl|META|EG10341-MONOMER	1.5e-25	28.2	425	114.4	45.2	54.5
WP_040293927.1	gnl|META|EMRB-MONOMER	3.4e-25	24.7	413	112.5	43.3	88.4
WP_040293927.1	gnl|META|EMRY-MONOMER	3.2e-23	22.8	417	105.9	43.9	89.0
WP_040293961.1	gnl|META|MONOMER-17780	3.1e-50	33.8	379	195.3	44.9	94.8
WP_040293965.1	gnl|META|MONOMER-19334	6.7e-01	26.1	69	31.6	47.8	17.3
WP_040293968.1	gnl|META|EG11817-MONOMER	6.7e-26	29.6	243	114.0	49.8	93.8
WP_040293980.1	gnl|META|FMNREDUCT-MONOMER	7.0e-01	27.9	61	30.8	44.3	25.3
WP_040293983.1	gnl|META|MONOMER-8582	2.6e-161	61.7	465	564.7	72.0	98.7
WP_040293983.1	gnl|META|HS02273-MONOMER	7.1e-159	60.9	465	556.6	71.8	98.7
WP_040293989.1	gnl|META|POTG-MONOMER	4.9e-14	34.6	153	74.3	52.9	68.7
WP_040293991.1	gnl|META|ASL-MONOMER	1.0e-122	50.0	446	436.4	68.6	99.1
WP_040293995.1	gnl|META|YNFJ-MONOMER	3.1e-18	25.6	328	89.7	46.0	54.2
WP_040294008.1	gnl|META|MONOMER-12255	5.0e-47	31.4	437	184.9	50.1	96.9
WP_040294008.1	gnl|META|UDP-NACMURALGLDAPAALIG-MONOMER	1.5e-43	30.9	440	173.3	47.0	96.9
WP_040294009.1	gnl|META|EG11254-MONOMER	1.5e-15	31.8	157	79.0	49.0	100.0
WP_050751435.1	gnl|META|AROA-MONOMER	3.9e-41	28.4	457	166.0	46.2	65.0
WP_050751463.1	gnl|META|ENSG00000161048-MONOMER	4.2e-34	29.5	342	141.7	45.9	87.7
WP_050751471.1	gnl|META|G7243-MONOMER	9.0e-18	31.7	205	87.4	52.7	56.3
WP_050751471.1	gnl|META|EG12007-MONOMER	1.9e-15	29.3	188	79.7	52.1	52.3
WP_050751474.1	gnl|META|MONOMER-15494	1.0e-21	33.8	154	99.8	55.8	72.8
WP_050751492.1	gnl|META|EG10454-MONOMER	8.6e-37	38.9	244	150.2	57.0	89.8
WP_050751496.1	gnl|META|EG11603-MONOMER	3.5e-01	40.5	42	32.0	57.1	15.2
WP_050751498.1	gnl|META|FSR-MONOMER	1.4e-123	59.4	389	439.1	77.6	95.6
WP_050751510.1	gnl|META|EG12312-MONOMER	4.2e-20	34.4	186	94.4	52.7	92.5
WP_050751512.1	gnl|META|H2PTEROATESYNTH-MONOMER	7.1e-44	42.0	262	173.7	54.6	98.8
WP_050751526.1	gnl|META|YHHO-MONOMER	3.8e-102	39.2	584	368.6	57.5	89.6
WP_050751526.1	gnl|META|G1G01-5484-MONOMER	4.9e-102	36.0	627	368.2	56.8	95.7
WP_050751546.1	gnl|META|MONOMER-19355	5.4e-01	31.0	58	31.6	48.3	18.2
WP_050751550.1	gnl|META|NHAA-MONOMER	1.2e-78	40.3	429	290.0	59.4	93.4
WP_081443347.1	gnl|META|RIBULP3EPIM-MONOMER	2.4e-45	44.6	213	178.3	63.8	98.1
WP_081443353.1	gnl|META|AROB-MONOMER	3.5e-49	37.0	324	191.8	53.7	87.3
WP_081443359.1	gnl|META|MONOMER-14264	6.0e-08	30.3	178	53.9	43.8	76.6
WP_081443361.1	gnl|META|MONOMER-11205	2.9e-34	28.2	433	142.5	43.9	91.8
WP_081443373.1	gnl|META|YHIP-MONOMER	5.7e-40	27.7	530	161.8	46.2	96.0
WP_081443378.1	gnl|META|EG12293-MONOMER	1.3e-38	30.3	390	156.8	46.7	99.2
WP_081443378.1	gnl|META|MONOMER-15636	8.1e-36	27.9	369	147.5	47.7	92.7
WP_081443378.1	gnl|META|YGL256W-MONOMER	3.4e-34	28.0	357	142.1	45.7	92.2
WP_081443393.1	gnl|META|MANNPGUANYLTRANGDP-MONOMER	6.9e-50	33.7	362	194.1	51.1	99.7
WP_081443393.1	gnl|META|MONOMER-13383	2.0e-49	32.3	362	192.6	52.8	100.0
WP_081443393.1	gnl|META|MONOMER-13384	1.4e-47	32.0	350	186.4	53.4	97.4
WP_147554441.1	gnl|META|EG10126-MONOMER	2.6e-14	28.1	310	77.0	45.8	39.4
WP_147554441.1	gnl|META|EG10155-MONOMER	1.1e-12	34.3	166	71.6	50.6	21.0
WP_147554445.1	gnl|META|AT1G02050-MONOMER	9.6e-01	34.0	53	31.6	62.3	9.0
WP_147554448.1	gnl|META|EG12334-MONOMER	1.1e-02	22.8	171	37.4	43.3	48.2
WP_147554453.1	gnl|META|MONOMER-282	2.3e-34	37.6	194	141.7	57.7	95.5
WP_147554453.1	gnl|META|PABASYN-COMPII-MONOMER	1.1e-31	39.1	192	132.9	57.3	93.0
WP_147554456.1	gnl|META|MONOMER-13527	2.8e-204	67.4	516	707.6	81.8	98.5
WP_147554457.1	gnl|META|EG12354-MONOMER	6.7e-03	26.9	93	38.1	51.6	24.9
WP_147554476.1	gnl|META|EG11064-MONOMER	7.1e-122	35.6	809	434.5	53.2	99.0
WP_147554480.1	gnl|META|MONOMER-18762	7.8e-01	34.1	44	30.8	61.4	16.3
WP_147554483.1	gnl|META|EG10136-MONOMER	4.3e-31	31.4	366	132.1	48.1	75.2
WP_147554484.1	gnl|META|USHA-MONOMER	2.5e-18	23.1	373	89.7	42.1	65.3
WP_147554484.1	gnl|META|HS05981-MONOMER	6.7e-16	28.4	225	81.6	47.1	41.4
WP_147554489.1	gnl|META|MALIC-NADP-MONOMER	1.6e-141	61.2	423	498.8	73.5	99.8
WP_147554495.1	gnl|META|MONOMER-17333	3.8e-32	30.1	356	135.2	50.6	98.3
WP_147554497.1	gnl|META|EG11494-MONOMER	7.2e-20	29.1	275	94.4	46.2	78.7
WP_147554500.1	gnl|META|YBL082C-MONOMER	8.9e-01	33.3	39	28.5	56.4	62.9
WP_147554502.1	gnl|META|GALACTOACETYLTRAN-MONOMER	7.9e-16	34.9	189	80.1	50.8	96.8
WP_147554509.1	gnl|META|AT4G24620-MONOMER	2.1e-01	36.7	60	33.5	46.7	12.2
WP_147554513.1	gnl|META|MONOMER-20004	1.6e-09	22.3	462	60.8	39.2	66.9
WP_147554514.1	gnl|META|G185E-4681-MONOMER	7.4e-02	30.9	97	33.5	46.4	58.4
WP_147554525.1	gnl|META|KEFB-MONOMER	9.8e-08	24.1	340	55.1	46.8	48.2
WP_147554526.1	gnl|META|ARCB-MONOMER	6.4e-51	33.0	394	199.1	54.3	36.5
WP_147554526.1	gnl|META|BARA-MONOMER	1.4e-45	26.0	515	181.4	43.3	36.3
WP_147554527.1	gnl|META|EG10246-MONOMER	9.0e-05	30.4	112	45.1	50.0	18.1
WP_147554528.1	gnl|META|EG11481-MONOMER	8.4e-22	29.7	276	100.5	47.8	93.7
WP_147554534.1	gnl|META|MONOMER-14015	2.1e-36	32.6	423	149.4	43.5	92.1
WP_147554534.1	gnl|META|ALKAPHOSPHA-MONOMER	1.5e-34	31.4	414	143.3	45.9	90.5
WP_147554537.1	gnl|META|EG10534-MONOMER	1.1e-57	38.5	317	220.3	59.0	74.6
